[0mdirenv: loading ~/gh/cb/CBRD-27398-pgbuf-inspector-contract/.envrc
Preset Mode: debug_gcc
Install Dir: /home/vimkim/.cub/install/CBRD-27398-pgbuf-inspector-contract/debug_gcc
DB Dir: /home/vimkim/.cub/db/CBRD-27398-pgbuf-inspector-contract/commondb
Build Dir: /home/vimkim/gh/cb/CBRD-27398-pgbuf-inspector-contract/build_preset_debug_gcc
[0mdirenv: loading ~/gh/cb/CBRD-27398-pgbuf-inspector-contract/.envrc
Preset Mode: debug_gcc
Install Dir: /home/vimkim/.cub/install/CBRD-27398-pgbuf-inspector-contract/debug_gcc
DB Dir: /home/vimkim/.cub/db/CBRD-27398-pgbuf-inspector-contract/commondb
Build Dir: /home/vimkim/gh/cb/CBRD-27398-pgbuf-inspector-contract/build_preset_debug_gcc
[0mdirenv: loading ~/gh/cb/CBRD-27398-pgbuf-inspector-contract/.envrc
Preset Mode: debug_gcc
Install Dir: /home/vimkim/.cub/install/CBRD-27398-pgbuf-inspector-contract/debug_gcc
DB Dir: /home/vimkim/.cub/db/CBRD-27398-pgbuf-inspector-contract/commondb
Build Dir: /home/vimkim/gh/cb/CBRD-27398-pgbuf-inspector-contract/build_preset_debug_gcc
Using JAVA_HOME JDK: /home/vimkim/.local/share/mise/installs/java/temurin-8.0.462+8
[0mdirenv: loading ~/gh/cb/CBRD-27398-pgbuf-inspector-contract/.envrc
Preset Mode: debug_gcc
Install Dir: /home/vimkim/.cub/install/CBRD-27398-pgbuf-inspector-contract/debug_gcc
DB Dir: /home/vimkim/.cub/db/CBRD-27398-pgbuf-inspector-contract/commondb
Build Dir: /home/vimkim/gh/cb/CBRD-27398-pgbuf-inspector-contract/build_preset_debug_gcc
Logging build output to: /home/vimkim/gh/cb/CBRD-27398-pgbuf-inspector-contract/build_preset_debug_gcc/build.log
[0mdirenv: loading ~/gh/cb/CBRD-27398-pgbuf-inspector-contract/.envrc
Preset Mode: debug_gcc
Install Dir: /home/vimkim/.cub/install/CBRD-27398-pgbuf-inspector-contract/debug_gcc
DB Dir: /home/vimkim/.cub/db/CBRD-27398-pgbuf-inspector-contract/commondb
Build Dir: /home/vimkim/gh/cb/CBRD-27398-pgbuf-inspector-contract/build_preset_debug_gcc
[1/829] Building CXX object sa/CMakeFiles/cubridsa.dir/__/src/base/dynamic_load.c.o
[2/829] Building CXX object sa/CMakeFiles/cubridsa.dir/__/src/executables/csql_session.c.o
[3/829] Building CXX object sa/CMakeFiles/cubridsa.dir/__/src/executables/csql_result.c.o
[4/829] Building CXX object sa/CMakeFiles/cubridsa.dir/__/src/executables/csql_support.c.o
[5/829] Building CXX object sa/CMakeFiles/cubridsa.dir/__/src/executables/util_common.c.o
[6/829] Building CXX object sa/CMakeFiles/cubridsa.dir/__/src/compat/cnv.c.o
[7/829] Building CXX object sa/CMakeFiles/cubridsa.dir/__/src/compat/db_json_allocator.cpp.o
[8/829] Building CXX object sa/CMakeFiles/cubridsa.dir/__/src/base/databases_file.c.o
[9/829] Building CXX object sa/CMakeFiles/cubridsa.dir/__/src/base/unicode_support.c.o
[10/829] Building CXX object sa/CMakeFiles/cubridsa.dir/__/src/executables/csql_result_format.c.o
[11/829] Building CXX object sa/CMakeFiles/cubridsa.dir/__/src/executables/util_sa.c.o
[12/829] Building CXX object sa/CMakeFiles/cubridsa.dir/__/src/executables/compactdb_common.c.o
[13/829] Building CXX object sa/CMakeFiles/cubridsa.dir/__/src/executables/unloaddb.c.o
[14/829] Building CXX object sa/CMakeFiles/cubridsa.dir/__/src/executables/unload_object_file.c.o
[15/829] Building CXX object sa/CMakeFiles/cubridsa.dir/__/src/compat/db_date.c.o
[16/829] Building CXX object sa/CMakeFiles/cubridsa.dir/__/src/compat/db_elo.c.o
[17/829] Building C object sa/CMakeFiles/cubridsa.dir/__/src/compat/dbtype_function.c.o
[18/829] Building CXX object sa/CMakeFiles/cubridsa.dir/__/src/base/encryption.c.o
[19/829] Building CXX object sa/CMakeFiles/cubridsa.dir/__/src/base/hide_password.cpp.o
[20/829] Running utility command for pl_install_jdk
[INFO] Install JDK 8
[21/829] Building CXX object sa/CMakeFiles/cubridsa.dir/__/src/executables/util_cs.c.o
[22/829] Building CXX object sa/CMakeFiles/cubridsa.dir/__/src/executables/unload_object.c.o
[23/829] Building CXX object sa/CMakeFiles/cubridsa.dir/__/src/executables/unload_schema.c.o
[24/829] Building CXX object sa/CMakeFiles/cubridsa.dir/__/src/method/method_struct_oid_info.cpp.o
[25/829] Building CXX object sa/CMakeFiles/cubridsa.dir/__/src/base/pinnable_buffer.cpp.o
[26/829] Building CXX object sa/CMakeFiles/cubridsa.dir/__/src/base/util_func.c.o
[27/829] Building CXX object sa/CMakeFiles/cubridsa.dir/__/src/base/intl_support.c.o
[28/829] Building CXX object sa/CMakeFiles/cubridsa.dir/__/src/method/method_struct_query.cpp.o
[29/829] Building CXX object sa/CMakeFiles/cubridsa.dir/__/src/method/method_struct_value.cpp.o
[30/829] Building CXX object sa/CMakeFiles/cubridsa.dir/__/src/method/method_query_util.cpp.o
[31/829] Building CXX object sa/CMakeFiles/cubridsa.dir/__/src/method/method_scan.cpp.o
[32/829] Building CXX object sa/CMakeFiles/cubridsa.dir/__/src/method/method_oid_handler.cpp.o
[33/829] Building CXX object sa/CMakeFiles/cubridsa.dir/__/src/compat/db_info.c.o
[34/829] Building CXX object sa/CMakeFiles/cubridsa.dir/__/src/compat/db_class.c.o
[35/829] Building CXX object sa/CMakeFiles/cubridsa.dir/__/src/base/error_manager.c.o
[36/829] Building CXX object sa/CMakeFiles/cubridsa.dir/__/src/object/authenticate.c.o
[37/829] Building CXX object sa/CMakeFiles/cubridsa.dir/__/src/monitor/monitor_transaction.cpp.o
[38/829] Building CXX object sa/CMakeFiles/cubridsa.dir/__/src/compat/db_macro.c.o
[39/829] Building CXX object sa/CMakeFiles/cubridsa.dir/__/src/query/parallel/px_query_execute/px_query_checker.cpp.o
[40/829] Building CXX object sa/CMakeFiles/cubridsa.dir/__/src/base/fault_injection.c.o
[41/829] Building CXX object sa/CMakeFiles/cubridsa.dir/__/src/base/area_alloc.c.o
[42/829] Building CXX object sa/CMakeFiles/cubridsa.dir/__/src/base/perf_monitor_trackers.cpp.o
[43/829] Building CXX object sa/CMakeFiles/cubridsa.dir/__/src/heaplayers/lea_heap.c.o
[44/829] Building CXX object sa/CMakeFiles/cubridsa.dir/__/src/object/elo.c.o
[45/829] Building CXX object cs/CMakeFiles/cubridcs.dir/__/src/compat/db_json_allocator.cpp.o
[46/829] Building CXX object sa/CMakeFiles/cubridsa.dir/__/src/connection/host_lookup.c.o
[47/829] Building CXX object sa/CMakeFiles/cubridsa.dir/__/src/connection/connection_globals.c.o
[48/829] Building CXX object sa/CMakeFiles/cubridsa.dir/__/src/connection/connection_cl.cpp.o
[49/829] Building CXX object sa/CMakeFiles/cubridsa.dir/__/src/communication/network_histogram.cpp.o
[50/829] Building CXX object sa/CMakeFiles/cubridsa.dir/__/src/sp/pl_comm.c.o
[51/829] Building CXX object sa/CMakeFiles/cubridsa.dir/__/src/object/authenticate_cache.cpp.o
[52/829] Building CXX object sa/CMakeFiles/cubridsa.dir/__/src/method/method_query_handler.cpp.o
[53/829] Building CXX object sa/CMakeFiles/cubridsa.dir/__/src/connection/client_support.cpp.o
[54/829] Building CXX object sa/CMakeFiles/cubridsa.dir/__/src/object/authenticate_owner.cpp.o
[55/829] Building CXX object sa/CMakeFiles/cubridsa.dir/__/src/object/authenticate_password.cpp.o
[56/829] Building CXX object sa/CMakeFiles/cubridsa.dir/__/src/object/object_template.c.o
[57/829] Building CXX object sa/CMakeFiles/cubridsa.dir/__/src/connection/tcp.c.o
[58/829] Building CXX object sa/CMakeFiles/cubridsa.dir/__/src/object/authenticate_access_class.cpp.o
[59/829] Building CXX object sa/CMakeFiles/cubridsa.dir/__/src/object/authenticate_grant.cpp.o
[60/829] Building CXX object sa/CMakeFiles/cubridsa.dir/__/src/sp/pl_sr.cpp.o
[61/829] Building CXX object sa/CMakeFiles/cubridsa.dir/__/src/object/authenticate_access_user.cpp.o
[62/829] Building CXX object sa/CMakeFiles/cubridsa.dir/__/src/object/authenticate_migration.cpp.o
[63/829] Building CXX object sa/CMakeFiles/cubridsa.dir/__/src/object/class_description.cpp.o
[64/829] Building CXX object sa/CMakeFiles/cubridsa.dir/__/src/object/object_description.cpp.o
[65/829] Building CXX object sa/CMakeFiles/cubridsa.dir/__/src/object/deduplicate_key.c.o
[66/829] Building CXX object sa/CMakeFiles/cubridsa.dir/__/src/object/object_accessor.c.o
[67/829] Building CXX object sa/CMakeFiles/cubridsa.dir/__/src/object/schema_system_catalog.cpp.o
[68/829] Building CXX object sa/CMakeFiles/cubridsa.dir/__/src/method/query_method.cpp.o
[69/829] Building CXX object sa/CMakeFiles/cubridsa.dir/__/src/object/authenticate_access_auth.cpp.o
[70/829] Building CXX object sa/CMakeFiles/cubridsa.dir/__/src/object/object_representation.c.o
[71/829] Building CXX object sa/CMakeFiles/cubridsa.dir/__/src/object/transform.c.o
[72/829] Building CXX object sa/CMakeFiles/cubridsa.dir/__/src/executables/compactdb.c.o
[73/829] Building CXX object sa/CMakeFiles/cubridsa.dir/__/src/base/locale_support.c.o
[74/829] Building CXX object sa/CMakeFiles/cubridsa.dir/__/src/object/authenticate_context.cpp.o
[75/829] Building CXX object sa/CMakeFiles/cubridsa.dir/__/src/object/object_printer.cpp.o
[76/829] Building CXX object sa/CMakeFiles/cubridsa.dir/__/src/object/class_object.c.o
[77/829] Building CXX object sa/CMakeFiles/cubridsa.dir/__/src/object/schema_system_catalog_install_query_spec.cpp.o
[78/829] Building CXX object sa/CMakeFiles/cubridsa.dir/__/src/object/schema_information_schema_install_query_spec.cpp.o
[79/829] Building CXX object sa/CMakeFiles/cubridsa.dir/__/src/method/method_callback.cpp.o
[80/829] Building CXX object sa/CMakeFiles/cubridsa.dir/__/src/object/set_object.c.o
[81/829] Building CXX object sa/CMakeFiles/cubridsa.dir/__/src/executables/csql.c.o
[82/829] Building CXX object sa/CMakeFiles/cubridsa.dir/__/src/compat/db_method_static.cpp.o
[83/829] Building CXX object sa/CMakeFiles/cubridsa.dir/__/src/compat/db_obj.c.o
[84/829] Building CXX object sa/CMakeFiles/cubridsa.dir/__/src/compat/db_old.c.o
[85/829] Building CXX object sa/CMakeFiles/cubridsa.dir/__/src/compat/db_set.c.o
[86/829] Building CXX object sa/CMakeFiles/cubridsa.dir/__/src/compat/db_value_printer.cpp.o
[87/829] Building CXX object sa/CMakeFiles/cubridsa.dir/__/src/object/schema_manager.c.o
[88/829] Building CXX object sa/CMakeFiles/cubridsa.dir/__/src/object/schema_class_truncator.cpp.o
[89/829] Building CXX object sa/CMakeFiles/cubridsa.dir/__/src/object/schema_system_catalog_definition.cpp.o
[90/829] Building CXX object sa/CMakeFiles/cubridsa.dir/__/src/object/schema_system_catalog_builder.cpp.o
[91/829] Building CXX object sa/CMakeFiles/cubridsa.dir/__/src/object/schema_template.c.o
[92/829] Building CXX object sa/CMakeFiles/cubridsa.dir/__/src/object/schema_system_catalog_install.cpp.o
[93/829] Building CXX object sa/CMakeFiles/cubridsa.dir/__/src/object/transform_cl.c.o
[94/829] Building CXX object sa/CMakeFiles/cubridsa.dir/__/src/object/trigger_description.cpp.o
[95/829] Building CXX object sa/CMakeFiles/cubridsa.dir/__/src/object/work_space.c.o
[96/829] Building CXX object sa/CMakeFiles/cubridsa.dir/__/src/object/schema_information_schema_builder.cpp.o
[97/829] Building CXX object sa/CMakeFiles/cubridsa.dir/__/src/compat/db_virt.c.o
[98/829] Building CXX object sa/CMakeFiles/cubridsa.dir/__/src/base/memory_alloc.c.o
[99/829] Building CXX object sa/CMakeFiles/cubridsa.dir/__/src/base/memory_hash.c.o
[100/829] Building CXX object sa/CMakeFiles/cubridsa.dir/__/src/base/ddl_log.c.o
[101/829] Building CXX object sa/CMakeFiles/cubridsa.dir/__/src/communication/network_callback_sr.cpp.o
[102/829] Building CXX object sa/CMakeFiles/cubridsa.dir/__/src/sp/pl_connection.cpp.o
[103/829] Building CXX object sa/CMakeFiles/cubridsa.dir/__/src/sp/pl_compile_handler.cpp.o
[104/829] Building CXX object sa/CMakeFiles/cubridsa.dir/__/src/communication/network_callback_cl.cpp.o
[105/829] Building CXX object cs/CMakeFiles/cubridcs.dir/__/src/compat/db_info.c.o
[106/829] Building CXX object sa/CMakeFiles/cubridsa.dir/__/src/connection/connection_support.cpp.o
[107/829] Building CXX object sa/CMakeFiles/cubridsa.dir/__/src/parser/method_transform.c.o
[108/829] Building CXX object sa/CMakeFiles/cubridsa.dir/__/src/sp/pl_struct_compile.cpp.o
[109/829] Building C object sa/CMakeFiles/cubridsa.dir/__/csql_lexer.c.o
[110/829] Building CXX object sa/CMakeFiles/cubridsa.dir/__/src/query/crypt_opfunc.c.o
[111/829] Building CXX object sa/CMakeFiles/cubridsa.dir/__/src/optimizer/rewriter/query_rewrite_select.c.o
[112/829] Building C object sa/CMakeFiles/cubridsa.dir/__/csql_grammar.c.o
/home/vimkim/gh/cb/CBRD-27398-pgbuf-inspector-contract/build_preset_debug_gcc/csql_grammar.c: In function ‘yyuserAction’:
/home/vimkim/gh/cb/CBRD-27398-pgbuf-inspector-contract/build_preset_debug_gcc/csql_grammar.c:41962:80: warning: implicit conversion from ‘enum pt_currency_types’ to ‘DB_CURRENCY’ [-Wenum-conversion]
41962 |                             pt_value_set_monetary (this_parser, val, str, txt, PT_CURRENCY_YEN);
      |                                                                                ^~~~~~~~~~~~~~~
/home/vimkim/gh/cb/CBRD-27398-pgbuf-inspector-contract/build_preset_debug_gcc/csql_grammar.c:41982:80: warning: implicit conversion from ‘enum pt_currency_types’ to ‘DB_CURRENCY’ [-Wenum-conversion]
41982 |                             pt_value_set_monetary (this_parser, val, str, txt, PT_CURRENCY_DOLLAR);
      |                                                                                ^~~~~~~~~~~~~~~~~~
/home/vimkim/gh/cb/CBRD-27398-pgbuf-inspector-contract/build_preset_debug_gcc/csql_grammar.c:42002:80: warning: implicit conversion from ‘enum pt_currency_types’ to ‘DB_CURRENCY’ [-Wenum-conversion]
42002 |                             pt_value_set_monetary (this_parser, val, str, txt, PT_CURRENCY_WON);
      |                                                                                ^~~~~~~~~~~~~~~
/home/vimkim/gh/cb/CBRD-27398-pgbuf-inspector-contract/build_preset_debug_gcc/csql_grammar.c:42022:80: warning: implicit conversion from ‘enum pt_currency_types’ to ‘DB_CURRENCY’ [-Wenum-conversion]
42022 |                             pt_value_set_monetary (this_parser, val, str, txt, PT_CURRENCY_TL);
      |                                                                                ^~~~~~~~~~~~~~
/home/vimkim/gh/cb/CBRD-27398-pgbuf-inspector-contract/build_preset_debug_gcc/csql_grammar.c:42042:80: warning: implicit conversion from ‘enum pt_currency_types’ to ‘DB_CURRENCY’ [-Wenum-conversion]
42042 |                             pt_value_set_monetary (this_parser, val, str, txt, PT_CURRENCY_BRITISH_POUND);
      |                                                                                ^~~~~~~~~~~~~~~~~~~~~~~~~
/home/vimkim/gh/cb/CBRD-27398-pgbuf-inspector-contract/build_preset_debug_gcc/csql_grammar.c:42061:80: warning: implicit conversion from ‘enum pt_currency_types’ to ‘DB_CURRENCY’ [-Wenum-conversion]
42061 |                             pt_value_set_monetary (this_parser, val, str, txt, PT_CURRENCY_CAMBODIAN_RIEL);
      |                                                                                ^~~~~~~~~~~~~~~~~~~~~~~~~~
/home/vimkim/gh/cb/CBRD-27398-pgbuf-inspector-contract/build_preset_debug_gcc/csql_grammar.c:42080:80: warning: implicit conversion from ‘enum pt_currency_types’ to ‘DB_CURRENCY’ [-Wenum-conversion]
42080 |                             pt_value_set_monetary (this_parser, val, str, txt, PT_CURRENCY_CHINESE_RENMINBI);
      |                                                                                ^~~~~~~~~~~~~~~~~~~~~~~~~~~~
/home/vimkim/gh/cb/CBRD-27398-pgbuf-inspector-contract/build_preset_debug_gcc/csql_grammar.c:42099:80: warning: implicit conversion from ‘enum pt_currency_types’ to ‘DB_CURRENCY’ [-Wenum-conversion]
42099 |                             pt_value_set_monetary (this_parser, val, str, txt, PT_CURRENCY_INDIAN_RUPEE);
      |                                                                                ^~~~~~~~~~~~~~~~~~~~~~~~
/home/vimkim/gh/cb/CBRD-27398-pgbuf-inspector-contract/build_preset_debug_gcc/csql_grammar.c:42118:80: warning: implicit conversion from ‘enum pt_currency_types’ to ‘DB_CURRENCY’ [-Wenum-conversion]
42118 |                             pt_value_set_monetary (this_parser, val, str, txt, PT_CURRENCY_RUSSIAN_RUBLE);
      |                                                                                ^~~~~~~~~~~~~~~~~~~~~~~~~
/home/vimkim/gh/cb/CBRD-27398-pgbuf-inspector-contract/build_preset_debug_gcc/csql_grammar.c:42137:80: warning: implicit conversion from ‘enum pt_currency_types’ to ‘DB_CURRENCY’ [-Wenum-conversion]
42137 |                             pt_value_set_monetary (this_parser, val, str, txt, PT_CURRENCY_AUSTRALIAN_DOLLAR);
      |                                                                                ^~~~~~~~~~~~~~~~~~~~~~~~~~~~~
/home/vimkim/gh/cb/CBRD-27398-pgbuf-inspector-contract/build_preset_debug_gcc/csql_grammar.c:42156:80: warning: implicit conversion from ‘enum pt_currency_types’ to ‘DB_CURRENCY’ [-Wenum-conversion]
42156 |                             pt_value_set_monetary (this_parser, val, str, txt, PT_CURRENCY_CANADIAN_DOLLAR);
      |                                                                                ^~~~~~~~~~~~~~~~~~~~~~~~~~~
/home/vimkim/gh/cb/CBRD-27398-pgbuf-inspector-contract/build_preset_debug_gcc/csql_grammar.c:42175:80: warning: implicit conversion from ‘enum pt_currency_types’ to ‘DB_CURRENCY’ [-Wenum-conversion]
42175 |                             pt_value_set_monetary (this_parser, val, str, txt, PT_CURRENCY_BRASILIAN_REAL);
      |                                                                                ^~~~~~~~~~~~~~~~~~~~~~~~~~
/home/vimkim/gh/cb/CBRD-27398-pgbuf-inspector-contract/build_preset_debug_gcc/csql_grammar.c:42194:80: warning: implicit conversion from ‘enum pt_currency_types’ to ‘DB_CURRENCY’ [-Wenum-conversion]
42194 |                             pt_value_set_monetary (this_parser, val, str, txt, PT_CURRENCY_ROMANIAN_LEU);
      |                                                                                ^~~~~~~~~~~~~~~~~~~~~~~~
/home/vimkim/gh/cb/CBRD-27398-pgbuf-inspector-contract/build_preset_debug_gcc/csql_grammar.c:42213:80: warning: implicit conversion from ‘enum pt_currency_types’ to ‘DB_CURRENCY’ [-Wenum-conversion]
42213 |                             pt_value_set_monetary (this_parser, val, str, txt, PT_CURRENCY_EURO);
      |                                                                                ^~~~~~~~~~~~~~~~
/home/vimkim/gh/cb/CBRD-27398-pgbuf-inspector-contract/build_preset_debug_gcc/csql_grammar.c:42232:80: warning: implicit conversion from ‘enum pt_currency_types’ to ‘DB_CURRENCY’ [-Wenum-conversion]
42232 |                             pt_value_set_monetary (this_parser, val, str, txt, PT_CURRENCY_SWISS_FRANC);
      |                                                                                ^~~~~~~~~~~~~~~~~~~~~~~
/home/vimkim/gh/cb/CBRD-27398-pgbuf-inspector-contract/build_preset_debug_gcc/csql_grammar.c:42251:80: warning: implicit conversion from ‘enum pt_currency_types’ to ‘DB_CURRENCY’ [-Wenum-conversion]
42251 |                             pt_value_set_monetary (this_parser, val, str, txt, PT_CURRENCY_DANISH_KRONE);
      |                                                                                ^~~~~~~~~~~~~~~~~~~~~~~~
/home/vimkim/gh/cb/CBRD-27398-pgbuf-inspector-contract/build_preset_debug_gcc/csql_grammar.c:42270:80: warning: implicit conversion from ‘enum pt_currency_types’ to ‘DB_CURRENCY’ [-Wenum-conversion]
42270 |                             pt_value_set_monetary (this_parser, val, str, txt, PT_CURRENCY_NORWEGIAN_KRONE);
      |                                                                                ^~~~~~~~~~~~~~~~~~~~~~~~~~~
/home/vimkim/gh/cb/CBRD-27398-pgbuf-inspector-contract/build_preset_debug_gcc/csql_grammar.c:42289:80: warning: implicit conversion from ‘enum pt_currency_types’ to ‘DB_CURRENCY’ [-Wenum-conversion]
42289 |                             pt_value_set_monetary (this_parser, val, str, txt, PT_CURRENCY_BULGARIAN_LEV);
      |                                                                                ^~~~~~~~~~~~~~~~~~~~~~~~~
/home/vimkim/gh/cb/CBRD-27398-pgbuf-inspector-contract/build_preset_debug_gcc/csql_grammar.c:42308:80: warning: implicit conversion from ‘enum pt_currency_types’ to ‘DB_CURRENCY’ [-Wenum-conversion]
42308 |                             pt_value_set_monetary (this_parser, val, str, txt, PT_CURRENCY_VIETNAMESE_DONG);
      |                                                                                ^~~~~~~~~~~~~~~~~~~~~~~~~~~
/home/vimkim/gh/cb/CBRD-27398-pgbuf-inspector-contract/build_preset_debug_gcc/csql_grammar.c:42327:80: warning: implicit conversion from ‘enum pt_currency_types’ to ‘DB_CURRENCY’ [-Wenum-conversion]
42327 |                             pt_value_set_monetary (this_parser, val, str, txt, PT_CURRENCY_CZECH_KORUNA);
      |                                                                                ^~~~~~~~~~~~~~~~~~~~~~~~
/home/vimkim/gh/cb/CBRD-27398-pgbuf-inspector-contract/build_preset_debug_gcc/csql_grammar.c:42346:80: warning: implicit conversion from ‘enum pt_currency_types’ to ‘DB_CURRENCY’ [-Wenum-conversion]
42346 |                             pt_value_set_monetary (this_parser, val, str, txt, PT_CURRENCY_POLISH_ZLOTY);
      |                                                                                ^~~~~~~~~~~~~~~~~~~~~~~~
/home/vimkim/gh/cb/CBRD-27398-pgbuf-inspector-contract/build_preset_debug_gcc/csql_grammar.c:42365:80: warning: implicit conversion from ‘enum pt_currency_types’ to ‘DB_CURRENCY’ [-Wenum-conversion]
42365 |                             pt_value_set_monetary (this_parser, val, str, txt, PT_CURRENCY_SWEDISH_KRONA);
      |                                                                                ^~~~~~~~~~~~~~~~~~~~~~~~~
/home/vimkim/gh/cb/CBRD-27398-pgbuf-inspector-contract/build_preset_debug_gcc/csql_grammar.c:42384:80: warning: implicit conversion from ‘enum pt_currency_types’ to ‘DB_CURRENCY’ [-Wenum-conversion]
42384 |                             pt_value_set_monetary (this_parser, val, str, txt, PT_CURRENCY_CROATIAN_KUNA);
      |                                                                                ^~~~~~~~~~~~~~~~~~~~~~~~~
/home/vimkim/gh/cb/CBRD-27398-pgbuf-inspector-contract/build_preset_debug_gcc/csql_grammar.c:42403:80: warning: implicit conversion from ‘enum pt_currency_types’ to ‘DB_CURRENCY’ [-Wenum-conversion]
42403 |                             pt_value_set_monetary (this_parser, val, str, txt, PT_CURRENCY_SERBIAN_DINAR);
      |                                                                                ^~~~~~~~~~~~~~~~~~~~~~~~~
/home/vimkim/gh/cb/CBRD-27398-pgbuf-inspector-contract/build_preset_debug_gcc/csql_grammar.c: In function ‘pt_value_set_monetary’:
/home/vimkim/gh/cb/CBRD-27398-pgbuf-inspector-contract/build_preset_debug_gcc/csql_grammar.c:48415:42: warning: implicit conversion from ‘DB_CURRENCY’ to ‘PT_CURRENCY’ {aka ‘enum pt_currency_types’} [-Wenum-conversion]
48415 |   node->info.value.data_value.money.type = type;
      |                                          ^
[113/829] Building CXX object sa/CMakeFiles/cubridsa.dir/__/src/optimizer/rewriter/query_rewrite_set.c.o
[114/829] Building CXX object sa/CMakeFiles/cubridsa.dir/__/src/compat/db_json_path.cpp.o
[115/829] Building CXX object sa/CMakeFiles/cubridsa.dir/__/src/compat/db_temp.c.o
[116/829] Building CXX object sa/CMakeFiles/cubridsa.dir/__/src/object/object_print.c.o
[117/829] Building CXX object sa/CMakeFiles/cubridsa.dir/__/src/optimizer/rewriter/query_rewrite.c.o
[118/829] Building CXX object sa/CMakeFiles/cubridsa.dir/__/src/base/language_support.c.o
[119/829] Building CXX object sa/CMakeFiles/cubridsa.dir/__/src/compat/db_admin.c.o
[120/829] Building CXX object sa/CMakeFiles/cubridsa.dir/__/src/compat/db_query.c.o
[121/829] Building CXX object sa/CMakeFiles/cubridsa.dir/__/src/compat/db_vdb.c.o
[122/829] Building CXX object sa/CMakeFiles/cubridsa.dir/__/src/base/object_representation_sr.c.o
[123/829] Building CXX object sa/CMakeFiles/cubridsa.dir/__/src/base/tz_compile.c.o
[124/829] Building CXX object sa/CMakeFiles/cubridsa.dir/__/src/optimizer/rewriter/query_rewrite_auto_parameterize.c.o
[125/829] Building CXX object sa/CMakeFiles/cubridsa.dir/__/src/query/string_regex.cpp.o
[126/829] Building CXX object sa/CMakeFiles/cubridsa.dir/__/src/object/virtual_object.c.o
[127/829] Building CXX object sa/CMakeFiles/cubridsa.dir/__/src/base/system_parameter.c.o
[128/829] Building CXX object sa/CMakeFiles/cubridsa.dir/__/src/optimizer/rewriter/query_rewrite_subquery.c.o
[129/829] Building CXX object sa/CMakeFiles/cubridsa.dir/__/src/object/trigger_manager.c.o
[130/829] Building CXX object sa/CMakeFiles/cubridsa.dir/__/src/query/vacuum_oos.cpp.o
[131/829] Building CXX object sa/CMakeFiles/cubridsa.dir/__/src/base/perf_monitor.c.o
[132/829] Building CXX object sa/CMakeFiles/cubridsa.dir/__/src/base/tz_support.c.o
[133/829] Building CXX object sa/CMakeFiles/cubridsa.dir/__/src/sp/jsp_cl.cpp.o
[134/829] Building CXX object sa/CMakeFiles/cubridsa.dir/__/src/sp/method_invoke_group.cpp.o
[135/829] Building CXX object sa/CMakeFiles/cubridsa.dir/__/src/sp/pl_execution_stack_context.cpp.o
[136/829] Building CXX object sa/CMakeFiles/cubridsa.dir/__/src/parser/cnf.c.o
[137/829] Building CXX object sa/CMakeFiles/cubridsa.dir/__/src/sp/pl_query_cursor.cpp.o
[138/829] Building CXX object sa/CMakeFiles/cubridsa.dir/__/src/query/parallel/px_scan/px_scan_checker.cpp.o
[139/829] Building CXX object sa/CMakeFiles/cubridsa.dir/__/src/optimizer/rewriter/query_rewrite_term.c.o
[140/829] Building CXX object sa/CMakeFiles/cubridsa.dir/__/src/sp/sp_code.cpp.o
[141/829] Building CXX object sa/CMakeFiles/cubridsa.dir/__/src/query/numeric_opfunc.c.o
[142/829] Building CXX object sa/CMakeFiles/cubridsa.dir/__/src/query/dblink_2pc.c.o
[143/829] Building CXX object sa/CMakeFiles/cubridsa.dir/__/src/query/cursor.c.o
[144/829] Building CXX object sa/CMakeFiles/cubridsa.dir/__/src/object/object_domain.c.o
[145/829] Building CXX object sa/CMakeFiles/cubridsa.dir/__/src/query/execute_schema.c.o
[146/829] Building CXX object sa/CMakeFiles/cubridsa.dir/__/src/parser/parse_type.cpp.o
[147/829] Building CXX object sa/CMakeFiles/cubridsa.dir/__/src/object/object_primitive.c.o
[148/829] Building CXX object sa/CMakeFiles/cubridsa.dir/__/src/parser/parser_allocator.cpp.o
[149/829] Building CXX object sa/CMakeFiles/cubridsa.dir/__/src/query/regu_var.cpp.o
[150/829] Building CXX object sa/CMakeFiles/cubridsa.dir/__/src/query/scan_json_table.cpp.o
[151/829] Building CXX object sa/CMakeFiles/cubridsa.dir/__/src/thread/thread_entry_task.cpp.o
[152/829] Building CXX object sa/CMakeFiles/cubridsa.dir/__/src/parser/double_byte_support.c.o
[153/829] Building CXX object sa/CMakeFiles/cubridsa.dir/__/src/object/schema_information_schema_install.cpp.o
[154/829] Building CXX object sa/CMakeFiles/cubridsa.dir/__/src/communication/network_interface_cl.c.o
[155/829] Building CXX object sa/CMakeFiles/cubridsa.dir/__/src/query/arithmetic.c.o
[156/829] Building CXX object sa/CMakeFiles/cubridsa.dir/__/src/optimizer/query_graph.c.o
[157/829] Building CXX object sa/CMakeFiles/cubridsa.dir/__/src/parser/compile.c.o
[158/829] Building CXX object sa/CMakeFiles/cubridsa.dir/__/src/optimizer/plan_generation.c.o
[159/829] Building CXX object sa/CMakeFiles/cubridsa.dir/__/src/transaction/log_comm.c.o
[160/829] Building CXX object sa/CMakeFiles/cubridsa.dir/__/src/parser/parse_tree.c.o
[161/829] Building CXX object sa/CMakeFiles/cubridsa.dir/__/src/sp/pl_executor.cpp.o
[162/829] Building CXX object sa/CMakeFiles/cubridsa.dir/__/src/parser/parse_evaluate.c.o
[163/829] Building CXX object sa/CMakeFiles/cubridsa.dir/__/src/query/dblink_scan.c.o
[164/829] Building CXX object sa/CMakeFiles/cubridsa.dir/__/src/parser/keyword.c.o
[165/829] Building CXX object sa/CMakeFiles/cubridsa.dir/__/src/transaction/log_compress.c.o
[166/829] Building CXX object sa/CMakeFiles/cubridsa.dir/__/src/query/fetch.c.o
[167/829] Building CXX object sa/CMakeFiles/cubridsa.dir/__/src/query/list_file.c.o
[168/829] Building CXX object sa/CMakeFiles/cubridsa.dir/__/src/query/query_hash_scan.c.o
[169/829] Building CXX object sa/CMakeFiles/cubridsa.dir/__/src/query/partition.c.o
[170/829] Building CXX object sa/CMakeFiles/cubridsa.dir/__/src/transaction/log_global.c.o
[171/829] Building CXX object sa/CMakeFiles/cubridsa.dir/__/src/compat/db_json.cpp.o
[172/829] Building CXX object sa/CMakeFiles/cubridsa.dir/__/src/query/query_aggregate.cpp.o
[173/829] Building CXX object sa/CMakeFiles/cubridsa.dir/__/src/transaction/log_postpone_cache.cpp.o
[174/829] Building CXX object sa/CMakeFiles/cubridsa.dir/__/src/transaction/log_recovery_redo.cpp.o
[175/829] Building CXX object sa/CMakeFiles/cubridsa.dir/__/src/query/query_hash_join.c.o
[176/829] Building CXX object sa/CMakeFiles/cubridsa.dir/__/src/query/scan_manager.c.o
[177/829] Building CXX object sa/CMakeFiles/cubridsa.dir/__/src/parser/scanner_support.c.o
[178/829] Building CXX object sa/CMakeFiles/cubridsa.dir/__/src/query/query_manager.c.o
[179/829] Building CXX object sa/CMakeFiles/cubridsa.dir/__/src/query/query_cl.c.o
[180/829] Building CXX object sa/CMakeFiles/cubridsa.dir/__/src/query/query_reevaluation.cpp.o
[181/829] Building CXX object sa/CMakeFiles/cubridsa.dir/__/src/query/query_analytic.cpp.o
[182/829] Building CXX object sa/CMakeFiles/cubridsa.dir/__/src/query/query_dump.c.o
[183/829] Building CXX object sa/CMakeFiles/cubridsa.dir/__/src/parser/show_meta.c.o
[184/829] Building CXX object sa/CMakeFiles/cubridsa.dir/__/src/query/query_evaluator.c.o
[185/829] Building CXX object sa/CMakeFiles/cubridsa.dir/__/src/query/query_opfunc.c.o
[186/829] Building CXX object sa/CMakeFiles/cubridsa.dir/__/src/query/set_scan.c.o
[187/829] Building CXX object sa/CMakeFiles/cubridsa.dir/__/src/query/show_scan.c.o
[188/829] Building CXX object sa/CMakeFiles/cubridsa.dir/__/src/query/subquery_cache.c.o
[189/829] Building CXX object sa/CMakeFiles/cubridsa.dir/__/src/query/stream_to_xasl.c.o
[190/829] Building CXX object sa/CMakeFiles/cubridsa.dir/__/src/query/xasl_to_stream.c.o
[191/829] Building CXX object sa/CMakeFiles/cubridsa.dir/__/src/query/vacuum.c.o
[192/829] Building CXX object sa/CMakeFiles/cubridsa.dir/__/src/transaction/replication.c.o
[193/829] Building CXX object sa/CMakeFiles/cubridsa.dir/__/src/query/string_opfunc.c.o
[194/829] Building CXX object sa/CMakeFiles/cubridsa.dir/__/src/thread/thread_lockfree_hash_map.cpp.o
[195/829] Building CXX object sa/CMakeFiles/cubridsa.dir/__/src/thread/thread_manager.cpp.o
[196/829] Building CXX object sa/CMakeFiles/cubridsa.dir/__/src/transaction/flashback.c.o
[197/829] Building CXX object cubrid/CMakeFiles/cubrid.dir/__/src/storage/compactdb_sr.c.o
[198/829] Building CXX object sa/CMakeFiles/cubridsa.dir/__/src/transaction/mvcc_active_tran.cpp.o
[199/829] Building CXX object sa/CMakeFiles/cubridsa.dir/__/src/sp/pl_session.cpp.o
[200/829] Building CXX object sa/CMakeFiles/cubridsa.dir/__/src/optimizer/query_planner.c.o
[201/829] Building CXX object sa/CMakeFiles/cubridsa.dir/__/src/parser/func_type.cpp.o
[202/829] Building CXX object sa/CMakeFiles/cubridsa.dir/__/load_grammar.cpp.o
[203/829] Building CXX object sa/CMakeFiles/cubridsa.dir/__/src/parser/name_resolution.c.o
[204/829] Building CXX object sa/CMakeFiles/cubridsa.dir/__/src/parser/parse_dbi.c.o
[205/829] Building CXX object sa/CMakeFiles/cubridsa.dir/__/src/transaction/log_2pc.c.o
[206/829] Building CXX object sa/CMakeFiles/cubridsa.dir/__/src/transaction/transaction_cl.c.o
[207/829] Building CXX object sa/CMakeFiles/cubridsa.dir/__/src/transaction/transaction_transient.cpp.o
[208/829] Building CXX object cubrid/CMakeFiles/cubrid.dir/__/src/storage/btree_load.c.o
[209/829] Building CXX object sa/CMakeFiles/cubridsa.dir/__/src/optimizer/histogram/histogram_reader.cpp.o
[210/829] Building CXX object sa/CMakeFiles/cubridsa.dir/__/src/optimizer/histogram/histogram_builder.cpp.o
[211/829] Building CXX object sa/CMakeFiles/cubridsa.dir/__/src/optimizer/histogram/histogram_cl.cpp.o
[212/829] Building CXX object sa/CMakeFiles/cubridsa.dir/__/src/optimizer/histogram/histogram_sampler_sr.cpp.o
[213/829] Building CXX object sa/CMakeFiles/cubridsa.dir/__/src/parser/parse_tree_cl.c.o
[214/829] Building CXX object sa/CMakeFiles/cubridsa.dir/__/src/transaction/log_append.cpp.o
[215/829] Building CXX object sa/CMakeFiles/cubridsa.dir/__/src/query/filter_pred_cache.c.o
[216/829] Building CXX object sa/CMakeFiles/cubridsa.dir/__/src/storage/es_posix.c.o
[217/829] Building CXX object sa/CMakeFiles/cubridsa.dir/__/src/transaction/log_system_tran.cpp.o
[218/829] Building CXX object sa/CMakeFiles/cubridsa.dir/__/src/transaction/mvcc.c.o
[219/829] Building CXX object sa/CMakeFiles/cubridsa.dir/__/src/storage/ftab_set.cpp.o
[220/829] Building CXX object sa/CMakeFiles/cubridsa.dir/__/src/storage/record_descriptor.cpp.o
[221/829] Building CXX object cs/CMakeFiles/cubridcs.dir/__/src/compat/db_json.cpp.o
[222/829] Building CXX object sa/CMakeFiles/cubridsa.dir/__/src/parser/query_result.c.o
[223/829] Building CXX object sa/CMakeFiles/cubridsa.dir/__/src/parser/view_transform.c.o
[224/829] Building CXX object sa/CMakeFiles/cubridsa.dir/__/src/storage/overflow_file.c.o
[225/829] Building CXX object sa/CMakeFiles/cubridsa.dir/__/src/xasl/xasl_iteration.cpp.o
[226/829] Building CXX object sa/CMakeFiles/cubridsa.dir/__/src/query/memoize.cpp.o
[227/829] Building CXX object sa/CMakeFiles/cubridsa.dir/__/src/storage/storage_common.c.o
[228/829] Building CXX object sa/CMakeFiles/cubridsa.dir/__/src/xasl/xasl_predicate.cpp.o
[229/829] Building CXX object sa/CMakeFiles/cubridsa.dir/__/src/parser/xasl_regu_alloc.cpp.o
[230/829] Building CXX object sa/CMakeFiles/cubridsa.dir/__/src/thread/thread_entry.cpp.o
[231/829] Building CXX object sa/CMakeFiles/cubridsa.dir/__/src/xasl/access_json_table.cpp.o
[232/829] Building CXX object sa/CMakeFiles/cubridsa.dir/__/src/transaction/locator_cl.c.o
[233/829] Building CXX object sa/CMakeFiles/cubridsa.dir/__/src/transaction/boot_cl.c.o
[234/829] Building CXX object sa/CMakeFiles/cubridsa.dir/__/src/transaction/boot_sr.c.o
[235/829] Building CXX object sa/CMakeFiles/cubridsa.dir/__/src/transaction/lock_manager.c.o
[236/829] Building CXX object sa/CMakeFiles/cubridsa.dir/__/src/transaction/log_writer.c.o
[237/829] Building CXX object sa/CMakeFiles/cubridsa.dir/__/src/transaction/mvcc_table.cpp.o
[238/829] Building CXX object sa/CMakeFiles/cubridsa.dir/__/src/loaddb/load_object_table.c.o
[239/829] Building CXX object sa/CMakeFiles/cubridsa.dir/__/src/transaction/recovery.c.o
[240/829] Building CXX object sa/CMakeFiles/cubridsa.dir/__/src/transaction/transaction_sr.c.o
[241/829] Building CXX object cs/CMakeFiles/cubridcs.dir/__/src/executables/csql_result.c.o
[242/829] Building CXX object sa/CMakeFiles/cubridsa.dir/__/src/session/session_sr.c.o
[243/829] Building CXX object sa/CMakeFiles/cubridsa.dir/__/src/query/execute_statement.c.o
[244/829] Building CXX object cs/CMakeFiles/cubridcs.dir/__/src/executables/util_common.c.o
[245/829] Building CXX object sa/CMakeFiles/cubridsa.dir/__/src/parser/parser_support.c.o
[246/829] Building CXX object sa/CMakeFiles/cubridsa.dir/__/src/storage/es.c.o
[247/829] Building CXX object sa/CMakeFiles/cubridsa.dir/__/src/storage/file_io.c.o
[248/829] Building CXX object sa/CMakeFiles/cubridsa.dir/__/src/query/query_executor.c.o
[249/829] Building CXX object sa/CMakeFiles/cubridsa.dir/__/src/transaction/log_page_buffer.c.o
[250/829] Building CXX object sa/CMakeFiles/cubridsa.dir/__/src/parser/type_checking.c.o
[251/829] Building CXX object sa/CMakeFiles/cubridsa.dir/__/src/transaction/log_recovery.c.o
[252/829] Building CXX object sa/CMakeFiles/cubridsa.dir/__/src/storage/extendible_hash.c.o
[253/829] Building CXX object cs/CMakeFiles/cubridcs.dir/__/src/compat/cnv.c.o
[254/829] Building CXX object sa/CMakeFiles/cubridsa.dir/__/src/parser/semantic_check.c.o
[255/829] Building CXX object cs/CMakeFiles/cubridcs.dir/__/src/compat/db_elo.c.o
[256/829] Building CXX object sa/CMakeFiles/cubridsa.dir/__/src/xasl/xasl_analytic.cpp.o
[257/829] Building CXX object cs/CMakeFiles/cubridcs.dir/__/src/compat/db_query.c.o
[258/829] Building CXX object sa/CMakeFiles/cubridsa.dir/__/src/query/serial.c.o
[259/829] Building CXX object sa/CMakeFiles/cubridsa.dir/__/src/query/xasl_cache.c.o
[260/829] Building CXX object sa/CMakeFiles/cubridsa.dir/__/src/storage/statistics_cl.c.o
[261/829] Building CXX object cs/CMakeFiles/cubridcs.dir/__/src/compat/db_value_printer.cpp.o
[262/829] Building CXX object sa/CMakeFiles/cubridsa.dir/__/src/storage/statistics_sr.c.o
[263/829] Building CXX object cs/CMakeFiles/cubridcs.dir/__/src/base/fault_injection.c.o
[264/829] Building CXX object sa/CMakeFiles/cubridsa.dir/__/src/storage/tde.c.o
[265/829] Building CXX object sa/CMakeFiles/cubridsa.dir/__/src/xasl/xasl_stream.cpp.o
[266/829] Building CXX object sa/CMakeFiles/cubridsa.dir/__/src/loaddb/load_sa_loader.cpp.o
[267/829] Building CXX object sa/CMakeFiles/cubridsa.dir/__/src/loaddb/load_object.c.o
[268/829] Building CXX object sa/CMakeFiles/cubridsa.dir/__/src/transaction/locator_sr.c.o
[269/829] Building CXX object cs/CMakeFiles/cubridcs.dir/__/src/base/locale_support.c.o
[270/829] Building CXX object sa/CMakeFiles/cubridsa.dir/__/src/sp/sp_catalog.cpp.o
[271/829] Building CXX object sa/CMakeFiles/cubridsa.dir/__/src/storage/bestspace.cpp.o
[272/829] Building CXX object cs/CMakeFiles/cubridcs.dir/__/src/executables/csql_result_format.c.o
[273/829] Building C object cs/CMakeFiles/cubridcs.dir/__/src/compat/dbtype_function.c.o
[274/829] Building CXX object cs/CMakeFiles/cubridcs.dir/__/src/base/databases_file.c.o
[275/829] Building CXX object cs/CMakeFiles/cubridcs.dir/__/src/base/error_manager.c.o
[276/829] Building CXX object cs/CMakeFiles/cubridcs.dir/__/src/base/intl_support.c.o
[277/829] Building CXX object cs/CMakeFiles/cubridcs.dir/__/src/executables/unload_object_file.c.o
[278/829] Building CXX object sa/CMakeFiles/cubridsa.dir/__/src/storage/disk_manager.c.o
[279/829] Building CXX object cs/CMakeFiles/cubridcs.dir/__/src/executables/csql_support.c.o
[280/829] Building CXX object cs/CMakeFiles/cubridcs.dir/__/src/executables/csql_session.c.o
[281/829] Building CXX object cs/CMakeFiles/cubridcs.dir/__/src/executables/compactdb_common.c.o
[282/829] Building CXX object cs/CMakeFiles/cubridcs.dir/__/src/executables/unloaddb.c.o
[283/829] Building CXX object cs/CMakeFiles/cubridcs.dir/__/src/base/memory_alloc.c.o
[284/829] Building CXX object cs/CMakeFiles/cubridcs.dir/__/src/base/hide_password.cpp.o
[285/829] Building CXX object cs/CMakeFiles/cubridcs.dir/__/src/base/unicode_support.c.o
[286/829] Building CXX object sa/CMakeFiles/cubridsa.dir/__/src/storage/btree_load.c.o
[287/829] Building CXX object sa/CMakeFiles/cubridsa.dir/__/src/storage/catalog_class.c.o
[288/829] Building CXX object sa/CMakeFiles/cubridsa.dir/__/src/storage/compactdb_sr.c.o
[289/829] Building CXX object sa/CMakeFiles/cubridsa.dir/__/src/storage/double_write_buffer.cpp.o
[290/829] Building CXX object cs/CMakeFiles/cubridcs.dir/__/src/executables/unload_object.c.o
[291/829] Building CXX object cs/CMakeFiles/cubridcs.dir/__/src/compat/db_macro.c.o
[292/829] Building CXX object cs/CMakeFiles/cubridcs.dir/__/src/base/pinnable_buffer.cpp.o
[293/829] Building CXX object cs/CMakeFiles/cubridcs.dir/__/src/compat/db_method_static.cpp.o
[294/829] Building CXX object sa/CMakeFiles/cubridsa.dir/__/src/storage/external_sort.c.o
[295/829] Building CXX object sa/CMakeFiles/cubridsa.dir/__/src/storage/heap_oos.cpp.o
[296/829] Building CXX object sa/CMakeFiles/cubridsa.dir/__/src/storage/oos_file.cpp.o
[297/829] Building CXX object cs/CMakeFiles/cubridcs.dir/__/src/base/util_func.c.o
[298/829] Building CXX object sa/CMakeFiles/cubridsa.dir/__/src/storage/slotted_page.c.o
[299/829] Building CXX object cs/CMakeFiles/cubridcs.dir/__/src/connection/connection_cl.cpp.o
[300/829] Building CXX object sa/CMakeFiles/cubridsa.dir/__/src/parser/xasl_generation.c.o
[301/829] Building CXX object sa/CMakeFiles/cubridsa.dir/__/src/transaction/log_tran_table.c.o
[302/829] Building CXX object cs/CMakeFiles/cubridcs.dir/__/src/compat/db_date.c.o
[303/829] Building CXX object cs/CMakeFiles/cubridcs.dir/__/src/compat/db_set.c.o
[304/829] Building CXX object cs/CMakeFiles/cubridcs.dir/__/src/base/dynamic_load.c.o
[305/829] Building CXX object cs/CMakeFiles/cubridcs.dir/__/src/communication/network_histogram.cpp.o
[306/829] Building CXX object cs/CMakeFiles/cubridcs.dir/__/src/connection/connection_globals.c.o
[307/829] Building CXX object cs/CMakeFiles/cubridcs.dir/__/src/compat/db_class.c.o
[308/829] Building CXX object cs/CMakeFiles/cubridcs.dir/__/src/compat/db_obj.c.o
[309/829] Building CXX object cs/CMakeFiles/cubridcs.dir/__/src/compat/db_old.c.o
[310/829] Building CXX object cs/CMakeFiles/cubridcs.dir/__/src/compat/db_temp.c.o
[311/829] Building CXX object cs/CMakeFiles/cubridcs.dir/__/src/base/area_alloc.c.o
[312/829] Building CXX object cs/CMakeFiles/cubridcs.dir/__/src/connection/host_lookup.c.o
[313/829] Building CXX object cs/CMakeFiles/cubridcs.dir/__/src/connection/heartbeat.c.o
[314/829] Building CXX object cs/CMakeFiles/cubridcs.dir/__/src/parser/double_byte_support.c.o
[315/829] Building CXX object cs/CMakeFiles/cubridcs.dir/__/src/parser/compile.c.o
[316/829] Building CXX object cs/CMakeFiles/cubridcs.dir/__/src/heaplayers/lea_heap.c.o
[317/829] Building CXX object cs/CMakeFiles/cubridcs.dir/__/src/compat/db_virt.c.o
[318/829] Building CXX object cs/CMakeFiles/cubridcs.dir/__/src/connection/tcp.c.o
[319/829] Building C object cs/CMakeFiles/cubridcs.dir/__/csql_lexer.c.o
[320/829] Building C object cs/CMakeFiles/cubridcs.dir/__/csql_grammar.c.o
/home/vimkim/gh/cb/CBRD-27398-pgbuf-inspector-contract/build_preset_debug_gcc/csql_grammar.c: In function ‘yyuserAction’:
/home/vimkim/gh/cb/CBRD-27398-pgbuf-inspector-contract/build_preset_debug_gcc/csql_grammar.c:41962:80: warning: implicit conversion from ‘enum pt_currency_types’ to ‘DB_CURRENCY’ [-Wenum-conversion]
41962 |                             pt_value_set_monetary (this_parser, val, str, txt, PT_CURRENCY_YEN);
      |                                                                                ^~~~~~~~~~~~~~~
/home/vimkim/gh/cb/CBRD-27398-pgbuf-inspector-contract/build_preset_debug_gcc/csql_grammar.c:41982:80: warning: implicit conversion from ‘enum pt_currency_types’ to ‘DB_CURRENCY’ [-Wenum-conversion]
41982 |                             pt_value_set_monetary (this_parser, val, str, txt, PT_CURRENCY_DOLLAR);
      |                                                                                ^~~~~~~~~~~~~~~~~~
/home/vimkim/gh/cb/CBRD-27398-pgbuf-inspector-contract/build_preset_debug_gcc/csql_grammar.c:42002:80: warning: implicit conversion from ‘enum pt_currency_types’ to ‘DB_CURRENCY’ [-Wenum-conversion]
42002 |                             pt_value_set_monetary (this_parser, val, str, txt, PT_CURRENCY_WON);
      |                                                                                ^~~~~~~~~~~~~~~
/home/vimkim/gh/cb/CBRD-27398-pgbuf-inspector-contract/build_preset_debug_gcc/csql_grammar.c:42022:80: warning: implicit conversion from ‘enum pt_currency_types’ to ‘DB_CURRENCY’ [-Wenum-conversion]
42022 |                             pt_value_set_monetary (this_parser, val, str, txt, PT_CURRENCY_TL);
      |                                                                                ^~~~~~~~~~~~~~
/home/vimkim/gh/cb/CBRD-27398-pgbuf-inspector-contract/build_preset_debug_gcc/csql_grammar.c:42042:80: warning: implicit conversion from ‘enum pt_currency_types’ to ‘DB_CURRENCY’ [-Wenum-conversion]
42042 |                             pt_value_set_monetary (this_parser, val, str, txt, PT_CURRENCY_BRITISH_POUND);
      |                                                                                ^~~~~~~~~~~~~~~~~~~~~~~~~
/home/vimkim/gh/cb/CBRD-27398-pgbuf-inspector-contract/build_preset_debug_gcc/csql_grammar.c:42061:80: warning: implicit conversion from ‘enum pt_currency_types’ to ‘DB_CURRENCY’ [-Wenum-conversion]
42061 |                             pt_value_set_monetary (this_parser, val, str, txt, PT_CURRENCY_CAMBODIAN_RIEL);
      |                                                                                ^~~~~~~~~~~~~~~~~~~~~~~~~~
/home/vimkim/gh/cb/CBRD-27398-pgbuf-inspector-contract/build_preset_debug_gcc/csql_grammar.c:42080:80: warning: implicit conversion from ‘enum pt_currency_types’ to ‘DB_CURRENCY’ [-Wenum-conversion]
42080 |                             pt_value_set_monetary (this_parser, val, str, txt, PT_CURRENCY_CHINESE_RENMINBI);
      |                                                                                ^~~~~~~~~~~~~~~~~~~~~~~~~~~~
/home/vimkim/gh/cb/CBRD-27398-pgbuf-inspector-contract/build_preset_debug_gcc/csql_grammar.c:42099:80: warning: implicit conversion from ‘enum pt_currency_types’ to ‘DB_CURRENCY’ [-Wenum-conversion]
42099 |                             pt_value_set_monetary (this_parser, val, str, txt, PT_CURRENCY_INDIAN_RUPEE);
      |                                                                                ^~~~~~~~~~~~~~~~~~~~~~~~
/home/vimkim/gh/cb/CBRD-27398-pgbuf-inspector-contract/build_preset_debug_gcc/csql_grammar.c:42118:80: warning: implicit conversion from ‘enum pt_currency_types’ to ‘DB_CURRENCY’ [-Wenum-conversion]
42118 |                             pt_value_set_monetary (this_parser, val, str, txt, PT_CURRENCY_RUSSIAN_RUBLE);
      |                                                                                ^~~~~~~~~~~~~~~~~~~~~~~~~
/home/vimkim/gh/cb/CBRD-27398-pgbuf-inspector-contract/build_preset_debug_gcc/csql_grammar.c:42137:80: warning: implicit conversion from ‘enum pt_currency_types’ to ‘DB_CURRENCY’ [-Wenum-conversion]
42137 |                             pt_value_set_monetary (this_parser, val, str, txt, PT_CURRENCY_AUSTRALIAN_DOLLAR);
      |                                                                                ^~~~~~~~~~~~~~~~~~~~~~~~~~~~~
/home/vimkim/gh/cb/CBRD-27398-pgbuf-inspector-contract/build_preset_debug_gcc/csql_grammar.c:42156:80: warning: implicit conversion from ‘enum pt_currency_types’ to ‘DB_CURRENCY’ [-Wenum-conversion]
42156 |                             pt_value_set_monetary (this_parser, val, str, txt, PT_CURRENCY_CANADIAN_DOLLAR);
      |                                                                                ^~~~~~~~~~~~~~~~~~~~~~~~~~~
/home/vimkim/gh/cb/CBRD-27398-pgbuf-inspector-contract/build_preset_debug_gcc/csql_grammar.c:42175:80: warning: implicit conversion from ‘enum pt_currency_types’ to ‘DB_CURRENCY’ [-Wenum-conversion]
42175 |                             pt_value_set_monetary (this_parser, val, str, txt, PT_CURRENCY_BRASILIAN_REAL);
      |                                                                                ^~~~~~~~~~~~~~~~~~~~~~~~~~
/home/vimkim/gh/cb/CBRD-27398-pgbuf-inspector-contract/build_preset_debug_gcc/csql_grammar.c:42194:80: warning: implicit conversion from ‘enum pt_currency_types’ to ‘DB_CURRENCY’ [-Wenum-conversion]
42194 |                             pt_value_set_monetary (this_parser, val, str, txt, PT_CURRENCY_ROMANIAN_LEU);
      |                                                                                ^~~~~~~~~~~~~~~~~~~~~~~~
/home/vimkim/gh/cb/CBRD-27398-pgbuf-inspector-contract/build_preset_debug_gcc/csql_grammar.c:42213:80: warning: implicit conversion from ‘enum pt_currency_types’ to ‘DB_CURRENCY’ [-Wenum-conversion]
42213 |                             pt_value_set_monetary (this_parser, val, str, txt, PT_CURRENCY_EURO);
      |                                                                                ^~~~~~~~~~~~~~~~
/home/vimkim/gh/cb/CBRD-27398-pgbuf-inspector-contract/build_preset_debug_gcc/csql_grammar.c:42232:80: warning: implicit conversion from ‘enum pt_currency_types’ to ‘DB_CURRENCY’ [-Wenum-conversion]
42232 |                             pt_value_set_monetary (this_parser, val, str, txt, PT_CURRENCY_SWISS_FRANC);
      |                                                                                ^~~~~~~~~~~~~~~~~~~~~~~
/home/vimkim/gh/cb/CBRD-27398-pgbuf-inspector-contract/build_preset_debug_gcc/csql_grammar.c:42251:80: warning: implicit conversion from ‘enum pt_currency_types’ to ‘DB_CURRENCY’ [-Wenum-conversion]
42251 |                             pt_value_set_monetary (this_parser, val, str, txt, PT_CURRENCY_DANISH_KRONE);
      |                                                                                ^~~~~~~~~~~~~~~~~~~~~~~~
/home/vimkim/gh/cb/CBRD-27398-pgbuf-inspector-contract/build_preset_debug_gcc/csql_grammar.c:42270:80: warning: implicit conversion from ‘enum pt_currency_types’ to ‘DB_CURRENCY’ [-Wenum-conversion]
42270 |                             pt_value_set_monetary (this_parser, val, str, txt, PT_CURRENCY_NORWEGIAN_KRONE);
      |                                                                                ^~~~~~~~~~~~~~~~~~~~~~~~~~~
/home/vimkim/gh/cb/CBRD-27398-pgbuf-inspector-contract/build_preset_debug_gcc/csql_grammar.c:42289:80: warning: implicit conversion from ‘enum pt_currency_types’ to ‘DB_CURRENCY’ [-Wenum-conversion]
42289 |                             pt_value_set_monetary (this_parser, val, str, txt, PT_CURRENCY_BULGARIAN_LEV);
      |                                                                                ^~~~~~~~~~~~~~~~~~~~~~~~~
/home/vimkim/gh/cb/CBRD-27398-pgbuf-inspector-contract/build_preset_debug_gcc/csql_grammar.c:42308:80: warning: implicit conversion from ‘enum pt_currency_types’ to ‘DB_CURRENCY’ [-Wenum-conversion]
42308 |                             pt_value_set_monetary (this_parser, val, str, txt, PT_CURRENCY_VIETNAMESE_DONG);
      |                                                                                ^~~~~~~~~~~~~~~~~~~~~~~~~~~
/home/vimkim/gh/cb/CBRD-27398-pgbuf-inspector-contract/build_preset_debug_gcc/csql_grammar.c:42327:80: warning: implicit conversion from ‘enum pt_currency_types’ to ‘DB_CURRENCY’ [-Wenum-conversion]
42327 |                             pt_value_set_monetary (this_parser, val, str, txt, PT_CURRENCY_CZECH_KORUNA);
      |                                                                                ^~~~~~~~~~~~~~~~~~~~~~~~
/home/vimkim/gh/cb/CBRD-27398-pgbuf-inspector-contract/build_preset_debug_gcc/csql_grammar.c:42346:80: warning: implicit conversion from ‘enum pt_currency_types’ to ‘DB_CURRENCY’ [-Wenum-conversion]
42346 |                             pt_value_set_monetary (this_parser, val, str, txt, PT_CURRENCY_POLISH_ZLOTY);
      |                                                                                ^~~~~~~~~~~~~~~~~~~~~~~~
/home/vimkim/gh/cb/CBRD-27398-pgbuf-inspector-contract/build_preset_debug_gcc/csql_grammar.c:42365:80: warning: implicit conversion from ‘enum pt_currency_types’ to ‘DB_CURRENCY’ [-Wenum-conversion]
42365 |                             pt_value_set_monetary (this_parser, val, str, txt, PT_CURRENCY_SWEDISH_KRONA);
      |                                                                                ^~~~~~~~~~~~~~~~~~~~~~~~~
/home/vimkim/gh/cb/CBRD-27398-pgbuf-inspector-contract/build_preset_debug_gcc/csql_grammar.c:42384:80: warning: implicit conversion from ‘enum pt_currency_types’ to ‘DB_CURRENCY’ [-Wenum-conversion]
42384 |                             pt_value_set_monetary (this_parser, val, str, txt, PT_CURRENCY_CROATIAN_KUNA);
      |                                                                                ^~~~~~~~~~~~~~~~~~~~~~~~~
/home/vimkim/gh/cb/CBRD-27398-pgbuf-inspector-contract/build_preset_debug_gcc/csql_grammar.c:42403:80: warning: implicit conversion from ‘enum pt_currency_types’ to ‘DB_CURRENCY’ [-Wenum-conversion]
42403 |                             pt_value_set_monetary (this_parser, val, str, txt, PT_CURRENCY_SERBIAN_DINAR);
      |                                                                                ^~~~~~~~~~~~~~~~~~~~~~~~~
/home/vimkim/gh/cb/CBRD-27398-pgbuf-inspector-contract/build_preset_debug_gcc/csql_grammar.c: In function ‘pt_value_set_monetary’:
/home/vimkim/gh/cb/CBRD-27398-pgbuf-inspector-contract/build_preset_debug_gcc/csql_grammar.c:48415:42: warning: implicit conversion from ‘DB_CURRENCY’ to ‘PT_CURRENCY’ {aka ‘enum pt_currency_types’} [-Wenum-conversion]
48415 |   node->info.value.data_value.money.type = type;
      |                                          ^
[321/829] Building CXX object cs/CMakeFiles/cubridcs.dir/__/src/parser/cnf.c.o
[322/829] Building CXX object cs/CMakeFiles/cubridcs.dir/__/src/parser/keyword.c.o
[323/829] Building CXX object cs/CMakeFiles/cubridcs.dir/__/src/parser/func_type.cpp.o
[324/829] Building CXX object cs/CMakeFiles/cubridcs.dir/__/src/parser/method_transform.c.o
[325/829] Building CXX object cs/CMakeFiles/cubridcs.dir/__/src/parser/name_resolution.c.o
[326/829] Building CXX object cs/CMakeFiles/cubridcs.dir/__/src/parser/parse_dbi.c.o
[327/829] Building CXX object cs/CMakeFiles/cubridcs.dir/__/src/parser/parse_evaluate.c.o
[328/829] Building CXX object cs/CMakeFiles/cubridcs.dir/__/src/parser/parse_tree_cl.c.o
[329/829] Building CXX object cs/CMakeFiles/cubridcs.dir/__/src/object/class_description.cpp.o
[330/829] Building CXX object sa/CMakeFiles/cubridsa.dir/__/src/loaddb/load_db.c.o
[331/829] Building CXX object cs/CMakeFiles/cubridcs.dir/__/src/executables/csql.c.o
[332/829] Building CXX object cs/CMakeFiles/cubridcs.dir/__/src/object/deduplicate_key.c.o
[333/829] Building CXX object cs/CMakeFiles/cubridcs.dir/__/src/object/elo.c.o
[334/829] Building CXX object cs/CMakeFiles/cubridcs.dir/__/src/parser/parse_tree.c.o
[335/829] Building CXX object cs/CMakeFiles/cubridcs.dir/__/src/parser/parse_type.cpp.o
[336/829] Building CXX object cs/CMakeFiles/cubridcs.dir/__/src/parser/query_result.c.o
[337/829] Building CXX object cs/CMakeFiles/cubridcs.dir/__/src/parser/parser_allocator.cpp.o
[338/829] Building CXX object cs/CMakeFiles/cubridcs.dir/__/src/parser/parser_support.c.o
[339/829] Building CXX object cs/CMakeFiles/cubridcs.dir/__/src/parser/scanner_support.c.o
[340/829] Building CXX object cs/CMakeFiles/cubridcs.dir/__/src/parser/show_meta.c.o
[341/829] Building CXX object cs/CMakeFiles/cubridcs.dir/__/src/parser/xasl_regu_alloc.cpp.o
[342/829] Building CXX object cs/CMakeFiles/cubridcs.dir/__/src/parser/semantic_check.c.o
[343/829] Building CXX object cs/CMakeFiles/cubridcs.dir/__/src/executables/compactdb_cl.c.o
[344/829] Building CXX object cs/CMakeFiles/cubridcs.dir/__/src/base/memory_hash.c.o
[345/829] Building CXX object cs/CMakeFiles/cubridcs.dir/__/src/base/perf_monitor.c.o
[346/829] Building CXX object cs/CMakeFiles/cubridcs.dir/__/src/object/lob_locator.cpp.o
[347/829] Building CXX object cs/CMakeFiles/cubridcs.dir/__/src/query/cursor.c.o
[348/829] Building CXX object cs/CMakeFiles/cubridcs.dir/__/src/parser/type_checking.c.o
[349/829] Building CXX object cs/CMakeFiles/cubridcs.dir/__/src/query/query_cl.c.o
[350/829] Building CXX object cs/CMakeFiles/cubridcs.dir/__/src/query/numeric_opfunc.c.o
[351/829] Building CXX object cs/CMakeFiles/cubridcs.dir/__/src/base/tz_support.c.o
[352/829] Building CXX object sa/CMakeFiles/cubridsa.dir/__/src/transaction/log_manager.c.o
[353/829] Building CXX object cs/CMakeFiles/cubridcs.dir/__/src/executables/unload_schema.c.o
[354/829] Building CXX object cs/CMakeFiles/cubridcs.dir/__/src/object/schema_system_catalog_install_query_spec.cpp.o
[355/829] Building CXX object cs/CMakeFiles/cubridcs.dir/__/src/parser/view_transform.c.o
[356/829] Building CXX object cs/CMakeFiles/cubridcs.dir/__/src/query/arithmetic.c.o
[357/829] Building CXX object cs/CMakeFiles/cubridcs.dir/__/src/query/string_regex.cpp.o
[358/829] Building CXX object cs/CMakeFiles/cubridcs.dir/__/src/query/query_dump.c.o
[359/829] Building CXX object cs/CMakeFiles/cubridcs.dir/__/src/parser/xasl_generation.c.o
[360/829] Building CXX object cs/CMakeFiles/cubridcs.dir/__/src/method/method_struct_oid_info.cpp.o
[361/829] Building CXX object cs/CMakeFiles/cubridcs.dir/__/src/sp/pl_comm.c.o
[362/829] Building CXX object cs/CMakeFiles/cubridcs.dir/__/src/method/method_oid_handler.cpp.o
[363/829] Building CXX object cs/CMakeFiles/cubridcs.dir/__/src/method/method_query_util.cpp.o
[364/829] Building CXX object cs/CMakeFiles/cubridcs.dir/__/src/executables/util_cs.c.o
[365/829] Building CXX object sa/CMakeFiles/cubridsa.dir/__/src/storage/file_manager.c.o
[366/829] Building CXX object sa/CMakeFiles/cubridsa.dir/__/src/storage/page_buffer.c.o
[367/829] Building CXX object cs/CMakeFiles/cubridcs.dir/__/src/executables/checksumdb.c.o
[368/829] Building CXX object cs/CMakeFiles/cubridcs.dir/__/src/compat/db_admin.c.o
[369/829] Building CXX object cs/CMakeFiles/cubridcs.dir/__/src/sp/pl_struct_compile.cpp.o
[370/829] Building CXX object cs/CMakeFiles/cubridcs.dir/__/src/query/execute_schema.c.o
[371/829] Building CXX object cs/CMakeFiles/cubridcs.dir/__/src/query/string_opfunc.c.o
[372/829] Building CXX object cs/CMakeFiles/cubridcs.dir/__/src/sp/jsp_cl.cpp.o
[373/829] Building CXX object cs/CMakeFiles/cubridcs.dir/__/src/method/method_struct_value.cpp.o
[374/829] Building CXX object cs/CMakeFiles/cubridcs.dir/__/src/method/method_struct_query.cpp.o
[375/829] Building CXX object cs/CMakeFiles/cubridcs.dir/__/src/query/execute_statement.c.o
[376/829] Building CXX object cs/CMakeFiles/cubridcs.dir/__/src/method/method_callback.cpp.o
[377/829] Building CXX object cs/CMakeFiles/cubridcs.dir/__/src/method/method_query_handler.cpp.o
[378/829] Building CXX object cs/CMakeFiles/cubridcs.dir/__/src/method/method_schema_info.cpp.o
[379/829] Building CXX object cs/CMakeFiles/cubridcs.dir/__/src/method/query_method.cpp.o
[380/829] Building CXX object cs/CMakeFiles/cubridcs.dir/__/src/base/ddl_log.c.o
[381/829] Building CXX object cs/CMakeFiles/cubridcs.dir/__/src/communication/network_callback_cl.cpp.o
[382/829] Building CXX object cs/CMakeFiles/cubridcs.dir/__/src/sp/sp_catalog.cpp.o
[383/829] Building CXX object cubrid/CMakeFiles/cubrid.dir/__/src/base/databases_file.c.o
[384/829] Building CXX object cs/CMakeFiles/cubridcs.dir/__/src/communication/network_cl.c.o
[385/829] Building CXX object cs/CMakeFiles/cubridcs.dir/__/src/compat/db_vdb.c.o
[386/829] Building CXX object cubrid/CMakeFiles/cubrid.dir/__/src/base/error_manager.c.o
[387/829] Building CXX object cubrid/CMakeFiles/cubrid.dir/__/src/base/trace_event_log.c.o
[388/829] Building CXX object cubrid/CMakeFiles/cubrid.dir/__/src/base/fault_injection.c.o
[389/829] Building CXX object cubrid/CMakeFiles/cubrid.dir/__/src/base/intl_support.c.o
[390/829] Building CXX object cs/CMakeFiles/cubridcs.dir/__/src/compat/db_json_path.cpp.o
[391/829] Building CXX object cubrid/CMakeFiles/cubrid.dir/__/src/base/language_support.c.o
[392/829] Building CXX object cubrid/CMakeFiles/cubrid.dir/__/src/base/locale_support.c.o
[393/829] Building CXX object cubrid/CMakeFiles/cubrid.dir/__/src/base/memory_hash.c.o
[394/829] Building CXX object cs/CMakeFiles/cubridcs.dir/__/src/object/authenticate_password.cpp.o
[395/829] Building CXX object cs/CMakeFiles/cubridcs.dir/__/src/connection/connection_support.cpp.o
[396/829] Building CXX object cs/CMakeFiles/cubridcs.dir/__/src/optimizer/rewriter/query_rewrite_term.c.o
[397/829] Building CXX object cubrid/CMakeFiles/cubrid.dir/__/src/base/memory_monitor_api.cpp.o
[398/829] Building CXX object cubrid/CMakeFiles/cubrid.dir/__/src/base/memory_alloc.c.o
[399/829] Building CXX object cubrid/CMakeFiles/cubrid.dir/__/src/base/pinnable_buffer.cpp.o
[400/829] Building CXX object cubrid/CMakeFiles/cubrid.dir/__/src/base/object_representation_sr.c.o
[401/829] Building CXX object cs/CMakeFiles/cubridcs.dir/__/src/object/authenticate.c.o
[402/829] Building CXX object cs/CMakeFiles/cubridcs.dir/__/src/connection/client_support.cpp.o
[403/829] Building CXX object cs/CMakeFiles/cubridcs.dir/__/src/object/authenticate_access_class.cpp.o
[404/829] Building CXX object cubrid/CMakeFiles/cubrid.dir/__/src/base/unicode_support.c.o
[405/829] Building CXX object cubrid/CMakeFiles/cubrid.dir/__/src/base/util_func.c.o
[406/829] Building CXX object cubrid/CMakeFiles/cubrid.dir/__/src/base/tz_support.c.o
[407/829] Building CXX object cs/CMakeFiles/cubridcs.dir/__/src/object/authenticate_grant.cpp.o
[408/829] Building CXX object cs/CMakeFiles/cubridcs.dir/__/src/base/language_support.c.o
[409/829] Building CXX object cs/CMakeFiles/cubridcs.dir/__/src/object/authenticate_owner.cpp.o
[410/829] Building CXX object cs/CMakeFiles/cubridcs.dir/__/src/object/authenticate_access_user.cpp.o
[411/829] Building CXX object cs/CMakeFiles/cubridcs.dir/__/src/object/authenticate_migration.cpp.o
[412/829] Building CXX object cs/CMakeFiles/cubridcs.dir/__/src/object/class_object.c.o
[413/829] Building CXX object cubrid/CMakeFiles/cubrid.dir/__/src/base/system_parameter.c.o
[414/829] Building CXX object cs/CMakeFiles/cubridcs.dir/__/src/object/object_description.cpp.o
[415/829] Building CXX object cs/CMakeFiles/cubridcs.dir/__/src/object/object_print.c.o
[416/829] Building CXX object cs/CMakeFiles/cubridcs.dir/__/src/object/object_representation.c.o
[417/829] Building CXX object sa/CMakeFiles/cubridsa.dir/__/src/session/session.c.o
[418/829] Building CXX object cs/CMakeFiles/cubridcs.dir/__/src/object/object_printer.cpp.o
[419/829] Building CXX object cs/CMakeFiles/cubridcs.dir/__/src/object/schema_system_catalog_definition.cpp.o
[420/829] Building CXX object cs/CMakeFiles/cubridcs.dir/__/src/object/schema_class_truncator.cpp.o
[421/829] Building CXX object cs/CMakeFiles/cubridcs.dir/__/src/object/schema_system_catalog_builder.cpp.o
[422/829] Building CXX object cs/CMakeFiles/cubridcs.dir/__/src/object/object_template.c.o
[423/829] Building CXX object cs/CMakeFiles/cubridcs.dir/__/src/object/schema_system_catalog.cpp.o
[424/829] Building CXX object cs/CMakeFiles/cubridcs.dir/__/src/base/system_parameter.c.o
[425/829] Building CXX object cs/CMakeFiles/cubridcs.dir/__/src/object/trigger_description.cpp.o
[426/829] Building CXX object cs/CMakeFiles/cubridcs.dir/__/src/object/transform_cl.c.o
[427/829] Building CXX object cs/CMakeFiles/cubridcs.dir/__/src/object/set_object.c.o
[428/829] Building CXX object cs/CMakeFiles/cubridcs.dir/__/src/transaction/log_comm.c.o
[429/829] Building CXX object cs/CMakeFiles/cubridcs.dir/__/src/storage/storage_common.c.o
[430/829] Building CXX object cs/CMakeFiles/cubridcs.dir/__/src/storage/es.c.o
[431/829] Building CXX object cs/CMakeFiles/cubridcs.dir/__/src/storage/es_posix.c.o
[432/829] Building CXX object cs/CMakeFiles/cubridcs.dir/__/src/object/virtual_object.c.o
[433/829] Building CXX object cs/CMakeFiles/cubridcs.dir/__/src/object/schema_information_schema_builder.cpp.o
[434/829] Building CXX object cs/CMakeFiles/cubridcs.dir/__/src/optimizer/rewriter/query_rewrite_select.c.o
[435/829] Building CXX object cs/CMakeFiles/cubridcs.dir/__/src/xasl/access_json_table.cpp.o
[436/829] Building CXX object cs/CMakeFiles/cubridcs.dir/__/src/xasl/xasl_analytic.cpp.o
[437/829] Building CXX object cs/CMakeFiles/cubridcs.dir/__/src/object/work_space.c.o
[438/829] Building CXX object cs/CMakeFiles/cubridcs.dir/__/src/object/schema_information_schema_install_query_spec.cpp.o
[439/829] Building CXX object cs/CMakeFiles/cubridcs.dir/__/src/optimizer/histogram/histogram_reader.cpp.o
[440/829] Building CXX object cubrid/CMakeFiles/cubrid.dir/__/src/storage/catalog_class.c.o
[441/829] Building CXX object cs/CMakeFiles/cubridcs.dir/__/src/optimizer/plan_generation.c.o
[442/829] Building CXX object cs/CMakeFiles/cubridcs.dir/__/src/optimizer/rewriter/query_rewrite_auto_parameterize.c.o
[443/829] Building CXX object cs/CMakeFiles/cubridcs.dir/__/src/optimizer/rewriter/query_rewrite_subquery.c.o
[444/829] Building CXX object cs/CMakeFiles/cubridcs.dir/__/src/communication/network_interface_cl.c.o
/home/vimkim/gh/cb/CBRD-27398-pgbuf-inspector-contract/src/communication/network_interface_cl.c: In function ‘int heap_create(HFID*, const OID*, bool)’:
/home/vimkim/gh/cb/CBRD-27398-pgbuf-inspector-contract/src/communication/network_interface_cl.c:1679:22: warning: ‘request’ may be used uninitialized [-Wmaybe-uninitialized]
 1679 |   ptr = or_pack_hfid (request, hfid);
      |         ~~~~~~~~~~~~~^~~~~~~~~~~~~~~
In file included from /home/vimkim/gh/cb/CBRD-27398-pgbuf-inspector-contract/src/communication/network_interface_cl.c:58:
/home/vimkim/gh/cb/CBRD-27398-pgbuf-inspector-contract/src/base/object_representation.h:1135:14: note: by argument 1 of type ‘const char*’ to ‘char* or_pack_hfid(const char*, const HFID*)’ declared here
 1135 | extern char *or_pack_hfid (const char *ptr, const HFID * hfid);
      |              ^~~~~~~~~~~~
/home/vimkim/gh/cb/CBRD-27398-pgbuf-inspector-contract/src/communication/network_interface_cl.c:1671:61: note: ‘a_request’ declared here
 1671 |   OR_ALIGNED_BUF (OR_HFID_SIZE + OR_OID_SIZE + OR_INT_SIZE) a_request;
      |                                                             ^~~~~~~~~
/home/vimkim/gh/cb/CBRD-27398-pgbuf-inspector-contract/src/communication/network_interface_cl.c: In function ‘int heap_destroy_newly_created(const HFID*, const OID*, bool)’:
/home/vimkim/gh/cb/CBRD-27398-pgbuf-inspector-contract/src/communication/network_interface_cl.c:1779:22: warning: ‘request’ may be used uninitialized [-Wmaybe-uninitialized]
 1779 |   ptr = or_pack_hfid (request, hfid);
      |         ~~~~~~~~~~~~~^~~~~~~~~~~~~~~
In file included from /home/vimkim/gh/cb/CBRD-27398-pgbuf-inspector-contract/src/communication/network_interface_cl.c:58:
/home/vimkim/gh/cb/CBRD-27398-pgbuf-inspector-contract/src/base/object_representation.h:1135:14: note: by argument 1 of type ‘const char*’ to ‘char* or_pack_hfid(const char*, const HFID*)’ declared here
 1135 | extern char *or_pack_hfid (const char *ptr, const HFID * hfid);
      |              ^~~~~~~~~~~~
/home/vimkim/gh/cb/CBRD-27398-pgbuf-inspector-contract/src/communication/network_interface_cl.c:1771:61: note: ‘a_request’ declared here
 1771 |   OR_ALIGNED_BUF (OR_HFID_SIZE + OR_OID_SIZE + OR_INT_SIZE) a_request;
      |                                                             ^~~~~~~~~
/home/vimkim/gh/cb/CBRD-27398-pgbuf-inspector-contract/src/communication/network_interface_cl.c: In function ‘int heap_get_class_num_objects_pages(HFID*, int, int*, int*)’:
/home/vimkim/gh/cb/CBRD-27398-pgbuf-inspector-contract/src/communication/network_interface_cl.c:1831:22: warning: ‘request’ may be used uninitialized [-Wmaybe-uninitialized]
 1831 |   ptr = or_pack_hfid (request, hfid);
      |         ~~~~~~~~~~~~~^~~~~~~~~~~~~~~
In file included from /home/vimkim/gh/cb/CBRD-27398-pgbuf-inspector-contract/src/communication/network_interface_cl.c:58:
/home/vimkim/gh/cb/CBRD-27398-pgbuf-inspector-contract/src/base/object_representation.h:1135:14: note: by argument 1 of type ‘const char*’ to ‘char* or_pack_hfid(const char*, const HFID*)’ declared here
 1135 | extern char *or_pack_hfid (const char *ptr, const HFID * hfid);
      |              ^~~~~~~~~~~~
/home/vimkim/gh/cb/CBRD-27398-pgbuf-inspector-contract/src/communication/network_interface_cl.c:1822:47: note: ‘a_request’ declared here
 1822 |   OR_ALIGNED_BUF (OR_HFID_SIZE + OR_INT_SIZE) a_request;
      |                                               ^~~~~~~~~
/home/vimkim/gh/cb/CBRD-27398-pgbuf-inspector-contract/src/communication/network_interface_cl.c: In function ‘int heap_has_instance(HFID*, OID*, int)’:
/home/vimkim/gh/cb/CBRD-27398-pgbuf-inspector-contract/src/communication/network_interface_cl.c:1885:22: warning: ‘request’ may be used uninitialized [-Wmaybe-uninitialized]
 1885 |   ptr = or_pack_hfid (request, hfid);
      |         ~~~~~~~~~~~~~^~~~~~~~~~~~~~~
In file included from /home/vimkim/gh/cb/CBRD-27398-pgbuf-inspector-contract/src/communication/network_interface_cl.c:58:
/home/vimkim/gh/cb/CBRD-27398-pgbuf-inspector-contract/src/base/object_representation.h:1135:14: note: by argument 1 of type ‘const char*’ to ‘char* or_pack_hfid(const char*, const HFID*)’ declared here
 1135 | extern char *or_pack_hfid (const char *ptr, const HFID * hfid);
      |              ^~~~~~~~~~~~
/home/vimkim/gh/cb/CBRD-27398-pgbuf-inspector-contract/src/communication/network_interface_cl.c:1876:61: note: ‘a_request’ declared here
 1876 |   OR_ALIGNED_BUF (OR_HFID_SIZE + OR_OID_SIZE + OR_INT_SIZE) a_request;
      |                                                             ^~~~~~~~~
/home/vimkim/gh/cb/CBRD-27398-pgbuf-inspector-contract/src/communication/network_interface_cl.c: In function ‘int heap_reclaim_addresses(const HFID*)’:
/home/vimkim/gh/cb/CBRD-27398-pgbuf-inspector-contract/src/communication/network_interface_cl.c:1934:22: warning: ‘request’ may be used uninitialized [-Wmaybe-uninitialized]
 1934 |   ptr = or_pack_hfid (request, hfid);
      |         ~~~~~~~~~~~~~^~~~~~~~~~~~~~~
In file included from /home/vimkim/gh/cb/CBRD-27398-pgbuf-inspector-contract/src/communication/network_interface_cl.c:58:
/home/vimkim/gh/cb/CBRD-27398-pgbuf-inspector-contract/src/base/object_representation.h:1135:14: note: by argument 1 of type ‘const char*’ to ‘char* or_pack_hfid(const char*, const HFID*)’ declared here
 1135 | extern char *or_pack_hfid (const char *ptr, const HFID * hfid);
      |              ^~~~~~~~~~~~
/home/vimkim/gh/cb/CBRD-27398-pgbuf-inspector-contract/src/communication/network_interface_cl.c:1926:47: note: ‘a_request’ declared here
 1926 |   OR_ALIGNED_BUF (OR_HFID_SIZE + OR_INT_SIZE) a_request;
      |                                               ^~~~~~~~~
/home/vimkim/gh/cb/CBRD-27398-pgbuf-inspector-contract/src/communication/network_interface_cl.c: In function ‘int lob_remove_dir(HFID*, int)’:
/home/vimkim/gh/cb/CBRD-27398-pgbuf-inspector-contract/src/communication/network_interface_cl.c:11893:22: warning: ‘request’ may be used uninitialized [-Wmaybe-uninitialized]
11893 |   ptr = or_pack_hfid (request, hfid);
      |         ~~~~~~~~~~~~~^~~~~~~~~~~~~~~
In file included from /home/vimkim/gh/cb/CBRD-27398-pgbuf-inspector-contract/src/communication/network_interface_cl.c:58:
/home/vimkim/gh/cb/CBRD-27398-pgbuf-inspector-contract/src/base/object_representation.h:1135:14: note: by argument 1 of type ‘const char*’ to ‘char* or_pack_hfid(const char*, const HFID*)’ declared here
 1135 | extern char *or_pack_hfid (const char *ptr, const HFID * hfid);
      |              ^~~~~~~~~~~~
/home/vimkim/gh/cb/CBRD-27398-pgbuf-inspector-contract/src/communication/network_interface_cl.c:11882:47: note: ‘a_request’ declared here
11882 |   OR_ALIGNED_BUF (OR_HFID_SIZE + OR_INT_SIZE) a_request;
      |                                               ^~~~~~~~~
At global scope:
cc1plus: note: unrecognized command-line option ‘-Wno-template-body’ may have been intended to silence earlier diagnostics
[445/829] Building CXX object cs/CMakeFiles/cubridcs.dir/__/src/optimizer/rewriter/query_rewrite_set.c.o
[446/829] Building CXX object cubrid/CMakeFiles/cubrid.dir/__/load_grammar.cpp.o
[447/829] Building CXX object cs/CMakeFiles/cubridcs.dir/__/src/object/authenticate_context.cpp.o
[448/829] Building CXX object sa/CMakeFiles/cubridsa.dir/__/src/storage/system_catalog.c.o
[449/829] Building CXX object cs/CMakeFiles/cubridcs.dir/__/src/object/authenticate_cache.cpp.o
[450/829] Building CXX object cs/CMakeFiles/cubridcs.dir/__/src/object/authenticate_access_auth.cpp.o
[451/829] Building CXX object cs/CMakeFiles/cubridcs.dir/__/src/optimizer/rewriter/query_rewrite.c.o
[452/829] Building CXX object cubrid/CMakeFiles/cubrid.dir/__/src/compat/cnv.c.o
[453/829] Building CXX object cs/CMakeFiles/cubridcs.dir/__/src/object/object_domain.c.o
[454/829] Building CXX object cubrid/CMakeFiles/cubrid.dir/__/src/compat/db_elo.c.o
[455/829] Building CXX object cubrid/CMakeFiles/cubrid.dir/__/src/object/elo.c.o
[456/829] Building CXX object cubrid/CMakeFiles/cubrid.dir/__/src/object/deduplicate_key.c.o
[457/829] Building CXX object cs/CMakeFiles/cubridcs.dir/__/src/object/object_accessor.c.o
[458/829] Building CXX object cs/CMakeFiles/cubridcs.dir/__/src/object/object_primitive.c.o
[459/829] Building CXX object cubrid/CMakeFiles/cubrid.dir/__/src/compat/db_json_allocator.cpp.o
[460/829] Building CXX object cubrid/CMakeFiles/cubrid.dir/__/src/compat/db_set.c.o
[461/829] Building CXX object cs/CMakeFiles/cubridcs.dir/__/src/object/schema_manager.c.o
[462/829] Building CXX object cubrid/CMakeFiles/cubrid.dir/__/src/object/set_object.c.o
[463/829] Building CXX object cubrid/CMakeFiles/cubrid.dir/__/src/object/object_representation.c.o
[464/829] Building CXX object cubrid/CMakeFiles/cubrid.dir/__/src/object/object_primitive.c.o
[465/829] Building CXX object cubrid/CMakeFiles/cubrid.dir/__/src/object/transform.c.o
[466/829] Building CXX object cubrid/CMakeFiles/cubrid.dir/__/src/object/object_domain.c.o
[467/829] Building CXX object cubrid/CMakeFiles/cubrid.dir/__/src/connection/connection_globals.c.o
[468/829] Building CXX object sa/CMakeFiles/cubridsa.dir/__/src/storage/btree.c.o
[469/829] Building CXX object cubrid/CMakeFiles/cubrid.dir/__/src/query/arithmetic.c.o
[470/829] Building CXX object cubrid/CMakeFiles/cubrid.dir/__/src/query/fetch.c.o
[471/829] Building CXX object cubrid/CMakeFiles/cubrid.dir/__/src/query/numeric_opfunc.c.o
[472/829] Running utility command for pl_build
> Task :pl_server:generateGrammarSource UP-TO-DATE
> Task :pl_server:compileJava UP-TO-DATE
> Task :pl_server:processResources UP-TO-DATE
> Task :pl_server:classes UP-TO-DATE
> Task :pl_server:jar UP-TO-DATE
> Task :pl_server:startScripts UP-TO-DATE
> Task :pl_server:distTar UP-TO-DATE
> Task :pl_server:distZip UP-TO-DATE
> Task :pl_server:assemble UP-TO-DATE
> Task :pl_server:check
> Task :pl_server:build

BUILD SUCCESSFUL in 1s
7 actionable tasks: 7 up-to-date
[473/829] Building CXX object cubrid/CMakeFiles/cubrid.dir/__/src/query/dblink_scan.c.o
[474/829] Building CXX object cs/CMakeFiles/cubridcs.dir/__/src/transaction/boot_cl.c.o
[475/829] Building CXX object cs/CMakeFiles/cubridcs.dir/__/src/object/trigger_manager.c.o
[476/829] Building CXX object cubrid/CMakeFiles/cubrid.dir/__/src/query/list_file.c.o
[477/829] Building CXX object sa/CMakeFiles/cubridsa.dir/__/src/storage/heap_file.c.o
[478/829] Building CXX object cs/CMakeFiles/cubridcs.dir/__/src/object/schema_template.c.o
[479/829] Building CXX object cs/CMakeFiles/cubridcs.dir/__/src/transaction/log_applier_sql_log.c.o
[480/829] Building CXX object cs/CMakeFiles/cubridcs.dir/__/src/transaction/transaction_cl.c.o
[481/829] Building CXX object cs/CMakeFiles/cubridcs.dir/__/src/transaction/log_writer.c.o
[482/829] Building CXX object cs/CMakeFiles/cubridcs.dir/__/src/storage/statistics_cl.c.o
[483/829] Building CXX object cubrid/CMakeFiles/cubrid.dir/__/src/query/query_hash_scan.c.o
[484/829] Building CXX object cubrid/CMakeFiles/cubrid.dir/__/src/query/dblink_2pc.c.o
[485/829] Building CXX object cubrid/CMakeFiles/cubrid.dir/__/src/query/filter_pred_cache.c.o
[486/829] Building CXX object cubrid/CMakeFiles/cubrid.dir/__/src/query/query_aggregate.cpp.o
[487/829] Building CXX object cs/CMakeFiles/cubridcs.dir/__/src/api/cubrid_log.c.o
[488/829] Building CXX object cs/CMakeFiles/cubridcs.dir/__/src/storage/file_io.c.o
[489/829] Building CXX object cs/CMakeFiles/cubridcs.dir/__/src/loaddb/load_object.c.o
[490/829] Building CXX object cs/CMakeFiles/cubridcs.dir/__/src/object/schema_information_schema_install.cpp.o
[491/829] Building CXX object cs/CMakeFiles/cubridcs.dir/__/src/optimizer/query_graph.c.o
[492/829] Building CXX object cubrid/CMakeFiles/cubrid.dir/__/src/sp/pl_comm.c.o
[493/829] Building CXX object cubrid/CMakeFiles/cubrid.dir/__/src/method/method_query_util.cpp.o
[494/829] Building CXX object cubrid/CMakeFiles/cubrid.dir/__/src/query/partition.c.o
[495/829] Building CXX object cubrid/CMakeFiles/cubrid.dir/__/src/query/query_hash_join.c.o
[496/829] Building CXX object cubrid/CMakeFiles/cubrid.dir/__/src/query/query_evaluator.c.o
[497/829] Building CXX object cs/CMakeFiles/cubridcs.dir/__/src/optimizer/query_planner.c.o
[498/829] Building CXX object cs/CMakeFiles/cubridcs.dir/__/src/optimizer/histogram/histogram_builder.cpp.o
[499/829] Building CXX object cubrid/CMakeFiles/cubrid.dir/__/src/method/method_struct_value.cpp.o
[500/829] Building CXX object cubrid/CMakeFiles/cubrid.dir/__/src/query/query_analytic.cpp.o
[501/829] Building CXX object cubrid/CMakeFiles/cubrid.dir/__/src/query/query_dump.c.o
[502/829] Building CXX object cubrid/CMakeFiles/cubrid.dir/__/src/base/perf_monitor_trackers.cpp.o
[503/829] Building CXX object cubrid/CMakeFiles/cubrid.dir/__/src/communication/network_common.cpp.o
[504/829] Building CXX object cubrid/CMakeFiles/cubrid.dir/__/src/communication/network_callback_sr.cpp.o
[505/829] Building CXX object cubrid/CMakeFiles/cubrid.dir/__/src/method/query_method.cpp.o
[506/829] Building CXX object cubrid/CMakeFiles/cubrid.dir/__/src/query/query_reevaluation.cpp.o
[507/829] Building CXX object cubrid/CMakeFiles/cubrid.dir/__/src/query/regu_var.cpp.o
[508/829] Building CXX object cubrid/CMakeFiles/cubrid.dir/__/src/query/scan_json_table.cpp.o
[509/829] Building CXX object cubrid/CMakeFiles/cubrid.dir/__/src/compat/db_value_printer.cpp.o
[510/829] Building CXX object cs/CMakeFiles/cubridcs.dir/__/src/object/schema_system_catalog_install.cpp.o
[511/829] Building CXX object cubrid/CMakeFiles/cubrid.dir/__/src/compat/db_date.c.o
[512/829] Building CXX object cubrid/CMakeFiles/cubrid.dir/__/src/compat/db_macro.c.o
[513/829] Building CXX object cubrid/CMakeFiles/cubrid.dir/__/src/query/query_manager.c.o
[514/829] Building CXX object cubrid/CMakeFiles/cubrid.dir/__/src/query/set_scan.c.o
[515/829] Building CXX object cubrid/CMakeFiles/cubrid.dir/__/src/query/query_opfunc.c.o
[516/829] Building CXX object cubrid/CMakeFiles/cubrid.dir/__/src/storage/es.c.o
[517/829] Building CXX object cubrid/CMakeFiles/cubrid.dir/__/src/query/serial.c.o
[518/829] Building CXX object cubrid/CMakeFiles/cubrid.dir/__/src/query/string_regex.cpp.o
[519/829] Building CXX object cubrid/CMakeFiles/cubrid.dir/__/src/query/show_scan.c.o
[520/829] Building CXX object cs/CMakeFiles/cubridcs.dir/__/src/transaction/flashback_cl.c.o
[521/829] Building CXX object cubrid/CMakeFiles/cubrid.dir/__/src/connection/heartbeat.c.o
[522/829] Building CXX object cubrid/CMakeFiles/cubrid.dir/__/src/connection/host_lookup.c.o
[523/829] Building CXX object cubrid/CMakeFiles/cubrid.dir/__/src/query/vacuum_oos.cpp.o
[524/829] Building CXX object cubrid/CMakeFiles/cubrid.dir/__/src/storage/es_posix.c.o
[525/829] Building CXX object cubrid/CMakeFiles/cubrid.dir/__/src/query/subquery_cache.c.o
[526/829] Building CXX object cubrid/CMakeFiles/cubrid.dir/__/src/connection/transmitter.cpp.o
[527/829] Building CXX object cubrid/CMakeFiles/cubrid.dir/__/src/executables/util_common.c.o
[528/829] Building CXX object cubrid/CMakeFiles/cubrid.dir/__/src/heaplayers/lea_heap.c.o
[529/829] Building CXX object cs/CMakeFiles/cubridcs.dir/__/src/transaction/locator_cl.c.o
[530/829] Building CXX object cubrid/CMakeFiles/cubrid.dir/__/src/connection/tcp.c.o
[531/829] Building CXX object cubrid/CMakeFiles/cubrid.dir/__/src/query/string_opfunc.c.o
[532/829] Building CXX object cubrid/CMakeFiles/cubrid.dir/__/src/query/query_executor.c.o
[533/829] Building CXX object cs/CMakeFiles/cubridcs.dir/__/src/optimizer/histogram/histogram_cl.cpp.o
[534/829] Building CXX object cs/CMakeFiles/cubridcs.dir/__/src/transaction/log_applier.c.o
/home/vimkim/gh/cb/CBRD-27398-pgbuf-inspector-contract/src/transaction/log_applier.c: In function ‘int la_get_copied_log_info(const char*, const char*, INT64, bool, LOG_LSA*, LOG_LSA*)’:
/home/vimkim/gh/cb/CBRD-27398-pgbuf-inspector-contract/src/transaction/log_applier.c:8374:35: warning: format ‘%ld’ expects argument of type ‘long int’, but argument 2 has type ‘int’ [-Wformat=]
 8374 |               printf ("offset:%04ld (tid:%d bck p:%lld,o:%ld frw p:%lld,o:%ld type:%d)\n", lsa.offset, lrec->trid,
      |                               ~~~~^                                                        ~~~~~~~~~~
      |                                   |                                                            |
      |                                   long int                                                     int
      |                               %04d
/home/vimkim/gh/cb/CBRD-27398-pgbuf-inspector-contract/src/transaction/log_applier.c:8374:60: warning: format ‘%ld’ expects argument of type ‘long int’, but argument 5 has type ‘int’ [-Wformat=]
 8374 |               printf ("offset:%04ld (tid:%d bck p:%lld,o:%ld frw p:%lld,o:%ld type:%d)\n", lsa.offset, lrec->trid,
      |                                                          ~~^
      |                                                            |
      |                                                            long int
      |                                                          %d
 8375 |                       (long long int) lrec->back_lsa.pageid, lrec->back_lsa.offset,
      |                                                              ~~~~~~~~~~~~~~~~~~~~~
      |                                                                             |
      |                                                                             int
/home/vimkim/gh/cb/CBRD-27398-pgbuf-inspector-contract/src/transaction/log_applier.c:8374:77: warning: format ‘%ld’ expects argument of type ‘long int’, but argument 7 has type ‘int’ [-Wformat=]
 8374 |               printf ("offset:%04ld (tid:%d bck p:%lld,o:%ld frw p:%lld,o:%ld type:%d)\n", lsa.offset, lrec->trid,
      |                                                                           ~~^
      |                                                                             |
      |                                                                             long int
      |                                                                           %d
 8375 |                       (long long int) lrec->back_lsa.pageid, lrec->back_lsa.offset,
 8376 |                       (long long int) lrec->forw_lsa.pageid, lrec->forw_lsa.offset, lrec->type);
      |                                                              ~~~~~~~~~~~~~~~~~~~~~
      |                                                                             |
      |                                                                             int
At global scope:
cc1plus: note: unrecognized command-line option ‘-Wno-template-body’ may have been intended to silence earlier diagnostics
[535/829] Building CXX object cs/CMakeFiles/cubridcs.dir/__/src/loaddb/load_db.c.o
[536/829] Building CXX object cubrid/CMakeFiles/cubrid.dir/__/src/sp/pl_query_cursor.cpp.o
[537/829] Building CXX object cubrid/CMakeFiles/cubrid.dir/__/src/method/method_struct_invoke.cpp.o
[538/829] Building CXX object cubrid/CMakeFiles/cubrid.dir/__/src/method/method_struct_oid_info.cpp.o
[539/829] Building CXX object cubrid/CMakeFiles/cubrid.dir/__/src/query/scan_manager.c.o
[540/829] Building CXX object cubrid/CMakeFiles/cubrid.dir/__/src/communication/network_sr.c.o
[541/829] Building CXX object cubrid/CMakeFiles/cubrid.dir/__/src/transaction/log_system_tran.cpp.o
[542/829] Building CXX object cubrid/CMakeFiles/cubrid.dir/__/src/loaddb/load_db_value_converter.cpp.o
[543/829] Building CXX object cubrid/CMakeFiles/cubrid.dir/__/src/storage/storage_common.c.o
[544/829] Building CXX object cubrid/CMakeFiles/cubrid.dir/__/src/session/session_sr.c.o
[545/829] Building CXX object cubrid/CMakeFiles/cubrid.dir/__/src/storage/ftab_set.cpp.o
[546/829] Building CXX object cubrid/CMakeFiles/cubrid.dir/__/src/storage/bestspace.cpp.o
[547/829] Building CXX object cubrid/CMakeFiles/cubrid.dir/__/src/compat/db_json_path.cpp.o
[548/829] Building CXX object cubrid/CMakeFiles/cubrid.dir/__/src/connection/connection_support.cpp.o
[549/829] Building CXX object cubrid/CMakeFiles/cubrid.dir/__/src/connection/master_connector.cpp.o
[550/829] Building CXX object cubrid/CMakeFiles/cubrid.dir/__/src/query/stream_to_xasl.c.o
[551/829] Building CXX object cubrid/CMakeFiles/cubrid.dir/__/src/storage/record_descriptor.cpp.o
[552/829] Building CXX object cubrid/CMakeFiles/cubrid.dir/__/src/storage/extendible_hash.c.o
[553/829] Building CXX object cubrid/CMakeFiles/cubrid.dir/__/src/connection/connection_sr.c.o
[554/829] Building CXX object cubrid/CMakeFiles/cubrid.dir/__/src/storage/heap_oos.cpp.o
[555/829] Building CXX object cubrid/CMakeFiles/cubrid.dir/__/src/query/memoize.cpp.o
[556/829] Building CXX object cubrid/CMakeFiles/cubrid.dir/__/src/storage/overflow_file.c.o
[557/829] Building CXX object cubrid/CMakeFiles/cubrid.dir/__/src/connection/receiver.cpp.o
[558/829] Building CXX object cubrid/CMakeFiles/cubrid.dir/__/src/sp/pl_compile_handler.cpp.o
[559/829] Building CXX object cubrid/CMakeFiles/cubrid.dir/__/src/sp/pl_connection.cpp.o
[560/829] Building CXX object cubrid/CMakeFiles/cubrid.dir/__/src/storage/disk_manager.c.o
[561/829] Building CXX object cubrid/CMakeFiles/cubrid.dir/__/src/storage/pgbuf_inspector.cpp.o
[562/829] Building CXX object cubrid/CMakeFiles/cubrid.dir/__/src/storage/oos_file.cpp.o
[563/829] Building CXX object cubrid/CMakeFiles/cubrid.dir/__/src/storage/tde.c.o
[564/829] Building CXX object cubrid/CMakeFiles/cubrid.dir/__/src/storage/statistics_sr.c.o
[565/829] Building CXX object cubrid/CMakeFiles/cubrid.dir/__/src/sp/method_invoke_group.cpp.o
[566/829] Building CXX object cubrid/CMakeFiles/cubrid.dir/__/src/query/xasl_cache.c.o
[567/829] Building CXX object cubrid/CMakeFiles/cubrid.dir/__/src/query/vacuum.c.o
[568/829] Building CXX object cubrid/CMakeFiles/cubrid.dir/__/src/storage/double_write_buffer.cpp.o
[569/829] Building CXX object cubrid/CMakeFiles/cubrid.dir/__/src/storage/page_buffer.c.o
[570/829] Building CXX object cubrid/CMakeFiles/cubrid.dir/__/src/session/session.c.o
[571/829] Building CXX object cubrid/CMakeFiles/cubrid.dir/__/src/storage/external_sort.c.o
[572/829] Building CXX object cubrid/CMakeFiles/cubrid.dir/__/src/sp/pl_sr.cpp.o
[573/829] Building CXX object cubrid/CMakeFiles/cubrid.dir/__/src/method/method_struct_query.cpp.o
[574/829] Building CXX object cubrid/CMakeFiles/cubrid.dir/__/src/storage/file_manager.c.o
[575/829] Building CXX object cubrid/CMakeFiles/cubrid.dir/__/src/storage/file_io.c.o
[576/829] Building CXX object cubrid/CMakeFiles/cubrid.dir/__/src/storage/system_catalog.c.o
[577/829] Building CXX object cubrid/CMakeFiles/cubrid.dir/__/src/loaddb/load_class_registry.cpp.o
[578/829] Building CXX object cubrid/CMakeFiles/cubrid.dir/__/src/sp/sp_code.cpp.o
[579/829] Building CXX object cubrid/CMakeFiles/cubrid.dir/__/src/method/method_scan.cpp.o
[580/829] Building CXX object cubrid/CMakeFiles/cubrid.dir/__/src/storage/heap_file.c.o
[581/829] Building CXX object cubrid/CMakeFiles/cubrid.dir/__/src/storage/btree.c.o
[582/829] Building CXX object cubrid/CMakeFiles/cubrid.dir/__/src/optimizer/histogram/histogram_builder.cpp.o
[583/829] Building CXX object cubrid/CMakeFiles/cubrid.dir/__/src/optimizer/histogram/histogram_reader.cpp.o
[584/829] Building CXX object cubrid/CMakeFiles/cubrid.dir/__/src/optimizer/histogram/histogram_sampler_sr.cpp.o
[585/829] Building CXX object cubrid/CMakeFiles/cubrid.dir/__/src/loaddb/load_error_handler.cpp.o
[586/829] Building CXX object cubrid/CMakeFiles/cubrid.dir/__/src/base/perf_monitor.c.o
[587/829] Building CXX object cubrid/CMakeFiles/cubrid.dir/__/src/loaddb/load_server_loader.cpp.o
[588/829] Building CXX object cubrid/CMakeFiles/cubrid.dir/__/src/monitor/monitor_transaction.cpp.o
[589/829] Building CXX object cubrid/CMakeFiles/cubrid.dir/__/src/monitor/monitor_vacuum_ovfp_threshold.cpp.o
[590/829] Building CXX object util/CMakeFiles/cub_server.dir/__/src/executables/server.c.o
[591/829] Building CXX object cubrid/CMakeFiles/cubrid.dir/__/src/connection/connection_pool.cpp.o
[592/829] Building CXX object cubrid/CMakeFiles/cubrid.dir/__/src/thread/thread_entry_task.cpp.o
[593/829] Building CXX object cubrid/CMakeFiles/cubrid.dir/__/src/sp/pl_execution_stack_context.cpp.o
[594/829] Building CXX object cubrid/CMakeFiles/cubrid.dir/__/src/sp/pl_session.cpp.o
[595/829] Building CXX object cubrid/CMakeFiles/cubrid.dir/__/src/transaction/log_comm.c.o
[596/829] Building CXX object util/CMakeFiles/unittests_area.dir/__/src/base/memory_monitor_api.cpp.o
[597/829] Building CXX object cubrid/CMakeFiles/cubrid.dir/__/src/query/parallel/px_sort.c.o
[598/829] Building CXX object cubrid/CMakeFiles/cubrid.dir/__/src/transaction/log_recovery_redo.cpp.o
[599/829] Building CXX object cubrid/CMakeFiles/cubrid.dir/__/src/query/parallel/px_parallel.cpp.o
[600/829] Building CXX object cubrid/CMakeFiles/cubrid.dir/__/src/transaction/log_postpone_cache.cpp.o
[601/829] Building CXX object broker/CMakeFiles/cub_broker.dir/__/src/broker/broker.c.o
[602/829] Building CXX object broker/CMakeFiles/cub_broker.dir/__/src/broker/broker_shm.c.o
[603/829] Building CXX object broker/CMakeFiles/cub_broker.dir/__/src/broker/broker_filename.c.o
[604/829] Building CXX object util/CMakeFiles/cubrid-bin.dir/__/src/executables/util_service.c.o
[605/829] Building CXX object util/CMakeFiles/cub_master.dir/__/src/executables/master_request.c.o
[606/829] Building CXX object util/CMakeFiles/cub_master.dir/__/src/executables/master_util.c.o
[607/829] Building CXX object cubrid/CMakeFiles/cubrid.dir/__/src/xasl/access_json_table.cpp.o
[608/829] Building CXX object broker/CMakeFiles/gateway_monitor.dir/__/src/base/util_func.c.o
[609/829] Building CXX object cubrid/CMakeFiles/cubrid.dir/__/src/xasl/xasl_analytic.cpp.o
[610/829] Building CXX object cubrid/CMakeFiles/cubrid.dir/__/src/connection/connection_worker.cpp.o
[611/829] Building CXX object cubrid/CMakeFiles/cubrid.dir/__/src/thread/critical_section.c.o
[612/829] Building CXX object broker/CMakeFiles/gateway_monitor.dir/__/src/broker/broker_shm.c.o
[613/829] Building CXX object util/CMakeFiles/cub_commdb.dir/__/src/executables/master_util.c.o
[614/829] Building CXX object cubrid/CMakeFiles/cubrid.dir/__/src/thread/thread_manager.cpp.o
[615/829] Building CXX object broker/CMakeFiles/gateway_monitor.dir/__/src/broker/broker_filename.c.o
[616/829] Building CXX object cubrid/CMakeFiles/cubrid.dir/__/src/query/parallel/px_hash_join/px_hash_join_spawn_manager.cpp.o
[617/829] Building CXX object cubrid/CMakeFiles/cubrid.dir/__/src/connection/coordinator.cpp.o
[618/829] Building CXX object cubrid/CMakeFiles/cubrid.dir/__/src/thread/thread_lockfree_hash_map.cpp.o
[619/829] Building CXX object cubrid/CMakeFiles/cubrid.dir/__/src/xasl/xasl_predicate.cpp.o
[620/829] Building CXX object cubrid/CMakeFiles/cubrid.dir/__/src/query/parallel/px_scan/index/px_scan_index_overflow_chain_pool.cpp.o
[621/829] Building CXX object cubrid/CMakeFiles/cubrid.dir/__/src/sp/pl_executor.cpp.o
[622/829] Building CXX object cubrid/CMakeFiles/cubrid.dir/__/src/query/parallel/px_scan/index/px_scan_index_leaf_slot_walker.cpp.o
[623/829] Building CXX object util/CMakeFiles/cub_pl.dir/__/src/sp/pl_sr_jvm.cpp.o
[624/829] Building CXX object broker/CMakeFiles/cubrid_gateway.dir/__/src/broker/broker_shm.c.o
[625/829] Building CXX object broker/CMakeFiles/cubrid_gateway.dir/__/src/broker/broker_admin.c.o
[626/829] Building CXX object broker/CMakeFiles/cubrid_gateway.dir/__/src/base/util_func.c.o
[627/829] Building CXX object broker/CMakeFiles/cubrid_gateway.dir/__/src/broker/broker_filename.c.o
[628/829] Building CXX object broker/CMakeFiles/cubrid_gateway.dir/__/src/broker/broker_admin_pub.c.o
[629/829] Building CXX object util/CMakeFiles/unittests_lf.dir/__/src/base/memory_monitor_api.cpp.o
[630/829] Building CXX object cubrid/CMakeFiles/cubrid.dir/__/src/query/parallel/px_scan/px_scan_input_handler_index.cpp.o
[631/829] Building CXX object util/CMakeFiles/unittests_snapshot.dir/__/src/base/memory_monitor_api.cpp.o
[632/829] Building CXX object cubrid/CMakeFiles/cubrid.dir/__/src/transaction/log_2pc.c.o
[633/829] Building CXX object cubrid/CMakeFiles/cubrid.dir/__/src/transaction/log_compress.c.o
[634/829] Building CXX object cubrid/CMakeFiles/cubrid.dir/__/src/query/parallel/px_scan/px_scan_slot_iterator_list.cpp.o
[635/829] Building CXX object cubrid/CMakeFiles/cubrid.dir/__/src/transaction/log_append.cpp.o
[636/829] Building CXX object cubrid/CMakeFiles/cubrid.dir/__/src/transaction/log_global.c.o
[637/829] Building CXX object broker/CMakeFiles/cub_cas.dir/__/src/broker/cas_execute.c.o
[638/829] Building CXX object util/CMakeFiles/unittests_bit.dir/__/src/base/memory_monitor_api.cpp.o
[639/829] Building CXX object cubrid/CMakeFiles/cubrid.dir/__/src/transaction/transaction_transient.cpp.o
[640/829] Building CXX object broker/CMakeFiles/cub_cas.dir/__/src/broker/cas.c.o
[641/829] Building CXX object broker/CMakeFiles/cub_cas.dir/__/src/broker/cas_function.c.o
[642/829] Building CXX object broker/CMakeFiles/cub_gateway.dir/__/src/broker/broker_shm.c.o
[643/829] Building CXX object cubrid/CMakeFiles/cubrid.dir/__/src/transaction/transaction_sr.c.o
[644/829] Building CXX object broker/CMakeFiles/cub_gateway.dir/__/src/broker/broker.c.o
[645/829] Building CXX object cubrid/CMakeFiles/cubrid.dir/__/src/loaddb/load_worker_manager.cpp.o
[646/829] Building CXX object cubrid/CMakeFiles/cubrid.dir/__/src/loaddb/load_session.cpp.o
[647/829] Building CXX object cubrid/CMakeFiles/cubrid.dir/__/src/transaction/log_writer.c.o
[648/829] Building CXX object cubrid/CMakeFiles/cubrid.dir/__/src/transaction/mvcc_active_tran.cpp.o
[649/829] Building CXX object cubrid/CMakeFiles/cubrid.dir/__/src/transaction/mvcc_table.cpp.o
[650/829] Building CXX object util/CMakeFiles/cub_master.dir/__/src/executables/master.c.o
[651/829] Building CXX object util/CMakeFiles/cub_master.dir/__/src/executables/master_heartbeat.c.o
[652/829] Building CXX object util/CMakeFiles/cub_master.dir/__/src/executables/master_server_monitor.cpp.o
[653/829] Building CXX object broker/CMakeFiles/cub_gateway.dir/__/src/broker/broker_filename.c.o
[654/829] Building CXX object cubrid/CMakeFiles/cubrid.dir/__/src/storage/slotted_page.c.o
[655/829] Building CXX object cubrid/CMakeFiles/cubrid.dir/__/src/transaction/mvcc.c.o
[656/829] Building CXX object broker/CMakeFiles/broker_monitor.dir/__/src/broker/broker_shm.c.o
[657/829] Building CXX object broker/CMakeFiles/broker_monitor.dir/__/src/broker/broker_filename.c.o
[658/829] Building CXX object cubrid/CMakeFiles/cubrid.dir/__/src/connection/server_support.c.o
[659/829] Building CXX object broker/CMakeFiles/broker_log_top.dir/__/src/broker/broker_shm.c.o
[660/829] Building CXX object broker/CMakeFiles/broker_log_top.dir/__/src/broker/broker_filename.c.o
[661/829] Building CXX object cm_common/CMakeFiles/cmstat.dir/__/src/cm_common/cm_utils.c.o
[662/829] Building CXX object cm_common/CMakeFiles/cub_sainfo.dir/__/src/cm_common/cm_class_info_sa.c.o
[663/829] Building CXX object broker/CMakeFiles/broker_monitor.dir/__/src/base/util_func.c.o
[664/829] Building CXX object broker/CMakeFiles/broker_changer.dir/__/src/broker/broker_shm.c.o
[665/829] Building CXX object cubrid/CMakeFiles/cubrid.dir/__/src/compat/db_json.cpp.o
[666/829] Building CXX object cubrid/CMakeFiles/cubrid.dir/__/src/transaction/recovery.c.o
[667/829] Building CXX object cubrid/CMakeFiles/cubrid.dir/__/src/transaction/replication.c.o
[668/829] Building CXX object cubrid/CMakeFiles/cubrid.dir/__/src/transaction/flashback.c.o
[669/829] Building CXX object cubrid/CMakeFiles/cubrid.dir/__/src/xasl/xasl_stream.cpp.o
[670/829] Building CXX object util/CMakeFiles/cub_pl.dir/__/src/executables/pl.cpp.o
[671/829] Performing update step for 'catch2'
[672/829] Building CXX object broker/CMakeFiles/cubrid_broker.dir/__/src/broker/broker_admin_pub.c.o
[673/829] Building CXX object cubrid/CMakeFiles/cubrid.dir/__/src/transaction/boot_sr.c.o
[674/829] Building CXX object cubrid/CMakeFiles/cubrid.dir/__/src/xasl/xasl_iteration.cpp.o
[675/829] Building CXX object broker/CMakeFiles/broker_changer.dir/__/src/broker/broker_admin_pub.c.o
[676/829] Building CXX object broker/CMakeFiles/broker_changer.dir/__/src/broker/broker_filename.c.o
[677/829] Building CXX object broker/CMakeFiles/cubrid_broker.dir/__/src/broker/broker_shm.c.o
[678/829] Building CXX object broker/CMakeFiles/cubrid_broker.dir/__/src/broker/broker_admin.c.o
[679/829] Building CXX object broker/CMakeFiles/cubrid_broker.dir/__/src/broker/broker_filename.c.o
[680/829] Building CXX object broker/CMakeFiles/cas_common_lib.dir/__/src/broker/cas_handle.c.o
[681/829] Building CXX object broker/CMakeFiles/cubrid_broker.dir/__/src/base/util_func.c.o
[682/829] Building CXX object broker/CMakeFiles/cas_common_lib.dir/__/src/broker/cas_net_buf.c.o
[683/829] Building CXX object broker/CMakeFiles/cas_common_lib.dir/__/src/broker/cas_optimization.c.o
[684/829] Building CXX object unit_tests/oos/CMakeFiles/test_oos_server.dir/test_oos_server.cpp.o
[685/829] Building CXX object unit_tests/oos/CMakeFiles/test_oos_mock_vacuum_server.dir/test_oos_mock_vacuum_server.cpp.o
[686/829] No patch step for 'catch2'
[687/829] Building CXX object unit_tests/oos/CMakeFiles/test_oos_remove_file_server.dir/test_oos_remove_file_server.cpp.o
[688/829] Building CXX object unit_tests/oos/CMakeFiles/test_oos_delete_server.dir/test_oos_delete_server.cpp.o
[689/829] Building CXX object unit_tests/oos/sql/CMakeFiles/test_oos_sql_storage.dir/test_oos_sql_storage.cpp.o
[690/829] Building CXX object unit_tests/oos/sql/CMakeFiles/test_oos_sql_txn.dir/test_oos_sql_txn.cpp.o
[691/829] Building CXX object unit_tests/oos/sql/CMakeFiles/test_oos_sql_visible_version.dir/test_oos_sql_visible_version.cpp.o
[692/829] Building CXX object cubrid/CMakeFiles/cubrid.dir/__/src/query/parallel/px_scan/px_scan_slot_iterator_index.cpp.o
[693/829] Building CXX object cubrid/CMakeFiles/cubrid.dir/__/src/thread/thread_entry.cpp.o
[694/829] Building CXX object cubrid/CMakeFiles/cubrid.dir/__/src/query/parallel/px_hash_join/px_hash_join_task_manager.cpp.o
[695/829] Building CXX object cubrid/CMakeFiles/cubrid.dir/__/src/query/parallel/px_scan/px_scan_slot_iterator.cpp.o
[696/829] Building CXX object cubrid/CMakeFiles/cubrid.dir/__/src/query/parallel/px_scan/px_scan_input_handler_heap.cpp.o
[697/829] Building CXX object cubrid/CMakeFiles/cubrid.dir/__/src/query/parallel/px_hash_join/px_hash_join.cpp.o
[698/829] Building CXX object cubrid/CMakeFiles/cubrid.dir/__/src/query/parallel/px_scan/px_scan_input_handler_list.cpp.o
[699/829] Building CXX object cubrid/CMakeFiles/cubrid.dir/__/src/query/parallel/px_scan/index/px_scan_index_key_range_list.cpp.o
[700/829] Building CXX object cubrid/CMakeFiles/cubrid.dir/__/src/query/parallel/px_scan/index/px_scan_index_leaf_page_dispatcher.cpp.o
[701/829] Building CXX object broker/CMakeFiles/cas_common_lib.dir/__/src/broker/cas_common_function.c.o
[702/829] Building CXX object unit_tests/oos/sql/CMakeFiles/test_oos_sql_update_delete.dir/test_oos_sql_update_delete.cpp.o
[703/829] Building CXX object cubrid/CMakeFiles/cubrid.dir/__/src/query/parallel/px_scan/index/px_scan_index_overflow_drain_fsm.cpp.o
[704/829] Building CXX object cubrid/CMakeFiles/cubrid.dir/__/src/query/parallel/px_scan/px_scan_result_handler.cpp.o
[705/829] Building CXX object cubrid/CMakeFiles/cubrid.dir/__/src/query/parallel/px_scan/px_scan_pre_execution_info.cpp.o
[706/829] Building CXX object cubrid/CMakeFiles/cubrid.dir/__/src/query/parallel/px_worker_manager_global.cpp.o
[707/829] Building CXX object cubrid/CMakeFiles/cubrid.dir/__/src/query/parallel/px_thread_safe_queue.cpp.o
[708/829] Building CXX object broker/CMakeFiles/cas_common_lib.dir/__/src/broker/broker_filename.c.o
[709/829] Building CXX object broker/CMakeFiles/cas_common_lib.dir/__/src/broker/broker_shm.c.o
[710/829] Building CXX object broker/CMakeFiles/cas_cgw_lib.dir/__/src/broker/cas_cgw_odbc.c.o
[711/829] Building CXX object cubrid/CMakeFiles/cubrid.dir/__/src/query/parallel/px_scan/px_scan_trace_handler.cpp.o
[712/829] Building CXX object cubrid/CMakeFiles/cubrid.dir/__/src/query/parallel/px_query_execute/px_query_task.cpp.o
[713/829] Building CXX object broker/CMakeFiles/cub_proxy.dir/__/src/broker/shard_proxy.c.o
[714/829] Building CXX object broker/CMakeFiles/broker_tester.dir/__/src/broker/broker_shm.c.o
[715/829] Building CXX object broker/CMakeFiles/cub_proxy.dir/__/src/broker/shard_proxy_io.c.o
[716/829] Building CXX object broker/CMakeFiles/cub_proxy.dir/__/src/broker/cas_net_buf.c.o
[717/829] Building CXX object broker/CMakeFiles/broker_tester.dir/__/src/broker/broker_filename.c.o
[718/829] Building CXX object cubrid/CMakeFiles/cubrid.dir/__/src/sp/pl_struct_compile.cpp.o
[719/829] Building CXX object broker/CMakeFiles/cub_proxy.dir/__/src/broker/broker_filename.c.o
[720/829] Building CXX object broker/CMakeFiles/cub_proxy.dir/__/src/broker/broker_shm.c.o
[721/829] Building CXX object cm_common/CMakeFiles/cmdep.dir/__/src/cm_common/cm_utils.c.o
[722/829] Building CXX object cubrid/CMakeFiles/cubrid.dir/__/src/communication/network_interface_sr.cpp.o
[723/829] Building CXX object broker/CMakeFiles/brokeradmin.dir/__/src/broker/broker_admin_pub.c.o
[724/829] Building CXX object broker/CMakeFiles/brokeradmin.dir/__/src/broker/broker_shm.c.o
[725/829] Building CXX object broker/CMakeFiles/brokeradmin.dir/__/src/broker/broker_filename.c.o
[726/829] Building CXX object cm_common/CMakeFiles/cub_jobsa.dir/__/src/cm_common/cm_class_info_sa.c.o
[727/829] Building CXX object unit_tests/oos/CMakeFiles/test_oos_tde_gate.dir/test_oos_tde_gate.cpp.o
[728/829] Building CXX object cubrid/CMakeFiles/cubrid.dir/__/src/transaction/locator_sr.c.o
[729/829] Building CXX object cubrid/CMakeFiles/cubrid.dir/__/src/xasl/xasl_spawner.cpp.o
[730/829] Building CXX object broker/CMakeFiles/cas_common_lib.dir/__/src/broker/cas_common_main.c.o
[731/829] Building CXX object broker/CMakeFiles/cas_common_lib.dir/__/src/base/ddl_log.c.o
[732/829] Building CXX object cubrid/CMakeFiles/cubrid.dir/__/src/transaction/log_page_buffer.c.o
[733/829] Building CXX object util/CMakeFiles/unittests_snapshot.dir/__/src/executables/unittests_snapshot.c.o
[734/829] Building CXX object broker/CMakeFiles/cas_cgw_lib.dir/__/src/broker/cas_cgw_execute.c.o
[735/829] Building CXX object broker/CMakeFiles/cas_cgw_lib.dir/__/src/broker/cas_cgw_function.c.o
[736/829] Building CXX object cubrid/CMakeFiles/cubrid.dir/__/src/query/parallel/px_query_execute/px_query_executor.cpp.o
[737/829] Building CXX object unit_tests/oos/CMakeFiles/test_oos_delete.dir/test_oos_delete.cpp.o
[738/829] Building CXX object cubrid/CMakeFiles/cubrid.dir/__/src/transaction/log_recovery.c.o
[739/829] Building CXX object cubrid/CMakeFiles/cubrid.dir/__/src/transaction/log_tran_table.c.o
[740/829] Building CXX object broker/CMakeFiles/cub_cas_cgw.dir/__/src/broker/cas_cgw.c.o
[741/829] Building CXX object unit_tests/oos/CMakeFiles/test_oos_remove_file.dir/test_oos_remove_file.cpp.o
[742/829] Building CXX object cubrid/CMakeFiles/cubrid.dir/__/src/query/parallel/px_scan/px_scan_task.cpp.o
[743/829] Building CXX object unit_tests/oos/sql/CMakeFiles/test_oos_sql_eager_cleanup.dir/test_oos_sql_eager_cleanup.cpp.o
[744/829] Building CXX object cubrid/CMakeFiles/cubrid.dir/__/src/transaction/lock_manager.c.o
[745/829] Building CXX object cubrid/CMakeFiles/cubrid.dir/__/src/transaction/log_manager.c.o
[746/829] Building CXX object cubrid/CMakeFiles/cubrid.dir/__/src/transaction/log_recovery_redo_parallel.cpp.o
[747/829] Building CXX object cubrid/CMakeFiles/cubrid.dir/__/src/query/parallel/px_scan/px_scan.cpp.o
[748/829] Building CXX object cm_common/CMakeFiles/cmdep.dir/__/src/cm_common/cm_dep_tasks.c.o
[749/829] Building CXX object unit_tests/oos/CMakeFiles/test_oos.dir/test_oos.cpp.o
[750/829] Building CXX object unit_tests/oos/sql/CMakeFiles/test_oos_sql_crud.dir/test_oos_sql_crud.cpp.o
[751/829] Building CXX object unit_tests/oos/sql/CMakeFiles/test_oos_sql_show.dir/test_oos_sql_show.cpp.o
[752/829] Building CXX object unit_tests/oos/sql/CMakeFiles/test_oos_sql_ddl.dir/test_oos_sql_ddl.cpp.o
[753/829] Building CXX object unit_tests/oos/sql/CMakeFiles/test_oos_sql_bigone.dir/test_oos_sql_bigone.cpp.o
[754/829] Building CXX object unit_tests/oos/sql/CMakeFiles/test_oos_sql_boundary.dir/test_oos_sql_boundary.cpp.o
[755/829] Building CXX object unit_tests/oos/sql/CMakeFiles/test_oos_sql_delete.dir/test_oos_sql_delete.cpp.o
[756/829] Building CXX object unit_tests/oos/CMakeFiles/test_oos_bestspace.dir/test_oos_bestspace.cpp.o
[757/829] Performing configure step for 'catch2'
loading initial cache file /home/vimkim/gh/cb/CBRD-27398-pgbuf-inspector-contract/build_preset_debug_gcc/unit_tests/catch2-prefix/tmp/catch2-cache-Debug.cmake
-- Configuring done (0.0s)
-- Generating done (0.0s)
-- Build files have been written to: /home/vimkim/gh/cb/CBRD-27398-pgbuf-inspector-contract/build_preset_debug_gcc/unit_tests/catch2-prefix/src/catch2-build
[758/829] Building CXX object unit_tests/oos/CMakeFiles/test_oos_real_vacuum_server.dir/test_oos_real_vacuum_server.cpp.o
[759/829] Building CXX object unit_tests/oos/CMakeFiles/test_oos_vacuum_server.dir/test_oos_vacuum_server.cpp.o
[760/829] Performing build step for 'catch2'
ninja: no work to do.
[761/829] No install step for 'catch2'
[762/829] Completed 'catch2'
[763/829] Linking CXX shared library cs/libcubridcs.so.11.5
[764/829] Creating library symlink cs/libcubridcs.so
[765/829] Linking CXX static library broker/libcas_common_lib.a
[766/829] Linking CXX static library broker/libcas_cgw_lib.a
[767/829] Linking CXX executable bin/broker_log_converter
[768/829] Linking CXX executable bin/broker_log_runner
[769/829] Linking CXX executable bin/cub_commdb
[770/829] Linking CXX shared library cm_common/libcmdep.so.11.5
[771/829] Linking CXX executable bin/cubrid_replay
[772/829] Linking CXX executable bin/broker_tester
[773/829] Creating library symlink cm_common/libcmdep.so
[774/829] Linking CXX executable bin/cub_gateway
[775/829] Linking CXX executable bin/broker_log_top
[776/829] Linking CXX executable bin/cub_broker
[777/829] Linking CXX executable bin/broker_changer
[778/829] Linking CXX shared library broker/libbrokeradmin.so.11.5
[779/829] Linking CXX executable bin/gateway_monitor
[780/829] Linking CXX executable bin/cub_master
[781/829] Linking CXX executable bin/broker_monitor
[782/829] Linking CXX executable bin/cubrid_broker
[783/829] Linking CXX executable bin/cubrid_gateway
[784/829] Creating library symlink broker/libbrokeradmin.so
[785/829] Linking CXX executable bin/cub_proxy
[786/829] Linking CXX shared library cm_common/libcmstat.so.11.5
[787/829] Creating library symlink cm_common/libcmstat.so
[788/829] Linking CXX executable bin/cub_cas
[789/829] Linking CXX executable bin/cub_cas_cgw
[790/829] Linking CXX shared library sa/libcubridsa.so.11.5
[791/829] Creating library symlink sa/libcubridsa.so
[792/829] Linking CXX executable bin/cub_jobsa
[793/829] Linking CXX executable bin/cubrid_rel
[794/829] Linking CXX executable bin/gen_timezone
[795/829] Linking CXX executable bin/cub_sainfo
[796/829] Linking CXX executable bin/cubrid
[797/829] Linking CXX executable bin/cub_pl
[798/829] Linking CXX executable bin/loadjava
[799/829] Linking CXX executable bin/test_oos_record_flags
[800/829] Linking CXX executable bin/test_oos_tde_gate
[801/829] Linking CXX executable bin/test_oos_delete
[802/829] Linking CXX executable bin/test_byte_span_writer
[803/829] Linking CXX executable bin/test_oos_remove_file
[804/829] Linking CXX executable bin/test_oos_sql_update_delete
[805/829] Linking CXX executable bin/test_oos_sql_bigone
[806/829] Linking CXX executable bin/test_oos_bestspace
[807/829] Linking CXX executable bin/test_oos_sql_eager_cleanup
[808/829] Linking CXX executable bin/test_oos_sql_delete
[809/829] Linking CXX executable bin/test_oos_sql_boundary
[810/829] Linking CXX executable bin/test_oos_sql_crud
[811/829] Linking CXX executable bin/test_oos_sql_show
[812/829] Linking CXX executable bin/test_oos_sql_ddl
[813/829] Linking CXX executable bin/test_oos_sql_visible_version
[814/829] Linking CXX executable bin/test_oos_sql_txn
[815/829] Linking CXX executable bin/test_oos
[816/829] Linking CXX executable bin/test_oos_sql_storage
[817/829] Linking CXX shared library cubrid/libcubrid.so.11.5
[818/829] Creating library symlink cubrid/libcubrid.so
[819/829] Linking CXX executable bin/cub_server
[820/829] Linking CXX executable bin/unittests_bit
[821/829] Linking CXX executable bin/unittests_snapshot
[822/829] Linking CXX executable bin/unittests_area
[823/829] Linking CXX executable bin/unittests_lf
[824/829] Linking CXX executable bin/test_oos_remove_file_server
[825/829] Linking CXX executable bin/test_oos_delete_server
[826/829] Linking CXX executable bin/test_oos_mock_vacuum_server
[827/829] Linking CXX executable bin/test_oos_vacuum_server
[828/829] Linking CXX executable bin/test_oos_server
[829/829] Linking CXX executable bin/test_oos_real_vacuum_server
-- Install configuration: "Debug"
-- Up-to-date: /home/vimkim/.cub/install/CBRD-27398-pgbuf-inspector-contract/debug_gcc/vm/pl_server.jar
-- Up-to-date: /home/vimkim/.cub/install/CBRD-27398-pgbuf-inspector-contract/debug_gcc/vm/logging.properties
-- Installing: /home/vimkim/.cub/install/CBRD-27398-pgbuf-inspector-contract/debug_gcc/lib/libcubridsa.so.11.5
-- Set runtime path of "/home/vimkim/.cub/install/CBRD-27398-pgbuf-inspector-contract/debug_gcc/lib/libcubridsa.so.11.5" to "/home/vimkim/.cub/install/CBRD-27398-pgbuf-inspector-contract/debug_gcc/lib"
-- Up-to-date: /home/vimkim/.cub/install/CBRD-27398-pgbuf-inspector-contract/debug_gcc/lib/libcubridsa.so
-- Installing: /home/vimkim/.cub/install/CBRD-27398-pgbuf-inspector-contract/debug_gcc/lib/libcubridcs.so.11.5
-- Set runtime path of "/home/vimkim/.cub/install/CBRD-27398-pgbuf-inspector-contract/debug_gcc/lib/libcubridcs.so.11.5" to "/home/vimkim/.cub/install/CBRD-27398-pgbuf-inspector-contract/debug_gcc/lib"
-- Up-to-date: /home/vimkim/.cub/install/CBRD-27398-pgbuf-inspector-contract/debug_gcc/lib/libcubridcs.so
-- Installing: /home/vimkim/.cub/install/CBRD-27398-pgbuf-inspector-contract/debug_gcc/lib/libcubrid.so.11.5
-- Set runtime path of "/home/vimkim/.cub/install/CBRD-27398-pgbuf-inspector-contract/debug_gcc/lib/libcubrid.so.11.5" to "/home/vimkim/.cub/install/CBRD-27398-pgbuf-inspector-contract/debug_gcc/lib"
-- Up-to-date: /home/vimkim/.cub/install/CBRD-27398-pgbuf-inspector-contract/debug_gcc/lib/libcubrid.so
-- Up-to-date: /home/vimkim/.cub/install/CBRD-27398-pgbuf-inspector-contract/debug_gcc/include/dbi.h
-- Up-to-date: /home/vimkim/.cub/install/CBRD-27398-pgbuf-inspector-contract/debug_gcc/include/dbtran_def.h
-- Up-to-date: /home/vimkim/.cub/install/CBRD-27398-pgbuf-inspector-contract/debug_gcc/include/dbtype_def.h
-- Up-to-date: /home/vimkim/.cub/install/CBRD-27398-pgbuf-inspector-contract/debug_gcc/include/db_set_function.h
-- Up-to-date: /home/vimkim/.cub/install/CBRD-27398-pgbuf-inspector-contract/debug_gcc/include/dbtype_function.h
-- Up-to-date: /home/vimkim/.cub/install/CBRD-27398-pgbuf-inspector-contract/debug_gcc/include/db_date.h
-- Up-to-date: /home/vimkim/.cub/install/CBRD-27398-pgbuf-inspector-contract/debug_gcc/include/db_elo.h
-- Up-to-date: /home/vimkim/.cub/install/CBRD-27398-pgbuf-inspector-contract/debug_gcc/include/cache_time.h
-- Up-to-date: /home/vimkim/.cub/install/CBRD-27398-pgbuf-inspector-contract/debug_gcc/include/error_code.h
-- Up-to-date: /home/vimkim/.cub/install/CBRD-27398-pgbuf-inspector-contract/debug_gcc/include/cubrid_log.h
-- Up-to-date: /home/vimkim/.cub/install/CBRD-27398-pgbuf-inspector-contract/debug_gcc/include/cm_stat.h
-- Up-to-date: /home/vimkim/.cub/install/CBRD-27398-pgbuf-inspector-contract/debug_gcc/bin/csql
-- Installing: /home/vimkim/.cub/install/CBRD-27398-pgbuf-inspector-contract/debug_gcc/bin/cub_master
-- Set runtime path of "/home/vimkim/.cub/install/CBRD-27398-pgbuf-inspector-contract/debug_gcc/bin/cub_master" to "/home/vimkim/.cub/install/CBRD-27398-pgbuf-inspector-contract/debug_gcc/lib"
-- Installing: /home/vimkim/.cub/install/CBRD-27398-pgbuf-inspector-contract/debug_gcc/bin/cub_server
-- Set runtime path of "/home/vimkim/.cub/install/CBRD-27398-pgbuf-inspector-contract/debug_gcc/bin/cub_server" to "/home/vimkim/.cub/install/CBRD-27398-pgbuf-inspector-contract/debug_gcc/lib"
-- Installing: /home/vimkim/.cub/install/CBRD-27398-pgbuf-inspector-contract/debug_gcc/bin/cubrid
-- Set runtime path of "/home/vimkim/.cub/install/CBRD-27398-pgbuf-inspector-contract/debug_gcc/bin/cubrid" to "/home/vimkim/.cub/install/CBRD-27398-pgbuf-inspector-contract/debug_gcc/lib"
-- Installing: /home/vimkim/.cub/install/CBRD-27398-pgbuf-inspector-contract/debug_gcc/bin/cub_commdb
-- Set runtime path of "/home/vimkim/.cub/install/CBRD-27398-pgbuf-inspector-contract/debug_gcc/bin/cub_commdb" to "/home/vimkim/.cub/install/CBRD-27398-pgbuf-inspector-contract/debug_gcc/lib"
-- Installing: /home/vimkim/.cub/install/CBRD-27398-pgbuf-inspector-contract/debug_gcc/bin/cubrid_rel
-- Set runtime path of "/home/vimkim/.cub/install/CBRD-27398-pgbuf-inspector-contract/debug_gcc/bin/cubrid_rel" to "/home/vimkim/.cub/install/CBRD-27398-pgbuf-inspector-contract/debug_gcc/lib"
-- Installing: /home/vimkim/.cub/install/CBRD-27398-pgbuf-inspector-contract/debug_gcc/bin/loadjava
-- Set runtime path of "/home/vimkim/.cub/install/CBRD-27398-pgbuf-inspector-contract/debug_gcc/bin/loadjava" to "/home/vimkim/.cub/install/CBRD-27398-pgbuf-inspector-contract/debug_gcc/lib"
-- Installing: /home/vimkim/.cub/install/CBRD-27398-pgbuf-inspector-contract/debug_gcc/bin/cub_pl
-- Set runtime path of "/home/vimkim/.cub/install/CBRD-27398-pgbuf-inspector-contract/debug_gcc/bin/cub_pl" to "/home/vimkim/.cub/install/CBRD-27398-pgbuf-inspector-contract/debug_gcc/lib"
-- Up-to-date: /home/vimkim/.cub/install/CBRD-27398-pgbuf-inspector-contract/debug_gcc/bin/cub_admin
-- Up-to-date: /home/vimkim/.cub/install/CBRD-27398-pgbuf-inspector-contract/debug_gcc/cci/lib/libcascci.so.11.2
-- Up-to-date: /home/vimkim/.cub/install/CBRD-27398-pgbuf-inspector-contract/debug_gcc/cci/lib/libcascci.so
-- Up-to-date: /home/vimkim/.cub/install/CBRD-27398-pgbuf-inspector-contract/debug_gcc/cci/include/cas_cci.h
-- Up-to-date: /home/vimkim/.cub/install/CBRD-27398-pgbuf-inspector-contract/debug_gcc/cci/include/compat_dbtran_def.h
-- Up-to-date: /home/vimkim/.cub/install/CBRD-27398-pgbuf-inspector-contract/debug_gcc/cci/include/broker_cas_error.h
-- Up-to-date: /home/vimkim/.cub/install/CBRD-27398-pgbuf-inspector-contract/debug_gcc/include/cas_cci.h
-- Up-to-date: /home/vimkim/.cub/install/CBRD-27398-pgbuf-inspector-contract/debug_gcc/include/broker_cas_error.h
-- Up-to-date: /home/vimkim/.cub/install/CBRD-27398-pgbuf-inspector-contract/debug_gcc/include/compat_dbtran_def.h
-- Up-to-date: /home/vimkim/.cub/install/CBRD-27398-pgbuf-inspector-contract/debug_gcc/lib/libcascci.so
-- Up-to-date: /home/vimkim/.cub/install/CBRD-27398-pgbuf-inspector-contract/debug_gcc/lib/libcascci.so.11.2
-- Up-to-date: /home/vimkim/.cub/install/CBRD-27398-pgbuf-inspector-contract/debug_gcc/bin/cci_applier
-- Installing: /home/vimkim/.cub/install/CBRD-27398-pgbuf-inspector-contract/debug_gcc/bin/broker_log_converter
-- Set runtime path of "/home/vimkim/.cub/install/CBRD-27398-pgbuf-inspector-contract/debug_gcc/bin/broker_log_converter" to "/home/vimkim/.cub/install/CBRD-27398-pgbuf-inspector-contract/debug_gcc/lib"
-- Installing: /home/vimkim/.cub/install/CBRD-27398-pgbuf-inspector-contract/debug_gcc/bin/broker_log_runner
-- Set runtime path of "/home/vimkim/.cub/install/CBRD-27398-pgbuf-inspector-contract/debug_gcc/bin/broker_log_runner" to "/home/vimkim/.cub/install/CBRD-27398-pgbuf-inspector-contract/debug_gcc/lib"
-- Installing: /home/vimkim/.cub/install/CBRD-27398-pgbuf-inspector-contract/debug_gcc/bin/broker_tester
-- Set runtime path of "/home/vimkim/.cub/install/CBRD-27398-pgbuf-inspector-contract/debug_gcc/bin/broker_tester" to "/home/vimkim/.cub/install/CBRD-27398-pgbuf-inspector-contract/debug_gcc/lib"
-- Installing: /home/vimkim/.cub/install/CBRD-27398-pgbuf-inspector-contract/debug_gcc/bin/cubrid_replay
-- Set runtime path of "/home/vimkim/.cub/install/CBRD-27398-pgbuf-inspector-contract/debug_gcc/bin/cubrid_replay" to "/home/vimkim/.cub/install/CBRD-27398-pgbuf-inspector-contract/debug_gcc/lib"
-- Installing: /home/vimkim/.cub/install/CBRD-27398-pgbuf-inspector-contract/debug_gcc/bin/cub_broker
-- Set runtime path of "/home/vimkim/.cub/install/CBRD-27398-pgbuf-inspector-contract/debug_gcc/bin/cub_broker" to "/home/vimkim/.cub/install/CBRD-27398-pgbuf-inspector-contract/debug_gcc/lib"
-- Installing: /home/vimkim/.cub/install/CBRD-27398-pgbuf-inspector-contract/debug_gcc/bin/cub_gateway
-- Set runtime path of "/home/vimkim/.cub/install/CBRD-27398-pgbuf-inspector-contract/debug_gcc/bin/cub_gateway" to "/home/vimkim/.cub/install/CBRD-27398-pgbuf-inspector-contract/debug_gcc/lib"
-- Installing: /home/vimkim/.cub/install/CBRD-27398-pgbuf-inspector-contract/debug_gcc/bin/broker_monitor
-- Set runtime path of "/home/vimkim/.cub/install/CBRD-27398-pgbuf-inspector-contract/debug_gcc/bin/broker_monitor" to "/home/vimkim/.cub/install/CBRD-27398-pgbuf-inspector-contract/debug_gcc/lib"
-- Installing: /home/vimkim/.cub/install/CBRD-27398-pgbuf-inspector-contract/debug_gcc/bin/gateway_monitor
-- Set runtime path of "/home/vimkim/.cub/install/CBRD-27398-pgbuf-inspector-contract/debug_gcc/bin/gateway_monitor" to "/home/vimkim/.cub/install/CBRD-27398-pgbuf-inspector-contract/debug_gcc/lib"
-- Installing: /home/vimkim/.cub/install/CBRD-27398-pgbuf-inspector-contract/debug_gcc/bin/broker_changer
-- Set runtime path of "/home/vimkim/.cub/install/CBRD-27398-pgbuf-inspector-contract/debug_gcc/bin/broker_changer" to "/home/vimkim/.cub/install/CBRD-27398-pgbuf-inspector-contract/debug_gcc/lib"
-- Installing: /home/vimkim/.cub/install/CBRD-27398-pgbuf-inspector-contract/debug_gcc/bin/cubrid_broker
-- Set runtime path of "/home/vimkim/.cub/install/CBRD-27398-pgbuf-inspector-contract/debug_gcc/bin/cubrid_broker" to "/home/vimkim/.cub/install/CBRD-27398-pgbuf-inspector-contract/debug_gcc/lib"
-- Installing: /home/vimkim/.cub/install/CBRD-27398-pgbuf-inspector-contract/debug_gcc/bin/cubrid_gateway
-- Set runtime path of "/home/vimkim/.cub/install/CBRD-27398-pgbuf-inspector-contract/debug_gcc/bin/cubrid_gateway" to "/home/vimkim/.cub/install/CBRD-27398-pgbuf-inspector-contract/debug_gcc/lib"
-- Installing: /home/vimkim/.cub/install/CBRD-27398-pgbuf-inspector-contract/debug_gcc/bin/cub_cas
-- Set runtime path of "/home/vimkim/.cub/install/CBRD-27398-pgbuf-inspector-contract/debug_gcc/bin/cub_cas" to "/home/vimkim/.cub/install/CBRD-27398-pgbuf-inspector-contract/debug_gcc/lib"
-- Installing: /home/vimkim/.cub/install/CBRD-27398-pgbuf-inspector-contract/debug_gcc/bin/cub_cas_cgw
-- Set runtime path of "/home/vimkim/.cub/install/CBRD-27398-pgbuf-inspector-contract/debug_gcc/bin/cub_cas_cgw" to "/home/vimkim/.cub/install/CBRD-27398-pgbuf-inspector-contract/debug_gcc/lib"
-- Installing: /home/vimkim/.cub/install/CBRD-27398-pgbuf-inspector-contract/debug_gcc/bin/cub_proxy
-- Set runtime path of "/home/vimkim/.cub/install/CBRD-27398-pgbuf-inspector-contract/debug_gcc/bin/cub_proxy" to "/home/vimkim/.cub/install/CBRD-27398-pgbuf-inspector-contract/debug_gcc/lib"
-- Up-to-date: /home/vimkim/.cub/install/CBRD-27398-pgbuf-inspector-contract/debug_gcc/include/shard_key.h
-- Installing: /home/vimkim/.cub/install/CBRD-27398-pgbuf-inspector-contract/debug_gcc/bin/broker_log_top
-- Set runtime path of "/home/vimkim/.cub/install/CBRD-27398-pgbuf-inspector-contract/debug_gcc/bin/broker_log_top" to "/home/vimkim/.cub/install/CBRD-27398-pgbuf-inspector-contract/debug_gcc/lib"
-- Installing: /home/vimkim/.cub/install/CBRD-27398-pgbuf-inspector-contract/debug_gcc/lib/libbrokeradmin.so.11.5
-- Set runtime path of "/home/vimkim/.cub/install/CBRD-27398-pgbuf-inspector-contract/debug_gcc/lib/libbrokeradmin.so.11.5" to "/home/vimkim/.cub/install/CBRD-27398-pgbuf-inspector-contract/debug_gcc/lib"
-- Up-to-date: /home/vimkim/.cub/install/CBRD-27398-pgbuf-inspector-contract/debug_gcc/lib/libbrokeradmin.so
-- Installing: /home/vimkim/.cub/install/CBRD-27398-pgbuf-inspector-contract/debug_gcc/lib/libcmstat.so.11.5
-- Set runtime path of "/home/vimkim/.cub/install/CBRD-27398-pgbuf-inspector-contract/debug_gcc/lib/libcmstat.so.11.5" to "/home/vimkim/.cub/install/CBRD-27398-pgbuf-inspector-contract/debug_gcc/lib"
-- Up-to-date: /home/vimkim/.cub/install/CBRD-27398-pgbuf-inspector-contract/debug_gcc/lib/libcmstat.so
-- Installing: /home/vimkim/.cub/install/CBRD-27398-pgbuf-inspector-contract/debug_gcc/lib/libcmdep.so.11.5
-- Set runtime path of "/home/vimkim/.cub/install/CBRD-27398-pgbuf-inspector-contract/debug_gcc/lib/libcmdep.so.11.5" to "/home/vimkim/.cub/install/CBRD-27398-pgbuf-inspector-contract/debug_gcc/lib"
-- Up-to-date: /home/vimkim/.cub/install/CBRD-27398-pgbuf-inspector-contract/debug_gcc/lib/libcmdep.so
-- Installing: /home/vimkim/.cub/install/CBRD-27398-pgbuf-inspector-contract/debug_gcc/bin/cub_jobsa
-- Set runtime path of "/home/vimkim/.cub/install/CBRD-27398-pgbuf-inspector-contract/debug_gcc/bin/cub_jobsa" to "/home/vimkim/.cub/install/CBRD-27398-pgbuf-inspector-contract/debug_gcc/lib"
-- Installing: /home/vimkim/.cub/install/CBRD-27398-pgbuf-inspector-contract/debug_gcc/bin/cub_sainfo
-- Set runtime path of "/home/vimkim/.cub/install/CBRD-27398-pgbuf-inspector-contract/debug_gcc/bin/cub_sainfo" to "/home/vimkim/.cub/install/CBRD-27398-pgbuf-inspector-contract/debug_gcc/lib"
-- Up-to-date: /home/vimkim/.cub/install/CBRD-27398-pgbuf-inspector-contract/debug_gcc/conf/cubrid.conf
-- Up-to-date: /home/vimkim/.cub/install/CBRD-27398-pgbuf-inspector-contract/debug_gcc/conf/cubrid.conf.large
-- Up-to-date: /home/vimkim/.cub/install/CBRD-27398-pgbuf-inspector-contract/debug_gcc/conf/cubrid.conf.small
-- Up-to-date: /home/vimkim/.cub/install/CBRD-27398-pgbuf-inspector-contract/debug_gcc/conf/cubrid_broker.conf
-- Up-to-date: /home/vimkim/.cub/install/CBRD-27398-pgbuf-inspector-contract/debug_gcc/conf/cubrid_broker.conf.shard
-- Up-to-date: /home/vimkim/.cub/install/CBRD-27398-pgbuf-inspector-contract/debug_gcc/conf/cubrid_gateway.conf
-- Up-to-date: /home/vimkim/.cub/install/CBRD-27398-pgbuf-inspector-contract/debug_gcc/conf/cubrid_ha.conf
-- Up-to-date: /home/vimkim/.cub/install/CBRD-27398-pgbuf-inspector-contract/debug_gcc/conf/cubrid_hosts.conf
-- Up-to-date: /home/vimkim/.cub/install/CBRD-27398-pgbuf-inspector-contract/debug_gcc/conf/shard_connection.txt
-- Up-to-date: /home/vimkim/.cub/install/CBRD-27398-pgbuf-inspector-contract/debug_gcc/conf/shard_key.txt
-- Up-to-date: /home/vimkim/.cub/install/CBRD-27398-pgbuf-inspector-contract/debug_gcc/conf/cubrid_locales.all.txt
-- Up-to-date: /home/vimkim/.cub/install/CBRD-27398-pgbuf-inspector-contract/debug_gcc/conf/cubrid_locales.txt
-- Up-to-date: /home/vimkim/.cub/install/CBRD-27398-pgbuf-inspector-contract/debug_gcc/conf/cas_ssl_cert.crt
-- Up-to-date: /home/vimkim/.cub/install/CBRD-27398-pgbuf-inspector-contract/debug_gcc/conf/cas_ssl_cert.key
-- Up-to-date: /home/vimkim/.cub/install/CBRD-27398-pgbuf-inspector-contract/debug_gcc/msg/en_US.utf8
-- Up-to-date: /home/vimkim/.cub/install/CBRD-27398-pgbuf-inspector-contract/debug_gcc/msg/en_US.utf8/utils.msg
-- Up-to-date: /home/vimkim/.cub/install/CBRD-27398-pgbuf-inspector-contract/debug_gcc/msg/en_US.utf8/cubrid.msg
-- Up-to-date: /home/vimkim/.cub/install/CBRD-27398-pgbuf-inspector-contract/debug_gcc/msg/en_US.utf8/csql.msg
-- Up-to-date: /home/vimkim/.cub/install/CBRD-27398-pgbuf-inspector-contract/debug_gcc/msg/en_US.utf8
-- Up-to-date: /home/vimkim/.cub/install/CBRD-27398-pgbuf-inspector-contract/debug_gcc/msg/en_US.utf8/utils.cat
-- Up-to-date: /home/vimkim/.cub/install/CBRD-27398-pgbuf-inspector-contract/debug_gcc/msg/en_US.utf8/csql.cat
-- Up-to-date: /home/vimkim/.cub/install/CBRD-27398-pgbuf-inspector-contract/debug_gcc/msg/en_US.utf8/cubrid.cat
-- Up-to-date: /home/vimkim/.cub/install/CBRD-27398-pgbuf-inspector-contract/debug_gcc/msg/en_US
-- Up-to-date: /home/vimkim/.cub/install/CBRD-27398-pgbuf-inspector-contract/debug_gcc/msg/en_US/utils.msg
-- Up-to-date: /home/vimkim/.cub/install/CBRD-27398-pgbuf-inspector-contract/debug_gcc/msg/en_US/cubrid.msg
-- Up-to-date: /home/vimkim/.cub/install/CBRD-27398-pgbuf-inspector-contract/debug_gcc/msg/en_US/csql.msg
-- Up-to-date: /home/vimkim/.cub/install/CBRD-27398-pgbuf-inspector-contract/debug_gcc/msg/en_US
-- Up-to-date: /home/vimkim/.cub/install/CBRD-27398-pgbuf-inspector-contract/debug_gcc/msg/en_US/utils.cat
-- Up-to-date: /home/vimkim/.cub/install/CBRD-27398-pgbuf-inspector-contract/debug_gcc/msg/en_US/csql.cat
-- Up-to-date: /home/vimkim/.cub/install/CBRD-27398-pgbuf-inspector-contract/debug_gcc/msg/en_US/cubrid.cat
-- Up-to-date: /home/vimkim/.cub/install/CBRD-27398-pgbuf-inspector-contract/debug_gcc/msg/ko_KR.utf8
-- Up-to-date: /home/vimkim/.cub/install/CBRD-27398-pgbuf-inspector-contract/debug_gcc/msg/ko_KR.utf8/csql.msg
-- Up-to-date: /home/vimkim/.cub/install/CBRD-27398-pgbuf-inspector-contract/debug_gcc/msg/ko_KR.utf8/utils.msg
-- Up-to-date: /home/vimkim/.cub/install/CBRD-27398-pgbuf-inspector-contract/debug_gcc/msg/ko_KR.utf8/cubrid.msg
-- Up-to-date: /home/vimkim/.cub/install/CBRD-27398-pgbuf-inspector-contract/debug_gcc/msg/ko_KR.utf8
-- Up-to-date: /home/vimkim/.cub/install/CBRD-27398-pgbuf-inspector-contract/debug_gcc/msg/ko_KR.utf8/cubrid.cat
-- Up-to-date: /home/vimkim/.cub/install/CBRD-27398-pgbuf-inspector-contract/debug_gcc/msg/ko_KR.utf8/utils.cat
-- Up-to-date: /home/vimkim/.cub/install/CBRD-27398-pgbuf-inspector-contract/debug_gcc/msg/ko_KR.utf8/csql.cat
-- Up-to-date: /home/vimkim/.cub/install/CBRD-27398-pgbuf-inspector-contract/debug_gcc/msg/ko_KR.euckr
-- Up-to-date: /home/vimkim/.cub/install/CBRD-27398-pgbuf-inspector-contract/debug_gcc/msg/ko_KR.euckr/csql.msg
-- Up-to-date: /home/vimkim/.cub/install/CBRD-27398-pgbuf-inspector-contract/debug_gcc/msg/ko_KR.euckr/cubrid.msg
-- Up-to-date: /home/vimkim/.cub/install/CBRD-27398-pgbuf-inspector-contract/debug_gcc/msg/ko_KR.euckr/utils.msg
-- Up-to-date: /home/vimkim/.cub/install/CBRD-27398-pgbuf-inspector-contract/debug_gcc/msg/ko_KR.euckr
-- Up-to-date: /home/vimkim/.cub/install/CBRD-27398-pgbuf-inspector-contract/debug_gcc/msg/ko_KR.euckr/csql.cat
-- Up-to-date: /home/vimkim/.cub/install/CBRD-27398-pgbuf-inspector-contract/debug_gcc/msg/ko_KR.euckr/cubrid.cat
-- Up-to-date: /home/vimkim/.cub/install/CBRD-27398-pgbuf-inspector-contract/debug_gcc/msg/ko_KR.euckr/utils.cat
-- Up-to-date: /home/vimkim/.cub/install/CBRD-27398-pgbuf-inspector-contract/debug_gcc/demo/demodb_objects
-- Up-to-date: /home/vimkim/.cub/install/CBRD-27398-pgbuf-inspector-contract/debug_gcc/demo/demodb_schema
-- Up-to-date: /home/vimkim/.cub/install/CBRD-27398-pgbuf-inspector-contract/debug_gcc/demo/make_cubrid_demo.sh
-- Up-to-date: /home/vimkim/.cub/install/CBRD-27398-pgbuf-inspector-contract/debug_gcc/share/init.d/cubrid-ha
-- Up-to-date: /home/vimkim/.cub/install/CBRD-27398-pgbuf-inspector-contract/debug_gcc/share/init.d/cubrid
-- Up-to-date: /home/vimkim/.cub/install/CBRD-27398-pgbuf-inspector-contract/debug_gcc/share/scripts/check_reserved.sql
-- Up-to-date: /home/vimkim/.cub/install/CBRD-27398-pgbuf-inspector-contract/debug_gcc/share/scripts/broker_log_top.py
-- Up-to-date: /home/vimkim/.cub/install/CBRD-27398-pgbuf-inspector-contract/debug_gcc/share/scripts/brokerstatus_to_csv.py
-- Up-to-date: /home/vimkim/.cub/install/CBRD-27398-pgbuf-inspector-contract/debug_gcc/share/scripts/statdump_to_csv.py
-- Up-to-date: /home/vimkim/.cub/install/CBRD-27398-pgbuf-inspector-contract/debug_gcc/share/scripts/ha/ha_make_slavedb.sh
-- Up-to-date: /home/vimkim/.cub/install/CBRD-27398-pgbuf-inspector-contract/debug_gcc/share/scripts/ha/VERSION
-- Up-to-date: /home/vimkim/.cub/install/CBRD-27398-pgbuf-inspector-contract/debug_gcc/share/scripts/ha/README
-- Up-to-date: /home/vimkim/.cub/install/CBRD-27398-pgbuf-inspector-contract/debug_gcc/share/scripts/ha/functions/ha_check_environment.sh
-- Up-to-date: /home/vimkim/.cub/install/CBRD-27398-pgbuf-inspector-contract/debug_gcc/share/scripts/ha/functions/ha_check_script.sh
-- Up-to-date: /home/vimkim/.cub/install/CBRD-27398-pgbuf-inspector-contract/debug_gcc/share/scripts/ha/expect/scp_from.exp
-- Up-to-date: /home/vimkim/.cub/install/CBRD-27398-pgbuf-inspector-contract/debug_gcc/share/scripts/ha/expect/scp_to.exp
-- Up-to-date: /home/vimkim/.cub/install/CBRD-27398-pgbuf-inspector-contract/debug_gcc/share/scripts/ha/expect/ssh.exp
-- Up-to-date: /home/vimkim/.cub/install/CBRD-27398-pgbuf-inspector-contract/debug_gcc/share/scripts/ha/common/common.sh
-- Up-to-date: /home/vimkim/.cub/install/CBRD-27398-pgbuf-inspector-contract/debug_gcc/share/systemtap/tapset/cubrid_func.stp
-- Up-to-date: /home/vimkim/.cub/install/CBRD-27398-pgbuf-inspector-contract/debug_gcc/share/systemtap/tapset/scripts/buffer_access.stp
-- Up-to-date: /home/vimkim/.cub/install/CBRD-27398-pgbuf-inspector-contract/debug_gcc/share/systemtap/tapset/scripts/global_time.stp
-- Up-to-date: /home/vimkim/.cub/install/CBRD-27398-pgbuf-inspector-contract/debug_gcc/share/systemtap/tapset/scripts/io_stat.stp
-- Up-to-date: /home/vimkim/.cub/install/CBRD-27398-pgbuf-inspector-contract/debug_gcc/share/systemtap/tapset/scripts/lock_time.stp
-- Up-to-date: /home/vimkim/.cub/install/CBRD-27398-pgbuf-inspector-contract/debug_gcc/share/systemtap/tapset/scripts/obj_access.stp
-- Up-to-date: /home/vimkim/.cub/install/CBRD-27398-pgbuf-inspector-contract/debug_gcc/share/systemtap/tapset/scripts/query_time.stp
-- Up-to-date: /home/vimkim/.cub/install/CBRD-27398-pgbuf-inspector-contract/debug_gcc/share/systemtap/tapset/scripts/transaction.stp
-- Up-to-date: /home/vimkim/.cub/install/CBRD-27398-pgbuf-inspector-contract/debug_gcc/share/systemtap/tapset/scripts/topcallstack_helper.stp
-- Up-to-date: /home/vimkim/.cub/install/CBRD-27398-pgbuf-inspector-contract/debug_gcc/share/systemtap/tapset/scripts/get_file_line.sh
-- Up-to-date: /home/vimkim/.cub/install/CBRD-27398-pgbuf-inspector-contract/debug_gcc/share/systemtap/tapset/scripts/topcallstack
-- Up-to-date: /home/vimkim/.cub/install/CBRD-27398-pgbuf-inspector-contract/debug_gcc/share/scripts/setup.sh
-- Up-to-date: /home/vimkim/.cub/install/CBRD-27398-pgbuf-inspector-contract/debug_gcc/share/scripts/cubrid.sh
-- Up-to-date: /home/vimkim/.cub/install/CBRD-27398-pgbuf-inspector-contract/debug_gcc/share/scripts/cubrid.csh
-- Up-to-date: /home/vimkim/.cub/install/CBRD-27398-pgbuf-inspector-contract/debug_gcc/share/scripts/unloaddb.sh
-- Up-to-date: /home/vimkim/.cub/install/CBRD-27398-pgbuf-inspector-contract/debug_gcc/share/scripts/restore_to_newdb.sh
-- Up-to-date: /home/vimkim/.cub/install/CBRD-27398-pgbuf-inspector-contract/debug_gcc/share/scripts/check_index_ovfps.sh
-- Up-to-date: /home/vimkim/.cub/install/CBRD-27398-pgbuf-inspector-contract/debug_gcc/bin/make_locale.sh
-- Up-to-date: /home/vimkim/.cub/install/CBRD-27398-pgbuf-inspector-contract/debug_gcc/locales/loclib/build_locale.sh
-- Up-to-date: /home/vimkim/.cub/install/CBRD-27398-pgbuf-inspector-contract/debug_gcc/locales/data
-- Up-to-date: /home/vimkim/.cub/install/CBRD-27398-pgbuf-inspector-contract/debug_gcc/locales/data/codepages
-- Up-to-date: /home/vimkim/.cub/install/CBRD-27398-pgbuf-inspector-contract/debug_gcc/locales/data/codepages/8859-1.TXT
-- Up-to-date: /home/vimkim/.cub/install/CBRD-27398-pgbuf-inspector-contract/debug_gcc/locales/data/codepages/8859-15.TXT
-- Up-to-date: /home/vimkim/.cub/install/CBRD-27398-pgbuf-inspector-contract/debug_gcc/locales/data/codepages/8859-9.TXT
-- Up-to-date: /home/vimkim/.cub/install/CBRD-27398-pgbuf-inspector-contract/debug_gcc/locales/data/codepages/CP1250.TXT
-- Up-to-date: /home/vimkim/.cub/install/CBRD-27398-pgbuf-inspector-contract/debug_gcc/locales/data/codepages/CP1258.TXT
-- Up-to-date: /home/vimkim/.cub/install/CBRD-27398-pgbuf-inspector-contract/debug_gcc/locales/data/codepages/CP932.TXT
-- Up-to-date: /home/vimkim/.cub/install/CBRD-27398-pgbuf-inspector-contract/debug_gcc/locales/data/codepages/CP936.TXT
-- Up-to-date: /home/vimkim/.cub/install/CBRD-27398-pgbuf-inspector-contract/debug_gcc/locales/data/codepages/CP949.TXT
-- Up-to-date: /home/vimkim/.cub/install/CBRD-27398-pgbuf-inspector-contract/debug_gcc/locales/data/ducet.txt
-- Up-to-date: /home/vimkim/.cub/install/CBRD-27398-pgbuf-inspector-contract/debug_gcc/locales/data/ldml
-- Up-to-date: /home/vimkim/.cub/install/CBRD-27398-pgbuf-inspector-contract/debug_gcc/locales/data/ldml/common_collations.xml
-- Up-to-date: /home/vimkim/.cub/install/CBRD-27398-pgbuf-inspector-contract/debug_gcc/locales/data/ldml/cubrid_de_DE.xml
-- Up-to-date: /home/vimkim/.cub/install/CBRD-27398-pgbuf-inspector-contract/debug_gcc/locales/data/ldml/cubrid_es_ES.xml
-- Up-to-date: /home/vimkim/.cub/install/CBRD-27398-pgbuf-inspector-contract/debug_gcc/locales/data/ldml/cubrid_fr_FR.xml
-- Up-to-date: /home/vimkim/.cub/install/CBRD-27398-pgbuf-inspector-contract/debug_gcc/locales/data/ldml/cubrid_it_IT.xml
-- Up-to-date: /home/vimkim/.cub/install/CBRD-27398-pgbuf-inspector-contract/debug_gcc/locales/data/ldml/cubrid_ja_JP.xml
-- Up-to-date: /home/vimkim/.cub/install/CBRD-27398-pgbuf-inspector-contract/debug_gcc/locales/data/ldml/cubrid_km_KH.xml
-- Up-to-date: /home/vimkim/.cub/install/CBRD-27398-pgbuf-inspector-contract/debug_gcc/locales/data/ldml/cubrid_ko_KR.xml
-- Up-to-date: /home/vimkim/.cub/install/CBRD-27398-pgbuf-inspector-contract/debug_gcc/locales/data/ldml/cubrid_ro_RO.xml
-- Up-to-date: /home/vimkim/.cub/install/CBRD-27398-pgbuf-inspector-contract/debug_gcc/locales/data/ldml/cubrid_tr_TR.xml
-- Up-to-date: /home/vimkim/.cub/install/CBRD-27398-pgbuf-inspector-contract/debug_gcc/locales/data/ldml/cubrid_vi_VN.xml
-- Up-to-date: /home/vimkim/.cub/install/CBRD-27398-pgbuf-inspector-contract/debug_gcc/locales/data/ldml/cubrid_zh_CN.xml
-- Up-to-date: /home/vimkim/.cub/install/CBRD-27398-pgbuf-inspector-contract/debug_gcc/locales/data/unicodedata.txt
-- Up-to-date: /home/vimkim/.cub/install/CBRD-27398-pgbuf-inspector-contract/debug_gcc/locales/loclib/locale_lib_common.h
-- Up-to-date: /home/vimkim/.cub/install/CBRD-27398-pgbuf-inspector-contract/debug_gcc/lib/libcubrid_timezones.so.11.5
-- Up-to-date: /home/vimkim/.cub/install/CBRD-27398-pgbuf-inspector-contract/debug_gcc/lib/libcubrid_timezones.so
-- Up-to-date: /home/vimkim/.cub/install/CBRD-27398-pgbuf-inspector-contract/debug_gcc/bin/make_tz.sh
-- Up-to-date: /home/vimkim/.cub/install/CBRD-27398-pgbuf-inspector-contract/debug_gcc/timezones/tzlib/build_tz.sh
-- Up-to-date: /home/vimkim/.cub/install/CBRD-27398-pgbuf-inspector-contract/debug_gcc/timezones/tzdata
-- Up-to-date: /home/vimkim/.cub/install/CBRD-27398-pgbuf-inspector-contract/debug_gcc/timezones/tzdata/africa
-- Up-to-date: /home/vimkim/.cub/install/CBRD-27398-pgbuf-inspector-contract/debug_gcc/timezones/tzdata/antarctica
-- Up-to-date: /home/vimkim/.cub/install/CBRD-27398-pgbuf-inspector-contract/debug_gcc/timezones/tzdata/asia
-- Up-to-date: /home/vimkim/.cub/install/CBRD-27398-pgbuf-inspector-contract/debug_gcc/timezones/tzdata/australasia
-- Up-to-date: /home/vimkim/.cub/install/CBRD-27398-pgbuf-inspector-contract/debug_gcc/timezones/tzdata/backward
-- Up-to-date: /home/vimkim/.cub/install/CBRD-27398-pgbuf-inspector-contract/debug_gcc/timezones/tzdata/etcetera
-- Up-to-date: /home/vimkim/.cub/install/CBRD-27398-pgbuf-inspector-contract/debug_gcc/timezones/tzdata/europe
-- Up-to-date: /home/vimkim/.cub/install/CBRD-27398-pgbuf-inspector-contract/debug_gcc/timezones/tzdata/iso3166.tab
-- Up-to-date: /home/vimkim/.cub/install/CBRD-27398-pgbuf-inspector-contract/debug_gcc/timezones/tzdata/leapseconds
-- Up-to-date: /home/vimkim/.cub/install/CBRD-27398-pgbuf-inspector-contract/debug_gcc/timezones/tzdata/northamerica
-- Up-to-date: /home/vimkim/.cub/install/CBRD-27398-pgbuf-inspector-contract/debug_gcc/timezones/tzdata/pacificnew
-- Up-to-date: /home/vimkim/.cub/install/CBRD-27398-pgbuf-inspector-contract/debug_gcc/timezones/tzdata/southamerica
-- Up-to-date: /home/vimkim/.cub/install/CBRD-27398-pgbuf-inspector-contract/debug_gcc/timezones/tzdata/windowsZones.xml
-- Up-to-date: /home/vimkim/.cub/install/CBRD-27398-pgbuf-inspector-contract/debug_gcc/timezones/tzdata/zone.tab
-- Up-to-date: /home/vimkim/.cub/install/CBRD-27398-pgbuf-inspector-contract/debug_gcc/timezones/tzlib/timezone_lib_common.h
-- Up-to-date: /home/vimkim/.cub/install/CBRD-27398-pgbuf-inspector-contract/debug_gcc/include
-- Up-to-date: /home/vimkim/.cub/install/CBRD-27398-pgbuf-inspector-contract/debug_gcc/include/gmock
-- Up-to-date: /home/vimkim/.cub/install/CBRD-27398-pgbuf-inspector-contract/debug_gcc/include/gmock/gmock-actions.h
-- Up-to-date: /home/vimkim/.cub/install/CBRD-27398-pgbuf-inspector-contract/debug_gcc/include/gmock/gmock-cardinalities.h
-- Up-to-date: /home/vimkim/.cub/install/CBRD-27398-pgbuf-inspector-contract/debug_gcc/include/gmock/gmock-function-mocker.h
-- Up-to-date: /home/vimkim/.cub/install/CBRD-27398-pgbuf-inspector-contract/debug_gcc/include/gmock/gmock-matchers.h
-- Up-to-date: /home/vimkim/.cub/install/CBRD-27398-pgbuf-inspector-contract/debug_gcc/include/gmock/gmock-more-actions.h
-- Up-to-date: /home/vimkim/.cub/install/CBRD-27398-pgbuf-inspector-contract/debug_gcc/include/gmock/gmock-more-matchers.h
-- Up-to-date: /home/vimkim/.cub/install/CBRD-27398-pgbuf-inspector-contract/debug_gcc/include/gmock/gmock-nice-strict.h
-- Up-to-date: /home/vimkim/.cub/install/CBRD-27398-pgbuf-inspector-contract/debug_gcc/include/gmock/gmock-spec-builders.h
-- Up-to-date: /home/vimkim/.cub/install/CBRD-27398-pgbuf-inspector-contract/debug_gcc/include/gmock/gmock.h
-- Up-to-date: /home/vimkim/.cub/install/CBRD-27398-pgbuf-inspector-contract/debug_gcc/include/gmock/internal
-- Up-to-date: /home/vimkim/.cub/install/CBRD-27398-pgbuf-inspector-contract/debug_gcc/include/gmock/internal/custom
-- Up-to-date: /home/vimkim/.cub/install/CBRD-27398-pgbuf-inspector-contract/debug_gcc/include/gmock/internal/custom/README.md
-- Up-to-date: /home/vimkim/.cub/install/CBRD-27398-pgbuf-inspector-contract/debug_gcc/include/gmock/internal/custom/gmock-generated-actions.h
-- Up-to-date: /home/vimkim/.cub/install/CBRD-27398-pgbuf-inspector-contract/debug_gcc/include/gmock/internal/custom/gmock-matchers.h
-- Up-to-date: /home/vimkim/.cub/install/CBRD-27398-pgbuf-inspector-contract/debug_gcc/include/gmock/internal/custom/gmock-port.h
-- Up-to-date: /home/vimkim/.cub/install/CBRD-27398-pgbuf-inspector-contract/debug_gcc/include/gmock/internal/gmock-internal-utils.h
-- Up-to-date: /home/vimkim/.cub/install/CBRD-27398-pgbuf-inspector-contract/debug_gcc/include/gmock/internal/gmock-port.h
-- Up-to-date: /home/vimkim/.cub/install/CBRD-27398-pgbuf-inspector-contract/debug_gcc/include/gmock/internal/gmock-pp.h
-- Up-to-date: /home/vimkim/.cub/install/CBRD-27398-pgbuf-inspector-contract/debug_gcc/lib64/libgmock.a
-- Up-to-date: /home/vimkim/.cub/install/CBRD-27398-pgbuf-inspector-contract/debug_gcc/lib64/libgmock_main.a
-- Up-to-date: /home/vimkim/.cub/install/CBRD-27398-pgbuf-inspector-contract/debug_gcc/lib64/pkgconfig/gmock.pc
-- Up-to-date: /home/vimkim/.cub/install/CBRD-27398-pgbuf-inspector-contract/debug_gcc/lib64/pkgconfig/gmock_main.pc
-- Up-to-date: /home/vimkim/.cub/install/CBRD-27398-pgbuf-inspector-contract/debug_gcc/lib64/cmake/GTest/GTestTargets.cmake
-- Up-to-date: /home/vimkim/.cub/install/CBRD-27398-pgbuf-inspector-contract/debug_gcc/lib64/cmake/GTest/GTestTargets-debug.cmake
-- Up-to-date: /home/vimkim/.cub/install/CBRD-27398-pgbuf-inspector-contract/debug_gcc/lib64/cmake/GTest/GTestConfigVersion.cmake
-- Up-to-date: /home/vimkim/.cub/install/CBRD-27398-pgbuf-inspector-contract/debug_gcc/lib64/cmake/GTest/GTestConfig.cmake
-- Up-to-date: /home/vimkim/.cub/install/CBRD-27398-pgbuf-inspector-contract/debug_gcc/include
-- Up-to-date: /home/vimkim/.cub/install/CBRD-27398-pgbuf-inspector-contract/debug_gcc/include/gtest
-- Up-to-date: /home/vimkim/.cub/install/CBRD-27398-pgbuf-inspector-contract/debug_gcc/include/gtest/gtest-assertion-result.h
-- Up-to-date: /home/vimkim/.cub/install/CBRD-27398-pgbuf-inspector-contract/debug_gcc/include/gtest/gtest-death-test.h
-- Up-to-date: /home/vimkim/.cub/install/CBRD-27398-pgbuf-inspector-contract/debug_gcc/include/gtest/gtest-matchers.h
-- Up-to-date: /home/vimkim/.cub/install/CBRD-27398-pgbuf-inspector-contract/debug_gcc/include/gtest/gtest-message.h
-- Up-to-date: /home/vimkim/.cub/install/CBRD-27398-pgbuf-inspector-contract/debug_gcc/include/gtest/gtest-param-test.h
-- Up-to-date: /home/vimkim/.cub/install/CBRD-27398-pgbuf-inspector-contract/debug_gcc/include/gtest/gtest-printers.h
-- Up-to-date: /home/vimkim/.cub/install/CBRD-27398-pgbuf-inspector-contract/debug_gcc/include/gtest/gtest-spi.h
-- Up-to-date: /home/vimkim/.cub/install/CBRD-27398-pgbuf-inspector-contract/debug_gcc/include/gtest/gtest-test-part.h
-- Up-to-date: /home/vimkim/.cub/install/CBRD-27398-pgbuf-inspector-contract/debug_gcc/include/gtest/gtest-typed-test.h
-- Up-to-date: /home/vimkim/.cub/install/CBRD-27398-pgbuf-inspector-contract/debug_gcc/include/gtest/gtest.h
-- Up-to-date: /home/vimkim/.cub/install/CBRD-27398-pgbuf-inspector-contract/debug_gcc/include/gtest/gtest_pred_impl.h
-- Up-to-date: /home/vimkim/.cub/install/CBRD-27398-pgbuf-inspector-contract/debug_gcc/include/gtest/gtest_prod.h
-- Up-to-date: /home/vimkim/.cub/install/CBRD-27398-pgbuf-inspector-contract/debug_gcc/include/gtest/internal
-- Up-to-date: /home/vimkim/.cub/install/CBRD-27398-pgbuf-inspector-contract/debug_gcc/include/gtest/internal/custom
-- Up-to-date: /home/vimkim/.cub/install/CBRD-27398-pgbuf-inspector-contract/debug_gcc/include/gtest/internal/custom/README.md
-- Up-to-date: /home/vimkim/.cub/install/CBRD-27398-pgbuf-inspector-contract/debug_gcc/include/gtest/internal/custom/gtest-port.h
-- Up-to-date: /home/vimkim/.cub/install/CBRD-27398-pgbuf-inspector-contract/debug_gcc/include/gtest/internal/custom/gtest-printers.h
-- Up-to-date: /home/vimkim/.cub/install/CBRD-27398-pgbuf-inspector-contract/debug_gcc/include/gtest/internal/custom/gtest.h
-- Up-to-date: /home/vimkim/.cub/install/CBRD-27398-pgbuf-inspector-contract/debug_gcc/include/gtest/internal/gtest-death-test-internal.h
-- Up-to-date: /home/vimkim/.cub/install/CBRD-27398-pgbuf-inspector-contract/debug_gcc/include/gtest/internal/gtest-filepath.h
-- Up-to-date: /home/vimkim/.cub/install/CBRD-27398-pgbuf-inspector-contract/debug_gcc/include/gtest/internal/gtest-internal.h
-- Up-to-date: /home/vimkim/.cub/install/CBRD-27398-pgbuf-inspector-contract/debug_gcc/include/gtest/internal/gtest-param-util.h
-- Up-to-date: /home/vimkim/.cub/install/CBRD-27398-pgbuf-inspector-contract/debug_gcc/include/gtest/internal/gtest-port-arch.h
-- Up-to-date: /home/vimkim/.cub/install/CBRD-27398-pgbuf-inspector-contract/debug_gcc/include/gtest/internal/gtest-port.h
-- Up-to-date: /home/vimkim/.cub/install/CBRD-27398-pgbuf-inspector-contract/debug_gcc/include/gtest/internal/gtest-string.h
-- Up-to-date: /home/vimkim/.cub/install/CBRD-27398-pgbuf-inspector-contract/debug_gcc/include/gtest/internal/gtest-type-util.h
-- Up-to-date: /home/vimkim/.cub/install/CBRD-27398-pgbuf-inspector-contract/debug_gcc/lib64/libgtest.a
-- Up-to-date: /home/vimkim/.cub/install/CBRD-27398-pgbuf-inspector-contract/debug_gcc/lib64/libgtest_main.a
-- Up-to-date: /home/vimkim/.cub/install/CBRD-27398-pgbuf-inspector-contract/debug_gcc/lib64/pkgconfig/gtest.pc
-- Up-to-date: /home/vimkim/.cub/install/CBRD-27398-pgbuf-inspector-contract/debug_gcc/lib64/pkgconfig/gtest_main.pc
-- Up-to-date: /home/vimkim/.cub/install/CBRD-27398-pgbuf-inspector-contract/debug_gcc/log
-- Up-to-date: /home/vimkim/.cub/install/CBRD-27398-pgbuf-inspector-contract/debug_gcc/var
-- Up-to-date: /home/vimkim/.cub/install/CBRD-27398-pgbuf-inspector-contract/debug_gcc/tmp
-- Up-to-date: /home/vimkim/.cub/install/CBRD-27398-pgbuf-inspector-contract/debug_gcc/databases
-- Up-to-date: /home/vimkim/.cub/install/CBRD-27398-pgbuf-inspector-contract/debug_gcc/var/CUBRID_SOCK
-- Up-to-date: /home/vimkim/.cub/install/CBRD-27398-pgbuf-inspector-contract/debug_gcc/3rdparty
-- Up-to-date: /home/vimkim/.cub/install/CBRD-27398-pgbuf-inspector-contract/debug_gcc/3rdparty/adoptium.temurin_license.txt
-- Up-to-date: /home/vimkim/.cub/install/CBRD-27398-pgbuf-inspector-contract/debug_gcc/3rdparty/adoptium.temurin_license_assembly_exception.txt
-- Up-to-date: /home/vimkim/.cub/install/CBRD-27398-pgbuf-inspector-contract/debug_gcc/3rdparty/libedit_license.txt
-- Up-to-date: /home/vimkim/.cub/install/CBRD-27398-pgbuf-inspector-contract/debug_gcc/3rdparty/libexpat_license.txt
-- Up-to-date: /home/vimkim/.cub/install/CBRD-27398-pgbuf-inspector-contract/debug_gcc/3rdparty/libjansson_license.txt
-- Up-to-date: /home/vimkim/.cub/install/CBRD-27398-pgbuf-inspector-contract/debug_gcc/3rdparty/libodbc_license.txt
-- Up-to-date: /home/vimkim/.cub/install/CBRD-27398-pgbuf-inspector-contract/debug_gcc/3rdparty/libopenssl_license.txt
-- Up-to-date: /home/vimkim/.cub/install/CBRD-27398-pgbuf-inspector-contract/debug_gcc/3rdparty/libtbb_license.txt
-- Up-to-date: /home/vimkim/.cub/install/CBRD-27398-pgbuf-inspector-contract/debug_gcc/3rdparty/lz4_license.txt
-- Up-to-date: /home/vimkim/.cub/install/CBRD-27398-pgbuf-inspector-contract/debug_gcc/3rdparty/rapidjson_license.txt
-- Up-to-date: /home/vimkim/.cub/install/CBRD-27398-pgbuf-inspector-contract/debug_gcc/3rdparty/re2_license.txt
-- Up-to-date: /home/vimkim/.cub/install/CBRD-27398-pgbuf-inspector-contract/debug_gcc/./COPYING
-- Up-to-date: /home/vimkim/.cub/install/CBRD-27398-pgbuf-inspector-contract/debug_gcc/./CREDITS
-- Up-to-date: /home/vimkim/.cub/install/CBRD-27398-pgbuf-inspector-contract/debug_gcc/./README.md
-- Up-to-date: /home/vimkim/.cub/install/CBRD-27398-pgbuf-inspector-contract/debug_gcc/./README_TAR_INSTALL
-- Up-to-date: /home/vimkim/.cub/install/CBRD-27398-pgbuf-inspector-contract/debug_gcc/databases/databases.txt.sample
-- Up-to-date: /home/vimkim/.cub/install/CBRD-27398-pgbuf-inspector-contract/debug_gcc/var/CUBRID_SOCK/README.txt
-- Up-to-date: /home/vimkim/.cub/install/CBRD-27398-pgbuf-inspector-contract/debug_gcc/tmp/README.txt
Build and install completed successfully!
~/my-cubrid/bin/cubrid-build-coordinator.sh runtime 300 -- ctest --test-dir "$CUBRID_BUILD_DIR" --output-on-failure --verbose
Internal ctest changing into directory: /home/vimkim/gh/cb/CBRD-27398-pgbuf-inspector-contract/build_preset_debug_gcc
UpdateCTestConfiguration  from :/home/vimkim/gh/cb/CBRD-27398-pgbuf-inspector-contract/build_preset_debug_gcc/DartConfiguration.tcl
UpdateCTestConfiguration  from :/home/vimkim/gh/cb/CBRD-27398-pgbuf-inspector-contract/build_preset_debug_gcc/DartConfiguration.tcl
Test project /home/vimkim/gh/cb/CBRD-27398-pgbuf-inspector-contract/build_preset_debug_gcc
Constructing a list of tests
Done constructing a list of tests
Updating test list for fixtures
Added 0 tests to meet fixture requirements
Checking test dependency graph...
Checking test dependency graph end
test 1
      Start  1: oos_setup_db

1: Test command: /usr/bin/cmake "-E" "env" "CUBRID=/home/vimkim/.cub/install/CBRD-27398-pgbuf-inspector-contract/debug_gcc" "CUBRID_DATABASES=/home/vimkim/.cub/db/CBRD-27398-pgbuf-inspector-contract/commondb" "PATH=/home/vimkim/gh/cb/CBRD-27398-pgbuf-inspector-contract/build_preset_debug_gcc/vm/jdk8/bin:/home/vimkim/gh/ctp/run-sql/CTP/bin:/home/vimkim/gh/ctp/run-sql/CTP/common/script:/home/vimkim/.local/opt/bison-3.0.5/bin:/home/vimkim/.cub/install/CBRD-27398-pgbuf-inspector-contract/debug_gcc/bin:/home/vimkim/.local/bin:/home/linuxbrew/.linuxbrew/sbin:/home/vimkim/.nix-profile/bin:/nix/var/nix/profiles/default/bin:/usr/share/Modules/bin:/usr/lib64/ccache:/home/vimkim/.local/share/mise/installs/node/25.8.0/lib/node_modules/@openai/codex/node_modules/@openai/codex-linux-x64/vendor/x86_64-unknown-linux-musl/codex-path:/home/vimkim/.codex/tmp/arg0/codex-arg0BEcEtb:/home/vimkim/.cargo/bin:/home/vimkim/.local/share/mise/installs/bun/latest/bin:/home/vimkim/.local/share/mise/installs/go/1.24.4/bin:/home/vimkim/.local/share/mise/installs/java/temurin-8.0.462+8/bin:/home/vimkim/.local/share/mise/installs/node/latest/bin:/home/vimkim/.local/share/mise/installs/python/latest/bin:/home/vimkim/.local/share/mise/shims:/home/vimkim/.cargo/bin/:/opt/bison-3.0.5/bin/:/home/vimkim/.local/bin/:/home/vimkim/mybin/:/home/vimkim/my-cubrid/bin/:/home/vimkim/.config/my-scripts/bin/:/home/linuxbrew/.linuxbrew/bin:/home/vimkim/.nix-profile/bin/:/nix/var/nix/profiles/default/bin/:/usr/local/bin:/usr/bin:/usr/local/sbin:/usr/sbin" "bash" "/home/vimkim/gh/cb/CBRD-27398-pgbuf-inspector-contract/unit_tests/oos/scripts/setup_unittestdb.sh"
1: Working Directory: /home/vimkim/gh/cb/CBRD-27398-pgbuf-inspector-contract/build_preset_debug_gcc/unit_tests/oos
1: Test timeout computed to be: 10000000
1: Creating database with 64.0M size using locale en_US.utf8. The total amount of disk space needed is 104.0M.
1: 
1: CUBRID 11.5.0 (11.5.0.2542) (64 debug build)
1: 
 1/27 Test  #1: oos_setup_db .....................   Passed    2.90 sec
test 3
      Start  3: test_oos

3: Test command: /home/vimkim/gh/cb/CBRD-27398-pgbuf-inspector-contract/build_preset_debug_gcc/bin/test_oos
3: Working Directory: /home/vimkim/gh/cb/CBRD-27398-pgbuf-inspector-contract/build_preset_debug_gcc/unit_tests/oos
3: Test timeout computed to be: 30
3: [==========] Running 21 tests from 1 test suite.
3: [----------] Global test environment set-up.
3: ##### Starting Server For OOS Unit Testing #####
3: will be written at ./test_oos_log
3: [----------] 21 tests from OosTest
3: [ RUN      ] OosTest.OosCreateAndDestroy
3: [       OK ] OosTest.OosCreateAndDestroy (0 ms)
3: [ RUN      ] OosTest.OosCreateAndCreateAgain
3: [       OK ] OosTest.OosCreateAndCreateAgain (0 ms)
3: [ RUN      ] OosTest.OosInsertAndRead
3: [       OK ] OosTest.OosInsertAndRead (0 ms)
3: [ RUN      ] OosTest.OosInsertRejectsInvalidSource
3: [       OK ] OosTest.OosInsertRejectsInvalidSource (2663 ms)
3: [ RUN      ] OosTest.OosInsertLargerThanPageSize
3: [       OK ] OosTest.OosInsertLargerThanPageSize (0 ms)
3: [ RUN      ] OosTest.OosInsertLarge160KBString
3: [       OK ] OosTest.OosInsertLarge160KBString (5 ms)
3: [ RUN      ] OosTest.OosInsertAndRead100LargeStringsAroundMaxOosChunkSize
3: [       OK ] OosTest.OosInsertAndRead100LargeStringsAroundMaxOosChunkSize (54 ms)
3: [ RUN      ] OosTest.OosFindBestSpace
3: [       OK ] OosTest.OosFindBestSpace (0 ms)
3: [ RUN      ] OosTest.OosFindBestSpaceReturnsExistingPage
3: [       OK ] OosTest.OosFindBestSpaceReturnsExistingPage (0 ms)
3: [ RUN      ] OosTest.OosFixAndUnfixPage
3: [       OK ] OosTest.OosFixAndUnfixPage (0 ms)
3: [ RUN      ] OosTest.OosManualSlottedPageInsertAndGet
3: [       OK ] OosTest.OosManualSlottedPageInsertAndGet (0 ms)
3: [ RUN      ] OosTest.ShouldInsertIntoSamePage
3: [       OK ] OosTest.ShouldInsertIntoSamePage (0 ms)
3: [ RUN      ] OosTest.OosGetLengthWithinPage
3: [       OK ] OosTest.OosGetLengthWithinPage (0 ms)
3: [ RUN      ] OosTest.OosGetLengthAcrossPages
3: [       OK ] OosTest.OosGetLengthAcrossPages (4 ms)
3: [ RUN      ] OosTest.OosGetLengthAroundMaxChunkSize
3: [       OK ] OosTest.OosGetLengthAroundMaxChunkSize (5 ms)
3: [ RUN      ] OosTest.ShouldInsertIntoDifferentPages
3: [       OK ] OosTest.ShouldInsertIntoDifferentPages (0 ms)
3: [ RUN      ] OosTest.OosInlineFormatWriteAndReadBack
3: [       OK ] OosTest.OosInlineFormatWriteAndReadBack (0 ms)
3: [ RUN      ] OosTest.OosInlineFormatWithRealOosInsert
3: [       OK ] OosTest.OosInlineFormatWithRealOosInsert (0 ms)
3: [ RUN      ] OosTest.OosInlineLengthMatchesAcrossPages
3: [       OK ] OosTest.OosInlineLengthMatchesAcrossPages (7 ms)
3: [ RUN      ] OosTest.OosReadRejectsCallerLengthDisagreeingWithHeader
3: [       OK ] OosTest.OosReadRejectsCallerLengthDisagreeingWithHeader (14560 ms)
3: [ RUN      ] OosTest.HeapAttrvalueReadOosInlineCorruptHeader
3: [       OK ] OosTest.HeapAttrvalueReadOosInlineCorruptHeader (11797 ms)
3: [----------] 21 tests from OosTest (29104 ms total)
3: 
3: [----------] Global test environment tear-down
3: ##### Stopping Server For OOS Unit Testing #####
3: [==========] 21 tests from 1 test suite ran. (29521 ms total)
3: [  PASSED  ] 21 tests.
 2/27 Test  #3: test_oos .........................   Passed   29.54 sec
test 4
      Start  4: test_oos_delete

4: Test command: /home/vimkim/gh/cb/CBRD-27398-pgbuf-inspector-contract/build_preset_debug_gcc/bin/test_oos_delete
4: Working Directory: /home/vimkim/gh/cb/CBRD-27398-pgbuf-inspector-contract/build_preset_debug_gcc/unit_tests/oos
4: Test timeout computed to be: 30
4: [==========] Running 7 tests from 1 test suite.
4: [----------] Global test environment set-up.
4: ##### Starting Server For OOS Unit Testing #####
4: will be written at ./test_oos_log
4: [----------] 7 tests from OosDeleteTest
4: [ RUN      ] OosDeleteTest.OosDeleteBasic
4: [       OK ] OosDeleteTest.OosDeleteBasic (0 ms)
4: [ RUN      ] OosDeleteTest.OosDeleteThenReadFails
4: [       OK ] OosDeleteTest.OosDeleteThenReadFails (12116 ms)
4: [ RUN      ] OosDeleteTest.OosDeleteMultiChunk
4: [       OK ] OosDeleteTest.OosDeleteMultiChunk (1 ms)
4: [ RUN      ] OosDeleteTest.OosUpdatePattern
4: [       OK ] OosDeleteTest.OosUpdatePattern (41 ms)
4: [ RUN      ] OosDeleteTest.OosDeleteRestoresFreeSpace
4: [       OK ] OosDeleteTest.OosDeleteRestoresFreeSpace (0 ms)
4: [ RUN      ] OosDeleteTest.OosDeleteLarge160KBMultiChunk
4: [       OK ] OosDeleteTest.OosDeleteLarge160KBMultiChunk (46 ms)
4: [ RUN      ] OosDeleteTest.OosDeleteSlotBecomesUnknown
4: [       OK ] OosDeleteTest.OosDeleteSlotBecomesUnknown (0 ms)
4: [----------] 7 tests from OosDeleteTest (12208 ms total)
4: 
4: [----------] Global test environment tear-down
4: ##### Stopping Server For OOS Unit Testing #####
4: [==========] 7 tests from 1 test suite ran. (12810 ms total)
4: [  PASSED  ] 7 tests.
 3/27 Test  #4: test_oos_delete ..................   Passed   12.88 sec
test 5
      Start  5: test_oos_remove_file

5: Test command: /home/vimkim/gh/cb/CBRD-27398-pgbuf-inspector-contract/build_preset_debug_gcc/bin/test_oos_remove_file
5: Working Directory: /home/vimkim/gh/cb/CBRD-27398-pgbuf-inspector-contract/build_preset_debug_gcc/unit_tests/oos
5: Test timeout computed to be: 30
5: [==========] Running 6 tests from 1 test suite.
5: [----------] Global test environment set-up.
5: ##### Starting Server For OOS Unit Testing #####
5: will be written at ./test_oos_log
5: [----------] 6 tests from OosFileDestroyTest
5: [ RUN      ] OosFileDestroyTest.OosFileDestroyBasic
5: [       OK ] OosFileDestroyTest.OosFileDestroyBasic (0 ms)
5: [ RUN      ] OosFileDestroyTest.OosFileDestroyWithData
5: [       OK ] OosFileDestroyTest.OosFileDestroyWithData (0 ms)
5: [ RUN      ] OosFileDestroyTest.OosFileDestroyWithMultiChunkData
5: [       OK ] OosFileDestroyTest.OosFileDestroyWithMultiChunkData (0 ms)
5: [ RUN      ] OosFileDestroyTest.OosFileDestroyCacheCleared
5: [       OK ] OosFileDestroyTest.OosFileDestroyCacheCleared (0 ms)
5: [ RUN      ] OosFileDestroyTest.OosPageDestroyBasic
5: [       OK ] OosFileDestroyTest.OosPageDestroyBasic (0 ms)
5: [ RUN      ] OosFileDestroyTest.OosFileDestroyMultipleFiles
5: [       OK ] OosFileDestroyTest.OosFileDestroyMultipleFiles (0 ms)
5: [----------] 6 tests from OosFileDestroyTest (2 ms total)
5: 
5: [----------] Global test environment tear-down
5: ##### Stopping Server For OOS Unit Testing #####
5: [==========] 6 tests from 1 test suite ran. (586 ms total)
5: [  PASSED  ] 6 tests.
 4/27 Test  #5: test_oos_remove_file .............   Passed    0.66 sec
test 6
      Start  6: test_oos_bestspace

6: Test command: /home/vimkim/gh/cb/CBRD-27398-pgbuf-inspector-contract/build_preset_debug_gcc/bin/test_oos_bestspace
6: Working Directory: /home/vimkim/gh/cb/CBRD-27398-pgbuf-inspector-contract/build_preset_debug_gcc/unit_tests/oos
6: Test timeout computed to be: 30
6: [==========] Running 21 tests from 1 test suite.
6: [----------] Global test environment set-up.
6: ##### Starting Server For OOS Unit Testing #####
6: will be written at ./test_oos_log
6: [----------] 21 tests from OosBestspaceTest
6: [ RUN      ] OosBestspaceTest.BestspaceReuseAfterDelete
6: [       OK ] OosBestspaceTest.BestspaceReuseAfterDelete (0 ms)
6: [ RUN      ] OosBestspaceTest.BestspaceFullPageAllocsNew
6: [       OK ] OosBestspaceTest.BestspaceFullPageAllocsNew (1 ms)
6: [ RUN      ] OosBestspaceTest.BestspaceMultipleFilesIsolation
6: [       OK ] OosBestspaceTest.BestspaceMultipleFilesIsolation (0 ms)
6: [ RUN      ] OosBestspaceTest.BestspaceManySmallInsertsConsolidate
6: [       OK ] OosBestspaceTest.BestspaceManySmallInsertsConsolidate (2 ms)
6: [ RUN      ] OosBestspaceTest.BestspaceInsertDeleteCycle
6: [       OK ] OosBestspaceTest.BestspaceInsertDeleteCycle (1 ms)
6: [ RUN      ] OosBestspaceTest.BestspaceFindBestPageBasic
6: [       OK ] OosBestspaceTest.BestspaceFindBestPageBasic (0 ms)
6: [ RUN      ] OosBestspaceTest.BestspaceFindBestPageConsecutiveCalls
6: [       OK ] OosBestspaceTest.BestspaceFindBestPageConsecutiveCalls (0 ms)
6: [ RUN      ] OosBestspaceTest.BestspaceDeleteThenFindReclaimsPage
6: [       OK ] OosBestspaceTest.BestspaceDeleteThenFindReclaimsPage (0 ms)
6: [ RUN      ] OosBestspaceTest.BestspaceMultiChunkDeleteReuse
6: [       OK ] OosBestspaceTest.BestspaceMultiChunkDeleteReuse (0 ms)
6: [ RUN      ] OosBestspaceTest.BestspaceCacheCleanedOnFileRemove
6: [       OK ] OosBestspaceTest.BestspaceCacheCleanedOnFileRemove (0 ms)
6: [ RUN      ] OosBestspaceTest.BestspaceBulkInsertDeleteReinsert
6: [       OK ] OosBestspaceTest.BestspaceBulkInsertDeleteReinsert (7 ms)
6: [ RUN      ] OosBestspaceTest.BestspaceArrayOverflowEviction
6: [       OK ] OosBestspaceTest.BestspaceArrayOverflowEviction (14 ms)
6: [ RUN      ] OosBestspaceTest.BestspaceStaleCacheEviction
6: [       OK ] OosBestspaceTest.BestspaceStaleCacheEviction (1 ms)
6: [ RUN      ] OosBestspaceTest.BestspaceHeaderPageNeverReturned
6: [       OK ] OosBestspaceTest.BestspaceHeaderPageNeverReturned (1 ms)
6: [ RUN      ] OosBestspaceTest.BestspaceSyncRefillsCache
6: [       OK ] OosBestspaceTest.BestspaceSyncRefillsCache (1 ms)
6: [ RUN      ] OosBestspaceTest.BestspaceSecondBestRingBuffer
6: [       OK ] OosBestspaceTest.BestspaceSecondBestRingBuffer (0 ms)
6: [ RUN      ] OosBestspaceTest.BestspaceFindPageIdxBadspace
6: [       OK ] OosBestspaceTest.BestspaceFindPageIdxBadspace (0 ms)
6: [ RUN      ] OosBestspaceTest.BestspaceExactMaxChunkBoundary
6: [       OK ] OosBestspaceTest.BestspaceExactMaxChunkBoundary (1 ms)
6: [ RUN      ] OosBestspaceTest.DeleteUpdatesBestspaceCacheDirectly
6: [       OK ] OosBestspaceTest.DeleteUpdatesBestspaceCacheDirectly (0 ms)
6: [ RUN      ] OosBestspaceTest.DeleteMultipleRecordsUpdatesAllPages
6: [       OK ] OosBestspaceTest.DeleteMultipleRecordsUpdatesAllPages (4 ms)
6: [ RUN      ] OosBestspaceTest.DeletePartialChainUpdatesBestspace
6: [       OK ] OosBestspaceTest.DeletePartialChainUpdatesBestspace (2 ms)
6: [----------] 21 tests from OosBestspaceTest (45 ms total)
6: 
6: [----------] Global test environment tear-down
6: ##### Stopping Server For OOS Unit Testing #####
6: [==========] 21 tests from 1 test suite ran. (637 ms total)
6: [  PASSED  ] 21 tests.
 5/27 Test  #6: test_oos_bestspace ...............   Passed    0.71 sec
test 10
      Start 10: test_oos_server

10: Test command: /home/vimkim/gh/cb/CBRD-27398-pgbuf-inspector-contract/build_preset_debug_gcc/bin/test_oos_server
10: Working Directory: /home/vimkim/gh/cb/CBRD-27398-pgbuf-inspector-contract/build_preset_debug_gcc/unit_tests/oos
10: Test timeout computed to be: 60
10: [==========] Running 34 tests from 1 test suite.
10: [----------] Global test environment set-up.
10: ##### Starting SERVER_MODE Server For OOS Vacuum Testing #####
10: SERVER_MODE server booted successfully (tran_index=1)
10: [----------] 34 tests from OosServerTest
10: [ RUN      ] OosServerTest.OosOwnerDescriptorSupportsDiagnosticsAndProtectedIteration
10: [       OK ] OosServerTest.OosOwnerDescriptorSupportsDiagnosticsAndProtectedIteration (25 ms)
10: [ RUN      ] OosServerTest.OosPublicationBeginClearsOidAndLsaTogether
10: [       OK ] OosServerTest.OosPublicationBeginClearsOidAndLsaTogether (0 ms)
10: [ RUN      ] OosServerTest.OosPublicationBeginMissingTdesLeavesBothSidesUntouched
10: [       OK ] OosServerTest.OosPublicationBeginMissingTdesLeavesBothSidesUntouched (7570 ms)
10: [ RUN      ] OosServerTest.OosLogicalPreparationFailureSeesCleanPublicationState
10: [       OK ] OosServerTest.OosLogicalPreparationFailureSeesCleanPublicationState (8429 ms)
10: [ RUN      ] OosServerTest.OosClassLookupFailureSeesCleanPublicationState
10: [       OK ] OosServerTest.OosClassLookupFailureSeesCleanPublicationState (14879 ms)
10: [ RUN      ] OosServerTest.OosVfidLookupFailureSeesCleanPublicationState
10: [       OK ] OosServerTest.OosVfidLookupFailureSeesCleanPublicationState (1797 ms)
10: [ RUN      ] OosServerTest.OosInsertManyPartialPublicationFailureClearsBothSides
10: [       OK ] OosServerTest.OosInsertManyPartialPublicationFailureClearsBothSides (1963 ms)
10: [ RUN      ] OosServerTest.OosInsertManyPublicationAllocationFailureIsConvertedAndCleared
10: [       OK ] OosServerTest.OosInsertManyPublicationAllocationFailureIsConvertedAndCleared (0 ms)
10: [ RUN      ] OosServerTest.OosInsertManyValidationFailureDoesNotClaimPublicationStart
10: [       OK ] OosServerTest.OosInsertManyValidationFailureDoesNotClaimPublicationStart (1678 ms)
10: [ RUN      ] OosServerTest.OosSuccessfulPublicationWithoutReplicationTrackingKeepsOidOnly
10: [       OK ] OosServerTest.OosSuccessfulPublicationWithoutReplicationTrackingKeepsOidOnly (0 ms)
10: [ RUN      ] OosServerTest.OosTrackedSingleChunkBatchKeepsPairedPublication
10: [       OK ] OosServerTest.OosTrackedSingleChunkBatchKeepsPairedPublication (0 ms)
10: [ RUN      ] OosServerTest.OosTrackedMixedBatchPreservesDummyAndHeadPairing
10: [       OK ] OosServerTest.OosTrackedMixedBatchPreservesDummyAndHeadPairing (0 ms)
10: [ RUN      ] OosServerTest.ReplicaOosItemsAccumulateAndFixupConsumesInOrder
10: [       OK ] OosServerTest.ReplicaOosItemsAccumulateAndFixupConsumesInOrder (0 ms)
10: [ RUN      ] OosServerTest.ReplicaFixupRejectsInsufficientOids
10: [       OK ] OosServerTest.ReplicaFixupRejectsInsufficientOids (3522 ms)
10: [ RUN      ] OosServerTest.ReplicaFixupRejectsExtraOids
10: [       OK ] OosServerTest.ReplicaFixupRejectsExtraOids (1749 ms)
10: [ RUN      ] OosServerTest.ReplicaScalarPublicationAllocationFailureInvalidatesAccumulator
10: [       OK ] OosServerTest.ReplicaScalarPublicationAllocationFailureInvalidatesAccumulator (0 ms)
10: [ RUN      ] OosServerTest.OosCreateAndDestroy
10: [       OK ] OosServerTest.OosCreateAndDestroy (0 ms)
10: [ RUN      ] OosServerTest.OosCreateAndCreateAgain
10: [       OK ] OosServerTest.OosCreateAndCreateAgain (0 ms)
10: [ RUN      ] OosServerTest.OosInsertAndRead
10: [       OK ] OosServerTest.OosInsertAndRead (0 ms)
10: [ RUN      ] OosServerTest.OosInsertManyKeepsSinglePageLocalityAndReadManyGroupsHeadPage
10: [       OK ] OosServerTest.OosInsertManyKeepsSinglePageLocalityAndReadManyGroupsHeadPage (0 ms)
10: [ RUN      ] OosServerTest.OosInsertManyReusesOnlyPageThatFitsWholeBatch
10: [       OK ] OosServerTest.OosInsertManyReusesOnlyPageThatFitsWholeBatch (0 ms)
10: [ RUN      ] OosServerTest.OosInsertManyAllocatesFreshPageInsteadOfScatteringBatch
10: [       OK ] OosServerTest.OosInsertManyAllocatesFreshPageInsteadOfScatteringBatch (0 ms)
10: [ RUN      ] OosServerTest.OosInsertManySplitsOversizedSingleChunkRun
10: [       OK ] OosServerTest.OosInsertManySplitsOversizedSingleChunkRun (0 ms)
10: [ RUN      ] OosServerTest.OosInsertManyPreservesMixedSingleAndMultiChunkPublicationOrder
10: [       OK ] OosServerTest.OosInsertManyPreservesMixedSingleAndMultiChunkPublicationOrder (0 ms)
10: [ RUN      ] OosServerTest.OosInsertLargerThanPageSize
10: [       OK ] OosServerTest.OosInsertLargerThanPageSize (0 ms)
10: [ RUN      ] OosServerTest.OosInsertLarge160KBString
10: [       OK ] OosServerTest.OosInsertLarge160KBString (3 ms)
10: [ RUN      ] OosServerTest.OosInsertAndRead100LargeStringsAroundMaxOosChunkSize
10: [       OK ] OosServerTest.OosInsertAndRead100LargeStringsAroundMaxOosChunkSize (32 ms)
10: [ RUN      ] OosServerTest.ShouldInsertIntoSamePage
10: [       OK ] OosServerTest.ShouldInsertIntoSamePage (0 ms)
10: [ RUN      ] OosServerTest.OosGetLengthWithinPage
10: [       OK ] OosServerTest.OosGetLengthWithinPage (0 ms)
10: [ RUN      ] OosServerTest.OosGetLengthAcrossPages
10: [       OK ] OosServerTest.OosGetLengthAcrossPages (3 ms)
10: [ RUN      ] OosServerTest.OosGetLengthAroundMaxChunkSize
10: [       OK ] OosServerTest.OosGetLengthAroundMaxChunkSize (3 ms)
10: [ RUN      ] OosServerTest.OosInlineFormatWriteAndReadBack
10: [       OK ] OosServerTest.OosInlineFormatWriteAndReadBack (0 ms)
10: [ RUN      ] OosServerTest.OosInlineFormatWithRealOosInsert
10: [       OK ] OosServerTest.OosInlineFormatWithRealOosInsert (0 ms)
10: [ RUN      ] OosServerTest.OosInlineLengthMatchesAcrossPages
10: [       OK ] OosServerTest.OosInlineLengthMatchesAcrossPages (3 ms)
10: [----------] 34 tests from OosServerTest (41667 ms total)
10: 
10: [----------] Global test environment tear-down
10: ##### Stopping SERVER_MODE Server #####
10: [==========] 34 tests from 1 test suite ran. (42859 ms total)
10: [  PASSED  ] 34 tests.
 6/27 Test #10: test_oos_server ..................   Passed   42.98 sec
test 11
      Start 11: test_oos_delete_server

11: Test command: /home/vimkim/gh/cb/CBRD-27398-pgbuf-inspector-contract/build_preset_debug_gcc/bin/test_oos_delete_server
11: Working Directory: /home/vimkim/gh/cb/CBRD-27398-pgbuf-inspector-contract/build_preset_debug_gcc/unit_tests/oos
11: Test timeout computed to be: 60
11: [==========] Running 7 tests from 1 test suite.
11: [----------] Global test environment set-up.
11: ##### Starting SERVER_MODE Server For OOS Vacuum Testing #####
11: SERVER_MODE server booted successfully (tran_index=1)
11: [----------] 7 tests from OosDeleteServerTest
11: [ RUN      ] OosDeleteServerTest.OosDeleteBasic
11: [       OK ] OosDeleteServerTest.OosDeleteBasic (0 ms)
11: [ RUN      ] OosDeleteServerTest.OosDeleteThenReadFails
11: [       OK ] OosDeleteServerTest.OosDeleteThenReadFails (6586 ms)
11: [ RUN      ] OosDeleteServerTest.OosDeleteMultiChunk
11: [       OK ] OosDeleteServerTest.OosDeleteMultiChunk (0 ms)
11: [ RUN      ] OosDeleteServerTest.OosUpdatePattern
11: [       OK ] OosDeleteServerTest.OosUpdatePattern (23 ms)
11: [ RUN      ] OosDeleteServerTest.OosDeleteRestoresFreeSpace
11: [       OK ] OosDeleteServerTest.OosDeleteRestoresFreeSpace (0 ms)
11: [ RUN      ] OosDeleteServerTest.OosDeleteLarge160KBMultiChunk
11: [       OK ] OosDeleteServerTest.OosDeleteLarge160KBMultiChunk (27 ms)
11: [ RUN      ] OosDeleteServerTest.OosDeleteSlotBecomesUnknown
11: [       OK ] OosDeleteServerTest.OosDeleteSlotBecomesUnknown (0 ms)
11: [----------] 7 tests from OosDeleteServerTest (6639 ms total)
11: 
11: [----------] Global test environment tear-down
11: ##### Stopping SERVER_MODE Server #####
11: [==========] 7 tests from 1 test suite ran. (7788 ms total)
11: [  PASSED  ] 7 tests.
 7/27 Test #11: test_oos_delete_server ...........   Passed    8.28 sec
test 12
      Start 12: test_oos_remove_file_server

12: Test command: /home/vimkim/gh/cb/CBRD-27398-pgbuf-inspector-contract/build_preset_debug_gcc/bin/test_oos_remove_file_server
12: Working Directory: /home/vimkim/gh/cb/CBRD-27398-pgbuf-inspector-contract/build_preset_debug_gcc/unit_tests/oos
12: Test timeout computed to be: 60
12: [==========] Running 6 tests from 1 test suite.
12: [----------] Global test environment set-up.
12: ##### Starting SERVER_MODE Server For OOS Vacuum Testing #####
12: SERVER_MODE server booted successfully (tran_index=1)
12: [----------] 6 tests from OosFileDestroyServerTest
12: [ RUN      ] OosFileDestroyServerTest.OosFileDestroyBasic
12: [       OK ] OosFileDestroyServerTest.OosFileDestroyBasic (0 ms)
12: [ RUN      ] OosFileDestroyServerTest.OosFileDestroyWithData
12: [       OK ] OosFileDestroyServerTest.OosFileDestroyWithData (0 ms)
12: [ RUN      ] OosFileDestroyServerTest.OosFileDestroyWithMultiChunkData
12: [       OK ] OosFileDestroyServerTest.OosFileDestroyWithMultiChunkData (0 ms)
12: [ RUN      ] OosFileDestroyServerTest.OosFileDestroyCacheCleared
12: [       OK ] OosFileDestroyServerTest.OosFileDestroyCacheCleared (0 ms)
12: [ RUN      ] OosFileDestroyServerTest.OosPageDestroyBasic
12: [       OK ] OosFileDestroyServerTest.OosPageDestroyBasic (0 ms)
12: [ RUN      ] OosFileDestroyServerTest.OosFileDestroyMultipleFiles
12: [       OK ] OosFileDestroyServerTest.OosFileDestroyMultipleFiles (0 ms)
12: [----------] 6 tests from OosFileDestroyServerTest (1 ms total)
12: 
12: [----------] Global test environment tear-down
12: ##### Stopping SERVER_MODE Server #####
12: [==========] 6 tests from 1 test suite ran. (1128 ms total)
12: [  PASSED  ] 6 tests.
 8/27 Test #12: test_oos_remove_file_server ......   Passed    1.29 sec
test 13
      Start 13: test_oos_mock_vacuum_server

13: Test command: /home/vimkim/gh/cb/CBRD-27398-pgbuf-inspector-contract/build_preset_debug_gcc/bin/test_oos_mock_vacuum_server
13: Working Directory: /home/vimkim/gh/cb/CBRD-27398-pgbuf-inspector-contract/build_preset_debug_gcc/unit_tests/oos
13: Test timeout computed to be: 60
13: [==========] Running 6 tests from 1 test suite.
13: [----------] Global test environment set-up.
13: ##### Starting SERVER_MODE Server For OOS Vacuum Testing #####
13: SERVER_MODE server booted successfully (tran_index=1)
13: [----------] 6 tests from OosVacuumServer
13: [ RUN      ] OosVacuumServer.BasicInsertAndDelete
13: [       OK ] OosVacuumServer.BasicInsertAndDelete (6081 ms)
13: [ RUN      ] OosVacuumServer.MultiChunkDelete
13: [       OK ] OosVacuumServer.MultiChunkDelete (21 ms)
13: [ RUN      ] OosVacuumServer.LargeMultiPageDelete
13: [       OK ] OosVacuumServer.LargeMultiPageDelete (23 ms)
13: [ RUN      ] OosVacuumServer.MvccUpdateVacuumPattern
13: [       OK ] OosVacuumServer.MvccUpdateVacuumPattern (19 ms)
13: [ RUN      ] OosVacuumServer.BulkVacuumReclaimAndReuse
13: [       OK ] OosVacuumServer.BulkVacuumReclaimAndReuse (2 ms)
13: [ RUN      ] OosVacuumServer.MultiUpdateChurnVacuum
13: [       OK ] OosVacuumServer.MultiUpdateChurnVacuum (7 ms)
13: [----------] 6 tests from OosVacuumServer (6156 ms total)
13: 
13: [----------] Global test environment tear-down
13: ##### Stopping SERVER_MODE Server #####
13: [==========] 6 tests from 1 test suite ran. (7306 ms total)
13: [  PASSED  ] 6 tests.
 9/27 Test #13: test_oos_mock_vacuum_server ......   Passed    8.30 sec
test 14
      Start 14: test_oos_vacuum_server

14: Test command: /home/vimkim/gh/cb/CBRD-27398-pgbuf-inspector-contract/build_preset_debug_gcc/bin/test_oos_vacuum_server
14: Working Directory: /home/vimkim/gh/cb/CBRD-27398-pgbuf-inspector-contract/build_preset_debug_gcc/unit_tests/oos
14: Test timeout computed to be: 60
14: [==========] Running 9 tests from 1 test suite.
14: [----------] Global test environment set-up.
14: ##### Starting SERVER_MODE Server For OOS Vacuum Testing #####
14: SERVER_MODE server booted successfully (tran_index=1)
14: [----------] 9 tests from OosVacuumCodePathServer
14: [ RUN      ] OosVacuumCodePathServer.HeapRecdesContainsOos
14: [       OK ] OosVacuumCodePathServer.HeapRecdesContainsOos (0 ms)
14: [ RUN      ] OosVacuumCodePathServer.HeapRecdesGetOosOidsSingle
14: [       OK ] OosVacuumCodePathServer.HeapRecdesGetOosOidsSingle (0 ms)
14: [ RUN      ] OosVacuumCodePathServer.HeapRecdesGetOosOidsMultiple
14: [       OK ] OosVacuumCodePathServer.HeapRecdesGetOosOidsMultiple (0 ms)
14: [ RUN      ] OosVacuumCodePathServer.VacuumHeapOosDeleteSingle
14: [       OK ] OosVacuumCodePathServer.VacuumHeapOosDeleteSingle (5903 ms)
14: [ RUN      ] OosVacuumCodePathServer.VacuumHeapOosDeleteMultipleColumns
14: [       OK ] OosVacuumCodePathServer.VacuumHeapOosDeleteMultipleColumns (32 ms)
14: [ RUN      ] OosVacuumCodePathServer.VacuumHeapOosDeleteMultiChunk
14: [       OK ] OosVacuumCodePathServer.VacuumHeapOosDeleteMultiChunk (21 ms)
14: [ RUN      ] OosVacuumCodePathServer.VacuumHeapOosDeleteLarge160KB
14: [       OK ] OosVacuumCodePathServer.VacuumHeapOosDeleteLarge160KB (23 ms)
14: [ RUN      ] OosVacuumCodePathServer.MultiUpdateVacuumReclaimFreeSpace
14: [       OK ] OosVacuumCodePathServer.MultiUpdateVacuumReclaimFreeSpace (172 ms)
14: [ RUN      ] OosVacuumCodePathServer.BulkVacuumReclaimAndReuse
14: [       OK ] OosVacuumCodePathServer.BulkVacuumReclaimAndReuse (75 ms)
14: [----------] 9 tests from OosVacuumCodePathServer (6230 ms total)
14: 
14: [----------] Global test environment tear-down
14: ##### Stopping SERVER_MODE Server #####
14: [==========] 9 tests from 1 test suite ran. (7367 ms total)
14: [  PASSED  ] 9 tests.
10/27 Test #14: test_oos_vacuum_server ...........   Passed    8.36 sec
test 15
      Start 15: test_oos_real_vacuum_server

15: Test command: /home/vimkim/gh/cb/CBRD-27398-pgbuf-inspector-contract/build_preset_debug_gcc/bin/test_oos_real_vacuum_server
15: Working Directory: /home/vimkim/gh/cb/CBRD-27398-pgbuf-inspector-contract/build_preset_debug_gcc/unit_tests/oos
15: Test timeout computed to be: 120
15: [==========] Running 10 tests from 1 test suite.
15: [----------] Global test environment set-up.
15: ##### Starting SERVER_MODE Server For OOS Vacuum Testing #####
15: SERVER_MODE server booted successfully (tran_index=1)
15: [----------] 10 tests from OosRealVacuum
15: [ RUN      ] OosRealVacuum.SingleRowDeleteDrainsCompletely
15: [       OK ] OosRealVacuum.SingleRowDeleteDrainsCompletely (5467 ms)
15: [ RUN      ] OosRealVacuum.MultiChunkChainsDrainCompletely
15: [       OK ] OosRealVacuum.MultiChunkChainsDrainCompletely (165 ms)
15: [ RUN      ] OosRealVacuum.UpdateStaleVersionDrainsNewSurvives
15: [       OK ] OosRealVacuum.UpdateStaleVersionDrainsNewSurvives (78 ms)
15: [ RUN      ] OosRealVacuum.SnapshotBlocksReclaimThenDrains
15: [       OK ] OosRealVacuum.SnapshotBlocksReclaimThenDrains (3211 ms)
15: [ RUN      ] OosRealVacuum.TwoReadersOldestSnapshotGatesReclaim
15: [       OK ] OosRealVacuum.TwoReadersOldestSnapshotGatesReclaim (3184 ms)
15: [ RUN      ] OosRealVacuum.UpdateSnapshotBlocksOldVersionReclaim
15: [       OK ] OosRealVacuum.UpdateSnapshotBlocksOldVersionReclaim (3371 ms)
15: [ RUN      ] OosRealVacuum.LiveRowNeverReclaimed
15: [       OK ] OosRealVacuum.LiveRowNeverReclaimed (3156 ms)
15: [ RUN      ] OosRealVacuum.MultiVersionForwardChainDrains
15: [       OK ] OosRealVacuum.MultiVersionForwardChainDrains (271 ms)
15: [ RUN      ] OosRealVacuum.ChunkBoundaryExactSizes
15: [       OK ] OosRealVacuum.ChunkBoundaryExactSizes (160 ms)
15: [ RUN      ] OosRealVacuum.ReVacuumAfterDrainIsIdempotent
15: [       OK ] OosRealVacuum.ReVacuumAfterDrainIsIdempotent (1109 ms)
15: [----------] 10 tests from OosRealVacuum (20177 ms total)
15: 
15: [----------] Global test environment tear-down
15: ##### Stopping SERVER_MODE Server #####
15: [==========] 10 tests from 1 test suite ran. (21339 ms total)
15: [  PASSED  ] 10 tests.
11/27 Test #15: test_oos_real_vacuum_server ......   Passed   22.28 sec
test 16
      Start 16: test_oos_sql_crud

16: Test command: /home/vimkim/gh/cb/CBRD-27398-pgbuf-inspector-contract/build_preset_debug_gcc/bin/test_oos_sql_crud
16: Working Directory: /home/vimkim/gh/cb/CBRD-27398-pgbuf-inspector-contract/build_preset_debug_gcc/unit_tests/oos/sql
16: Test timeout computed to be: 30
16: [==========] Running 8 tests from 1 test suite.
16: [----------] Global test environment set-up.
16: ##### Starting Server For OOS SQL Testing #####
16: will be written at ./test_oos_sql_log
16: [----------] 8 tests from OosSqlCrud
16: [ RUN      ] OosSqlCrud.BasicInsertSelect
16: [       OK ] OosSqlCrud.BasicInsertSelect (44 ms)
16: [ RUN      ] OosSqlCrud.SmallRecordNoOos
16: [       OK ] OosSqlCrud.SmallRecordNoOos (10 ms)
16: [ RUN      ] OosSqlCrud.MultipleOosColumns
16: [       OK ] OosSqlCrud.MultipleOosColumns (12 ms)
16: [ RUN      ] OosSqlCrud.Cbrd27006MultiOosColumnSelectsAndUpdate
16: [       OK ] OosSqlCrud.Cbrd27006MultiOosColumnSelectsAndUpdate (14 ms)
16: [ RUN      ] OosSqlCrud.Cbrd27006MixedSingleChunkAndMultiChunkRow
16: [       OK ] OosSqlCrud.Cbrd27006MixedSingleChunkAndMultiChunkRow (12 ms)
16: [ RUN      ] OosSqlCrud.Cbrd27006ReadDispatchBatchesOnlyMultiOosProjections
16: [       OK ] OosSqlCrud.Cbrd27006ReadDispatchBatchesOnlyMultiOosProjections (12 ms)
16: [ RUN      ] OosSqlCrud.MultiChunkOos
16: [       OK ] OosSqlCrud.MultiChunkOos (10 ms)
16: [ RUN      ] OosSqlCrud.MixedChunkSizes
16: [       OK ] OosSqlCrud.MixedChunkSizes (12 ms)
16: [----------] 8 tests from OosSqlCrud (131 ms total)
16: 
16: [----------] Global test environment tear-down
16: ##### Stopping Server For OOS SQL Testing #####
16: [==========] 8 tests from 1 test suite ran. (468 ms total)
16: [  PASSED  ] 8 tests.
12/27 Test #16: test_oos_sql_crud ................   Passed    0.49 sec
test 17
      Start 17: test_oos_sql_ddl

17: Test command: /home/vimkim/gh/cb/CBRD-27398-pgbuf-inspector-contract/build_preset_debug_gcc/bin/test_oos_sql_ddl
17: Working Directory: /home/vimkim/gh/cb/CBRD-27398-pgbuf-inspector-contract/build_preset_debug_gcc/unit_tests/oos/sql
17: Test timeout computed to be: 30
17: [==========] Running 5 tests from 1 test suite.
17: [----------] Global test environment set-up.
17: ##### Starting Server For OOS SQL Testing #####
17: will be written at ./test_oos_sql_log
17: [----------] 5 tests from OosSqlDdl
17: [ RUN      ] OosSqlDdl.AlterAddColumn
17: [       OK ] OosSqlDdl.AlterAddColumn (48 ms)
17: [ RUN      ] OosSqlDdl.AlterDropOosColumn
17: [       OK ] OosSqlDdl.AlterDropOosColumn (11 ms)
17: [ RUN      ] OosSqlDdl.CreateTableAsSelect
17: [       OK ] OosSqlDdl.CreateTableAsSelect (19 ms)
17: [ RUN      ] OosSqlDdl.DropAndRecreateSameName
17: [       OK ] OosSqlDdl.DropAndRecreateSameName (19 ms)
17: [ RUN      ] OosSqlDdl.DropCreateCycles
17: [       OK ] OosSqlDdl.DropCreateCycles (27 ms)
17: [----------] 5 tests from OosSqlDdl (126 ms total)
17: 
17: [----------] Global test environment tear-down
17: ##### Stopping Server For OOS SQL Testing #####
17: [==========] 5 tests from 1 test suite ran. (457 ms total)
17: [  PASSED  ] 5 tests.
13/27 Test #17: test_oos_sql_ddl .................   Passed    0.48 sec
test 18
      Start 18: test_oos_sql_delete

18: Test command: /home/vimkim/gh/cb/CBRD-27398-pgbuf-inspector-contract/build_preset_debug_gcc/bin/test_oos_sql_delete
18: Working Directory: /home/vimkim/gh/cb/CBRD-27398-pgbuf-inspector-contract/build_preset_debug_gcc/unit_tests/oos/sql
18: Test timeout computed to be: 30
18: [==========] Running 8 tests from 1 test suite.
18: [----------] Global test environment set-up.
18: ##### Starting Server For OOS SQL Testing #####
18: will be written at ./test_oos_sql_log
18: [----------] 8 tests from OosSqlDelete
18: [ RUN      ] OosSqlDelete.DeleteSingleChunk
18: [       OK ] OosSqlDelete.DeleteSingleChunk (45 ms)
18: [ RUN      ] OosSqlDelete.DeleteMultiChunk
18: [       OK ] OosSqlDelete.DeleteMultiChunk (11 ms)
18: [ RUN      ] OosSqlDelete.DeleteLarge160KB
18: [       OK ] OosSqlDelete.DeleteLarge160KB (13 ms)
18: [ RUN      ] OosSqlDelete.DeleteSelectiveRowsIntact
18: [       OK ] OosSqlDelete.DeleteSelectiveRowsIntact (12 ms)
18: [ RUN      ] OosSqlDelete.DeleteAndReinsert
18: [       OK ] OosSqlDelete.DeleteAndReinsert (12 ms)
18: [ RUN      ] OosSqlDelete.DeleteMixedColumns
18: [       OK ] OosSqlDelete.DeleteMixedColumns (13 ms)
18: [ RUN      ] OosSqlDelete.UpdateOosColumn
18: [       OK ] OosSqlDelete.UpdateOosColumn (10 ms)
18: [ RUN      ] OosSqlDelete.DeleteAndReinsertMultiChunk
18: [       OK ] OosSqlDelete.DeleteAndReinsertMultiChunk (14 ms)
18: [----------] 8 tests from OosSqlDelete (134 ms total)
18: 
18: [----------] Global test environment tear-down
18: ##### Stopping Server For OOS SQL Testing #####
18: [==========] 8 tests from 1 test suite ran. (465 ms total)
18: [  PASSED  ] 8 tests.
14/27 Test #18: test_oos_sql_delete ..............   Passed    0.49 sec
test 19
      Start 19: test_oos_sql_boundary

19: Test command: /home/vimkim/gh/cb/CBRD-27398-pgbuf-inspector-contract/build_preset_debug_gcc/bin/test_oos_sql_boundary
19: Working Directory: /home/vimkim/gh/cb/CBRD-27398-pgbuf-inspector-contract/build_preset_debug_gcc/unit_tests/oos/sql
19: Test timeout computed to be: 30
19: [==========] Running 8 tests from 1 test suite.
19: [----------] Global test environment set-up.
19: ##### Starting Server For OOS SQL Testing #####
19: will be written at ./test_oos_sql_log
19: [----------] 8 tests from OosSqlBoundary
19: [ RUN      ] OosSqlBoundary.NullOosColumn
19: [       OK ] OosSqlBoundary.NullOosColumn (49 ms)
19: [ RUN      ] OosSqlBoundary.DropTableWithOos
19: [       OK ] OosSqlBoundary.DropTableWithOos (12 ms)
19: [ RUN      ] OosSqlBoundary.DropAndRecreateOosFile
19: [       OK ] OosSqlBoundary.DropAndRecreateOosFile (16 ms)
19: [ RUN      ] OosSqlBoundary.IndexScanWithOos
19: [       OK ] OosSqlBoundary.IndexScanWithOos (13 ms)
19: [ RUN      ] OosSqlBoundary.MvccHeaderWithOos
19: [       OK ] OosSqlBoundary.MvccHeaderWithOos (13 ms)
19: [ RUN      ] OosSqlBoundary.CopyReadPath
19: [       OK ] OosSqlBoundary.CopyReadPath (17 ms)
19: [ RUN      ] OosSqlBoundary.InsertSelect
19: [       OK ] OosSqlBoundary.InsertSelect (20 ms)
19: [ RUN      ] OosSqlBoundary.MidSizeColumnsEligibleForOos
19: [       OK ] OosSqlBoundary.MidSizeColumnsEligibleForOos (18 ms)
19: [----------] 8 tests from OosSqlBoundary (161 ms total)
19: 
19: [----------] Global test environment tear-down
19: ##### Stopping Server For OOS SQL Testing #####
19: [==========] 8 tests from 1 test suite ran. (493 ms total)
19: [  PASSED  ] 8 tests.
15/27 Test #19: test_oos_sql_boundary ............   Passed    0.51 sec
test 20
      Start 20: test_oos_sql_update_delete

20: Test command: /home/vimkim/gh/cb/CBRD-27398-pgbuf-inspector-contract/build_preset_debug_gcc/bin/test_oos_sql_update_delete
20: Working Directory: /home/vimkim/gh/cb/CBRD-27398-pgbuf-inspector-contract/build_preset_debug_gcc/unit_tests/oos/sql
20: Test timeout computed to be: 30
20: [==========] Running 7 tests from 1 test suite.
20: [----------] Global test environment set-up.
20: ##### Starting Server For OOS SQL Testing #####
20: will be written at ./test_oos_sql_log
20: [----------] 7 tests from OosSqlUpdateDelete
20: [ RUN      ] OosSqlUpdateDelete.UpdateOosValue
20: [       OK ] OosSqlUpdateDelete.UpdateOosValue (67 ms)
20: [ RUN      ] OosSqlUpdateDelete.UpdateNonOosColumn
20: [       OK ] OosSqlUpdateDelete.UpdateNonOosColumn (26 ms)
20: [ RUN      ] OosSqlUpdateDelete.RepeatedUpdates
20: [       OK ] OosSqlUpdateDelete.RepeatedUpdates (59 ms)
20: [ RUN      ] OosSqlUpdateDelete.SizeChangeChunkTransition
20: [       OK ] OosSqlUpdateDelete.SizeChangeChunkTransition (32 ms)
20: [ RUN      ] OosSqlUpdateDelete.DeleteOosRows
20: [       OK ] OosSqlUpdateDelete.DeleteOosRows (35 ms)
20: [ RUN      ] OosSqlUpdateDelete.TruncateAndReinsert
20: [       OK ] OosSqlUpdateDelete.TruncateAndReinsert (40 ms)
20: [ RUN      ] OosSqlUpdateDelete.UpdateMultiChunk
20: [       OK ] OosSqlUpdateDelete.UpdateMultiChunk (39 ms)
20: [----------] 7 tests from OosSqlUpdateDelete (300 ms total)
20: 
20: [----------] Global test environment tear-down
20: ##### Stopping Server For OOS SQL Testing #####
20: [==========] 7 tests from 1 test suite ran. (708 ms total)
20: [  PASSED  ] 7 tests.
16/27 Test #20: test_oos_sql_update_delete .......   Passed    0.73 sec
test 21
      Start 21: test_oos_sql_txn

21: Test command: /home/vimkim/gh/cb/CBRD-27398-pgbuf-inspector-contract/build_preset_debug_gcc/bin/test_oos_sql_txn
21: Working Directory: /home/vimkim/gh/cb/CBRD-27398-pgbuf-inspector-contract/build_preset_debug_gcc/unit_tests/oos/sql
21: Test timeout computed to be: 30
21: [==========] Running 8 tests from 1 test suite.
21: [----------] Global test environment set-up.
21: ##### Starting Server For OOS SQL Testing #####
21: will be written at ./test_oos_sql_log
21: [----------] 8 tests from OosSqlTxn
21: [ RUN      ] OosSqlTxn.RollbackInsert
21: [       OK ] OosSqlTxn.RollbackInsert (78 ms)
21: [ RUN      ] OosSqlTxn.RollbackUpdate
21: [       OK ] OosSqlTxn.RollbackUpdate (25 ms)
21: [ RUN      ] OosSqlTxn.CommittedDataPersists
21: [       OK ] OosSqlTxn.CommittedDataPersists (24 ms)
21: [ RUN      ] OosSqlTxn.RollbackMultiChunk
21: [       OK ] OosSqlTxn.RollbackMultiChunk (32 ms)
21: [ RUN      ] OosSqlTxn.ComboThenCommit
21: [       OK ] OosSqlTxn.ComboThenCommit (30 ms)
21: [ RUN      ] OosSqlTxn.RollbackDelete
21: [       OK ] OosSqlTxn.RollbackDelete (28 ms)
21: [ RUN      ] OosSqlTxn.DeleteCommit
21: [       OK ] OosSqlTxn.DeleteCommit (26 ms)
21: [ RUN      ] OosSqlTxn.DeleteRollback
21: [       OK ] OosSqlTxn.DeleteRollback (24 ms)
21: [----------] 8 tests from OosSqlTxn (271 ms total)
21: 
21: [----------] Global test environment tear-down
21: ##### Stopping Server For OOS SQL Testing #####
21: [==========] 8 tests from 1 test suite ran. (855 ms total)
21: [  PASSED  ] 8 tests.
17/27 Test #21: test_oos_sql_txn .................   Passed    0.91 sec
test 22
      Start 22: test_oos_sql_bigone

22: Test command: /home/vimkim/gh/cb/CBRD-27398-pgbuf-inspector-contract/build_preset_debug_gcc/bin/test_oos_sql_bigone
22: Working Directory: /home/vimkim/gh/cb/CBRD-27398-pgbuf-inspector-contract/build_preset_debug_gcc/unit_tests/oos/sql
22: Test timeout computed to be: 30
22: [==========] Running 4 tests from 1 test suite.
22: [----------] Global test environment set-up.
22: ##### Starting Server For OOS SQL Testing #####
22: will be written at ./test_oos_sql_log
22: [----------] 4 tests from OosSqlBigone
22: [ RUN      ] OosSqlBigone.OosColumnWithBigoneRejected
22: [       OK ] OosSqlBigone.OosColumnWithBigoneRejected (72 ms)
22: [ RUN      ] OosSqlBigone.BigoneWithoutOosColumnSucceeds
22: [       OK ] OosSqlBigone.BigoneWithoutOosColumnSucceeds (17 ms)
22: [ RUN      ] OosSqlBigone.OosColumnInlineBetween4kAnd16kSucceeds
22: [       OK ] OosSqlBigone.OosColumnInlineBetween4kAnd16kSucceeds (18 ms)
22: [ RUN      ] OosSqlBigone.UpdateIntoOosBigoneRejected
22: [       OK ] OosSqlBigone.UpdateIntoOosBigoneRejected (22 ms)
22: [----------] 4 tests from OosSqlBigone (131 ms total)
22: 
22: [----------] Global test environment tear-down
22: ##### Stopping Server For OOS SQL Testing #####
22: [==========] 4 tests from 1 test suite ran. (713 ms total)
22: [  PASSED  ] 4 tests.
18/27 Test #22: test_oos_sql_bigone ..............   Passed    0.77 sec
test 23
      Start 23: test_oos_sql_eager_cleanup

23: Test command: /home/vimkim/gh/cb/CBRD-27398-pgbuf-inspector-contract/build_preset_debug_gcc/bin/test_oos_sql_eager_cleanup
23: Working Directory: /home/vimkim/gh/cb/CBRD-27398-pgbuf-inspector-contract/build_preset_debug_gcc/unit_tests/oos/sql
23: Test timeout computed to be: 30
23: [==========] Running 12 tests from 1 test suite.
23: [----------] Global test environment set-up.
23: ##### Starting Server For OOS SQL Testing #####
23: will be written at ./test_oos_sql_log
23: [----------] 12 tests from OosEagerCleanup
23: [ RUN      ] OosEagerCleanup.SingleUpdateCleansOldOos
23: [       OK ] OosEagerCleanup.SingleUpdateCleansOldOos (80 ms)
23: [ RUN      ] OosEagerCleanup.MultipleUpdatesPagesBounded
23: [       OK ] OosEagerCleanup.MultipleUpdatesPagesBounded (55 ms)
23: [ RUN      ] OosEagerCleanup.MultiOosColumnUpdateCleanup
23: [       OK ] OosEagerCleanup.MultiOosColumnUpdateCleanup (53 ms)
23: [ RUN      ] OosEagerCleanup.UpdateChurnStress
23: [       OK ] OosEagerCleanup.UpdateChurnStress (178 ms)
23: [ RUN      ] OosEagerCleanup.StepByStepLifecycleWithPageCounts
23: [Step 1] After INSERT 10 rows:  5 OOS pages
23: [Step 2] After UPDATE round 1: 5 OOS pages (should stay ~5)
23: [Step 2] After UPDATE round 2: 5 OOS pages (should stay ~5)
23: [Step 2] After UPDATE round 3: 5 OOS pages (should stay ~5)
23: [       OK ] OosEagerCleanup.StepByStepLifecycleWithPageCounts (77 ms)
23: [ RUN      ] OosEagerCleanup.UpdateVaryingOosSizes
23: [       OK ] OosEagerCleanup.UpdateVaryingOosSizes (42 ms)
23: [ RUN      ] OosEagerCleanup.MixedColumnsUpdateOnlyOos
23: [       OK ] OosEagerCleanup.MixedColumnsUpdateOnlyOos (36 ms)
23: [ RUN      ] OosEagerCleanup.SingleDeleteCleansOos
23: [       OK ] OosEagerCleanup.SingleDeleteCleansOos (31 ms)
23: [ RUN      ] OosEagerCleanup.InsertDeleteChurnPagesBounded
23: [       OK ] OosEagerCleanup.InsertDeleteChurnPagesBounded (112 ms)
23: [ RUN      ] OosEagerCleanup.MultiChunkDeleteCleansAllChunks
23: [       OK ] OosEagerCleanup.MultiChunkDeleteCleansAllChunks (72 ms)
23: [ RUN      ] OosEagerCleanup.MultiOosColumnDeleteCleanup
23: [       OK ] OosEagerCleanup.MultiOosColumnDeleteCleanup (79 ms)
23: [ RUN      ] OosEagerCleanup.MixedFillerDeleteChurnPagesBounded
23: [       OK ] OosEagerCleanup.MixedFillerDeleteChurnPagesBounded (96 ms)
23: [----------] 12 tests from OosEagerCleanup (916 ms total)
23: 
23: [----------] Global test environment tear-down
23: ##### Stopping Server For OOS SQL Testing #####
23: [==========] 12 tests from 1 test suite ran. (1522 ms total)
23: [  PASSED  ] 12 tests.
19/27 Test #23: test_oos_sql_eager_cleanup .......   Passed    1.58 sec
test 24
      Start 24: test_oos_sql_storage

24: Test command: /home/vimkim/gh/cb/CBRD-27398-pgbuf-inspector-contract/build_preset_debug_gcc/bin/test_oos_sql_storage
24: Working Directory: /home/vimkim/gh/cb/CBRD-27398-pgbuf-inspector-contract/build_preset_debug_gcc/unit_tests/oos/sql
24: Test timeout computed to be: 30
24: [==========] Running 15 tests from 1 test suite.
24: [----------] Global test environment set-up.
24: ##### Starting Server For OOS SQL Testing #####
24: will be written at ./test_oos_sql_log
24: [----------] 15 tests from OosSqlStorage
24: [ RUN      ] OosSqlStorage.CreateTablePersistsPreferInline
24: [       OK ] OosSqlStorage.CreateTablePersistsPreferInline (65 ms)
24: [ RUN      ] OosSqlStorage.CreateTablePersistsForceOutline
24: [       OK ] OosSqlStorage.CreateTablePersistsForceOutline (18 ms)
24: [ RUN      ] OosSqlStorage.DefaultColumnHasNoStorageClause
24: [       OK ] OosSqlStorage.DefaultColumnHasNoStorageClause (10 ms)
24: [ RUN      ] OosSqlStorage.ExplicitDefaultStorageClausesActAsDefault
24: [       OK ] OosSqlStorage.ExplicitDefaultStorageClausesActAsDefault (10 ms)
24: [ RUN      ] OosSqlStorage.CreateTableLikeCopiesPreferInline
24: [       OK ] OosSqlStorage.CreateTableLikeCopiesPreferInline (18 ms)
24: [ RUN      ] OosSqlStorage.CreateTableLikeCopiesForceOutline
24: [       OK ] OosSqlStorage.CreateTableLikeCopiesForceOutline (18 ms)
24: [ RUN      ] OosSqlStorage.SharedAttributeRejectsPreferInline
24: [       OK ] OosSqlStorage.SharedAttributeRejectsPreferInline (1 ms)
24: [ RUN      ] OosSqlStorage.ForceOutlineRejectsUnsupportedAttributes
24: [       OK ] OosSqlStorage.ForceOutlineRejectsUnsupportedAttributes (20 ms)
24: [ RUN      ] OosSqlStorage.AlterModifyAddsAndDropsPreferInline
24: [       OK ] OosSqlStorage.AlterModifyAddsAndDropsPreferInline (31 ms)
24: [ RUN      ] OosSqlStorage.AlterModifyPreservesAndTransitionsForceOutline
24: [       OK ] OosSqlStorage.AlterModifyPreservesAndTransitionsForceOutline (72 ms)
24: [ RUN      ] OosSqlStorage.AlterModifyDropsForceOutlineForFixedType
24: [       OK ] OosSqlStorage.AlterModifyDropsForceOutlineForFixedType (61 ms)
24: [ RUN      ] OosSqlStorage.ForceOutlineBypassesRecordGateOnlyAboveInlineStubSize
24: [       OK ] OosSqlStorage.ForceOutlineBypassesRecordGateOnlyAboveInlineStubSize (66 ms)
24: [ RUN      ] OosSqlStorage.AlterForceOutlineAppliesOnlyAfterRewrite
24: [       OK ] OosSqlStorage.AlterForceOutlineAppliesOnlyAfterRewrite (51 ms)
24: [ RUN      ] OosSqlStorage.ForceOutlineRemainsNonReservedIdentifier
24: [       OK ] OosSqlStorage.ForceOutlineRemainsNonReservedIdentifier (28 ms)
24: [ RUN      ] OosSqlStorage.PreferInlineColumnRoundTripsLargeValue
24: [       OK ] OosSqlStorage.PreferInlineColumnRoundTripsLargeValue (56 ms)
24: [----------] 15 tests from OosSqlStorage (533 ms total)
24: 
24: [----------] Global test environment tear-down
24: ##### Stopping Server For OOS SQL Testing #####
24: [==========] 15 tests from 1 test suite ran. (1143 ms total)
24: [  PASSED  ] 15 tests.
20/27 Test #24: test_oos_sql_storage .............   Passed    1.22 sec
test 25
      Start 25: test_oos_sql_show

25: Test command: /home/vimkim/gh/cb/CBRD-27398-pgbuf-inspector-contract/build_preset_debug_gcc/bin/test_oos_sql_show
25: Working Directory: /home/vimkim/gh/cb/CBRD-27398-pgbuf-inspector-contract/build_preset_debug_gcc/unit_tests/oos/sql
25: Test timeout computed to be: 30
25: [==========] Running 4 tests from 1 test suite.
25: [----------] Global test environment set-up.
25: ##### Starting Server For OOS SQL Testing #####
25: will be written at ./test_oos_sql_log
25: [----------] 4 tests from OosSqlShow
25: [ RUN      ] OosSqlShow.HeapWithoutOosReportsZeroStats
25: [       OK ] OosSqlShow.HeapWithoutOosReportsZeroStats (57 ms)
25: [ RUN      ] OosSqlShow.HeapWithOosReportsPositiveStats
25: [       OK ] OosSqlShow.HeapWithOosReportsPositiveStats (9 ms)
25: [ RUN      ] OosSqlShow.ShowAllHeapOosRunsForNonPartitionedClass
25: [       OK ] OosSqlShow.ShowAllHeapOosRunsForNonPartitionedClass (10 ms)
25: [ RUN      ] OosSqlShow.ShowAllHeapOosReportsPartitionRows
25: [       OK ] OosSqlShow.ShowAllHeapOosReportsPartitionRows (24 ms)
25: [----------] 4 tests from OosSqlShow (102 ms total)
25: 
25: [----------] Global test environment tear-down
25: ##### Stopping Server For OOS SQL Testing #####
25: [==========] 4 tests from 1 test suite ran. (508 ms total)
25: [  PASSED  ] 4 tests.
21/27 Test #25: test_oos_sql_show ................   Passed    0.59 sec
test 26
      Start 26: test_oos_sql_visible_version

26: Test command: /home/vimkim/gh/cb/CBRD-27398-pgbuf-inspector-contract/build_preset_debug_gcc/bin/test_oos_sql_visible_version
26: Working Directory: /home/vimkim/gh/cb/CBRD-27398-pgbuf-inspector-contract/build_preset_debug_gcc/unit_tests/oos/sql
26: Test timeout computed to be: 30
26: [==========] Running 2 tests from 1 test suite.
26: [----------] Global test environment set-up.
26: ##### Starting Server For OOS SQL Testing #####
26: will be written at ./test_oos_sql_log
26: [----------] 2 tests from OosSqlVisibleVersion
26: [ RUN      ] OosSqlVisibleVersion.ScanrangeNextFirstObjectFetchDoesNotExpandWholeRecord
26: [       OK ] OosSqlVisibleVersion.ScanrangeNextFirstObjectFetchDoesNotExpandWholeRecord (201 ms)
26: [ RUN      ] OosSqlVisibleVersion.LargeOldRecordUpdateDoesNotExpandWholeRecord
26: [       OK ] OosSqlVisibleVersion.LargeOldRecordUpdateDoesNotExpandWholeRecord (18 ms)
26: [----------] 2 tests from OosSqlVisibleVersion (219 ms total)
26: 
26: [----------] Global test environment tear-down
26: ##### Stopping Server For OOS SQL Testing #####
26: [==========] 2 tests from 1 test suite ran. (534 ms total)
26: [  PASSED  ] 2 tests.
22/27 Test #26: test_oos_sql_visible_version .....   Passed    0.56 sec
test 2
      Start  2: oos_cleanup_db

2: Test command: /usr/bin/cmake "-E" "env" "CUBRID=/home/vimkim/.cub/install/CBRD-27398-pgbuf-inspector-contract/debug_gcc" "CUBRID_DATABASES=/home/vimkim/.cub/db/CBRD-27398-pgbuf-inspector-contract/commondb" "PATH=/home/vimkim/gh/cb/CBRD-27398-pgbuf-inspector-contract/build_preset_debug_gcc/vm/jdk8/bin:/home/vimkim/gh/ctp/run-sql/CTP/bin:/home/vimkim/gh/ctp/run-sql/CTP/common/script:/home/vimkim/.local/opt/bison-3.0.5/bin:/home/vimkim/.cub/install/CBRD-27398-pgbuf-inspector-contract/debug_gcc/bin:/home/vimkim/.local/bin:/home/linuxbrew/.linuxbrew/sbin:/home/vimkim/.nix-profile/bin:/nix/var/nix/profiles/default/bin:/usr/share/Modules/bin:/usr/lib64/ccache:/home/vimkim/.local/share/mise/installs/node/25.8.0/lib/node_modules/@openai/codex/node_modules/@openai/codex-linux-x64/vendor/x86_64-unknown-linux-musl/codex-path:/home/vimkim/.codex/tmp/arg0/codex-arg0BEcEtb:/home/vimkim/.cargo/bin:/home/vimkim/.local/share/mise/installs/bun/latest/bin:/home/vimkim/.local/share/mise/installs/go/1.24.4/bin:/home/vimkim/.local/share/mise/installs/java/temurin-8.0.462+8/bin:/home/vimkim/.local/share/mise/installs/node/latest/bin:/home/vimkim/.local/share/mise/installs/python/latest/bin:/home/vimkim/.local/share/mise/shims:/home/vimkim/.cargo/bin/:/opt/bison-3.0.5/bin/:/home/vimkim/.local/bin/:/home/vimkim/mybin/:/home/vimkim/my-cubrid/bin/:/home/vimkim/.config/my-scripts/bin/:/home/linuxbrew/.linuxbrew/bin:/home/vimkim/.nix-profile/bin/:/nix/var/nix/profiles/default/bin/:/usr/local/bin:/usr/bin:/usr/local/sbin:/usr/sbin" "bash" "/home/vimkim/gh/cb/CBRD-27398-pgbuf-inspector-contract/unit_tests/oos/scripts/cleanup_unittestdb.sh"
2: Working Directory: /home/vimkim/gh/cb/CBRD-27398-pgbuf-inspector-contract/build_preset_debug_gcc/unit_tests/oos
2: Test timeout computed to be: 30
2: @ cubrid server stop: unittestdb
2: ++ cubrid server 'unittestdb' is not running.
23/27 Test  #2: oos_cleanup_db ...................   Passed    0.58 sec
test 7
      Start  7: test_oos_record_flags

7: Test command: /home/vimkim/gh/cb/CBRD-27398-pgbuf-inspector-contract/build_preset_debug_gcc/bin/test_oos_record_flags
7: Working Directory: /home/vimkim/gh/cb/CBRD-27398-pgbuf-inspector-contract/build_preset_debug_gcc/unit_tests/oos
7: Test timeout computed to be: 10000000
7: [==========] Running 1 test from 1 test suite.
7: [----------] Global test environment set-up.
7: [----------] 1 test from OosRecordFlags
7: [ RUN      ] OosRecordFlags.OosFlagIsSeparateFromMvccFlags
7: [       OK ] OosRecordFlags.OosFlagIsSeparateFromMvccFlags (0 ms)
7: [----------] 1 test from OosRecordFlags (0 ms total)
7: 
7: [----------] Global test environment tear-down
7: [==========] 1 test from 1 test suite ran. (0 ms total)
7: [  PASSED  ] 1 test.
24/27 Test  #7: test_oos_record_flags ............   Passed    0.02 sec
test 8
      Start  8: test_byte_span_writer

8: Test command: /home/vimkim/gh/cb/CBRD-27398-pgbuf-inspector-contract/build_preset_debug_gcc/bin/test_byte_span_writer
8: Working Directory: /home/vimkim/gh/cb/CBRD-27398-pgbuf-inspector-contract/build_preset_debug_gcc/unit_tests/oos
8: Test timeout computed to be: 10000000
8: [==========] Running 7 tests from 1 test suite.
8: [----------] Global test environment set-up.
8: [----------] 7 tests from ByteSpanWriter
8: [ RUN      ] ByteSpanWriter.EmptyState
8: [       OK ] ByteSpanWriter.EmptyState (0 ms)
8: [ RUN      ] ByteSpanWriter.AppendWithinCapacityAdvancesCursorAndCopies
8: [       OK ] ByteSpanWriter.AppendWithinCapacityAdvancesCursorAndCopies (0 ms)
8: [ RUN      ] ByteSpanWriter.AppendOverflowFailsAndDoesNotWrite
8: [       OK ] ByteSpanWriter.AppendOverflowFailsAndDoesNotWrite (0 ms)
8: [ RUN      ] ByteSpanWriter.RecoveryAfterFailedAppend
8: [       OK ] ByteSpanWriter.RecoveryAfterFailedAppend (0 ms)
8: [ RUN      ] ByteSpanWriter.FullWriterRejectsNonZeroAppendButAcceptsZero
8: [       OK ] ByteSpanWriter.FullWriterRejectsNonZeroAppendButAcceptsZero (0 ms)
8: [ RUN      ] ByteSpanWriter.ZeroCapacitySpanIsImmediatelyFull
8: [       OK ] ByteSpanWriter.ZeroCapacitySpanIsImmediatelyFull (0 ms)
8: [ RUN      ] ByteSpanWriter.OverflowByExactlyOneByteIsCaught
8: [       OK ] ByteSpanWriter.OverflowByExactlyOneByteIsCaught (0 ms)
8: [----------] 7 tests from ByteSpanWriter (0 ms total)
8: 
8: [----------] Global test environment tear-down
8: [==========] 7 tests from 1 test suite ran. (0 ms total)
8: [  PASSED  ] 7 tests.
25/27 Test  #8: test_byte_span_writer ............   Passed    0.01 sec
test 9
      Start  9: test_oos_tde_gate

9: Test command: /home/vimkim/gh/cb/CBRD-27398-pgbuf-inspector-contract/build_preset_debug_gcc/bin/test_oos_tde_gate
9: Working Directory: /home/vimkim/gh/cb/CBRD-27398-pgbuf-inspector-contract/build_preset_debug_gcc/unit_tests/oos
9: Test timeout computed to be: 10000000
9: [==========] Running 3 tests from 1 test suite.
9: [----------] Global test environment set-up.
9: [----------] 3 tests from TdeUserDataGate
9: [ RUN      ] TdeUserDataGate.OosForwardDeleteIsEncryptedRcvindex
9: [       OK ] TdeUserDataGate.OosForwardDeleteIsEncryptedRcvindex (0 ms)
9: [ RUN      ] TdeUserDataGate.SiblingAndBaselineDeletePathsAreGated
9: [       OK ] TdeUserDataGate.SiblingAndBaselineDeletePathsAreGated (0 ms)
9: [ RUN      ] TdeUserDataGate.MetadataOnlyHeapOpIsNotGated
9: [       OK ] TdeUserDataGate.MetadataOnlyHeapOpIsNotGated (0 ms)
9: [----------] 3 tests from TdeUserDataGate (0 ms total)
9: 
9: [----------] Global test environment tear-down
9: [==========] 3 tests from 1 test suite ran. (0 ms total)
9: [  PASSED  ] 3 tests.
26/27 Test  #9: test_oos_tde_gate ................   Passed    0.01 sec
test 27
      Start 27: test_pgbuf_inspector

27: Test command: /home/vimkim/gh/cb/CBRD-27398-pgbuf-inspector-contract/build_preset_debug_gcc/bin/test_pgbuf_inspector
27: Working Directory: /home/vimkim/gh/cb/CBRD-27398-pgbuf-inspector-contract/build_preset_debug_gcc/unit_tests/pgbuf_inspector
27: Test timeout computed to be: 10000000
27: ===============================================================================
27: All tests passed (50747 assertions in 36 test cases)
27: 
27/27 Test #27: test_pgbuf_inspector .............   Passed   32.37 sec

100% tests passed, 0 tests failed out of 27

Total Test time (real) = 179.54 sec
