[cubrid-bootstrap] Worktree preparation files already exist
[cubrid-bootstrap] Selected preset: debug_gcc
[0mdirenv: loading ~/gh/cb/CBRD-27398-pgbuf-inspector-contract/.envrc
Preset Mode: debug_gcc
Install Dir: /home/vimkim/.cub/install/CBRD-27398-pgbuf-inspector-contract/debug_gcc
DB Dir: /home/vimkim/.cub/db/CBRD-27398-pgbuf-inspector-contract/commondb
Build Dir: /home/vimkim/gh/cb/CBRD-27398-pgbuf-inspector-contract/build_preset_debug_gcc
[cubrid-bootstrap] Configuring preset: debug_gcc
[0mdirenv: loading ~/gh/cb/CBRD-27398-pgbuf-inspector-contract/.envrc
Preset Mode: debug_gcc
Install Dir: /home/vimkim/.cub/install/CBRD-27398-pgbuf-inspector-contract/debug_gcc
DB Dir: /home/vimkim/.cub/db/CBRD-27398-pgbuf-inspector-contract/commondb
Build Dir: /home/vimkim/gh/cb/CBRD-27398-pgbuf-inspector-contract/build_preset_debug_gcc
[0mdirenv: loading ~/gh/cb/CBRD-27398-pgbuf-inspector-contract/.envrc
Preset Mode: debug_gcc
Install Dir: /home/vimkim/.cub/install/CBRD-27398-pgbuf-inspector-contract/debug_gcc
DB Dir: /home/vimkim/.cub/db/CBRD-27398-pgbuf-inspector-contract/commondb
Build Dir: /home/vimkim/gh/cb/CBRD-27398-pgbuf-inspector-contract/build_preset_debug_gcc
[0mdirenv: loading ~/gh/cb/CBRD-27398-pgbuf-inspector-contract/.envrc
Preset Mode: debug_gcc
Install Dir: /home/vimkim/.cub/install/CBRD-27398-pgbuf-inspector-contract/debug_gcc
DB Dir: /home/vimkim/.cub/db/CBRD-27398-pgbuf-inspector-contract/commondb
Build Dir: /home/vimkim/gh/cb/CBRD-27398-pgbuf-inspector-contract/build_preset_debug_gcc
Using JAVA_HOME JDK: /home/vimkim/.local/share/mise/installs/java/temurin-8.0.462+8
[0mdirenv: loading ~/gh/cb/CBRD-27398-pgbuf-inspector-contract/.envrc
Preset Mode: debug_gcc
Install Dir: /home/vimkim/.cub/install/CBRD-27398-pgbuf-inspector-contract/debug_gcc
DB Dir: /home/vimkim/.cub/db/CBRD-27398-pgbuf-inspector-contract/commondb
Build Dir: /home/vimkim/gh/cb/CBRD-27398-pgbuf-inspector-contract/build_preset_debug_gcc
Preset CMake variables:

  CMAKE_BUILD_TYPE="Debug"
  CMAKE_COLOR_DIAGNOSTICS="ON"
  CMAKE_CXX_COMPILER="g++"
  CMAKE_CXX_COMPILER_LAUNCHER="ccache"
  CMAKE_CXX_FLAGS="-fdiagnostics-color=always -Wno-template-body -isystem /home/vimkim/gh/cb/CBRD-27398-pgbuf-inspector-contract/.just/include"
  CMAKE_CXX_FLAGS_DEBUG="-O0 -ggdb3 -fno-omit-frame-pointer -Wno-error=format -Wno-error -Wno-error=maybe-uninitialized -Wno-error=parentheses"
  CMAKE_CXX_STANDARD="17"
  CMAKE_CXX_STANDARD_REQUIRED="ON"
  CMAKE_C_COMPILER="gcc"
  CMAKE_C_COMPILER_LAUNCHER="ccache"
  CMAKE_C_FLAGS="-fdiagnostics-color=always"
  CMAKE_C_FLAGS_DEBUG="-O0 -ggdb3 -Wno-int-conversion -Wno-incompatible-pointer-types -Wno-implicit-function-declaration -fno-omit-frame-pointer -Wno-error=format -Wno-error -Wno-error=maybe-uninitialized -Wno-error=parentheses"
  CMAKE_EXPORT_COMPILE_COMMANDS="ON"
  CMAKE_INSTALL_PREFIX="/home/vimkim/.cub/install/CBRD-27398-pgbuf-inspector-contract/debug_gcc"
  CUBVEC_TEAM_BUILD="ON"
  ENABLE_CUBVEC_LOG="ON"
  UNIT_TEST_OOS="ON"
  UNIT_TEST_PAGE_BUFFER="ON"
  UNIT_TEST_PGBUF_INSPECTOR="ON"
  UNIT_TEST_SPAGE="ON"
  VIMKIM_BUILD="ON"
  WITH_CCI="true"

Preset environment variables:

  CC="gcc -std=gnu17"
  CXX="g++ -Wno-error=stringop-overflow"

-- ======== CMakeLists.txt
--   OS = UNIX
--   CMAKE_RUNTIME_OUTPUT_DIRECTORY=/home/vimkim/gh/cb/CBRD-27398-pgbuf-inspector-contract/build_preset_debug_gcc/bin
    ==== with_unit_tests() = 1
-- Get version information from VERSION
-- Build CUBRID 11.5.0.2542-51531be 64bit Debug on Linux x86_64
Including Third Party Libraries
-- Build with flex and bison library: SYSTEM
-- Build with expat library: EXTERNAL
-- Build with jansson library: EXTERNAL
-- Build with editline library: EXTERNAL
-- Build with openssl library: EXTERNAL
-- Build with unixODBC library: EXTERNAL
-- Build with RE2 library: EXTERNAL
-- Build with LZ4 library: EXTERNAL
-- Build with TBB library: EXTERNAL
CMake Warning (dev) at /usr/share/cmake/Modules/ExternalProject.cmake:3091 (message):
  The DOWNLOAD_EXTRACT_TIMESTAMP option was not given and policy CMP0135 is
  not set.  The policy's OLD behavior will be used.  When using a URL
  download, the timestamps of extracted files should preferably be that of
  the time of extraction, otherwise code that depends on the extracted
  contents might not be rebuilt if the URL changes.  The OLD behavior
  preserves the timestamps from the archive instead, but this is usually not
  what you want.  Update your project to the NEW behavior or specify the
  DOWNLOAD_EXTRACT_TIMESTAMP option with a value of true to avoid this
  robustness issue.
Call Stack (most recent call first):
  /usr/share/cmake/Modules/ExternalProject.cmake:4208 (_ep_add_download_command)
  3rdparty/CMakeLists.txt:201 (externalproject_add)
This warning is for project developers.  Use -Wno-dev to suppress it.

CMake Warning (dev) at /usr/share/cmake/Modules/ExternalProject.cmake:3091 (message):
  The DOWNLOAD_EXTRACT_TIMESTAMP option was not given and policy CMP0135 is
  not set.  The policy's OLD behavior will be used.  When using a URL
  download, the timestamps of extracted files should preferably be that of
  the time of extraction, otherwise code that depends on the extracted
  contents might not be rebuilt if the URL changes.  The OLD behavior
  preserves the timestamps from the archive instead, but this is usually not
  what you want.  Update your project to the NEW behavior or specify the
  DOWNLOAD_EXTRACT_TIMESTAMP option with a value of true to avoid this
  robustness issue.
Call Stack (most recent call first):
  /usr/share/cmake/Modules/ExternalProject.cmake:4208 (_ep_add_download_command)
  3rdparty/CMakeLists.txt:253 (externalproject_add)
This warning is for project developers.  Use -Wno-dev to suppress it.

CMake Warning (dev) at /usr/share/cmake/Modules/ExternalProject.cmake:3091 (message):
  The DOWNLOAD_EXTRACT_TIMESTAMP option was not given and policy CMP0135 is
  not set.  The policy's OLD behavior will be used.  When using a URL
  download, the timestamps of extracted files should preferably be that of
  the time of extraction, otherwise code that depends on the extracted
  contents might not be rebuilt if the URL changes.  The OLD behavior
  preserves the timestamps from the archive instead, but this is usually not
  what you want.  Update your project to the NEW behavior or specify the
  DOWNLOAD_EXTRACT_TIMESTAMP option with a value of true to avoid this
  robustness issue.
Call Stack (most recent call first):
  /usr/share/cmake/Modules/ExternalProject.cmake:4208 (_ep_add_download_command)
  3rdparty/CMakeLists.txt:303 (externalproject_add)
This warning is for project developers.  Use -Wno-dev to suppress it.

CMake Warning (dev) at /usr/share/cmake/Modules/ExternalProject.cmake:3091 (message):
  The DOWNLOAD_EXTRACT_TIMESTAMP option was not given and policy CMP0135 is
  not set.  The policy's OLD behavior will be used.  When using a URL
  download, the timestamps of extracted files should preferably be that of
  the time of extraction, otherwise code that depends on the extracted
  contents might not be rebuilt if the URL changes.  The OLD behavior
  preserves the timestamps from the archive instead, but this is usually not
  what you want.  Update your project to the NEW behavior or specify the
  DOWNLOAD_EXTRACT_TIMESTAMP option with a value of true to avoid this
  robustness issue.
Call Stack (most recent call first):
  /usr/share/cmake/Modules/ExternalProject.cmake:4208 (_ep_add_download_command)
  3rdparty/CMakeLists.txt:346 (externalproject_add)
This warning is for project developers.  Use -Wno-dev to suppress it.

CMake Warning (dev) at /usr/share/cmake/Modules/ExternalProject.cmake:3091 (message):
  The DOWNLOAD_EXTRACT_TIMESTAMP option was not given and policy CMP0135 is
  not set.  The policy's OLD behavior will be used.  When using a URL
  download, the timestamps of extracted files should preferably be that of
  the time of extraction, otherwise code that depends on the extracted
  contents might not be rebuilt if the URL changes.  The OLD behavior
  preserves the timestamps from the archive instead, but this is usually not
  what you want.  Update your project to the NEW behavior or specify the
  DOWNLOAD_EXTRACT_TIMESTAMP option with a value of true to avoid this
  robustness issue.
Call Stack (most recent call first):
  /usr/share/cmake/Modules/ExternalProject.cmake:4208 (_ep_add_download_command)
  3rdparty/CMakeLists.txt:383 (externalproject_add)
This warning is for project developers.  Use -Wno-dev to suppress it.

CMake Warning (dev) at /usr/share/cmake/Modules/ExternalProject.cmake:3091 (message):
  The DOWNLOAD_EXTRACT_TIMESTAMP option was not given and policy CMP0135 is
  not set.  The policy's OLD behavior will be used.  When using a URL
  download, the timestamps of extracted files should preferably be that of
  the time of extraction, otherwise code that depends on the extracted
  contents might not be rebuilt if the URL changes.  The OLD behavior
  preserves the timestamps from the archive instead, but this is usually not
  what you want.  Update your project to the NEW behavior or specify the
  DOWNLOAD_EXTRACT_TIMESTAMP option with a value of true to avoid this
  robustness issue.
Call Stack (most recent call first):
  /usr/share/cmake/Modules/ExternalProject.cmake:4208 (_ep_add_download_command)
  3rdparty/CMakeLists.txt:426 (externalproject_add)
This warning is for project developers.  Use -Wno-dev to suppress it.

CMake Warning (dev) at /usr/share/cmake/Modules/ExternalProject.cmake:3091 (message):
  The DOWNLOAD_EXTRACT_TIMESTAMP option was not given and policy CMP0135 is
  not set.  The policy's OLD behavior will be used.  When using a URL
  download, the timestamps of extracted files should preferably be that of
  the time of extraction, otherwise code that depends on the extracted
  contents might not be rebuilt if the URL changes.  The OLD behavior
  preserves the timestamps from the archive instead, but this is usually not
  what you want.  Update your project to the NEW behavior or specify the
  DOWNLOAD_EXTRACT_TIMESTAMP option with a value of true to avoid this
  robustness issue.
Call Stack (most recent call first):
  /usr/share/cmake/Modules/ExternalProject.cmake:4208 (_ep_add_download_command)
  3rdparty/CMakeLists.txt:452 (externalproject_add)
This warning is for project developers.  Use -Wno-dev to suppress it.

CMake Warning (dev) at /usr/share/cmake/Modules/ExternalProject.cmake:3091 (message):
  The DOWNLOAD_EXTRACT_TIMESTAMP option was not given and policy CMP0135 is
  not set.  The policy's OLD behavior will be used.  When using a URL
  download, the timestamps of extracted files should preferably be that of
  the time of extraction, otherwise code that depends on the extracted
  contents might not be rebuilt if the URL changes.  The OLD behavior
  preserves the timestamps from the archive instead, but this is usually not
  what you want.  Update your project to the NEW behavior or specify the
  DOWNLOAD_EXTRACT_TIMESTAMP option with a value of true to avoid this
  robustness issue.
Call Stack (most recent call first):
  /usr/share/cmake/Modules/ExternalProject.cmake:4208 (_ep_add_download_command)
  3rdparty/CMakeLists.txt:481 (externalproject_add)
This warning is for project developers.  Use -Wno-dev to suppress it.

CMake Warning (dev) at /usr/share/cmake/Modules/ExternalProject.cmake:3091 (message):
  The DOWNLOAD_EXTRACT_TIMESTAMP option was not given and policy CMP0135 is
  not set.  The policy's OLD behavior will be used.  When using a URL
  download, the timestamps of extracted files should preferably be that of
  the time of extraction, otherwise code that depends on the extracted
  contents might not be rebuilt if the URL changes.  The OLD behavior
  preserves the timestamps from the archive instead, but this is usually not
  what you want.  Update your project to the NEW behavior or specify the
  DOWNLOAD_EXTRACT_TIMESTAMP option with a value of true to avoid this
  robustness issue.
Call Stack (most recent call first):
  /usr/share/cmake/Modules/ExternalProject.cmake:4208 (_ep_add_download_command)
  3rdparty/CMakeLists.txt:522 (externalproject_add)
This warning is for project developers.  Use -Wno-dev to suppress it.

-- Default install prefix: /home/vimkim/.cub/install/CBRD-27398-pgbuf-inspector-contract/debug_gcc
-- JAVA_HOME: /home/vimkim/gh/cb/CBRD-27398-pgbuf-inspector-contract/build_preset_debug_gcc/vm/jdk8
-- Found Java: /home/vimkim/gh/cb/CBRD-27398-pgbuf-inspector-contract/build_preset_debug_gcc/vm/jdk8/bin/java
-- Found JNI: /home/vimkim/gh/cb/CBRD-27398-pgbuf-inspector-contract/build_preset_debug_gcc/vm/jdk8/include;/home/vimkim/gh/cb/CBRD-27398-pgbuf-inspector-contract/build_preset_debug_gcc/vm/jdk8/include/linux;/home/vimkim/gh/cb/CBRD-27398-pgbuf-inspector-contract/build_preset_debug_gcc/vm/jdk8/include
-- ======== WITH_CCI ==========
-- Get version information from /home/vimkim/gh/cb/CBRD-27398-pgbuf-inspector-contract/cubrid-cci/BUILD_NUMBER
-- CCI_BUILD_NUMBER:[11.2.0.0043-2fb8d6d]
-- Building CGW libraries.
CMake Warning (dev) at cm_common/CMakeLists.txt:104 (install):
  Target cmstat has PUBLIC_HEADER files but no PUBLIC_HEADER DESTINATION.
This warning is for project developers.  Use -Wno-dev to suppress it.

CMake Warning (dev) at cm_common/CMakeLists.txt:104 (install):
  Target cmdep has PUBLIC_HEADER files but no PUBLIC_HEADER DESTINATION.
This warning is for project developers.  Use -Wno-dev to suppress it.

-- .. timezone shared library
-- .... gen_timezone executable
-- ...... source files: /home/vimkim/gh/cb/CBRD-27398-pgbuf-inspector-contract/src/executables/generate_timezone.cpp
-- .... generate timezone command
-- .... cubrid_timezones lib
  unit_tests/...
CMake Warning (dev) at /usr/share/cmake/Modules/FetchContent.cmake:1282 (message):
  The DOWNLOAD_EXTRACT_TIMESTAMP option was not given and policy CMP0135 is
  not set.  The policy's OLD behavior will be used.  When using a URL
  download, the timestamps of extracted files should preferably be that of
  the time of extraction, otherwise code that depends on the extracted
  contents might not be rebuilt if the URL changes.  The OLD behavior
  preserves the timestamps from the archive instead, but this is usually not
  what you want.  Update your project to the NEW behavior or specify the
  DOWNLOAD_EXTRACT_TIMESTAMP option with a value of true to avoid this
  robustness issue.
Call Stack (most recent call first):
  unit_tests/CMakeLists.txt:65 (FetchContent_Declare)
This warning is for project developers.  Use -Wno-dev to suppress it.

   common
    oos
    pgbuf_inspector
-- Get version information CCI_VERSION: 11.2.0.0043-2fb8d6d
-- Configuring done (0.5s)
-- Generating done (0.2s)
-- Build files have been written to: /home/vimkim/gh/cb/CBRD-27398-pgbuf-inspector-contract/build_preset_debug_gcc
[cubrid-bootstrap] Building and installing preset: debug_gcc
[0mdirenv: loading ~/gh/cb/CBRD-27398-pgbuf-inspector-contract/.envrc
Preset Mode: debug_gcc
Install Dir: /home/vimkim/.cub/install/CBRD-27398-pgbuf-inspector-contract/debug_gcc
DB Dir: /home/vimkim/.cub/db/CBRD-27398-pgbuf-inspector-contract/commondb
Build Dir: /home/vimkim/gh/cb/CBRD-27398-pgbuf-inspector-contract/build_preset_debug_gcc
[0mdirenv: loading ~/gh/cb/CBRD-27398-pgbuf-inspector-contract/.envrc
Preset Mode: debug_gcc
Install Dir: /home/vimkim/.cub/install/CBRD-27398-pgbuf-inspector-contract/debug_gcc
DB Dir: /home/vimkim/.cub/db/CBRD-27398-pgbuf-inspector-contract/commondb
Build Dir: /home/vimkim/gh/cb/CBRD-27398-pgbuf-inspector-contract/build_preset_debug_gcc
[0mdirenv: loading ~/gh/cb/CBRD-27398-pgbuf-inspector-contract/.envrc
Preset Mode: debug_gcc
Install Dir: /home/vimkim/.cub/install/CBRD-27398-pgbuf-inspector-contract/debug_gcc
DB Dir: /home/vimkim/.cub/db/CBRD-27398-pgbuf-inspector-contract/commondb
Build Dir: /home/vimkim/gh/cb/CBRD-27398-pgbuf-inspector-contract/build_preset_debug_gcc
Using JAVA_HOME JDK: /home/vimkim/.local/share/mise/installs/java/temurin-8.0.462+8
[0mdirenv: loading ~/gh/cb/CBRD-27398-pgbuf-inspector-contract/.envrc
Preset Mode: debug_gcc
Install Dir: /home/vimkim/.cub/install/CBRD-27398-pgbuf-inspector-contract/debug_gcc
DB Dir: /home/vimkim/.cub/db/CBRD-27398-pgbuf-inspector-contract/commondb
Build Dir: /home/vimkim/gh/cb/CBRD-27398-pgbuf-inspector-contract/build_preset_debug_gcc
Logging build output to: /home/vimkim/gh/cb/CBRD-27398-pgbuf-inspector-contract/build_preset_debug_gcc/build.log
[0mdirenv: loading ~/gh/cb/CBRD-27398-pgbuf-inspector-contract/.envrc
Preset Mode: debug_gcc
Install Dir: /home/vimkim/.cub/install/CBRD-27398-pgbuf-inspector-contract/debug_gcc
DB Dir: /home/vimkim/.cub/db/CBRD-27398-pgbuf-inspector-contract/commondb
Build Dir: /home/vimkim/gh/cb/CBRD-27398-pgbuf-inspector-contract/build_preset_debug_gcc
[1/831] Building CXX object sa/CMakeFiles/cubridsa.dir/__/src/base/dynamic_load.c.o
[2/831] Building CXX object sa/CMakeFiles/cubridsa.dir/__/src/executables/csql_result.c.o
[3/831] Building CXX object sa/CMakeFiles/cubridsa.dir/__/src/executables/util_common.c.o
[4/831] Building CXX object sa/CMakeFiles/cubridsa.dir/__/src/compat/cnv.c.o
[5/831] Building CXX object sa/CMakeFiles/cubridsa.dir/__/src/executables/csql_session.c.o
[6/831] Building CXX object sa/CMakeFiles/cubridsa.dir/__/src/executables/csql_result_format.c.o
[7/831] Building CXX object sa/CMakeFiles/cubridsa.dir/__/src/executables/csql_support.c.o
[8/831] Building CXX object sa/CMakeFiles/cubridsa.dir/__/src/compat/db_json_allocator.cpp.o
[9/831] Building CXX object sa/CMakeFiles/cubridsa.dir/__/src/base/hide_password.cpp.o
[10/831] Building CXX object sa/CMakeFiles/cubridsa.dir/__/src/executables/compactdb_common.c.o
[11/831] Building CXX object sa/CMakeFiles/cubridsa.dir/__/src/compat/db_old.c.o
[12/831] Building CXX object sa/CMakeFiles/cubridsa.dir/__/src/compat/db_set.c.o
[13/831] Building C object sa/CMakeFiles/cubridsa.dir/__/src/compat/dbtype_function.c.o
[14/831] Building CXX object sa/CMakeFiles/cubridsa.dir/__/src/base/encryption.c.o
[15/831] Building CXX object sa/CMakeFiles/cubridsa.dir/__/src/base/pinnable_buffer.cpp.o
[16/831] Building CXX object sa/CMakeFiles/cubridsa.dir/__/src/compat/db_virt.c.o
[17/831] Building CXX object sa/CMakeFiles/cubridsa.dir/__/src/base/databases_file.c.o
[18/831] Building CXX object sa/CMakeFiles/cubridsa.dir/__/src/heaplayers/lea_heap.c.o
[19/831] Running utility command for pl_install_jdk
[INFO] Install JDK 8
[20/831] Building CXX object sa/CMakeFiles/cubridsa.dir/__/src/compat/db_elo.c.o
[21/831] Building CXX object sa/CMakeFiles/cubridsa.dir/__/src/executables/unload_object.c.o
[22/831] Building CXX object sa/CMakeFiles/cubridsa.dir/__/src/executables/unload_object_file.c.o
[23/831] Building CXX object sa/CMakeFiles/cubridsa.dir/__/src/base/unicode_support.c.o
[24/831] Building CXX object sa/CMakeFiles/cubridsa.dir/__/src/connection/host_lookup.c.o
[25/831] Building CXX object sa/CMakeFiles/cubridsa.dir/__/src/method/method_query_util.cpp.o
[26/831] Building CXX object sa/CMakeFiles/cubridsa.dir/__/src/executables/unloaddb.c.o
[27/831] Building CXX object sa/CMakeFiles/cubridsa.dir/__/src/executables/unload_schema.c.o
[28/831] Building CXX object sa/CMakeFiles/cubridsa.dir/__/src/base/util_func.c.o
[29/831] Building CXX object sa/CMakeFiles/cubridsa.dir/__/src/base/area_alloc.c.o
[30/831] Building CXX object sa/CMakeFiles/cubridsa.dir/__/src/method/method_struct_oid_info.cpp.o
[31/831] Building CXX object sa/CMakeFiles/cubridsa.dir/__/src/method/method_query_handler.cpp.o
[32/831] Building CXX object sa/CMakeFiles/cubridsa.dir/__/src/compat/db_class.c.o
[33/831] Building CXX object sa/CMakeFiles/cubridsa.dir/__/src/compat/db_date.c.o
[34/831] Building CXX object sa/CMakeFiles/cubridsa.dir/__/src/compat/db_info.c.o
[35/831] Building CXX object sa/CMakeFiles/cubridsa.dir/__/src/compat/db_json_path.cpp.o
[36/831] Building CXX object sa/CMakeFiles/cubridsa.dir/__/src/method/method_scan.cpp.o
[37/831] Building CXX object sa/CMakeFiles/cubridsa.dir/__/src/method/method_oid_handler.cpp.o
[38/831] Building CXX object sa/CMakeFiles/cubridsa.dir/__/src/connection/tcp.c.o
[39/831] Building CXX object sa/CMakeFiles/cubridsa.dir/__/src/base/error_manager.c.o
[40/831] Building CXX object sa/CMakeFiles/cubridsa.dir/__/src/connection/connection_cl.cpp.o
[41/831] Building CXX object sa/CMakeFiles/cubridsa.dir/__/src/method/query_method.cpp.o
[42/831] Building CXX object sa/CMakeFiles/cubridsa.dir/__/src/executables/csql.c.o
[43/831] Building CXX object sa/CMakeFiles/cubridsa.dir/__/src/object/authenticate.c.o
[44/831] Building CXX object sa/CMakeFiles/cubridsa.dir/__/src/object/class_object.c.o
[45/831] Building CXX object sa/CMakeFiles/cubridsa.dir/__/src/monitor/monitor_transaction.cpp.o
[46/831] Building CXX object cs/CMakeFiles/cubridcs.dir/__/src/compat/db_json_allocator.cpp.o
[47/831] Building CXX object sa/CMakeFiles/cubridsa.dir/__/src/base/locale_support.c.o
[48/831] Building CXX object sa/CMakeFiles/cubridsa.dir/__/src/sp/pl_execution_stack_context.cpp.o
[49/831] Building CXX object sa/CMakeFiles/cubridsa.dir/__/src/query/parallel/px_query_execute/px_query_checker.cpp.o
[50/831] Building CXX object sa/CMakeFiles/cubridsa.dir/__/src/executables/util_cs.c.o
[51/831] Building CXX object sa/CMakeFiles/cubridsa.dir/__/src/object/authenticate_access_user.cpp.o
[52/831] Building CXX object sa/CMakeFiles/cubridsa.dir/__/src/connection/connection_globals.c.o
[53/831] Building CXX object sa/CMakeFiles/cubridsa.dir/__/src/base/perf_monitor_trackers.cpp.o
[54/831] Building CXX object sa/CMakeFiles/cubridsa.dir/__/src/communication/network_histogram.cpp.o
[55/831] Building CXX object sa/CMakeFiles/cubridsa.dir/__/src/base/system_parameter.c.o
[56/831] Building CXX object sa/CMakeFiles/cubridsa.dir/__/src/compat/db_method_static.cpp.o
[57/831] Building CXX object sa/CMakeFiles/cubridsa.dir/__/src/base/intl_support.c.o
[58/831] Building CXX object sa/CMakeFiles/cubridsa.dir/__/src/base/tz_compile.c.o
[59/831] Building CXX object sa/CMakeFiles/cubridsa.dir/__/src/object/authenticate_grant.cpp.o
[60/831] Building CXX object sa/CMakeFiles/cubridsa.dir/__/src/sp/pl_compile_handler.cpp.o
[61/831] Building CXX object sa/CMakeFiles/cubridsa.dir/__/src/compat/db_macro.c.o
[62/831] Building CXX object sa/CMakeFiles/cubridsa.dir/__/src/connection/client_support.cpp.o
[63/831] Building CXX object sa/CMakeFiles/cubridsa.dir/__/src/method/method_struct_value.cpp.o
[64/831] Building CXX object sa/CMakeFiles/cubridsa.dir/__/src/executables/util_sa.c.o
[65/831] Building CXX object sa/CMakeFiles/cubridsa.dir/__/src/executables/compactdb.c.o
[66/831] Building CXX object sa/CMakeFiles/cubridsa.dir/__/src/object/elo.c.o
[67/831] Building CXX object sa/CMakeFiles/cubridsa.dir/__/src/object/object_domain.c.o
[68/831] Building CXX object sa/CMakeFiles/cubridsa.dir/__/src/base/perf_monitor.c.o
[69/831] Building CXX object sa/CMakeFiles/cubridsa.dir/__/src/sp/pl_comm.c.o
[70/831] Building CXX object sa/CMakeFiles/cubridsa.dir/__/src/method/method_callback.cpp.o
[71/831] Building CXX object sa/CMakeFiles/cubridsa.dir/__/src/object/authenticate_cache.cpp.o
[72/831] Building CXX object sa/CMakeFiles/cubridsa.dir/__/src/object/authenticate_owner.cpp.o
[73/831] Building CXX object sa/CMakeFiles/cubridsa.dir/__/src/object/class_description.cpp.o
[74/831] Building CXX object sa/CMakeFiles/cubridsa.dir/__/src/compat/db_value_printer.cpp.o
[75/831] Building CXX object sa/CMakeFiles/cubridsa.dir/__/src/base/memory_hash.c.o
[76/831] Building CXX object sa/CMakeFiles/cubridsa.dir/__/src/object/authenticate_password.cpp.o
[77/831] Building CXX object sa/CMakeFiles/cubridsa.dir/__/src/object/trigger_manager.c.o
[78/831] Building CXX object sa/CMakeFiles/cubridsa.dir/__/src/base/fault_injection.c.o
[79/831] Building CXX object sa/CMakeFiles/cubridsa.dir/__/src/object/schema_system_catalog.cpp.o
[80/831] Building CXX object sa/CMakeFiles/cubridsa.dir/__/src/method/method_struct_query.cpp.o
[81/831] Building CXX object sa/CMakeFiles/cubridsa.dir/__/src/object/object_template.c.o
[82/831] Building CXX object sa/CMakeFiles/cubridsa.dir/__/src/object/authenticate_migration.cpp.o
[83/831] Building CXX object sa/CMakeFiles/cubridsa.dir/__/src/object/schema_system_catalog_install_query_spec.cpp.o
[84/831] Building CXX object sa/CMakeFiles/cubridsa.dir/__/src/base/object_representation_sr.c.o
[85/831] Building CXX object sa/CMakeFiles/cubridsa.dir/__/src/communication/network_callback_sr.cpp.o
[86/831] Building CXX object sa/CMakeFiles/cubridsa.dir/__/src/object/schema_class_truncator.cpp.o
[87/831] Building CXX object sa/CMakeFiles/cubridsa.dir/__/src/object/schema_system_catalog_builder.cpp.o
[88/831] Building CXX object sa/CMakeFiles/cubridsa.dir/__/src/object/transform.c.o
[89/831] Building CXX object sa/CMakeFiles/cubridsa.dir/__/src/query/parallel/px_scan/px_scan_checker.cpp.o
[90/831] Building CXX object sa/CMakeFiles/cubridsa.dir/__/src/connection/connection_support.cpp.o
[91/831] Building CXX object sa/CMakeFiles/cubridsa.dir/__/src/object/schema_template.c.o
[92/831] Building CXX object sa/CMakeFiles/cubridsa.dir/__/src/object/authenticate_context.cpp.o
[93/831] Building CXX object sa/CMakeFiles/cubridsa.dir/__/src/object/authenticate_access_class.cpp.o
[94/831] Building CXX object sa/CMakeFiles/cubridsa.dir/__/src/compat/db_obj.c.o
[95/831] Building CXX object sa/CMakeFiles/cubridsa.dir/__/src/object/object_print.c.o
[96/831] Building CXX object sa/CMakeFiles/cubridsa.dir/__/src/object/object_representation.c.o
[97/831] Building CXX object sa/CMakeFiles/cubridsa.dir/__/src/object/object_printer.cpp.o
[98/831] Building CXX object sa/CMakeFiles/cubridsa.dir/__/src/object/virtual_object.c.o
[99/831] Building CXX object sa/CMakeFiles/cubridsa.dir/__/src/object/trigger_description.cpp.o
[100/831] Building CXX object sa/CMakeFiles/cubridsa.dir/__/src/object/schema_information_schema_install_query_spec.cpp.o
[101/831] Building CXX object sa/CMakeFiles/cubridsa.dir/__/src/base/ddl_log.c.o
[102/831] Building CXX object sa/CMakeFiles/cubridsa.dir/__/src/base/memory_alloc.c.o
[103/831] Building CXX object sa/CMakeFiles/cubridsa.dir/__/src/base/tz_support.c.o
[104/831] Building CXX object sa/CMakeFiles/cubridsa.dir/__/src/optimizer/rewriter/query_rewrite_auto_parameterize.c.o
[105/831] Building CXX object sa/CMakeFiles/cubridsa.dir/__/src/object/schema_system_catalog_definition.cpp.o
[106/831] Building CXX object sa/CMakeFiles/cubridsa.dir/__/src/object/object_description.cpp.o
[107/831] Building CXX object sa/CMakeFiles/cubridsa.dir/__/src/object/schema_information_schema_builder.cpp.o
[108/831] Building CXX object sa/CMakeFiles/cubridsa.dir/__/src/object/schema_information_schema_install.cpp.o
[109/831] Building CXX object sa/CMakeFiles/cubridsa.dir/__/src/sp/pl_struct_compile.cpp.o
[110/831] Building CXX object sa/CMakeFiles/cubridsa.dir/__/src/object/transform_cl.c.o
[111/831] Building CXX object cs/CMakeFiles/cubridcs.dir/__/src/compat/db_info.c.o
[112/831] Building CXX object sa/CMakeFiles/cubridsa.dir/__/src/object/schema_system_catalog_install.cpp.o
[113/831] Building CXX object sa/CMakeFiles/cubridsa.dir/__/src/object/set_object.c.o
[114/831] Building CXX object sa/CMakeFiles/cubridsa.dir/__/src/object/work_space.c.o
[115/831] Building CXX object sa/CMakeFiles/cubridsa.dir/__/src/compat/db_temp.c.o
[116/831] Building C object sa/CMakeFiles/cubridsa.dir/__/csql_grammar.c.o
/home/vimkim/gh/cb/CBRD-27398-pgbuf-inspector-contract/build_preset_debug_gcc/csql_grammar.c: In function ‘yyuserAction’:
/home/vimkim/gh/cb/CBRD-27398-pgbuf-inspector-contract/build_preset_debug_gcc/csql_grammar.c:41962:80: warning: implicit conversion from ‘enum pt_currency_types’ to ‘DB_CURRENCY’ [-Wenum-conversion]
41962 |                             pt_value_set_monetary (this_parser, val, str, txt, PT_CURRENCY_YEN);
      |                                                                                ^~~~~~~~~~~~~~~
/home/vimkim/gh/cb/CBRD-27398-pgbuf-inspector-contract/build_preset_debug_gcc/csql_grammar.c:41982:80: warning: implicit conversion from ‘enum pt_currency_types’ to ‘DB_CURRENCY’ [-Wenum-conversion]
41982 |                             pt_value_set_monetary (this_parser, val, str, txt, PT_CURRENCY_DOLLAR);
      |                                                                                ^~~~~~~~~~~~~~~~~~
/home/vimkim/gh/cb/CBRD-27398-pgbuf-inspector-contract/build_preset_debug_gcc/csql_grammar.c:42002:80: warning: implicit conversion from ‘enum pt_currency_types’ to ‘DB_CURRENCY’ [-Wenum-conversion]
42002 |                             pt_value_set_monetary (this_parser, val, str, txt, PT_CURRENCY_WON);
      |                                                                                ^~~~~~~~~~~~~~~
/home/vimkim/gh/cb/CBRD-27398-pgbuf-inspector-contract/build_preset_debug_gcc/csql_grammar.c:42022:80: warning: implicit conversion from ‘enum pt_currency_types’ to ‘DB_CURRENCY’ [-Wenum-conversion]
42022 |                             pt_value_set_monetary (this_parser, val, str, txt, PT_CURRENCY_TL);
      |                                                                                ^~~~~~~~~~~~~~
/home/vimkim/gh/cb/CBRD-27398-pgbuf-inspector-contract/build_preset_debug_gcc/csql_grammar.c:42042:80: warning: implicit conversion from ‘enum pt_currency_types’ to ‘DB_CURRENCY’ [-Wenum-conversion]
42042 |                             pt_value_set_monetary (this_parser, val, str, txt, PT_CURRENCY_BRITISH_POUND);
      |                                                                                ^~~~~~~~~~~~~~~~~~~~~~~~~
/home/vimkim/gh/cb/CBRD-27398-pgbuf-inspector-contract/build_preset_debug_gcc/csql_grammar.c:42061:80: warning: implicit conversion from ‘enum pt_currency_types’ to ‘DB_CURRENCY’ [-Wenum-conversion]
42061 |                             pt_value_set_monetary (this_parser, val, str, txt, PT_CURRENCY_CAMBODIAN_RIEL);
      |                                                                                ^~~~~~~~~~~~~~~~~~~~~~~~~~
/home/vimkim/gh/cb/CBRD-27398-pgbuf-inspector-contract/build_preset_debug_gcc/csql_grammar.c:42080:80: warning: implicit conversion from ‘enum pt_currency_types’ to ‘DB_CURRENCY’ [-Wenum-conversion]
42080 |                             pt_value_set_monetary (this_parser, val, str, txt, PT_CURRENCY_CHINESE_RENMINBI);
      |                                                                                ^~~~~~~~~~~~~~~~~~~~~~~~~~~~
/home/vimkim/gh/cb/CBRD-27398-pgbuf-inspector-contract/build_preset_debug_gcc/csql_grammar.c:42099:80: warning: implicit conversion from ‘enum pt_currency_types’ to ‘DB_CURRENCY’ [-Wenum-conversion]
42099 |                             pt_value_set_monetary (this_parser, val, str, txt, PT_CURRENCY_INDIAN_RUPEE);
      |                                                                                ^~~~~~~~~~~~~~~~~~~~~~~~
/home/vimkim/gh/cb/CBRD-27398-pgbuf-inspector-contract/build_preset_debug_gcc/csql_grammar.c:42118:80: warning: implicit conversion from ‘enum pt_currency_types’ to ‘DB_CURRENCY’ [-Wenum-conversion]
42118 |                             pt_value_set_monetary (this_parser, val, str, txt, PT_CURRENCY_RUSSIAN_RUBLE);
      |                                                                                ^~~~~~~~~~~~~~~~~~~~~~~~~
/home/vimkim/gh/cb/CBRD-27398-pgbuf-inspector-contract/build_preset_debug_gcc/csql_grammar.c:42137:80: warning: implicit conversion from ‘enum pt_currency_types’ to ‘DB_CURRENCY’ [-Wenum-conversion]
42137 |                             pt_value_set_monetary (this_parser, val, str, txt, PT_CURRENCY_AUSTRALIAN_DOLLAR);
      |                                                                                ^~~~~~~~~~~~~~~~~~~~~~~~~~~~~
/home/vimkim/gh/cb/CBRD-27398-pgbuf-inspector-contract/build_preset_debug_gcc/csql_grammar.c:42156:80: warning: implicit conversion from ‘enum pt_currency_types’ to ‘DB_CURRENCY’ [-Wenum-conversion]
42156 |                             pt_value_set_monetary (this_parser, val, str, txt, PT_CURRENCY_CANADIAN_DOLLAR);
      |                                                                                ^~~~~~~~~~~~~~~~~~~~~~~~~~~
/home/vimkim/gh/cb/CBRD-27398-pgbuf-inspector-contract/build_preset_debug_gcc/csql_grammar.c:42175:80: warning: implicit conversion from ‘enum pt_currency_types’ to ‘DB_CURRENCY’ [-Wenum-conversion]
42175 |                             pt_value_set_monetary (this_parser, val, str, txt, PT_CURRENCY_BRASILIAN_REAL);
      |                                                                                ^~~~~~~~~~~~~~~~~~~~~~~~~~
/home/vimkim/gh/cb/CBRD-27398-pgbuf-inspector-contract/build_preset_debug_gcc/csql_grammar.c:42194:80: warning: implicit conversion from ‘enum pt_currency_types’ to ‘DB_CURRENCY’ [-Wenum-conversion]
42194 |                             pt_value_set_monetary (this_parser, val, str, txt, PT_CURRENCY_ROMANIAN_LEU);
      |                                                                                ^~~~~~~~~~~~~~~~~~~~~~~~
/home/vimkim/gh/cb/CBRD-27398-pgbuf-inspector-contract/build_preset_debug_gcc/csql_grammar.c:42213:80: warning: implicit conversion from ‘enum pt_currency_types’ to ‘DB_CURRENCY’ [-Wenum-conversion]
42213 |                             pt_value_set_monetary (this_parser, val, str, txt, PT_CURRENCY_EURO);
      |                                                                                ^~~~~~~~~~~~~~~~
/home/vimkim/gh/cb/CBRD-27398-pgbuf-inspector-contract/build_preset_debug_gcc/csql_grammar.c:42232:80: warning: implicit conversion from ‘enum pt_currency_types’ to ‘DB_CURRENCY’ [-Wenum-conversion]
42232 |                             pt_value_set_monetary (this_parser, val, str, txt, PT_CURRENCY_SWISS_FRANC);
      |                                                                                ^~~~~~~~~~~~~~~~~~~~~~~
/home/vimkim/gh/cb/CBRD-27398-pgbuf-inspector-contract/build_preset_debug_gcc/csql_grammar.c:42251:80: warning: implicit conversion from ‘enum pt_currency_types’ to ‘DB_CURRENCY’ [-Wenum-conversion]
42251 |                             pt_value_set_monetary (this_parser, val, str, txt, PT_CURRENCY_DANISH_KRONE);
      |                                                                                ^~~~~~~~~~~~~~~~~~~~~~~~
/home/vimkim/gh/cb/CBRD-27398-pgbuf-inspector-contract/build_preset_debug_gcc/csql_grammar.c:42270:80: warning: implicit conversion from ‘enum pt_currency_types’ to ‘DB_CURRENCY’ [-Wenum-conversion]
42270 |                             pt_value_set_monetary (this_parser, val, str, txt, PT_CURRENCY_NORWEGIAN_KRONE);
      |                                                                                ^~~~~~~~~~~~~~~~~~~~~~~~~~~
/home/vimkim/gh/cb/CBRD-27398-pgbuf-inspector-contract/build_preset_debug_gcc/csql_grammar.c:42289:80: warning: implicit conversion from ‘enum pt_currency_types’ to ‘DB_CURRENCY’ [-Wenum-conversion]
42289 |                             pt_value_set_monetary (this_parser, val, str, txt, PT_CURRENCY_BULGARIAN_LEV);
      |                                                                                ^~~~~~~~~~~~~~~~~~~~~~~~~
/home/vimkim/gh/cb/CBRD-27398-pgbuf-inspector-contract/build_preset_debug_gcc/csql_grammar.c:42308:80: warning: implicit conversion from ‘enum pt_currency_types’ to ‘DB_CURRENCY’ [-Wenum-conversion]
42308 |                             pt_value_set_monetary (this_parser, val, str, txt, PT_CURRENCY_VIETNAMESE_DONG);
      |                                                                                ^~~~~~~~~~~~~~~~~~~~~~~~~~~
/home/vimkim/gh/cb/CBRD-27398-pgbuf-inspector-contract/build_preset_debug_gcc/csql_grammar.c:42327:80: warning: implicit conversion from ‘enum pt_currency_types’ to ‘DB_CURRENCY’ [-Wenum-conversion]
42327 |                             pt_value_set_monetary (this_parser, val, str, txt, PT_CURRENCY_CZECH_KORUNA);
      |                                                                                ^~~~~~~~~~~~~~~~~~~~~~~~
/home/vimkim/gh/cb/CBRD-27398-pgbuf-inspector-contract/build_preset_debug_gcc/csql_grammar.c:42346:80: warning: implicit conversion from ‘enum pt_currency_types’ to ‘DB_CURRENCY’ [-Wenum-conversion]
42346 |                             pt_value_set_monetary (this_parser, val, str, txt, PT_CURRENCY_POLISH_ZLOTY);
      |                                                                                ^~~~~~~~~~~~~~~~~~~~~~~~
/home/vimkim/gh/cb/CBRD-27398-pgbuf-inspector-contract/build_preset_debug_gcc/csql_grammar.c:42365:80: warning: implicit conversion from ‘enum pt_currency_types’ to ‘DB_CURRENCY’ [-Wenum-conversion]
42365 |                             pt_value_set_monetary (this_parser, val, str, txt, PT_CURRENCY_SWEDISH_KRONA);
      |                                                                                ^~~~~~~~~~~~~~~~~~~~~~~~~
/home/vimkim/gh/cb/CBRD-27398-pgbuf-inspector-contract/build_preset_debug_gcc/csql_grammar.c:42384:80: warning: implicit conversion from ‘enum pt_currency_types’ to ‘DB_CURRENCY’ [-Wenum-conversion]
42384 |                             pt_value_set_monetary (this_parser, val, str, txt, PT_CURRENCY_CROATIAN_KUNA);
      |                                                                                ^~~~~~~~~~~~~~~~~~~~~~~~~
/home/vimkim/gh/cb/CBRD-27398-pgbuf-inspector-contract/build_preset_debug_gcc/csql_grammar.c:42403:80: warning: implicit conversion from ‘enum pt_currency_types’ to ‘DB_CURRENCY’ [-Wenum-conversion]
42403 |                             pt_value_set_monetary (this_parser, val, str, txt, PT_CURRENCY_SERBIAN_DINAR);
      |                                                                                ^~~~~~~~~~~~~~~~~~~~~~~~~
/home/vimkim/gh/cb/CBRD-27398-pgbuf-inspector-contract/build_preset_debug_gcc/csql_grammar.c: In function ‘pt_value_set_monetary’:
/home/vimkim/gh/cb/CBRD-27398-pgbuf-inspector-contract/build_preset_debug_gcc/csql_grammar.c:48415:42: warning: implicit conversion from ‘DB_CURRENCY’ to ‘PT_CURRENCY’ {aka ‘enum pt_currency_types’} [-Wenum-conversion]
48415 |   node->info.value.data_value.money.type = type;
      |                                          ^
[117/831] Building CXX object sa/CMakeFiles/cubridsa.dir/__/src/communication/network_callback_cl.cpp.o
[118/831] Building CXX object sa/CMakeFiles/cubridsa.dir/__/src/object/authenticate_access_auth.cpp.o
[119/831] Building C object sa/CMakeFiles/cubridsa.dir/__/csql_lexer.c.o
[120/831] Building CXX object sa/CMakeFiles/cubridsa.dir/__/src/optimizer/rewriter/query_rewrite.c.o
[121/831] Building CXX object sa/CMakeFiles/cubridsa.dir/__/src/compat/db_query.c.o
[122/831] Building CXX object sa/CMakeFiles/cubridsa.dir/__/src/optimizer/rewriter/query_rewrite_subquery.c.o
[123/831] Building CXX object sa/CMakeFiles/cubridsa.dir/__/src/query/cursor.c.o
[124/831] Building CXX object sa/CMakeFiles/cubridsa.dir/__/src/sp/pl_sr.cpp.o
[125/831] Building CXX object sa/CMakeFiles/cubridsa.dir/__/src/compat/db_vdb.c.o
[126/831] Building CXX object sa/CMakeFiles/cubridsa.dir/__/src/parser/method_transform.c.o
[127/831] Building CXX object sa/CMakeFiles/cubridsa.dir/__/src/query/dblink_2pc.c.o
[128/831] Building CXX object sa/CMakeFiles/cubridsa.dir/__/src/optimizer/rewriter/query_rewrite_term.c.o
[129/831] Building CXX object sa/CMakeFiles/cubridsa.dir/__/src/sp/pl_connection.cpp.o
[130/831] Building CXX object sa/CMakeFiles/cubridsa.dir/__/src/query/string_regex.cpp.o
[131/831] Building CXX object sa/CMakeFiles/cubridsa.dir/__/src/optimizer/rewriter/query_rewrite_set.c.o
[132/831] Building CXX object sa/CMakeFiles/cubridsa.dir/__/src/object/deduplicate_key.c.o
[133/831] Building CXX object sa/CMakeFiles/cubridsa.dir/__/src/object/object_accessor.c.o
[134/831] Building CXX object sa/CMakeFiles/cubridsa.dir/__/src/query/regu_var.cpp.o
[135/831] Building CXX object sa/CMakeFiles/cubridsa.dir/__/src/query/vacuum_oos.cpp.o
[136/831] Building CXX object sa/CMakeFiles/cubridsa.dir/__/src/compat/db_admin.c.o
[137/831] Building CXX object sa/CMakeFiles/cubridsa.dir/__/src/object/object_primitive.c.o
[138/831] Building CXX object sa/CMakeFiles/cubridsa.dir/__/src/parser/cnf.c.o
[139/831] Building CXX object sa/CMakeFiles/cubridsa.dir/__/src/query/arithmetic.c.o
[140/831] Building CXX object sa/CMakeFiles/cubridsa.dir/__/src/parser/compile.c.o
[141/831] Building CXX object sa/CMakeFiles/cubridsa.dir/__/src/query/show_scan.c.o
[142/831] Building CXX object sa/CMakeFiles/cubridsa.dir/__/src/base/language_support.c.o
[143/831] Building CXX object sa/CMakeFiles/cubridsa.dir/__/src/query/crypt_opfunc.c.o
[144/831] Building CXX object sa/CMakeFiles/cubridsa.dir/__/src/parser/parse_type.cpp.o
[145/831] Building CXX object sa/CMakeFiles/cubridsa.dir/__/src/parser/parse_evaluate.c.o
[146/831] Building CXX object sa/CMakeFiles/cubridsa.dir/__/src/parser/parse_tree.c.o
[147/831] Building CXX object sa/CMakeFiles/cubridsa.dir/__/src/parser/scanner_support.c.o
[148/831] Building CXX object sa/CMakeFiles/cubridsa.dir/__/src/parser/parser_allocator.cpp.o
[149/831] Building CXX object sa/CMakeFiles/cubridsa.dir/__/src/sp/method_invoke_group.cpp.o
[150/831] Building CXX object sa/CMakeFiles/cubridsa.dir/__/src/query/list_file.c.o
[151/831] Building CXX object sa/CMakeFiles/cubridsa.dir/__/src/sp/pl_executor.cpp.o
[152/831] Building CXX object sa/CMakeFiles/cubridsa.dir/__/src/sp/pl_query_cursor.cpp.o
[153/831] Building CXX object sa/CMakeFiles/cubridsa.dir/__/src/sp/sp_code.cpp.o
[154/831] Building CXX object sa/CMakeFiles/cubridsa.dir/__/src/object/schema_manager.c.o
[155/831] Building CXX object sa/CMakeFiles/cubridsa.dir/__/src/sp/jsp_cl.cpp.o
[156/831] Building CXX object sa/CMakeFiles/cubridsa.dir/__/src/optimizer/rewriter/query_rewrite_select.c.o
[157/831] Building CXX object sa/CMakeFiles/cubridsa.dir/__/src/thread/thread_entry_task.cpp.o
[158/831] Building CXX object sa/CMakeFiles/cubridsa.dir/__/src/communication/network_interface_cl.c.o
[159/831] Building CXX object sa/CMakeFiles/cubridsa.dir/__/src/query/query_hash_scan.c.o
[160/831] Building CXX object sa/CMakeFiles/cubridsa.dir/__/src/query/set_scan.c.o
[161/831] Building CXX object sa/CMakeFiles/cubridsa.dir/__/src/transaction/flashback.c.o
[162/831] Building CXX object sa/CMakeFiles/cubridsa.dir/__/src/query/xasl_to_stream.c.o
[163/831] Building CXX object sa/CMakeFiles/cubridsa.dir/__/src/parser/double_byte_support.c.o
[164/831] Building CXX object sa/CMakeFiles/cubridsa.dir/__/src/query/numeric_opfunc.c.o
[165/831] Building CXX object sa/CMakeFiles/cubridsa.dir/__/src/query/subquery_cache.c.o
[166/831] Building CXX object sa/CMakeFiles/cubridsa.dir/__/src/optimizer/query_planner.c.o
[167/831] Building CXX object sa/CMakeFiles/cubridsa.dir/__/src/query/query_reevaluation.cpp.o
[168/831] Building CXX object sa/CMakeFiles/cubridsa.dir/__/src/optimizer/plan_generation.c.o
[169/831] Building CXX object sa/CMakeFiles/cubridsa.dir/__/src/query/vacuum.c.o
[170/831] Building CXX object sa/CMakeFiles/cubridsa.dir/__/src/transaction/log_append.cpp.o
[171/831] Building CXX object sa/CMakeFiles/cubridsa.dir/__/src/query/query_cl.c.o
[172/831] Building CXX object sa/CMakeFiles/cubridsa.dir/__/src/transaction/log_comm.c.o
[173/831] Building CXX object sa/CMakeFiles/cubridsa.dir/__/src/transaction/log_compress.c.o
[174/831] Building CXX object sa/CMakeFiles/cubridsa.dir/__/src/parser/keyword.c.o
[175/831] Building CXX object sa/CMakeFiles/cubridsa.dir/__/src/transaction/log_global.c.o
[176/831] Building CXX object sa/CMakeFiles/cubridsa.dir/__/src/query/xasl_cache.c.o
[177/831] Building CXX object sa/CMakeFiles/cubridsa.dir/__/src/parser/name_resolution.c.o
[178/831] Building CXX object sa/CMakeFiles/cubridsa.dir/__/src/transaction/log_postpone_cache.cpp.o
[179/831] Building CXX object sa/CMakeFiles/cubridsa.dir/__/src/transaction/log_recovery_redo.cpp.o
[180/831] Building CXX object sa/CMakeFiles/cubridsa.dir/__/src/parser/query_result.c.o
[181/831] Building CXX object sa/CMakeFiles/cubridsa.dir/__/src/parser/parse_dbi.c.o
[182/831] Building CXX object sa/CMakeFiles/cubridsa.dir/__/src/query/query_aggregate.cpp.o
[183/831] Building CXX object sa/CMakeFiles/cubridsa.dir/__/src/optimizer/query_graph.c.o
[184/831] Building CXX object sa/CMakeFiles/cubridsa.dir/__/src/parser/show_meta.c.o
[185/831] Building CXX object sa/CMakeFiles/cubridsa.dir/__/src/transaction/mvcc.c.o
[186/831] Building CXX object sa/CMakeFiles/cubridsa.dir/__/src/parser/semantic_check.c.o
[187/831] Building CXX object sa/CMakeFiles/cubridsa.dir/__/src/parser/xasl_regu_alloc.cpp.o
[188/831] Building CXX object sa/CMakeFiles/cubridsa.dir/__/src/parser/xasl_generation.c.o
[189/831] Building CXX object sa/CMakeFiles/cubridsa.dir/__/src/transaction/mvcc_active_tran.cpp.o
[190/831] Building CXX object sa/CMakeFiles/cubridsa.dir/__/src/transaction/log_writer.c.o
[191/831] Building CXX object sa/CMakeFiles/cubridsa.dir/__/src/transaction/mvcc_table.cpp.o
[192/831] Building CXX object sa/CMakeFiles/cubridsa.dir/__/src/transaction/replication.c.o
[193/831] Building CXX object sa/CMakeFiles/cubridsa.dir/__/src/thread/thread_lockfree_hash_map.cpp.o
[194/831] Building CXX object sa/CMakeFiles/cubridsa.dir/__/src/transaction/transaction_cl.c.o
[195/831] Building CXX object sa/CMakeFiles/cubridsa.dir/__/src/transaction/recovery.c.o
[196/831] Building CXX object sa/CMakeFiles/cubridsa.dir/__/src/query/scan_json_table.cpp.o
[197/831] Building CXX object sa/CMakeFiles/cubridsa.dir/__/src/transaction/transaction_transient.cpp.o
[198/831] Building CXX object sa/CMakeFiles/cubridsa.dir/__/src/query/fetch.c.o
[199/831] Building CXX object sa/CMakeFiles/cubridsa.dir/__/src/query/scan_manager.c.o
[200/831] Building CXX object sa/CMakeFiles/cubridsa.dir/__/src/transaction/transaction_sr.c.o
[201/831] Building CXX object sa/CMakeFiles/cubridsa.dir/__/src/transaction/boot_cl.c.o
[202/831] Building CXX object sa/CMakeFiles/cubridsa.dir/__/load_grammar.cpp.o
[203/831] Building CXX object sa/CMakeFiles/cubridsa.dir/__/src/thread/thread_manager.cpp.o
[204/831] Building CXX object sa/CMakeFiles/cubridsa.dir/__/src/query/query_evaluator.c.o
[205/831] Building CXX object sa/CMakeFiles/cubridsa.dir/__/src/optimizer/histogram/histogram_reader.cpp.o
[206/831] Building CXX object sa/CMakeFiles/cubridsa.dir/__/src/query/execute_statement.c.o
[207/831] Building CXX object sa/CMakeFiles/cubridsa.dir/__/src/query/partition.c.o
[208/831] Building CXX object sa/CMakeFiles/cubridsa.dir/__/src/optimizer/histogram/histogram_builder.cpp.o
[209/831] Building CXX object sa/CMakeFiles/cubridsa.dir/__/src/optimizer/histogram/histogram_cl.cpp.o
[210/831] Building CXX object sa/CMakeFiles/cubridsa.dir/__/src/query/dblink_scan.c.o
[211/831] Building CXX object sa/CMakeFiles/cubridsa.dir/__/src/query/execute_schema.c.o
[212/831] Building CXX object sa/CMakeFiles/cubridsa.dir/__/src/transaction/boot_sr.c.o
[213/831] Building CXX object sa/CMakeFiles/cubridsa.dir/__/src/query/query_analytic.cpp.o
[214/831] Building CXX object sa/CMakeFiles/cubridsa.dir/__/src/optimizer/histogram/histogram_sampler_sr.cpp.o
[215/831] Building CXX object sa/CMakeFiles/cubridsa.dir/__/src/query/string_opfunc.c.o
[216/831] Building CXX object sa/CMakeFiles/cubridsa.dir/__/src/query/query_dump.c.o
[217/831] Building CXX object sa/CMakeFiles/cubridsa.dir/__/src/query/stream_to_xasl.c.o
[218/831] Building CXX object sa/CMakeFiles/cubridsa.dir/__/src/transaction/lock_manager.c.o
[219/831] Building CXX object sa/CMakeFiles/cubridsa.dir/__/src/transaction/locator_sr.c.o
[220/831] Building CXX object cubrid/CMakeFiles/cubrid.dir/__/src/storage/compactdb_sr.c.o
[221/831] Building CXX object sa/CMakeFiles/cubridsa.dir/__/src/query/query_opfunc.c.o
[222/831] Building CXX object sa/CMakeFiles/cubridsa.dir/__/src/query/query_hash_join.c.o
[223/831] Building CXX object cubrid/CMakeFiles/cubrid.dir/__/src/storage/btree_load.c.o
[224/831] Building CXX object sa/CMakeFiles/cubridsa.dir/__/src/compat/db_json.cpp.o
[225/831] Building CXX object sa/CMakeFiles/cubridsa.dir/__/src/transaction/log_2pc.c.o
[226/831] Building CXX object sa/CMakeFiles/cubridsa.dir/__/src/query/query_manager.c.o
[227/831] Building CXX object sa/CMakeFiles/cubridsa.dir/__/src/parser/parse_tree_cl.c.o
[228/831] Building CXX object sa/CMakeFiles/cubridsa.dir/__/src/storage/es_posix.c.o
[229/831] Building CXX object sa/CMakeFiles/cubridsa.dir/__/src/parser/func_type.cpp.o
[230/831] Building CXX object sa/CMakeFiles/cubridsa.dir/__/src/transaction/log_page_buffer.c.o
[231/831] Building CXX object sa/CMakeFiles/cubridsa.dir/__/src/parser/parser_support.c.o
[232/831] Building CXX object sa/CMakeFiles/cubridsa.dir/__/src/storage/es.c.o
[233/831] Building CXX object sa/CMakeFiles/cubridsa.dir/__/src/storage/ftab_set.cpp.o
[234/831] Building CXX object sa/CMakeFiles/cubridsa.dir/__/src/transaction/log_system_tran.cpp.o
[235/831] Building CXX object sa/CMakeFiles/cubridsa.dir/__/src/transaction/log_recovery.c.o
[236/831] Building CXX object sa/CMakeFiles/cubridsa.dir/__/src/storage/overflow_file.c.o
[237/831] Building CXX object sa/CMakeFiles/cubridsa.dir/__/src/storage/record_descriptor.cpp.o
[238/831] Building CXX object sa/CMakeFiles/cubridsa.dir/__/src/xasl/xasl_iteration.cpp.o
[239/831] Building CXX object sa/CMakeFiles/cubridsa.dir/__/src/transaction/log_tran_table.c.o
[240/831] Building CXX object sa/CMakeFiles/cubridsa.dir/__/src/parser/type_checking.c.o
[241/831] Building CXX object sa/CMakeFiles/cubridsa.dir/__/src/storage/storage_common.c.o
[242/831] Building CXX object sa/CMakeFiles/cubridsa.dir/__/src/parser/view_transform.c.o
[243/831] Building CXX object sa/CMakeFiles/cubridsa.dir/__/src/storage/statistics_sr.c.o
[244/831] Building CXX object sa/CMakeFiles/cubridsa.dir/__/src/xasl/access_json_table.cpp.o
[245/831] Building CXX object sa/CMakeFiles/cubridsa.dir/__/src/sp/pl_session.cpp.o
[246/831] Building CXX object sa/CMakeFiles/cubridsa.dir/__/src/query/query_executor.c.o
[247/831] Building CXX object sa/CMakeFiles/cubridsa.dir/__/src/xasl/xasl_analytic.cpp.o
[248/831] Building CXX object sa/CMakeFiles/cubridsa.dir/__/src/thread/thread_entry.cpp.o
[249/831] Building CXX object sa/CMakeFiles/cubridsa.dir/__/src/xasl/xasl_predicate.cpp.o
[250/831] Building CXX object sa/CMakeFiles/cubridsa.dir/__/src/query/serial.c.o
[251/831] Building CXX object sa/CMakeFiles/cubridsa.dir/__/src/loaddb/load_object_table.c.o
[252/831] Building CXX object sa/CMakeFiles/cubridsa.dir/__/src/query/filter_pred_cache.c.o
[253/831] Building CXX object cs/CMakeFiles/cubridcs.dir/__/src/compat/db_json.cpp.o
[254/831] Building CXX object cs/CMakeFiles/cubridcs.dir/__/src/executables/csql_result.c.o
[255/831] Building CXX object sa/CMakeFiles/cubridsa.dir/__/src/session/session_sr.c.o
[256/831] Building CXX object cs/CMakeFiles/cubridcs.dir/__/src/executables/csql_support.c.o
[257/831] Building CXX object cs/CMakeFiles/cubridcs.dir/__/src/executables/csql.c.o
[258/831] Building CXX object cs/CMakeFiles/cubridcs.dir/__/src/executables/compactdb_common.c.o
[259/831] Building CXX object sa/CMakeFiles/cubridsa.dir/__/src/query/memoize.cpp.o
[260/831] Building CXX object cs/CMakeFiles/cubridcs.dir/__/src/executables/util_common.c.o
[261/831] Building CXX object cs/CMakeFiles/cubridcs.dir/__/src/executables/compactdb_cl.c.o
[262/831] Building CXX object cs/CMakeFiles/cubridcs.dir/__/src/executables/unload_object_file.c.o
[263/831] Building CXX object sa/CMakeFiles/cubridsa.dir/__/src/transaction/locator_cl.c.o
[264/831] Building CXX object sa/CMakeFiles/cubridsa.dir/__/src/sp/sp_catalog.cpp.o
[265/831] Building CXX object sa/CMakeFiles/cubridsa.dir/__/src/storage/catalog_class.c.o
[266/831] Building CXX object cs/CMakeFiles/cubridcs.dir/__/src/compat/db_macro.c.o
[267/831] Building CXX object cs/CMakeFiles/cubridcs.dir/__/src/compat/cnv.c.o
[268/831] Building CXX object sa/CMakeFiles/cubridsa.dir/__/src/storage/btree_load.c.o
[269/831] Building CXX object cs/CMakeFiles/cubridcs.dir/__/src/compat/db_elo.c.o
[270/831] Building CXX object sa/CMakeFiles/cubridsa.dir/__/src/storage/disk_manager.c.o
[271/831] Building CXX object cs/CMakeFiles/cubridcs.dir/__/src/compat/db_query.c.o
[272/831] Building CXX object cs/CMakeFiles/cubridcs.dir/__/src/compat/db_obj.c.o
[273/831] Building CXX object cs/CMakeFiles/cubridcs.dir/__/src/compat/db_old.c.o
[274/831] Building CXX object sa/CMakeFiles/cubridsa.dir/__/src/storage/extendible_hash.c.o
[275/831] Building CXX object sa/CMakeFiles/cubridsa.dir/__/src/storage/external_sort.c.o
[276/831] Building CXX object sa/CMakeFiles/cubridsa.dir/__/src/storage/file_io.c.o
[277/831] Building CXX object cs/CMakeFiles/cubridcs.dir/__/src/base/area_alloc.c.o
[278/831] Building CXX object cs/CMakeFiles/cubridcs.dir/__/src/compat/db_value_printer.cpp.o
[279/831] Building CXX object cs/CMakeFiles/cubridcs.dir/__/src/compat/db_virt.c.o
[280/831] Building CXX object sa/CMakeFiles/cubridsa.dir/__/src/storage/heap_oos.cpp.o
[281/831] Building C object cs/CMakeFiles/cubridcs.dir/__/src/compat/dbtype_function.c.o
[282/831] Building CXX object cs/CMakeFiles/cubridcs.dir/__/src/base/databases_file.c.o
[283/831] Building CXX object cs/CMakeFiles/cubridcs.dir/__/src/base/fault_injection.c.o
[284/831] Building CXX object cs/CMakeFiles/cubridcs.dir/__/src/base/error_manager.c.o
[285/831] Building CXX object cs/CMakeFiles/cubridcs.dir/__/src/base/language_support.c.o
[286/831] Building CXX object cs/CMakeFiles/cubridcs.dir/__/src/base/intl_support.c.o
[287/831] Building CXX object cs/CMakeFiles/cubridcs.dir/__/src/base/locale_support.c.o
[288/831] Building CXX object sa/CMakeFiles/cubridsa.dir/__/src/storage/statistics_cl.c.o
[289/831] Building CXX object cs/CMakeFiles/cubridcs.dir/__/src/base/hide_password.cpp.o
[290/831] Building CXX object cs/CMakeFiles/cubridcs.dir/__/src/base/memory_alloc.c.o
[291/831] Building CXX object cs/CMakeFiles/cubridcs.dir/__/src/base/pinnable_buffer.cpp.o
[292/831] Building CXX object cs/CMakeFiles/cubridcs.dir/__/src/base/memory_hash.c.o
[293/831] Building CXX object sa/CMakeFiles/cubridsa.dir/__/src/storage/tde.c.o
[294/831] Building CXX object cs/CMakeFiles/cubridcs.dir/__/src/base/unicode_support.c.o
[295/831] Building CXX object sa/CMakeFiles/cubridsa.dir/__/src/xasl/xasl_stream.cpp.o
[296/831] Building CXX object cs/CMakeFiles/cubridcs.dir/__/src/base/util_func.c.o
[297/831] Building CXX object sa/CMakeFiles/cubridsa.dir/__/src/loaddb/load_object.c.o
[298/831] Building CXX object cs/CMakeFiles/cubridcs.dir/__/src/base/dynamic_load.c.o
[299/831] Building CXX object cs/CMakeFiles/cubridcs.dir/__/src/communication/network_callback_cl.cpp.o
[300/831] Building CXX object cs/CMakeFiles/cubridcs.dir/__/src/executables/csql_session.c.o
[301/831] Building CXX object cs/CMakeFiles/cubridcs.dir/__/src/communication/network_histogram.cpp.o
[302/831] Building CXX object cs/CMakeFiles/cubridcs.dir/__/src/connection/connection_cl.cpp.o
[303/831] Building CXX object cs/CMakeFiles/cubridcs.dir/__/src/connection/connection_globals.c.o
[304/831] Building CXX object cs/CMakeFiles/cubridcs.dir/__/src/executables/csql_result_format.c.o
[305/831] Building CXX object cs/CMakeFiles/cubridcs.dir/__/src/communication/network_cl.c.o
[306/831] Building CXX object cs/CMakeFiles/cubridcs.dir/__/src/connection/host_lookup.c.o
[307/831] Building CXX object cs/CMakeFiles/cubridcs.dir/__/src/connection/client_support.cpp.o
[308/831] Building CXX object cs/CMakeFiles/cubridcs.dir/__/src/connection/heartbeat.c.o
[309/831] Building CXX object cs/CMakeFiles/cubridcs.dir/__/src/connection/tcp.c.o
[310/831] Building CXX object cs/CMakeFiles/cubridcs.dir/__/src/executables/unload_object.c.o
[311/831] Building CXX object cs/CMakeFiles/cubridcs.dir/__/src/connection/connection_support.cpp.o
[312/831] Building CXX object sa/CMakeFiles/cubridsa.dir/__/src/storage/bestspace.cpp.o
[313/831] Building CXX object cs/CMakeFiles/cubridcs.dir/__/src/executables/unloaddb.c.o
[314/831] Building CXX object cs/CMakeFiles/cubridcs.dir/__/src/executables/unload_schema.c.o
[315/831] Building CXX object cs/CMakeFiles/cubridcs.dir/__/src/heaplayers/lea_heap.c.o
[316/831] Building CXX object cs/CMakeFiles/cubridcs.dir/__/src/object/authenticate_context.cpp.o
[317/831] Building CXX object cs/CMakeFiles/cubridcs.dir/__/src/compat/db_method_static.cpp.o
[318/831] Building CXX object cs/CMakeFiles/cubridcs.dir/__/src/parser/double_byte_support.c.o
[319/831] Building C object cs/CMakeFiles/cubridcs.dir/__/csql_lexer.c.o
[320/831] Building CXX object cs/CMakeFiles/cubridcs.dir/__/src/object/authenticate.c.o
[321/831] Building CXX object sa/CMakeFiles/cubridsa.dir/__/src/storage/btree.c.o
[322/831] Building CXX object cs/CMakeFiles/cubridcs.dir/__/src/parser/compile.c.o
[323/831] Building C object cs/CMakeFiles/cubridcs.dir/__/csql_grammar.c.o
/home/vimkim/gh/cb/CBRD-27398-pgbuf-inspector-contract/build_preset_debug_gcc/csql_grammar.c: In function ‘yyuserAction’:
/home/vimkim/gh/cb/CBRD-27398-pgbuf-inspector-contract/build_preset_debug_gcc/csql_grammar.c:41962:80: warning: implicit conversion from ‘enum pt_currency_types’ to ‘DB_CURRENCY’ [-Wenum-conversion]
41962 |                             pt_value_set_monetary (this_parser, val, str, txt, PT_CURRENCY_YEN);
      |                                                                                ^~~~~~~~~~~~~~~
/home/vimkim/gh/cb/CBRD-27398-pgbuf-inspector-contract/build_preset_debug_gcc/csql_grammar.c:41982:80: warning: implicit conversion from ‘enum pt_currency_types’ to ‘DB_CURRENCY’ [-Wenum-conversion]
41982 |                             pt_value_set_monetary (this_parser, val, str, txt, PT_CURRENCY_DOLLAR);
      |                                                                                ^~~~~~~~~~~~~~~~~~
/home/vimkim/gh/cb/CBRD-27398-pgbuf-inspector-contract/build_preset_debug_gcc/csql_grammar.c:42002:80: warning: implicit conversion from ‘enum pt_currency_types’ to ‘DB_CURRENCY’ [-Wenum-conversion]
42002 |                             pt_value_set_monetary (this_parser, val, str, txt, PT_CURRENCY_WON);
      |                                                                                ^~~~~~~~~~~~~~~
/home/vimkim/gh/cb/CBRD-27398-pgbuf-inspector-contract/build_preset_debug_gcc/csql_grammar.c:42022:80: warning: implicit conversion from ‘enum pt_currency_types’ to ‘DB_CURRENCY’ [-Wenum-conversion]
42022 |                             pt_value_set_monetary (this_parser, val, str, txt, PT_CURRENCY_TL);
      |                                                                                ^~~~~~~~~~~~~~
/home/vimkim/gh/cb/CBRD-27398-pgbuf-inspector-contract/build_preset_debug_gcc/csql_grammar.c:42042:80: warning: implicit conversion from ‘enum pt_currency_types’ to ‘DB_CURRENCY’ [-Wenum-conversion]
42042 |                             pt_value_set_monetary (this_parser, val, str, txt, PT_CURRENCY_BRITISH_POUND);
      |                                                                                ^~~~~~~~~~~~~~~~~~~~~~~~~
/home/vimkim/gh/cb/CBRD-27398-pgbuf-inspector-contract/build_preset_debug_gcc/csql_grammar.c:42061:80: warning: implicit conversion from ‘enum pt_currency_types’ to ‘DB_CURRENCY’ [-Wenum-conversion]
42061 |                             pt_value_set_monetary (this_parser, val, str, txt, PT_CURRENCY_CAMBODIAN_RIEL);
      |                                                                                ^~~~~~~~~~~~~~~~~~~~~~~~~~
/home/vimkim/gh/cb/CBRD-27398-pgbuf-inspector-contract/build_preset_debug_gcc/csql_grammar.c:42080:80: warning: implicit conversion from ‘enum pt_currency_types’ to ‘DB_CURRENCY’ [-Wenum-conversion]
42080 |                             pt_value_set_monetary (this_parser, val, str, txt, PT_CURRENCY_CHINESE_RENMINBI);
      |                                                                                ^~~~~~~~~~~~~~~~~~~~~~~~~~~~
/home/vimkim/gh/cb/CBRD-27398-pgbuf-inspector-contract/build_preset_debug_gcc/csql_grammar.c:42099:80: warning: implicit conversion from ‘enum pt_currency_types’ to ‘DB_CURRENCY’ [-Wenum-conversion]
42099 |                             pt_value_set_monetary (this_parser, val, str, txt, PT_CURRENCY_INDIAN_RUPEE);
      |                                                                                ^~~~~~~~~~~~~~~~~~~~~~~~
/home/vimkim/gh/cb/CBRD-27398-pgbuf-inspector-contract/build_preset_debug_gcc/csql_grammar.c:42118:80: warning: implicit conversion from ‘enum pt_currency_types’ to ‘DB_CURRENCY’ [-Wenum-conversion]
42118 |                             pt_value_set_monetary (this_parser, val, str, txt, PT_CURRENCY_RUSSIAN_RUBLE);
      |                                                                                ^~~~~~~~~~~~~~~~~~~~~~~~~
/home/vimkim/gh/cb/CBRD-27398-pgbuf-inspector-contract/build_preset_debug_gcc/csql_grammar.c:42137:80: warning: implicit conversion from ‘enum pt_currency_types’ to ‘DB_CURRENCY’ [-Wenum-conversion]
42137 |                             pt_value_set_monetary (this_parser, val, str, txt, PT_CURRENCY_AUSTRALIAN_DOLLAR);
      |                                                                                ^~~~~~~~~~~~~~~~~~~~~~~~~~~~~
/home/vimkim/gh/cb/CBRD-27398-pgbuf-inspector-contract/build_preset_debug_gcc/csql_grammar.c:42156:80: warning: implicit conversion from ‘enum pt_currency_types’ to ‘DB_CURRENCY’ [-Wenum-conversion]
42156 |                             pt_value_set_monetary (this_parser, val, str, txt, PT_CURRENCY_CANADIAN_DOLLAR);
      |                                                                                ^~~~~~~~~~~~~~~~~~~~~~~~~~~
/home/vimkim/gh/cb/CBRD-27398-pgbuf-inspector-contract/build_preset_debug_gcc/csql_grammar.c:42175:80: warning: implicit conversion from ‘enum pt_currency_types’ to ‘DB_CURRENCY’ [-Wenum-conversion]
42175 |                             pt_value_set_monetary (this_parser, val, str, txt, PT_CURRENCY_BRASILIAN_REAL);
      |                                                                                ^~~~~~~~~~~~~~~~~~~~~~~~~~
/home/vimkim/gh/cb/CBRD-27398-pgbuf-inspector-contract/build_preset_debug_gcc/csql_grammar.c:42194:80: warning: implicit conversion from ‘enum pt_currency_types’ to ‘DB_CURRENCY’ [-Wenum-conversion]
42194 |                             pt_value_set_monetary (this_parser, val, str, txt, PT_CURRENCY_ROMANIAN_LEU);
      |                                                                                ^~~~~~~~~~~~~~~~~~~~~~~~
/home/vimkim/gh/cb/CBRD-27398-pgbuf-inspector-contract/build_preset_debug_gcc/csql_grammar.c:42213:80: warning: implicit conversion from ‘enum pt_currency_types’ to ‘DB_CURRENCY’ [-Wenum-conversion]
42213 |                             pt_value_set_monetary (this_parser, val, str, txt, PT_CURRENCY_EURO);
      |                                                                                ^~~~~~~~~~~~~~~~
/home/vimkim/gh/cb/CBRD-27398-pgbuf-inspector-contract/build_preset_debug_gcc/csql_grammar.c:42232:80: warning: implicit conversion from ‘enum pt_currency_types’ to ‘DB_CURRENCY’ [-Wenum-conversion]
42232 |                             pt_value_set_monetary (this_parser, val, str, txt, PT_CURRENCY_SWISS_FRANC);
      |                                                                                ^~~~~~~~~~~~~~~~~~~~~~~
/home/vimkim/gh/cb/CBRD-27398-pgbuf-inspector-contract/build_preset_debug_gcc/csql_grammar.c:42251:80: warning: implicit conversion from ‘enum pt_currency_types’ to ‘DB_CURRENCY’ [-Wenum-conversion]
42251 |                             pt_value_set_monetary (this_parser, val, str, txt, PT_CURRENCY_DANISH_KRONE);
      |                                                                                ^~~~~~~~~~~~~~~~~~~~~~~~
/home/vimkim/gh/cb/CBRD-27398-pgbuf-inspector-contract/build_preset_debug_gcc/csql_grammar.c:42270:80: warning: implicit conversion from ‘enum pt_currency_types’ to ‘DB_CURRENCY’ [-Wenum-conversion]
42270 |                             pt_value_set_monetary (this_parser, val, str, txt, PT_CURRENCY_NORWEGIAN_KRONE);
      |                                                                                ^~~~~~~~~~~~~~~~~~~~~~~~~~~
/home/vimkim/gh/cb/CBRD-27398-pgbuf-inspector-contract/build_preset_debug_gcc/csql_grammar.c:42289:80: warning: implicit conversion from ‘enum pt_currency_types’ to ‘DB_CURRENCY’ [-Wenum-conversion]
42289 |                             pt_value_set_monetary (this_parser, val, str, txt, PT_CURRENCY_BULGARIAN_LEV);
      |                                                                                ^~~~~~~~~~~~~~~~~~~~~~~~~
/home/vimkim/gh/cb/CBRD-27398-pgbuf-inspector-contract/build_preset_debug_gcc/csql_grammar.c:42308:80: warning: implicit conversion from ‘enum pt_currency_types’ to ‘DB_CURRENCY’ [-Wenum-conversion]
42308 |                             pt_value_set_monetary (this_parser, val, str, txt, PT_CURRENCY_VIETNAMESE_DONG);
      |                                                                                ^~~~~~~~~~~~~~~~~~~~~~~~~~~
/home/vimkim/gh/cb/CBRD-27398-pgbuf-inspector-contract/build_preset_debug_gcc/csql_grammar.c:42327:80: warning: implicit conversion from ‘enum pt_currency_types’ to ‘DB_CURRENCY’ [-Wenum-conversion]
42327 |                             pt_value_set_monetary (this_parser, val, str, txt, PT_CURRENCY_CZECH_KORUNA);
      |                                                                                ^~~~~~~~~~~~~~~~~~~~~~~~
/home/vimkim/gh/cb/CBRD-27398-pgbuf-inspector-contract/build_preset_debug_gcc/csql_grammar.c:42346:80: warning: implicit conversion from ‘enum pt_currency_types’ to ‘DB_CURRENCY’ [-Wenum-conversion]
42346 |                             pt_value_set_monetary (this_parser, val, str, txt, PT_CURRENCY_POLISH_ZLOTY);
      |                                                                                ^~~~~~~~~~~~~~~~~~~~~~~~
/home/vimkim/gh/cb/CBRD-27398-pgbuf-inspector-contract/build_preset_debug_gcc/csql_grammar.c:42365:80: warning: implicit conversion from ‘enum pt_currency_types’ to ‘DB_CURRENCY’ [-Wenum-conversion]
42365 |                             pt_value_set_monetary (this_parser, val, str, txt, PT_CURRENCY_SWEDISH_KRONA);
      |                                                                                ^~~~~~~~~~~~~~~~~~~~~~~~~
/home/vimkim/gh/cb/CBRD-27398-pgbuf-inspector-contract/build_preset_debug_gcc/csql_grammar.c:42384:80: warning: implicit conversion from ‘enum pt_currency_types’ to ‘DB_CURRENCY’ [-Wenum-conversion]
42384 |                             pt_value_set_monetary (this_parser, val, str, txt, PT_CURRENCY_CROATIAN_KUNA);
      |                                                                                ^~~~~~~~~~~~~~~~~~~~~~~~~
/home/vimkim/gh/cb/CBRD-27398-pgbuf-inspector-contract/build_preset_debug_gcc/csql_grammar.c:42403:80: warning: implicit conversion from ‘enum pt_currency_types’ to ‘DB_CURRENCY’ [-Wenum-conversion]
42403 |                             pt_value_set_monetary (this_parser, val, str, txt, PT_CURRENCY_SERBIAN_DINAR);
      |                                                                                ^~~~~~~~~~~~~~~~~~~~~~~~~
/home/vimkim/gh/cb/CBRD-27398-pgbuf-inspector-contract/build_preset_debug_gcc/csql_grammar.c: In function ‘pt_value_set_monetary’:
/home/vimkim/gh/cb/CBRD-27398-pgbuf-inspector-contract/build_preset_debug_gcc/csql_grammar.c:48415:42: warning: implicit conversion from ‘DB_CURRENCY’ to ‘PT_CURRENCY’ {aka ‘enum pt_currency_types’} [-Wenum-conversion]
48415 |   node->info.value.data_value.money.type = type;
      |                                          ^
[324/831] Building CXX object cs/CMakeFiles/cubridcs.dir/__/src/parser/cnf.c.o
[325/831] Building CXX object cs/CMakeFiles/cubridcs.dir/__/src/parser/keyword.c.o
[326/831] Building CXX object cs/CMakeFiles/cubridcs.dir/__/src/parser/func_type.cpp.o
[327/831] Building CXX object cs/CMakeFiles/cubridcs.dir/__/src/parser/method_transform.c.o
[328/831] Building CXX object cs/CMakeFiles/cubridcs.dir/__/src/executables/util_cs.c.o
[329/831] Building CXX object cs/CMakeFiles/cubridcs.dir/__/src/compat/db_admin.c.o
[330/831] Building CXX object cs/CMakeFiles/cubridcs.dir/__/src/object/authenticate_password.cpp.o
[331/831] Building CXX object cs/CMakeFiles/cubridcs.dir/__/src/parser/parse_dbi.c.o
[332/831] Building CXX object cs/CMakeFiles/cubridcs.dir/__/src/parser/parse_tree.c.o
[333/831] Building CXX object cs/CMakeFiles/cubridcs.dir/__/src/compat/db_date.c.o
[334/831] Building CXX object sa/CMakeFiles/cubridsa.dir/__/src/storage/compactdb_sr.c.o
[335/831] Building CXX object cs/CMakeFiles/cubridcs.dir/__/src/compat/db_class.c.o
[336/831] Building CXX object cs/CMakeFiles/cubridcs.dir/__/src/parser/parser_support.c.o
[337/831] Building CXX object cs/CMakeFiles/cubridcs.dir/__/src/compat/db_set.c.o
[338/831] Building CXX object cs/CMakeFiles/cubridcs.dir/__/src/compat/db_temp.c.o
[339/831] Building CXX object cs/CMakeFiles/cubridcs.dir/__/src/object/authenticate_grant.cpp.o
[340/831] Building CXX object cs/CMakeFiles/cubridcs.dir/__/src/parser/query_result.c.o
[341/831] Building CXX object cs/CMakeFiles/cubridcs.dir/__/src/parser/parse_type.cpp.o
[342/831] Building CXX object sa/CMakeFiles/cubridsa.dir/__/src/storage/double_write_buffer.cpp.o
[343/831] Building CXX object cs/CMakeFiles/cubridcs.dir/__/src/object/authenticate_access_user.cpp.o
[344/831] Building CXX object cs/CMakeFiles/cubridcs.dir/__/src/object/authenticate_migration.cpp.o
[345/831] Building CXX object cs/CMakeFiles/cubridcs.dir/__/src/parser/semantic_check.c.o
[346/831] Building CXX object cs/CMakeFiles/cubridcs.dir/__/src/object/class_object.c.o
[347/831] Building CXX object cs/CMakeFiles/cubridcs.dir/__/src/object/elo.c.o
[348/831] Building CXX object cs/CMakeFiles/cubridcs.dir/__/src/query/query_cl.c.o
[349/831] Building CXX object cs/CMakeFiles/cubridcs.dir/__/src/query/query_dump.c.o
[350/831] Building CXX object cs/CMakeFiles/cubridcs.dir/__/src/query/string_regex.cpp.o
[351/831] Building CXX object sa/CMakeFiles/cubridsa.dir/__/src/storage/oos_file.cpp.o
[352/831] Building CXX object cs/CMakeFiles/cubridcs.dir/__/src/query/execute_schema.c.o
[353/831] Building CXX object cs/CMakeFiles/cubridcs.dir/__/src/parser/parser_allocator.cpp.o
[354/831] Building CXX object cs/CMakeFiles/cubridcs.dir/__/src/query/numeric_opfunc.c.o
[355/831] Building CXX object sa/CMakeFiles/cubridsa.dir/__/src/storage/page_buffer.c.o
[356/831] Building CXX object cs/CMakeFiles/cubridcs.dir/__/src/object/lob_locator.cpp.o
[357/831] Building CXX object cs/CMakeFiles/cubridcs.dir/__/src/object/object_accessor.c.o
[358/831] Building CXX object cs/CMakeFiles/cubridcs.dir/__/src/object/object_print.c.o
[359/831] Building CXX object sa/CMakeFiles/cubridsa.dir/__/src/storage/slotted_page.c.o
[360/831] Building CXX object cs/CMakeFiles/cubridcs.dir/__/src/parser/xasl_regu_alloc.cpp.o
[361/831] Building CXX object cs/CMakeFiles/cubridcs.dir/__/src/sp/pl_struct_compile.cpp.o
[362/831] Building CXX object cs/CMakeFiles/cubridcs.dir/__/src/object/object_printer.cpp.o
[363/831] Building CXX object cs/CMakeFiles/cubridcs.dir/__/src/object/object_representation.c.o
[364/831] Building CXX object cs/CMakeFiles/cubridcs.dir/__/src/query/execute_statement.c.o
[365/831] Building CXX object cs/CMakeFiles/cubridcs.dir/__/src/parser/parse_evaluate.c.o
[366/831] Building CXX object cs/CMakeFiles/cubridcs.dir/__/src/sp/pl_comm.c.o
[367/831] Building CXX object cs/CMakeFiles/cubridcs.dir/__/src/method/method_query_handler.cpp.o
[368/831] Building CXX object cs/CMakeFiles/cubridcs.dir/__/src/method/method_oid_handler.cpp.o
[369/831] Building CXX object cs/CMakeFiles/cubridcs.dir/__/src/object/schema_system_catalog.cpp.o
[370/831] Building CXX object cs/CMakeFiles/cubridcs.dir/__/src/base/perf_monitor.c.o
[371/831] Building CXX object cs/CMakeFiles/cubridcs.dir/__/src/object/schema_system_catalog_builder.cpp.o
[372/831] Building CXX object sa/CMakeFiles/cubridsa.dir/__/src/loaddb/load_db.c.o
[373/831] Building CXX object cs/CMakeFiles/cubridcs.dir/__/src/method/method_struct_oid_info.cpp.o
[374/831] Building CXX object cs/CMakeFiles/cubridcs.dir/__/src/method/method_struct_query.cpp.o
[375/831] Building CXX object cs/CMakeFiles/cubridcs.dir/__/src/object/schema_system_catalog_install_query_spec.cpp.o
[376/831] Building CXX object cs/CMakeFiles/cubridcs.dir/__/src/base/tz_support.c.o
[377/831] Building CXX object cs/CMakeFiles/cubridcs.dir/__/src/base/ddl_log.c.o
[378/831] Building CXX object cs/CMakeFiles/cubridcs.dir/__/src/object/set_object.c.o
[379/831] Building CXX object cs/CMakeFiles/cubridcs.dir/__/src/method/method_schema_info.cpp.o
[380/831] Building CXX object sa/CMakeFiles/cubridsa.dir/__/src/loaddb/load_sa_loader.cpp.o
[381/831] Building CXX object cs/CMakeFiles/cubridcs.dir/__/src/parser/parse_tree_cl.c.o
[382/831] Building CXX object cs/CMakeFiles/cubridcs.dir/__/src/query/arithmetic.c.o
[383/831] Building CXX object cs/CMakeFiles/cubridcs.dir/__/src/query/string_opfunc.c.o
[384/831] Building CXX object cs/CMakeFiles/cubridcs.dir/__/src/sp/jsp_cl.cpp.o
[385/831] Building CXX object sa/CMakeFiles/cubridsa.dir/__/src/session/session.c.o
[386/831] Building CXX object cs/CMakeFiles/cubridcs.dir/__/src/object/schema_information_schema_builder.cpp.o
[387/831] Building CXX object cs/CMakeFiles/cubridcs.dir/__/src/object/work_space.c.o
[388/831] Building CXX object cs/CMakeFiles/cubridcs.dir/__/src/query/cursor.c.o
[389/831] Building CXX object cs/CMakeFiles/cubridcs.dir/__/src/object/schema_information_schema_install_query_spec.cpp.o
[390/831] Building CXX object cs/CMakeFiles/cubridcs.dir/__/src/optimizer/rewriter/query_rewrite_select.c.o
[391/831] Building CXX object cs/CMakeFiles/cubridcs.dir/__/src/parser/show_meta.c.o
[392/831] Building CXX object cs/CMakeFiles/cubridcs.dir/__/src/method/method_struct_value.cpp.o
[393/831] Building CXX object cs/CMakeFiles/cubridcs.dir/__/src/method/method_query_util.cpp.o
[394/831] Building CXX object cs/CMakeFiles/cubridcs.dir/__/src/parser/name_resolution.c.o
[395/831] Building CXX object cs/CMakeFiles/cubridcs.dir/__/src/optimizer/plan_generation.c.o
[396/831] Building CXX object cs/CMakeFiles/cubridcs.dir/__/src/optimizer/rewriter/query_rewrite_auto_parameterize.c.o
[397/831] Building CXX object cs/CMakeFiles/cubridcs.dir/__/src/sp/sp_catalog.cpp.o
[398/831] Building CXX object cs/CMakeFiles/cubridcs.dir/__/src/object/authenticate_access_auth.cpp.o
[399/831] Building CXX object cs/CMakeFiles/cubridcs.dir/__/src/optimizer/rewriter/query_rewrite_subquery.c.o
[400/831] Building CXX object cubrid/CMakeFiles/cubrid.dir/__/src/base/locale_support.c.o
[401/831] Building CXX object cs/CMakeFiles/cubridcs.dir/__/src/parser/scanner_support.c.o
[402/831] Building CXX object cs/CMakeFiles/cubridcs.dir/__/src/object/authenticate_access_class.cpp.o
[403/831] Building CXX object cs/CMakeFiles/cubridcs.dir/__/src/executables/checksumdb.c.o
[404/831] Building CXX object cs/CMakeFiles/cubridcs.dir/__/src/compat/db_vdb.c.o
[405/831] Building CXX object sa/CMakeFiles/cubridsa.dir/__/src/transaction/log_manager.c.o
[406/831] Building CXX object cs/CMakeFiles/cubridcs.dir/__/src/compat/db_json_path.cpp.o
[407/831] Building CXX object cs/CMakeFiles/cubridcs.dir/__/src/object/authenticate_owner.cpp.o
[408/831] Building CXX object cs/CMakeFiles/cubridcs.dir/__/src/parser/view_transform.c.o
[409/831] Building CXX object cubrid/CMakeFiles/cubrid.dir/__/src/base/memory_monitor_api.cpp.o
[410/831] Building CXX object sa/CMakeFiles/cubridsa.dir/__/src/storage/file_manager.c.o
[411/831] Building CXX object cs/CMakeFiles/cubridcs.dir/__/src/object/class_description.cpp.o
[412/831] Building CXX object cs/CMakeFiles/cubridcs.dir/__/src/object/deduplicate_key.c.o
[413/831] Building CXX object cs/CMakeFiles/cubridcs.dir/__/src/parser/type_checking.c.o
[414/831] Building CXX object cs/CMakeFiles/cubridcs.dir/__/src/object/object_domain.c.o
[415/831] Building CXX object cs/CMakeFiles/cubridcs.dir/__/src/object/object_primitive.c.o
[416/831] Building CXX object cs/CMakeFiles/cubridcs.dir/__/src/object/object_description.cpp.o
[417/831] Building CXX object cs/CMakeFiles/cubridcs.dir/__/src/object/object_template.c.o
[418/831] Building CXX object cs/CMakeFiles/cubridcs.dir/__/src/object/schema_class_truncator.cpp.o
[419/831] Building CXX object cs/CMakeFiles/cubridcs.dir/__/src/transaction/log_comm.c.o
[420/831] Building CXX object cs/CMakeFiles/cubridcs.dir/__/src/parser/xasl_generation.c.o
[421/831] Building CXX object cubrid/CMakeFiles/cubrid.dir/__/src/base/trace_event_log.c.o
[422/831] Building CXX object cubrid/CMakeFiles/cubrid.dir/__/src/base/pinnable_buffer.cpp.o
[423/831] Building CXX object cs/CMakeFiles/cubridcs.dir/__/src/base/system_parameter.c.o
[424/831] Building CXX object cs/CMakeFiles/cubridcs.dir/__/src/transaction/transaction_cl.c.o
[425/831] Building CXX object cubrid/CMakeFiles/cubrid.dir/__/src/base/perf_monitor_trackers.cpp.o
[426/831] Building CXX object cubrid/CMakeFiles/cubrid.dir/__/src/base/fault_injection.c.o
[427/831] Building CXX object cs/CMakeFiles/cubridcs.dir/__/src/object/schema_system_catalog_definition.cpp.o
[428/831] Building CXX object cs/CMakeFiles/cubridcs.dir/__/src/api/cubrid_log.c.o
[429/831] Building CXX object cs/CMakeFiles/cubridcs.dir/__/src/object/schema_template.c.o
[430/831] Building CXX object cubrid/CMakeFiles/cubrid.dir/__/src/base/intl_support.c.o
[431/831] Building CXX object cubrid/CMakeFiles/cubrid.dir/__/src/base/language_support.c.o
[432/831] Building CXX object cs/CMakeFiles/cubridcs.dir/__/src/object/transform_cl.c.o
[433/831] Building CXX object cs/CMakeFiles/cubridcs.dir/__/src/object/trigger_manager.c.o
[434/831] Building CXX object cs/CMakeFiles/cubridcs.dir/__/src/object/trigger_description.cpp.o
[435/831] Building CXX object cs/CMakeFiles/cubridcs.dir/__/src/optimizer/histogram/histogram_builder.cpp.o
[436/831] Building CXX object cs/CMakeFiles/cubridcs.dir/__/src/object/virtual_object.c.o
[437/831] Building CXX object cs/CMakeFiles/cubridcs.dir/__/src/communication/network_interface_cl.c.o
/home/vimkim/gh/cb/CBRD-27398-pgbuf-inspector-contract/src/communication/network_interface_cl.c: In function ‘int heap_create(HFID*, const OID*, bool)’:
/home/vimkim/gh/cb/CBRD-27398-pgbuf-inspector-contract/src/communication/network_interface_cl.c:1679:22: warning: ‘request’ may be used uninitialized [-Wmaybe-uninitialized]
 1679 |   ptr = or_pack_hfid (request, hfid);
      |         ~~~~~~~~~~~~~^~~~~~~~~~~~~~~
In file included from /home/vimkim/gh/cb/CBRD-27398-pgbuf-inspector-contract/src/communication/network_interface_cl.c:58:
/home/vimkim/gh/cb/CBRD-27398-pgbuf-inspector-contract/src/base/object_representation.h:1135:14: note: by argument 1 of type ‘const char*’ to ‘char* or_pack_hfid(const char*, const HFID*)’ declared here
 1135 | extern char *or_pack_hfid (const char *ptr, const HFID * hfid);
      |              ^~~~~~~~~~~~
/home/vimkim/gh/cb/CBRD-27398-pgbuf-inspector-contract/src/communication/network_interface_cl.c:1671:61: note: ‘a_request’ declared here
 1671 |   OR_ALIGNED_BUF (OR_HFID_SIZE + OR_OID_SIZE + OR_INT_SIZE) a_request;
      |                                                             ^~~~~~~~~
/home/vimkim/gh/cb/CBRD-27398-pgbuf-inspector-contract/src/communication/network_interface_cl.c: In function ‘int heap_destroy_newly_created(const HFID*, const OID*, bool)’:
/home/vimkim/gh/cb/CBRD-27398-pgbuf-inspector-contract/src/communication/network_interface_cl.c:1779:22: warning: ‘request’ may be used uninitialized [-Wmaybe-uninitialized]
 1779 |   ptr = or_pack_hfid (request, hfid);
      |         ~~~~~~~~~~~~~^~~~~~~~~~~~~~~
In file included from /home/vimkim/gh/cb/CBRD-27398-pgbuf-inspector-contract/src/communication/network_interface_cl.c:58:
/home/vimkim/gh/cb/CBRD-27398-pgbuf-inspector-contract/src/base/object_representation.h:1135:14: note: by argument 1 of type ‘const char*’ to ‘char* or_pack_hfid(const char*, const HFID*)’ declared here
 1135 | extern char *or_pack_hfid (const char *ptr, const HFID * hfid);
      |              ^~~~~~~~~~~~
/home/vimkim/gh/cb/CBRD-27398-pgbuf-inspector-contract/src/communication/network_interface_cl.c:1771:61: note: ‘a_request’ declared here
 1771 |   OR_ALIGNED_BUF (OR_HFID_SIZE + OR_OID_SIZE + OR_INT_SIZE) a_request;
      |                                                             ^~~~~~~~~
/home/vimkim/gh/cb/CBRD-27398-pgbuf-inspector-contract/src/communication/network_interface_cl.c: In function ‘int heap_get_class_num_objects_pages(HFID*, int, int*, int*)’:
/home/vimkim/gh/cb/CBRD-27398-pgbuf-inspector-contract/src/communication/network_interface_cl.c:1831:22: warning: ‘request’ may be used uninitialized [-Wmaybe-uninitialized]
 1831 |   ptr = or_pack_hfid (request, hfid);
      |         ~~~~~~~~~~~~~^~~~~~~~~~~~~~~
In file included from /home/vimkim/gh/cb/CBRD-27398-pgbuf-inspector-contract/src/communication/network_interface_cl.c:58:
/home/vimkim/gh/cb/CBRD-27398-pgbuf-inspector-contract/src/base/object_representation.h:1135:14: note: by argument 1 of type ‘const char*’ to ‘char* or_pack_hfid(const char*, const HFID*)’ declared here
 1135 | extern char *or_pack_hfid (const char *ptr, const HFID * hfid);
      |              ^~~~~~~~~~~~
/home/vimkim/gh/cb/CBRD-27398-pgbuf-inspector-contract/src/communication/network_interface_cl.c:1822:47: note: ‘a_request’ declared here
 1822 |   OR_ALIGNED_BUF (OR_HFID_SIZE + OR_INT_SIZE) a_request;
      |                                               ^~~~~~~~~
/home/vimkim/gh/cb/CBRD-27398-pgbuf-inspector-contract/src/communication/network_interface_cl.c: In function ‘int heap_has_instance(HFID*, OID*, int)’:
/home/vimkim/gh/cb/CBRD-27398-pgbuf-inspector-contract/src/communication/network_interface_cl.c:1885:22: warning: ‘request’ may be used uninitialized [-Wmaybe-uninitialized]
 1885 |   ptr = or_pack_hfid (request, hfid);
      |         ~~~~~~~~~~~~~^~~~~~~~~~~~~~~
In file included from /home/vimkim/gh/cb/CBRD-27398-pgbuf-inspector-contract/src/communication/network_interface_cl.c:58:
/home/vimkim/gh/cb/CBRD-27398-pgbuf-inspector-contract/src/base/object_representation.h:1135:14: note: by argument 1 of type ‘const char*’ to ‘char* or_pack_hfid(const char*, const HFID*)’ declared here
 1135 | extern char *or_pack_hfid (const char *ptr, const HFID * hfid);
      |              ^~~~~~~~~~~~
/home/vimkim/gh/cb/CBRD-27398-pgbuf-inspector-contract/src/communication/network_interface_cl.c:1876:61: note: ‘a_request’ declared here
 1876 |   OR_ALIGNED_BUF (OR_HFID_SIZE + OR_OID_SIZE + OR_INT_SIZE) a_request;
      |                                                             ^~~~~~~~~
/home/vimkim/gh/cb/CBRD-27398-pgbuf-inspector-contract/src/communication/network_interface_cl.c: In function ‘int heap_reclaim_addresses(const HFID*)’:
/home/vimkim/gh/cb/CBRD-27398-pgbuf-inspector-contract/src/communication/network_interface_cl.c:1934:22: warning: ‘request’ may be used uninitialized [-Wmaybe-uninitialized]
 1934 |   ptr = or_pack_hfid (request, hfid);
      |         ~~~~~~~~~~~~~^~~~~~~~~~~~~~~
In file included from /home/vimkim/gh/cb/CBRD-27398-pgbuf-inspector-contract/src/communication/network_interface_cl.c:58:
/home/vimkim/gh/cb/CBRD-27398-pgbuf-inspector-contract/src/base/object_representation.h:1135:14: note: by argument 1 of type ‘const char*’ to ‘char* or_pack_hfid(const char*, const HFID*)’ declared here
 1135 | extern char *or_pack_hfid (const char *ptr, const HFID * hfid);
      |              ^~~~~~~~~~~~
/home/vimkim/gh/cb/CBRD-27398-pgbuf-inspector-contract/src/communication/network_interface_cl.c:1926:47: note: ‘a_request’ declared here
 1926 |   OR_ALIGNED_BUF (OR_HFID_SIZE + OR_INT_SIZE) a_request;
      |                                               ^~~~~~~~~
/home/vimkim/gh/cb/CBRD-27398-pgbuf-inspector-contract/src/communication/network_interface_cl.c: In function ‘int lob_remove_dir(HFID*, int)’:
/home/vimkim/gh/cb/CBRD-27398-pgbuf-inspector-contract/src/communication/network_interface_cl.c:11893:22: warning: ‘request’ may be used uninitialized [-Wmaybe-uninitialized]
11893 |   ptr = or_pack_hfid (request, hfid);
      |         ~~~~~~~~~~~~~^~~~~~~~~~~~~~~
In file included from /home/vimkim/gh/cb/CBRD-27398-pgbuf-inspector-contract/src/communication/network_interface_cl.c:58:
/home/vimkim/gh/cb/CBRD-27398-pgbuf-inspector-contract/src/base/object_representation.h:1135:14: note: by argument 1 of type ‘const char*’ to ‘char* or_pack_hfid(const char*, const HFID*)’ declared here
 1135 | extern char *or_pack_hfid (const char *ptr, const HFID * hfid);
      |              ^~~~~~~~~~~~
/home/vimkim/gh/cb/CBRD-27398-pgbuf-inspector-contract/src/communication/network_interface_cl.c:11882:47: note: ‘a_request’ declared here
11882 |   OR_ALIGNED_BUF (OR_HFID_SIZE + OR_INT_SIZE) a_request;
      |                                               ^~~~~~~~~
At global scope:
cc1plus: note: unrecognized command-line option ‘-Wno-template-body’ may have been intended to silence earlier diagnostics
[438/831] Building CXX object cs/CMakeFiles/cubridcs.dir/__/src/method/query_method.cpp.o
[439/831] Building CXX object cubrid/CMakeFiles/cubrid.dir/__/src/base/memory_hash.c.o
[440/831] Building CXX object cubrid/CMakeFiles/cubrid.dir/__/src/base/memory_alloc.c.o
[441/831] Building CXX object cs/CMakeFiles/cubridcs.dir/__/src/method/method_callback.cpp.o
[442/831] Building CXX object cubrid/CMakeFiles/cubrid.dir/__/src/base/databases_file.c.o
[443/831] Building CXX object cs/CMakeFiles/cubridcs.dir/__/src/storage/storage_common.c.o
[444/831] Building CXX object cs/CMakeFiles/cubridcs.dir/__/src/xasl/access_json_table.cpp.o
[445/831] Building CXX object cubrid/CMakeFiles/cubrid.dir/__/src/base/perf_monitor.c.o
[446/831] Building CXX object cs/CMakeFiles/cubridcs.dir/__/src/transaction/log_applier_sql_log.c.o
[447/831] Building CXX object cubrid/CMakeFiles/cubrid.dir/__/src/base/object_representation_sr.c.o
[448/831] Building CXX object cubrid/CMakeFiles/cubrid.dir/__/src/base/system_parameter.c.o
[449/831] Building CXX object cubrid/CMakeFiles/cubrid.dir/__/src/base/tz_support.c.o
[450/831] Building CXX object cubrid/CMakeFiles/cubrid.dir/__/src/base/unicode_support.c.o
[451/831] Building CXX object cs/CMakeFiles/cubridcs.dir/__/src/object/schema_information_schema_install.cpp.o
[452/831] Building CXX object cs/CMakeFiles/cubridcs.dir/__/src/storage/file_io.c.o
[453/831] Building CXX object cs/CMakeFiles/cubridcs.dir/__/src/storage/es_posix.c.o
[454/831] Building CXX object cs/CMakeFiles/cubridcs.dir/__/src/transaction/log_writer.c.o
[455/831] Building CXX object cs/CMakeFiles/cubridcs.dir/__/src/storage/statistics_cl.c.o
[456/831] Building CXX object cs/CMakeFiles/cubridcs.dir/__/src/xasl/xasl_analytic.cpp.o
[457/831] Building CXX object cubrid/CMakeFiles/cubrid.dir/__/src/base/util_func.c.o
[458/831] Building CXX object cubrid/CMakeFiles/cubrid.dir/__/src/base/error_manager.c.o
[459/831] Building CXX object cs/CMakeFiles/cubridcs.dir/__/src/optimizer/query_graph.c.o
[460/831] Building CXX object cs/CMakeFiles/cubridcs.dir/__/src/object/authenticate_cache.cpp.o
[461/831] Building CXX object cs/CMakeFiles/cubridcs.dir/__/src/transaction/flashback_cl.c.o
[462/831] Building CXX object cs/CMakeFiles/cubridcs.dir/__/src/optimizer/histogram/histogram_reader.cpp.o
[463/831] Building CXX object cubrid/CMakeFiles/cubrid.dir/__/src/object/deduplicate_key.c.o
[464/831] Building CXX object cubrid/CMakeFiles/cubrid.dir/__/src/storage/catalog_class.c.o
[465/831] Building CXX object cs/CMakeFiles/cubridcs.dir/__/src/optimizer/rewriter/query_rewrite.c.o
[466/831] Building CXX object cs/CMakeFiles/cubridcs.dir/__/src/optimizer/rewriter/query_rewrite_set.c.o
[467/831] Building CXX object cs/CMakeFiles/cubridcs.dir/__/src/optimizer/rewriter/query_rewrite_term.c.o
[468/831] Building CXX object cs/CMakeFiles/cubridcs.dir/__/src/loaddb/load_object.c.o
[469/831] Building CXX object cs/CMakeFiles/cubridcs.dir/__/src/transaction/locator_cl.c.o
[470/831] Building CXX object cubrid/CMakeFiles/cubrid.dir/__/src/object/set_object.c.o
[471/831] Building CXX object cubrid/CMakeFiles/cubrid.dir/__/src/object/object_representation.c.o
[472/831] Building CXX object cubrid/CMakeFiles/cubrid.dir/__/src/query/arithmetic.c.o
[473/831] Building CXX object cubrid/CMakeFiles/cubrid.dir/__/src/query/fetch.c.o
[474/831] Building CXX object sa/CMakeFiles/cubridsa.dir/__/src/storage/system_catalog.c.o
[475/831] Building CXX object cubrid/CMakeFiles/cubrid.dir/__/src/compat/db_elo.c.o
[476/831] Building CXX object cubrid/CMakeFiles/cubrid.dir/__/src/compat/db_json_allocator.cpp.o
[477/831] Building CXX object cs/CMakeFiles/cubridcs.dir/__/src/storage/es.c.o
[478/831] Building CXX object cs/CMakeFiles/cubridcs.dir/__/src/transaction/log_applier.c.o
/home/vimkim/gh/cb/CBRD-27398-pgbuf-inspector-contract/src/transaction/log_applier.c: In function ‘int la_get_copied_log_info(const char*, const char*, INT64, bool, LOG_LSA*, LOG_LSA*)’:
/home/vimkim/gh/cb/CBRD-27398-pgbuf-inspector-contract/src/transaction/log_applier.c:8374:35: warning: format ‘%ld’ expects argument of type ‘long int’, but argument 2 has type ‘int’ [-Wformat=]
 8374 |               printf ("offset:%04ld (tid:%d bck p:%lld,o:%ld frw p:%lld,o:%ld type:%d)\n", lsa.offset, lrec->trid,
      |                               ~~~~^                                                        ~~~~~~~~~~
      |                                   |                                                            |
      |                                   long int                                                     int
      |                               %04d
/home/vimkim/gh/cb/CBRD-27398-pgbuf-inspector-contract/src/transaction/log_applier.c:8374:60: warning: format ‘%ld’ expects argument of type ‘long int’, but argument 5 has type ‘int’ [-Wformat=]
 8374 |               printf ("offset:%04ld (tid:%d bck p:%lld,o:%ld frw p:%lld,o:%ld type:%d)\n", lsa.offset, lrec->trid,
      |                                                          ~~^
      |                                                            |
      |                                                            long int
      |                                                          %d
 8375 |                       (long long int) lrec->back_lsa.pageid, lrec->back_lsa.offset,
      |                                                              ~~~~~~~~~~~~~~~~~~~~~
      |                                                                             |
      |                                                                             int
/home/vimkim/gh/cb/CBRD-27398-pgbuf-inspector-contract/src/transaction/log_applier.c:8374:77: warning: format ‘%ld’ expects argument of type ‘long int’, but argument 7 has type ‘int’ [-Wformat=]
 8374 |               printf ("offset:%04ld (tid:%d bck p:%lld,o:%ld frw p:%lld,o:%ld type:%d)\n", lsa.offset, lrec->trid,
      |                                                                           ~~^
      |                                                                             |
      |                                                                             long int
      |                                                                           %d
 8375 |                       (long long int) lrec->back_lsa.pageid, lrec->back_lsa.offset,
 8376 |                       (long long int) lrec->forw_lsa.pageid, lrec->forw_lsa.offset, lrec->type);
      |                                                              ~~~~~~~~~~~~~~~~~~~~~
      |                                                                             |
      |                                                                             int
At global scope:
cc1plus: note: unrecognized command-line option ‘-Wno-template-body’ may have been intended to silence earlier diagnostics
[479/831] Building CXX object cubrid/CMakeFiles/cubrid.dir/__/src/connection/connection_globals.c.o
[480/831] Building CXX object cubrid/CMakeFiles/cubrid.dir/__/src/compat/cnv.c.o
[481/831] Building CXX object cs/CMakeFiles/cubridcs.dir/__/src/object/schema_manager.c.o
[482/831] Building CXX object cs/CMakeFiles/cubridcs.dir/__/src/object/schema_system_catalog_install.cpp.o
[483/831] Building CXX object cubrid/CMakeFiles/cubrid.dir/__/src/connection/transmitter.cpp.o
[484/831] Building CXX object cubrid/CMakeFiles/cubrid.dir/__/src/query/numeric_opfunc.c.o
[485/831] Building CXX object cubrid/CMakeFiles/cubrid.dir/__/src/compat/db_set.c.o
[486/831] Building CXX object cs/CMakeFiles/cubridcs.dir/__/src/transaction/boot_cl.c.o
[487/831] Building CXX object cubrid/CMakeFiles/cubrid.dir/__/src/connection/heartbeat.c.o
[488/831] Building CXX object cubrid/CMakeFiles/cubrid.dir/__/src/connection/tcp.c.o
[489/831] Building CXX object cubrid/CMakeFiles/cubrid.dir/__/src/heaplayers/lea_heap.c.o
[490/831] Building CXX object cubrid/CMakeFiles/cubrid.dir/__/src/query/query_hash_scan.c.o
[491/831] Building CXX object cubrid/CMakeFiles/cubrid.dir/__/src/query/query_hash_join.c.o
[492/831] Building CXX object cubrid/CMakeFiles/cubrid.dir/__/src/object/transform.c.o
[493/831] Building CXX object cs/CMakeFiles/cubridcs.dir/__/src/optimizer/histogram/histogram_cl.cpp.o
[494/831] Building CXX object cubrid/CMakeFiles/cubrid.dir/__/src/sp/pl_query_cursor.cpp.o
[495/831] Building CXX object cubrid/CMakeFiles/cubrid.dir/__/src/sp/pl_comm.c.o
[496/831] Building CXX object cubrid/CMakeFiles/cubrid.dir/__/src/object/elo.c.o
[497/831] Building CXX object cs/CMakeFiles/cubridcs.dir/__/src/optimizer/query_planner.c.o
[498/831] Building CXX object cubrid/CMakeFiles/cubrid.dir/__/src/method/query_method.cpp.o
[499/831] Building CXX object cubrid/CMakeFiles/cubrid.dir/__/src/query/query_aggregate.cpp.o
[500/831] Building CXX object cubrid/CMakeFiles/cubrid.dir/__/src/query/query_analytic.cpp.o
[501/831] Building CXX object cubrid/CMakeFiles/cubrid.dir/__/src/query/query_dump.c.o
[502/831] Building CXX object cubrid/CMakeFiles/cubrid.dir/__/src/monitor/monitor_vacuum_ovfp_threshold.cpp.o
[503/831] Building CXX object cubrid/CMakeFiles/cubrid.dir/__/load_grammar.cpp.o
[504/831] Building CXX object cubrid/CMakeFiles/cubrid.dir/__/src/query/dblink_scan.c.o
[505/831] Building CXX object cubrid/CMakeFiles/cubrid.dir/__/src/query/regu_var.cpp.o
[506/831] Building CXX object cubrid/CMakeFiles/cubrid.dir/__/src/query/scan_json_table.cpp.o
[507/831] Building CXX object sa/CMakeFiles/cubridsa.dir/__/src/storage/heap_file.c.o
[508/831] Building CXX object cubrid/CMakeFiles/cubrid.dir/__/src/communication/network_common.cpp.o
[509/831] Building CXX object cubrid/CMakeFiles/cubrid.dir/__/src/method/method_struct_invoke.cpp.o
[510/831] Building CXX object cubrid/CMakeFiles/cubrid.dir/__/src/query/serial.c.o
[511/831] Building CXX object cubrid/CMakeFiles/cubrid.dir/__/src/query/scan_manager.c.o
[512/831] Building CXX object cubrid/CMakeFiles/cubrid.dir/__/src/query/dblink_2pc.c.o
[513/831] Building CXX object cubrid/CMakeFiles/cubrid.dir/__/src/query/subquery_cache.c.o
[514/831] Building CXX object cubrid/CMakeFiles/cubrid.dir/__/src/method/method_query_util.cpp.o
[515/831] Building CXX object cubrid/CMakeFiles/cubrid.dir/__/src/compat/db_date.c.o
[516/831] Building CXX object cubrid/CMakeFiles/cubrid.dir/__/src/executables/util_common.c.o
[517/831] Building CXX object cs/CMakeFiles/cubridcs.dir/__/src/loaddb/load_db.c.o
[518/831] Building CXX object cubrid/CMakeFiles/cubrid.dir/__/src/loaddb/load_error_handler.cpp.o
[519/831] Building CXX object cubrid/CMakeFiles/cubrid.dir/__/src/loaddb/load_db_value_converter.cpp.o
[520/831] Building CXX object cubrid/CMakeFiles/cubrid.dir/__/src/storage/es.c.o
[521/831] Building CXX object cubrid/CMakeFiles/cubrid.dir/__/src/storage/es_posix.c.o
[522/831] Building CXX object cubrid/CMakeFiles/cubrid.dir/__/src/object/object_domain.c.o
[523/831] Building CXX object cubrid/CMakeFiles/cubrid.dir/__/src/communication/network_callback_sr.cpp.o
[524/831] Building CXX object cubrid/CMakeFiles/cubrid.dir/__/src/query/string_regex.cpp.o
[525/831] Building CXX object cubrid/CMakeFiles/cubrid.dir/__/src/connection/receiver.cpp.o
[526/831] Building CXX object cubrid/CMakeFiles/cubrid.dir/__/src/compat/db_value_printer.cpp.o
[527/831] Building CXX object cubrid/CMakeFiles/cubrid.dir/__/src/sp/method_invoke_group.cpp.o
[528/831] Building CXX object cubrid/CMakeFiles/cubrid.dir/__/src/method/method_struct_value.cpp.o
[529/831] Building CXX object cubrid/CMakeFiles/cubrid.dir/__/src/connection/connection_support.cpp.o
[530/831] Building CXX object cubrid/CMakeFiles/cubrid.dir/__/src/connection/host_lookup.c.o
[531/831] Building CXX object cubrid/CMakeFiles/cubrid.dir/__/src/sp/sp_code.cpp.o
[532/831] Building CXX object cubrid/CMakeFiles/cubrid.dir/__/src/transaction/log_system_tran.cpp.o
[533/831] Building CXX object cubrid/CMakeFiles/cubrid.dir/__/src/connection/master_connector.cpp.o
[534/831] Building CXX object cubrid/CMakeFiles/cubrid.dir/__/src/object/object_primitive.c.o
[535/831] Building CXX object cubrid/CMakeFiles/cubrid.dir/__/src/query/query_reevaluation.cpp.o
[536/831] Building CXX object cubrid/CMakeFiles/cubrid.dir/__/src/query/query_evaluator.c.o
[537/831] Building CXX object cubrid/CMakeFiles/cubrid.dir/__/src/query/set_scan.c.o
[538/831] Building CXX object cubrid/CMakeFiles/cubrid.dir/__/src/monitor/monitor_transaction.cpp.o
[539/831] Building CXX object cubrid/CMakeFiles/cubrid.dir/__/src/loaddb/load_server_loader.cpp.o
[540/831] Building CXX object cubrid/CMakeFiles/cubrid.dir/__/src/query/list_file.c.o
[541/831] Building CXX object cubrid/CMakeFiles/cubrid.dir/__/src/compat/db_macro.c.o
[542/831] Building CXX object cubrid/CMakeFiles/cubrid.dir/__/src/method/method_struct_oid_info.cpp.o
[543/831] Building CXX object cubrid/CMakeFiles/cubrid.dir/__/src/sp/pl_connection.cpp.o
[544/831] Building CXX object cubrid/CMakeFiles/cubrid.dir/__/src/sp/pl_compile_handler.cpp.o
[545/831] Building CXX object cubrid/CMakeFiles/cubrid.dir/__/src/sp/pl_sr.cpp.o
[546/831] Building CXX object cubrid/CMakeFiles/cubrid.dir/__/src/communication/network_sr.c.o
[547/831] Building CXX object cubrid/CMakeFiles/cubrid.dir/__/src/method/method_scan.cpp.o
[548/831] Building CXX object cubrid/CMakeFiles/cubrid.dir/__/src/connection/coordinator.cpp.o
[549/831] Building CXX object cubrid/CMakeFiles/cubrid.dir/__/src/compat/db_json_path.cpp.o
[550/831] Building CXX object cubrid/CMakeFiles/cubrid.dir/__/src/query/query_opfunc.c.o
[551/831] Building CXX object cubrid/CMakeFiles/cubrid.dir/__/src/query/show_scan.c.o
[552/831] Building CXX object cubrid/CMakeFiles/cubrid.dir/__/src/loaddb/load_class_registry.cpp.o
[553/831] Building CXX object cubrid/CMakeFiles/cubrid.dir/__/src/query/string_opfunc.c.o
[554/831] Building CXX object cubrid/CMakeFiles/cubrid.dir/__/src/storage/disk_manager.c.o
[555/831] Building CXX object cubrid/CMakeFiles/cubrid.dir/__/src/storage/storage_common.c.o
[556/831] Building CXX object cubrid/CMakeFiles/cubrid.dir/__/src/connection/connection_sr.c.o
[557/831] Building CXX object cubrid/CMakeFiles/cubrid.dir/__/src/query/partition.c.o
[558/831] Building CXX object cubrid/CMakeFiles/cubrid.dir/__/src/query/stream_to_xasl.c.o
[559/831] Building CXX object cubrid/CMakeFiles/cubrid.dir/__/src/query/vacuum_oos.cpp.o
[560/831] Building CXX object cubrid/CMakeFiles/cubrid.dir/__/src/sp/pl_execution_stack_context.cpp.o
[561/831] Building CXX object cubrid/CMakeFiles/cubrid.dir/__/src/query/query_executor.c.o
[562/831] Building CXX object cubrid/CMakeFiles/cubrid.dir/__/src/storage/ftab_set.cpp.o
[563/831] Building CXX object cubrid/CMakeFiles/cubrid.dir/__/src/sp/pl_executor.cpp.o
[564/831] Building CXX object cubrid/CMakeFiles/cubrid.dir/__/src/method/method_struct_query.cpp.o
[565/831] Building CXX object cubrid/CMakeFiles/cubrid.dir/__/src/storage/statistics_sr.c.o
[566/831] Building CXX object cubrid/CMakeFiles/cubrid.dir/__/src/query/query_manager.c.o
[567/831] Building CXX object cubrid/CMakeFiles/cubrid.dir/__/src/storage/oos_file.cpp.o
[568/831] Building CXX object cubrid/CMakeFiles/cubrid.dir/__/src/session/session_sr.c.o
[569/831] Building CXX object cubrid/CMakeFiles/cubrid.dir/__/src/thread/critical_section.c.o
[570/831] Building CXX object cubrid/CMakeFiles/cubrid.dir/__/src/sp/pl_session.cpp.o
[571/831] Building CXX object cubrid/CMakeFiles/cubrid.dir/__/src/thread/thread_manager.cpp.o
[572/831] Building CXX object cubrid/CMakeFiles/cubrid.dir/__/src/loaddb/load_session.cpp.o
[573/831] Building CXX object cubrid/CMakeFiles/cubrid.dir/__/src/thread/thread_entry_task.cpp.o
[574/831] Building CXX object cubrid/CMakeFiles/cubrid.dir/__/src/storage/record_descriptor.cpp.o
[575/831] Building CXX object cubrid/CMakeFiles/cubrid.dir/__/src/storage/bestspace.cpp.o
[576/831] Building CXX object cubrid/CMakeFiles/cubrid.dir/__/src/storage/file_io.c.o
[577/831] Building CXX object cubrid/CMakeFiles/cubrid.dir/__/src/query/filter_pred_cache.c.o
[578/831] Building CXX object cubrid/CMakeFiles/cubrid.dir/__/src/storage/tde.c.o
[579/831] Building CXX object cubrid/CMakeFiles/cubrid.dir/__/src/storage/extendible_hash.c.o
[580/831] Building CXX object cubrid/CMakeFiles/cubrid.dir/__/src/connection/connection_pool.cpp.o
[581/831] Building CXX object cubrid/CMakeFiles/cubrid.dir/__/src/transaction/log_global.c.o
[582/831] Building CXX object cubrid/CMakeFiles/cubrid.dir/__/src/query/memoize.cpp.o
[583/831] Building CXX object cubrid/CMakeFiles/cubrid.dir/__/src/storage/heap_oos.cpp.o
[584/831] Building CXX object cubrid/CMakeFiles/cubrid.dir/__/src/storage/overflow_file.c.o
[585/831] Building CXX object cubrid/CMakeFiles/cubrid.dir/__/src/transaction/log_recovery_redo.cpp.o
[586/831] Building CXX object cubrid/CMakeFiles/cubrid.dir/__/src/query/xasl_cache.c.o
[587/831] Building CXX object cubrid/CMakeFiles/cubrid.dir/__/src/storage/btree.c.o
[588/831] Building CXX object cubrid/CMakeFiles/cubrid.dir/__/src/storage/external_sort.c.o
[589/831] Building CXX object cubrid/CMakeFiles/cubrid.dir/__/src/storage/heap_file.c.o
[590/831] Building CXX object cubrid/CMakeFiles/cubrid.dir/__/src/session/session.c.o
[591/831] Building CXX object cubrid/CMakeFiles/cubrid.dir/__/src/storage/double_write_buffer.cpp.o
[592/831] Building CXX object cubrid/CMakeFiles/cubrid.dir/__/src/storage/file_manager.c.o
[593/831] Building CXX object cubrid/CMakeFiles/cubrid.dir/__/src/storage/pgbuf_inspector.cpp.o
[594/831] Building CXX object cubrid/CMakeFiles/cubrid.dir/__/src/storage/system_catalog.c.o
[595/831] Building CXX object cubrid/CMakeFiles/cubrid.dir/__/src/optimizer/histogram/histogram_reader.cpp.o
[596/831] Building CXX object util/CMakeFiles/cub_server.dir/__/src/executables/server.c.o
[597/831] Building CXX object cubrid/CMakeFiles/cubrid.dir/__/src/storage/page_buffer.c.o
[598/831] Building CXX object cubrid/CMakeFiles/cubrid.dir/__/src/storage/slotted_page.c.o
[599/831] Building CXX object cubrid/CMakeFiles/cubrid.dir/__/src/loaddb/load_worker_manager.cpp.o
[600/831] Building CXX object cubrid/CMakeFiles/cubrid.dir/__/src/optimizer/histogram/histogram_builder.cpp.o
[601/831] Building CXX object cubrid/CMakeFiles/cubrid.dir/__/src/query/vacuum.c.o
[602/831] Building CXX object util/CMakeFiles/unittests_area.dir/__/src/base/memory_monitor_api.cpp.o
[603/831] Building CXX object broker/CMakeFiles/cub_broker.dir/__/src/broker/broker.c.o
[604/831] Building CXX object cubrid/CMakeFiles/cubrid.dir/__/src/transaction/recovery.c.o
[605/831] Building CXX object cubrid/CMakeFiles/cubrid.dir/__/src/connection/connection_worker.cpp.o
[606/831] Building CXX object broker/CMakeFiles/cub_broker.dir/__/src/broker/broker_filename.c.o
[607/831] Building CXX object cubrid/CMakeFiles/cubrid.dir/__/src/transaction/mvcc_table.cpp.o
[608/831] Building CXX object broker/CMakeFiles/cub_broker.dir/__/src/broker/broker_shm.c.o
[609/831] Building CXX object cubrid/CMakeFiles/cubrid.dir/__/src/optimizer/histogram/histogram_sampler_sr.cpp.o
[610/831] Building CXX object broker/CMakeFiles/gateway_monitor.dir/__/src/base/util_func.c.o
[611/831] Building CXX object cubrid/CMakeFiles/cubrid.dir/__/src/transaction/flashback.c.o
[612/831] Building CXX object cubrid/CMakeFiles/cubrid.dir/__/src/thread/thread_entry.cpp.o
[613/831] Building CXX object broker/CMakeFiles/gateway_monitor.dir/__/src/broker/broker_filename.c.o
[614/831] Building CXX object broker/CMakeFiles/gateway_monitor.dir/__/src/broker/broker_shm.c.o
[615/831] Building CXX object cubrid/CMakeFiles/cubrid.dir/__/src/xasl/access_json_table.cpp.o
[616/831] Building CXX object cubrid/CMakeFiles/cubrid.dir/__/src/xasl/xasl_analytic.cpp.o
[617/831] Building CXX object cubrid/CMakeFiles/cubrid.dir/__/src/xasl/xasl_predicate.cpp.o
[618/831] Building CXX object cubrid/CMakeFiles/cubrid.dir/__/src/thread/thread_lockfree_hash_map.cpp.o
[619/831] Building CXX object cubrid/CMakeFiles/cubrid.dir/__/src/transaction/log_postpone_cache.cpp.o
[620/831] Building CXX object broker/CMakeFiles/cubrid_gateway.dir/__/src/broker/broker_admin.c.o
[621/831] Building CXX object broker/CMakeFiles/cubrid_gateway.dir/__/src/broker/broker_shm.c.o
[622/831] Building CXX object broker/CMakeFiles/cubrid_gateway.dir/__/src/broker/broker_admin_pub.c.o
[623/831] Building CXX object broker/CMakeFiles/cubrid_gateway.dir/__/src/broker/broker_filename.c.o
[624/831] Building CXX object broker/CMakeFiles/cubrid_gateway.dir/__/src/base/util_func.c.o
[625/831] Building CXX object cubrid/CMakeFiles/cubrid.dir/__/src/connection/server_support.c.o
[626/831] Building CXX object cubrid/CMakeFiles/cubrid.dir/__/src/transaction/mvcc.c.o
[627/831] Building CXX object cubrid/CMakeFiles/cubrid.dir/__/src/xasl/xasl_stream.cpp.o
[628/831] Building CXX object cubrid/CMakeFiles/cubrid.dir/__/src/transaction/boot_sr.c.o
[629/831] Building CXX object cubrid/CMakeFiles/cubrid.dir/__/src/transaction/log_compress.c.o
[630/831] Building CXX object util/CMakeFiles/cub_master.dir/__/src/executables/master_request.c.o
[631/831] Building CXX object cubrid/CMakeFiles/cubrid.dir/__/src/query/parallel/px_sort.c.o
[632/831] Building CXX object util/CMakeFiles/cub_master.dir/__/src/executables/master.c.o
[633/831] Building CXX object util/CMakeFiles/cub_master.dir/__/src/executables/master_util.c.o
[634/831] Building CXX object broker/CMakeFiles/cub_cas.dir/__/src/broker/cas_execute.c.o
[635/831] Building CXX object cubrid/CMakeFiles/cubrid.dir/__/src/query/parallel/px_parallel.cpp.o
[636/831] Building CXX object util/CMakeFiles/cub_commdb.dir/__/src/executables/master_util.c.o
[637/831] Building CXX object cubrid/CMakeFiles/cubrid.dir/__/src/transaction/log_comm.c.o
[638/831] Building CXX object util/CMakeFiles/cubrid-bin.dir/__/src/executables/util_service.c.o
[639/831] Building CXX object util/CMakeFiles/cub_pl.dir/__/src/sp/pl_sr_jvm.cpp.o
[640/831] Building CXX object broker/CMakeFiles/cas_cgw_lib.dir/__/src/broker/cas_cgw_execute.c.o
[641/831] Building CXX object broker/CMakeFiles/cub_cas.dir/__/src/broker/cas.c.o
[642/831] Building CXX object broker/CMakeFiles/cub_cas.dir/__/src/broker/cas_function.c.o
[643/831] Building CXX object util/CMakeFiles/unittests_lf.dir/__/src/base/memory_monitor_api.cpp.o
[644/831] Building CXX object cubrid/CMakeFiles/cubrid.dir/__/src/transaction/transaction_sr.c.o
[645/831] Building CXX object cubrid/CMakeFiles/cubrid.dir/__/src/transaction/transaction_transient.cpp.o
[646/831] Building CXX object cubrid/CMakeFiles/cubrid.dir/__/src/transaction/log_writer.c.o
[647/831] Building CXX object broker/CMakeFiles/broker_log_top.dir/__/src/broker/broker_shm.c.o
[648/831] Building CXX object util/CMakeFiles/unittests_snapshot.dir/__/src/base/memory_monitor_api.cpp.o
[649/831] Building CXX object cubrid/CMakeFiles/cubrid.dir/__/src/xasl/xasl_iteration.cpp.o
[650/831] Building CXX object broker/CMakeFiles/broker_log_top.dir/__/src/broker/broker_filename.c.o
[651/831] Building CXX object cm_common/CMakeFiles/cmstat.dir/__/src/cm_common/cm_utils.c.o
[652/831] Building CXX object util/CMakeFiles/unittests_bit.dir/__/src/base/memory_monitor_api.cpp.o
[653/831] Building CXX object cubrid/CMakeFiles/cubrid.dir/__/src/transaction/mvcc_active_tran.cpp.o
[654/831] Building CXX object cubrid/CMakeFiles/cubrid.dir/__/src/query/parallel/px_hash_join/px_hash_join_spawn_manager.cpp.o
[655/831] Building CXX object util/CMakeFiles/cub_master.dir/__/src/executables/master_heartbeat.c.o
[656/831] Building CXX object broker/CMakeFiles/cub_gateway.dir/__/src/broker/broker_shm.c.o
[657/831] Building CXX object cm_common/CMakeFiles/cub_sainfo.dir/__/src/cm_common/cm_class_info_sa.c.o
[658/831] Building CXX object broker/CMakeFiles/broker_monitor.dir/__/src/base/util_func.c.o
[659/831] Building CXX object cubrid/CMakeFiles/cubrid.dir/__/src/query/parallel/px_scan/px_scan_slot_iterator.cpp.o
[660/831] Building CXX object broker/CMakeFiles/cub_gateway.dir/__/src/broker/broker.c.o
[661/831] Building CXX object broker/CMakeFiles/broker_monitor.dir/__/src/broker/broker_shm.c.o
[662/831] Building CXX object cubrid/CMakeFiles/cubrid.dir/__/src/transaction/replication.c.o
[663/831] Building CXX object cubrid/CMakeFiles/cubrid.dir/__/src/query/parallel/px_scan/index/px_scan_index_overflow_chain_pool.cpp.o
[664/831] Building CXX object broker/CMakeFiles/cub_gateway.dir/__/src/broker/broker_filename.c.o
[665/831] Building CXX object broker/CMakeFiles/broker_monitor.dir/__/src/broker/broker_filename.c.o
[666/831] Performing update step for 'catch2'
[667/831] Building CXX object broker/CMakeFiles/broker_changer.dir/__/src/broker/broker_filename.c.o
[668/831] Building CXX object cubrid/CMakeFiles/cubrid.dir/__/src/communication/network_interface_sr.cpp.o
[669/831] Building CXX object cubrid/CMakeFiles/cubrid.dir/__/src/query/parallel/px_scan/px_scan_slot_iterator_list.cpp.o
[670/831] Building CXX object broker/CMakeFiles/broker_changer.dir/__/src/broker/broker_admin_pub.c.o
[671/831] Building CXX object broker/CMakeFiles/broker_changer.dir/__/src/broker/broker_shm.c.o
[672/831] Building CXX object broker/CMakeFiles/cubrid_broker.dir/__/src/broker/broker_admin_pub.c.o
[673/831] No patch step for 'catch2'
[674/831] Building CXX object broker/CMakeFiles/cubrid_broker.dir/__/src/broker/broker_filename.c.o
[675/831] Building CXX object cubrid/CMakeFiles/cubrid.dir/__/src/transaction/log_2pc.c.o
[676/831] Building CXX object broker/CMakeFiles/cubrid_broker.dir/__/src/broker/broker_shm.c.o
[677/831] Building CXX object broker/CMakeFiles/cubrid_broker.dir/__/src/broker/broker_admin.c.o
[678/831] Building CXX object unit_tests/oos/CMakeFiles/test_oos_mock_vacuum_server.dir/test_oos_mock_vacuum_server.cpp.o
[679/831] Building CXX object unit_tests/oos/CMakeFiles/test_oos_remove_file_server.dir/test_oos_remove_file_server.cpp.o
[680/831] Building CXX object broker/CMakeFiles/cubrid_broker.dir/__/src/base/util_func.c.o
[681/831] Building CXX object cubrid/CMakeFiles/cubrid.dir/__/src/query/parallel/px_worker_manager_global.cpp.o
[682/831] Building CXX object unit_tests/oos/CMakeFiles/test_oos_delete_server.dir/test_oos_delete_server.cpp.o
[683/831] Building CXX object broker/CMakeFiles/cas_common_lib.dir/__/src/broker/cas_net_buf.c.o
[684/831] Building CXX object cubrid/CMakeFiles/cubrid.dir/__/src/xasl/xasl_spawner.cpp.o
[685/831] Building CXX object broker/CMakeFiles/cas_common_lib.dir/__/src/broker/cas_handle.c.o
[686/831] Building CXX object broker/CMakeFiles/cas_common_lib.dir/__/src/broker/cas_optimization.c.o
[687/831] Building CXX object unit_tests/oos/CMakeFiles/test_oos_server.dir/test_oos_server.cpp.o
[688/831] Building CXX object broker/CMakeFiles/cas_common_lib.dir/__/src/broker/cas_common_function.c.o
[689/831] Building CXX object broker/CMakeFiles/cas_common_lib.dir/__/src/broker/cas_common_main.c.o
[690/831] Building CXX object broker/CMakeFiles/cas_common_lib.dir/__/src/base/ddl_log.c.o
[691/831] Building CXX object cubrid/CMakeFiles/cubrid.dir/__/src/compat/db_json.cpp.o
[692/831] Building CXX object broker/CMakeFiles/cas_common_lib.dir/__/src/broker/broker_filename.c.o
[693/831] Building CXX object cubrid/CMakeFiles/cubrid.dir/__/src/transaction/log_recovery.c.o
[694/831] Building CXX object cubrid/CMakeFiles/cubrid.dir/__/src/query/parallel/px_scan/index/px_scan_index_leaf_slot_walker.cpp.o
[695/831] Building CXX object cubrid/CMakeFiles/cubrid.dir/__/src/sp/pl_struct_compile.cpp.o
[696/831] Building CXX object broker/CMakeFiles/cas_common_lib.dir/__/src/broker/broker_shm.c.o
[697/831] Building CXX object unit_tests/oos/sql/CMakeFiles/test_oos_sql_update_delete.dir/test_oos_sql_update_delete.cpp.o
[698/831] Building CXX object unit_tests/oos/sql/CMakeFiles/test_oos_sql_storage.dir/test_oos_sql_storage.cpp.o
[699/831] Building CXX object unit_tests/oos/sql/CMakeFiles/test_oos_sql_txn.dir/test_oos_sql_txn.cpp.o
[700/831] Building CXX object unit_tests/oos/sql/CMakeFiles/test_oos_sql_visible_version.dir/test_oos_sql_visible_version.cpp.o
[701/831] Building CXX object broker/CMakeFiles/cas_cgw_lib.dir/__/src/broker/cas_cgw_odbc.c.o
[702/831] Building CXX object util/CMakeFiles/cub_master.dir/__/src/executables/master_server_monitor.cpp.o
[703/831] Building CXX object cubrid/CMakeFiles/cubrid.dir/__/src/query/parallel/px_scan/px_scan_input_handler_heap.cpp.o
[704/831] Building CXX object util/CMakeFiles/cub_pl.dir/__/src/executables/pl.cpp.o
[705/831] Building CXX object cubrid/CMakeFiles/cubrid.dir/__/src/transaction/log_append.cpp.o
[706/831] Building CXX object cubrid/CMakeFiles/cubrid.dir/__/src/query/parallel/px_hash_join/px_hash_join.cpp.o
[707/831] Building CXX object cubrid/CMakeFiles/cubrid.dir/__/src/query/parallel/px_query_execute/px_query_task.cpp.o
[708/831] Building CXX object broker/CMakeFiles/cas_cgw_lib.dir/__/src/broker/cas_cgw_function.c.o
[709/831] Building CXX object cubrid/CMakeFiles/cubrid.dir/__/src/query/parallel/px_scan/px_scan_input_handler_index.cpp.o
[710/831] Building CXX object broker/CMakeFiles/cub_proxy.dir/__/src/broker/shard_proxy_io.c.o
[711/831] Building CXX object broker/CMakeFiles/cub_proxy.dir/__/src/broker/broker_filename.c.o
[712/831] Building CXX object broker/CMakeFiles/cub_proxy.dir/__/src/broker/cas_net_buf.c.o
[713/831] Building CXX object broker/CMakeFiles/cub_cas_cgw.dir/__/src/broker/cas_cgw.c.o
[714/831] Building CXX object broker/CMakeFiles/cub_proxy.dir/__/src/broker/shard_proxy.c.o
[715/831] Building CXX object broker/CMakeFiles/cub_proxy.dir/__/src/broker/broker_shm.c.o
[716/831] Building CXX object broker/CMakeFiles/broker_tester.dir/__/src/broker/broker_shm.c.o
[717/831] Building CXX object cubrid/CMakeFiles/cubrid.dir/__/src/query/parallel/px_scan/px_scan_slot_iterator_index.cpp.o
[718/831] Building CXX object broker/CMakeFiles/broker_tester.dir/__/src/broker/broker_filename.c.o
[719/831] Building CXX object broker/CMakeFiles/brokeradmin.dir/__/src/broker/broker_filename.c.o
[720/831] Building CXX object broker/CMakeFiles/brokeradmin.dir/__/src/broker/broker_admin_pub.c.o
[721/831] Building CXX object broker/CMakeFiles/brokeradmin.dir/__/src/broker/broker_shm.c.o
[722/831] Building CXX object cubrid/CMakeFiles/cubrid.dir/__/src/query/parallel/px_hash_join/px_hash_join_task_manager.cpp.o
[723/831] Building CXX object cm_common/CMakeFiles/cmdep.dir/__/src/cm_common/cm_utils.c.o
[724/831] Building CXX object cubrid/CMakeFiles/cubrid.dir/__/src/query/parallel/px_thread_safe_queue.cpp.o
[725/831] Building CXX object cm_common/CMakeFiles/cub_jobsa.dir/__/src/cm_common/cm_class_info_sa.c.o
[726/831] Building CXX object cubrid/CMakeFiles/cubrid.dir/__/src/query/parallel/px_scan/index/px_scan_index_key_range_list.cpp.o
[727/831] Building CXX object cubrid/CMakeFiles/cubrid.dir/__/src/query/parallel/px_scan/index/px_scan_index_leaf_page_dispatcher.cpp.o
[728/831] Building CXX object cubrid/CMakeFiles/cubrid.dir/__/src/query/parallel/px_scan/px_scan_input_handler_list.cpp.o
[729/831] Building CXX object unit_tests/oos/CMakeFiles/test_oos_tde_gate.dir/test_oos_tde_gate.cpp.o
[730/831] Building CXX object cubrid/CMakeFiles/cubrid.dir/__/src/transaction/locator_sr.c.o
[731/831] Building CXX object cubrid/CMakeFiles/cubrid.dir/__/src/query/parallel/px_scan/px_scan_pre_execution_info.cpp.o
[732/831] Building CXX object cubrid/CMakeFiles/cubrid.dir/__/src/query/parallel/px_scan/px_scan_trace_handler.cpp.o
[733/831] Building CXX object unit_tests/oos/sql/CMakeFiles/test_oos_sql_show.dir/test_oos_sql_show.cpp.o
[734/831] Building CXX object unit_tests/oos/sql/CMakeFiles/test_oos_sql_boundary.dir/test_oos_sql_boundary.cpp.o
[735/831] Building CXX object cubrid/CMakeFiles/cubrid.dir/__/src/query/parallel/px_scan/px_scan_result_handler.cpp.o
[736/831] Building CXX object unit_tests/oos/sql/CMakeFiles/test_oos_sql_crud.dir/test_oos_sql_crud.cpp.o
[737/831] Building CXX object cubrid/CMakeFiles/cubrid.dir/__/src/query/parallel/px_scan/index/px_scan_index_overflow_drain_fsm.cpp.o
[738/831] Building CXX object cm_common/CMakeFiles/cmdep.dir/__/src/cm_common/cm_dep_tasks.c.o
[739/831] Building CXX object util/CMakeFiles/unittests_snapshot.dir/__/src/executables/unittests_snapshot.c.o
[740/831] Building CXX object cubrid/CMakeFiles/cubrid.dir/__/src/transaction/log_tran_table.c.o
[741/831] Building CXX object unit_tests/oos/CMakeFiles/test_oos_remove_file.dir/test_oos_remove_file.cpp.o
[742/831] Building CXX object unit_tests/oos/CMakeFiles/test_oos_delete.dir/test_oos_delete.cpp.o
[743/831] Building CXX object unit_tests/oos/sql/CMakeFiles/test_oos_sql_bigone.dir/test_oos_sql_bigone.cpp.o
[744/831] Building CXX object cubrid/CMakeFiles/cubrid.dir/__/src/transaction/lock_manager.c.o
[745/831] Building CXX object cubrid/CMakeFiles/cubrid.dir/__/src/query/parallel/px_scan/px_scan.cpp.o
[746/831] Building CXX object unit_tests/oos/sql/CMakeFiles/test_oos_sql_delete.dir/test_oos_sql_delete.cpp.o
[747/831] Building CXX object unit_tests/oos/sql/CMakeFiles/test_oos_sql_ddl.dir/test_oos_sql_ddl.cpp.o
[748/831] Building CXX object unit_tests/oos/sql/CMakeFiles/test_oos_sql_eager_cleanup.dir/test_oos_sql_eager_cleanup.cpp.o
[749/831] Building CXX object cubrid/CMakeFiles/cubrid.dir/__/src/transaction/log_recovery_redo_parallel.cpp.o
[750/831] Building CXX object cubrid/CMakeFiles/cubrid.dir/__/src/query/parallel/px_query_execute/px_query_executor.cpp.o
[751/831] Building CXX object cubrid/CMakeFiles/cubrid.dir/__/src/transaction/log_manager.c.o
[752/831] Building CXX object cubrid/CMakeFiles/cubrid.dir/__/src/transaction/log_page_buffer.c.o
[753/831] Building CXX object unit_tests/oos/CMakeFiles/test_oos.dir/test_oos.cpp.o
[754/831] Building CXX object unit_tests/oos/CMakeFiles/test_oos_bestspace.dir/test_oos_bestspace.cpp.o
[755/831] Building CXX object unit_tests/oos/CMakeFiles/test_oos_vacuum_server.dir/test_oos_vacuum_server.cpp.o
[756/831] Building CXX object cubrid/CMakeFiles/cubrid.dir/__/src/query/parallel/px_scan/px_scan_task.cpp.o
[757/831] Building CXX object unit_tests/oos/CMakeFiles/test_oos_real_vacuum_server.dir/test_oos_real_vacuum_server.cpp.o
[758/831] Performing configure step for 'catch2'
loading initial cache file /home/vimkim/gh/cb/CBRD-27398-pgbuf-inspector-contract/build_preset_debug_gcc/unit_tests/catch2-prefix/tmp/catch2-cache-Debug.cmake
-- Configuring done (0.0s)
-- Generating done (0.0s)
-- Build files have been written to: /home/vimkim/gh/cb/CBRD-27398-pgbuf-inspector-contract/build_preset_debug_gcc/unit_tests/catch2-prefix/src/catch2-build
[759/831] Performing build step for 'catch2'
ninja: no work to do.
[760/831] No install step for 'catch2'
[761/831] Completed 'catch2'
[762/831] Linking CXX shared library cs/libcubridcs.so.11.5
[763/831] Creating library symlink cs/libcubridcs.so
[764/831] Linking CXX static library broker/libcas_common_lib.a
[765/831] Linking CXX executable bin/broker_log_converter
[766/831] Linking CXX static library broker/libcas_cgw_lib.a
[767/831] Linking CXX executable bin/broker_log_runner
[768/831] Linking CXX executable bin/cubrid_replay
[769/831] Linking CXX executable bin/cub_commdb
[770/831] Linking CXX executable bin/cub_broker
[771/831] Linking CXX executable bin/broker_tester
[772/831] Linking CXX executable bin/cub_master
[773/831] Linking CXX executable bin/cubrid_broker
[774/831] Linking CXX shared library cm_common/libcmdep.so.11.5
[775/831] Linking CXX executable bin/broker_monitor
[776/831] Linking CXX executable bin/cub_gateway
[777/831] Linking CXX executable bin/gateway_monitor
[778/831] Creating library symlink cm_common/libcmdep.so
[779/831] Linking CXX executable bin/broker_log_top
[780/831] Linking CXX shared library broker/libbrokeradmin.so.11.5
[781/831] Linking CXX executable bin/cubrid_gateway
[782/831] Linking CXX executable bin/cub_proxy
[783/831] Linking CXX executable bin/broker_changer
[784/831] Creating library symlink broker/libbrokeradmin.so
[785/831] Linking CXX shared library cm_common/libcmstat.so.11.5
[786/831] Creating library symlink cm_common/libcmstat.so
[787/831] Linking CXX executable bin/cub_cas
[788/831] Linking CXX executable bin/cub_cas_cgw
[789/831] Building CXX object unit_tests/pgbuf_inspector/CMakeFiles/test_pgbuf_inspector.dir/test_pgbuf_inspector_socket.cpp.o
[790/831] Linking CXX executable bin/test_pgbuf_inspector
[791/831] Linking CXX shared library sa/libcubridsa.so.11.5
[792/831] Creating library symlink sa/libcubridsa.so
[793/831] Linking CXX executable bin/gen_timezone
[794/831] Linking CXX executable bin/cubrid_rel
[795/831] Linking CXX executable bin/cub_jobsa
[796/831] Linking CXX executable bin/cub_sainfo
[797/831] Linking CXX executable bin/cubrid
[798/831] Linking CXX executable bin/loadjava
[799/831] Linking CXX executable bin/cub_pl
[800/831] Linking CXX executable bin/test_oos_record_flags
[801/831] Linking CXX executable bin/test_byte_span_writer
[802/831] Linking CXX executable bin/test_oos_remove_file
[803/831] Linking CXX executable bin/test_oos_sql_show
[804/831] Linking CXX executable bin/test_oos_delete
[805/831] Linking CXX shared library cubrid/libcubrid.so.11.5
[806/831] Linking CXX executable bin/test_oos_sql_crud
[807/831] Linking CXX executable bin/test_oos_sql_storage
[808/831] Linking CXX executable bin/test_oos_sql_visible_version
[809/831] Linking CXX executable bin/test_oos_tde_gate
[810/831] Creating library symlink cubrid/libcubrid.so
[811/831] Linking CXX executable bin/test_oos_sql_txn
[812/831] Linking CXX executable bin/test_oos_sql_bigone
[813/831] Linking CXX executable bin/test_oos_sql_update_delete
[814/831] Linking CXX executable bin/test_oos_sql_ddl
[815/831] Linking CXX executable bin/test_oos
[816/831] Linking CXX executable bin/test_oos_sql_delete
[817/831] Linking CXX executable bin/test_oos_sql_boundary
[818/831] Linking CXX executable bin/test_oos_bestspace
[819/831] Linking CXX executable bin/test_oos_sql_eager_cleanup
[820/831] Linking CXX executable bin/unittests_area
[821/831] Linking CXX executable bin/unittests_bit
[822/831] Linking CXX executable bin/cub_server
[823/831] Linking CXX executable bin/unittests_lf
[824/831] Linking CXX executable bin/unittests_snapshot
[825/831] Linking CXX executable bin/test_oos_delete_server
[826/831] Linking CXX executable bin/test_oos_mock_vacuum_server
[827/831] Linking CXX executable bin/test_oos_remove_file_server
[828/831] Linking CXX executable bin/test_oos_vacuum_server
[829/831] Linking CXX executable bin/test_oos_real_vacuum_server
[830/831] Linking CXX executable bin/test_oos_server
[831/831] Running utility command for pl_build
> Task :pl_server:generateGrammarSource UP-TO-DATE
> Task :pl_server:compileJava UP-TO-DATE
> Task :pl_server:processResources UP-TO-DATE
> Task :pl_server:classes UP-TO-DATE
> Task :pl_server:jar
> Task :pl_server:startScripts UP-TO-DATE
> Task :pl_server:distTar
> Task :pl_server:distZip
> Task :pl_server:assemble
> Task :pl_server:check
> Task :pl_server:build

BUILD SUCCESSFUL in 8s
7 actionable tasks: 3 executed, 4 up-to-date
-- Install configuration: "Debug"
-- Installing: /home/vimkim/.cub/install/CBRD-27398-pgbuf-inspector-contract/debug_gcc/vm/pl_server.jar
-- Up-to-date: /home/vimkim/.cub/install/CBRD-27398-pgbuf-inspector-contract/debug_gcc/vm/logging.properties
-- Installing: /home/vimkim/.cub/install/CBRD-27398-pgbuf-inspector-contract/debug_gcc/lib/libcubridsa.so.11.5
-- Set runtime path of "/home/vimkim/.cub/install/CBRD-27398-pgbuf-inspector-contract/debug_gcc/lib/libcubridsa.so.11.5" to "/home/vimkim/.cub/install/CBRD-27398-pgbuf-inspector-contract/debug_gcc/lib"
-- Up-to-date: /home/vimkim/.cub/install/CBRD-27398-pgbuf-inspector-contract/debug_gcc/lib/libcubridsa.so
-- Installing: /home/vimkim/.cub/install/CBRD-27398-pgbuf-inspector-contract/debug_gcc/lib/libcubridcs.so.11.5
-- Set runtime path of "/home/vimkim/.cub/install/CBRD-27398-pgbuf-inspector-contract/debug_gcc/lib/libcubridcs.so.11.5" to "/home/vimkim/.cub/install/CBRD-27398-pgbuf-inspector-contract/debug_gcc/lib"
-- Up-to-date: /home/vimkim/.cub/install/CBRD-27398-pgbuf-inspector-contract/debug_gcc/lib/libcubridcs.so
-- Installing: /home/vimkim/.cub/install/CBRD-27398-pgbuf-inspector-contract/debug_gcc/lib/libcubrid.so.11.5
-- Set runtime path of "/home/vimkim/.cub/install/CBRD-27398-pgbuf-inspector-contract/debug_gcc/lib/libcubrid.so.11.5" to "/home/vimkim/.cub/install/CBRD-27398-pgbuf-inspector-contract/debug_gcc/lib"
-- Up-to-date: /home/vimkim/.cub/install/CBRD-27398-pgbuf-inspector-contract/debug_gcc/lib/libcubrid.so
-- Up-to-date: /home/vimkim/.cub/install/CBRD-27398-pgbuf-inspector-contract/debug_gcc/include/dbi.h
-- Up-to-date: /home/vimkim/.cub/install/CBRD-27398-pgbuf-inspector-contract/debug_gcc/include/dbtran_def.h
-- Up-to-date: /home/vimkim/.cub/install/CBRD-27398-pgbuf-inspector-contract/debug_gcc/include/dbtype_def.h
-- Up-to-date: /home/vimkim/.cub/install/CBRD-27398-pgbuf-inspector-contract/debug_gcc/include/db_set_function.h
-- Up-to-date: /home/vimkim/.cub/install/CBRD-27398-pgbuf-inspector-contract/debug_gcc/include/dbtype_function.h
-- Up-to-date: /home/vimkim/.cub/install/CBRD-27398-pgbuf-inspector-contract/debug_gcc/include/db_date.h
-- Up-to-date: /home/vimkim/.cub/install/CBRD-27398-pgbuf-inspector-contract/debug_gcc/include/db_elo.h
-- Up-to-date: /home/vimkim/.cub/install/CBRD-27398-pgbuf-inspector-contract/debug_gcc/include/cache_time.h
-- Up-to-date: /home/vimkim/.cub/install/CBRD-27398-pgbuf-inspector-contract/debug_gcc/include/error_code.h
-- Up-to-date: /home/vimkim/.cub/install/CBRD-27398-pgbuf-inspector-contract/debug_gcc/include/cubrid_log.h
-- Up-to-date: /home/vimkim/.cub/install/CBRD-27398-pgbuf-inspector-contract/debug_gcc/include/cm_stat.h
-- Up-to-date: /home/vimkim/.cub/install/CBRD-27398-pgbuf-inspector-contract/debug_gcc/bin/csql
-- Installing: /home/vimkim/.cub/install/CBRD-27398-pgbuf-inspector-contract/debug_gcc/bin/cub_master
-- Set runtime path of "/home/vimkim/.cub/install/CBRD-27398-pgbuf-inspector-contract/debug_gcc/bin/cub_master" to "/home/vimkim/.cub/install/CBRD-27398-pgbuf-inspector-contract/debug_gcc/lib"
-- Installing: /home/vimkim/.cub/install/CBRD-27398-pgbuf-inspector-contract/debug_gcc/bin/cub_server
-- Set runtime path of "/home/vimkim/.cub/install/CBRD-27398-pgbuf-inspector-contract/debug_gcc/bin/cub_server" to "/home/vimkim/.cub/install/CBRD-27398-pgbuf-inspector-contract/debug_gcc/lib"
-- Installing: /home/vimkim/.cub/install/CBRD-27398-pgbuf-inspector-contract/debug_gcc/bin/cubrid
-- Set runtime path of "/home/vimkim/.cub/install/CBRD-27398-pgbuf-inspector-contract/debug_gcc/bin/cubrid" to "/home/vimkim/.cub/install/CBRD-27398-pgbuf-inspector-contract/debug_gcc/lib"
-- Installing: /home/vimkim/.cub/install/CBRD-27398-pgbuf-inspector-contract/debug_gcc/bin/cub_commdb
-- Set runtime path of "/home/vimkim/.cub/install/CBRD-27398-pgbuf-inspector-contract/debug_gcc/bin/cub_commdb" to "/home/vimkim/.cub/install/CBRD-27398-pgbuf-inspector-contract/debug_gcc/lib"
-- Installing: /home/vimkim/.cub/install/CBRD-27398-pgbuf-inspector-contract/debug_gcc/bin/cubrid_rel
-- Set runtime path of "/home/vimkim/.cub/install/CBRD-27398-pgbuf-inspector-contract/debug_gcc/bin/cubrid_rel" to "/home/vimkim/.cub/install/CBRD-27398-pgbuf-inspector-contract/debug_gcc/lib"
-- Installing: /home/vimkim/.cub/install/CBRD-27398-pgbuf-inspector-contract/debug_gcc/bin/loadjava
-- Set runtime path of "/home/vimkim/.cub/install/CBRD-27398-pgbuf-inspector-contract/debug_gcc/bin/loadjava" to "/home/vimkim/.cub/install/CBRD-27398-pgbuf-inspector-contract/debug_gcc/lib"
-- Installing: /home/vimkim/.cub/install/CBRD-27398-pgbuf-inspector-contract/debug_gcc/bin/cub_pl
-- Set runtime path of "/home/vimkim/.cub/install/CBRD-27398-pgbuf-inspector-contract/debug_gcc/bin/cub_pl" to "/home/vimkim/.cub/install/CBRD-27398-pgbuf-inspector-contract/debug_gcc/lib"
-- Up-to-date: /home/vimkim/.cub/install/CBRD-27398-pgbuf-inspector-contract/debug_gcc/bin/cub_admin
-- Up-to-date: /home/vimkim/.cub/install/CBRD-27398-pgbuf-inspector-contract/debug_gcc/cci/lib/libcascci.so.11.2
-- Up-to-date: /home/vimkim/.cub/install/CBRD-27398-pgbuf-inspector-contract/debug_gcc/cci/lib/libcascci.so
-- Up-to-date: /home/vimkim/.cub/install/CBRD-27398-pgbuf-inspector-contract/debug_gcc/cci/include/cas_cci.h
-- Up-to-date: /home/vimkim/.cub/install/CBRD-27398-pgbuf-inspector-contract/debug_gcc/cci/include/compat_dbtran_def.h
-- Up-to-date: /home/vimkim/.cub/install/CBRD-27398-pgbuf-inspector-contract/debug_gcc/cci/include/broker_cas_error.h
-- Up-to-date: /home/vimkim/.cub/install/CBRD-27398-pgbuf-inspector-contract/debug_gcc/include/cas_cci.h
-- Up-to-date: /home/vimkim/.cub/install/CBRD-27398-pgbuf-inspector-contract/debug_gcc/include/broker_cas_error.h
-- Up-to-date: /home/vimkim/.cub/install/CBRD-27398-pgbuf-inspector-contract/debug_gcc/include/compat_dbtran_def.h
-- Up-to-date: /home/vimkim/.cub/install/CBRD-27398-pgbuf-inspector-contract/debug_gcc/lib/libcascci.so
-- Up-to-date: /home/vimkim/.cub/install/CBRD-27398-pgbuf-inspector-contract/debug_gcc/lib/libcascci.so.11.2
-- Up-to-date: /home/vimkim/.cub/install/CBRD-27398-pgbuf-inspector-contract/debug_gcc/bin/cci_applier
-- Installing: /home/vimkim/.cub/install/CBRD-27398-pgbuf-inspector-contract/debug_gcc/bin/broker_log_converter
-- Set runtime path of "/home/vimkim/.cub/install/CBRD-27398-pgbuf-inspector-contract/debug_gcc/bin/broker_log_converter" to "/home/vimkim/.cub/install/CBRD-27398-pgbuf-inspector-contract/debug_gcc/lib"
-- Installing: /home/vimkim/.cub/install/CBRD-27398-pgbuf-inspector-contract/debug_gcc/bin/broker_log_runner
-- Set runtime path of "/home/vimkim/.cub/install/CBRD-27398-pgbuf-inspector-contract/debug_gcc/bin/broker_log_runner" to "/home/vimkim/.cub/install/CBRD-27398-pgbuf-inspector-contract/debug_gcc/lib"
-- Installing: /home/vimkim/.cub/install/CBRD-27398-pgbuf-inspector-contract/debug_gcc/bin/broker_tester
-- Set runtime path of "/home/vimkim/.cub/install/CBRD-27398-pgbuf-inspector-contract/debug_gcc/bin/broker_tester" to "/home/vimkim/.cub/install/CBRD-27398-pgbuf-inspector-contract/debug_gcc/lib"
-- Installing: /home/vimkim/.cub/install/CBRD-27398-pgbuf-inspector-contract/debug_gcc/bin/cubrid_replay
-- Set runtime path of "/home/vimkim/.cub/install/CBRD-27398-pgbuf-inspector-contract/debug_gcc/bin/cubrid_replay" to "/home/vimkim/.cub/install/CBRD-27398-pgbuf-inspector-contract/debug_gcc/lib"
-- Installing: /home/vimkim/.cub/install/CBRD-27398-pgbuf-inspector-contract/debug_gcc/bin/cub_broker
-- Set runtime path of "/home/vimkim/.cub/install/CBRD-27398-pgbuf-inspector-contract/debug_gcc/bin/cub_broker" to "/home/vimkim/.cub/install/CBRD-27398-pgbuf-inspector-contract/debug_gcc/lib"
-- Installing: /home/vimkim/.cub/install/CBRD-27398-pgbuf-inspector-contract/debug_gcc/bin/cub_gateway
-- Set runtime path of "/home/vimkim/.cub/install/CBRD-27398-pgbuf-inspector-contract/debug_gcc/bin/cub_gateway" to "/home/vimkim/.cub/install/CBRD-27398-pgbuf-inspector-contract/debug_gcc/lib"
-- Installing: /home/vimkim/.cub/install/CBRD-27398-pgbuf-inspector-contract/debug_gcc/bin/broker_monitor
-- Set runtime path of "/home/vimkim/.cub/install/CBRD-27398-pgbuf-inspector-contract/debug_gcc/bin/broker_monitor" to "/home/vimkim/.cub/install/CBRD-27398-pgbuf-inspector-contract/debug_gcc/lib"
-- Installing: /home/vimkim/.cub/install/CBRD-27398-pgbuf-inspector-contract/debug_gcc/bin/gateway_monitor
-- Set runtime path of "/home/vimkim/.cub/install/CBRD-27398-pgbuf-inspector-contract/debug_gcc/bin/gateway_monitor" to "/home/vimkim/.cub/install/CBRD-27398-pgbuf-inspector-contract/debug_gcc/lib"
-- Installing: /home/vimkim/.cub/install/CBRD-27398-pgbuf-inspector-contract/debug_gcc/bin/broker_changer
-- Set runtime path of "/home/vimkim/.cub/install/CBRD-27398-pgbuf-inspector-contract/debug_gcc/bin/broker_changer" to "/home/vimkim/.cub/install/CBRD-27398-pgbuf-inspector-contract/debug_gcc/lib"
-- Installing: /home/vimkim/.cub/install/CBRD-27398-pgbuf-inspector-contract/debug_gcc/bin/cubrid_broker
-- Set runtime path of "/home/vimkim/.cub/install/CBRD-27398-pgbuf-inspector-contract/debug_gcc/bin/cubrid_broker" to "/home/vimkim/.cub/install/CBRD-27398-pgbuf-inspector-contract/debug_gcc/lib"
-- Installing: /home/vimkim/.cub/install/CBRD-27398-pgbuf-inspector-contract/debug_gcc/bin/cubrid_gateway
-- Set runtime path of "/home/vimkim/.cub/install/CBRD-27398-pgbuf-inspector-contract/debug_gcc/bin/cubrid_gateway" to "/home/vimkim/.cub/install/CBRD-27398-pgbuf-inspector-contract/debug_gcc/lib"
-- Installing: /home/vimkim/.cub/install/CBRD-27398-pgbuf-inspector-contract/debug_gcc/bin/cub_cas
-- Set runtime path of "/home/vimkim/.cub/install/CBRD-27398-pgbuf-inspector-contract/debug_gcc/bin/cub_cas" to "/home/vimkim/.cub/install/CBRD-27398-pgbuf-inspector-contract/debug_gcc/lib"
-- Installing: /home/vimkim/.cub/install/CBRD-27398-pgbuf-inspector-contract/debug_gcc/bin/cub_cas_cgw
-- Set runtime path of "/home/vimkim/.cub/install/CBRD-27398-pgbuf-inspector-contract/debug_gcc/bin/cub_cas_cgw" to "/home/vimkim/.cub/install/CBRD-27398-pgbuf-inspector-contract/debug_gcc/lib"
-- Installing: /home/vimkim/.cub/install/CBRD-27398-pgbuf-inspector-contract/debug_gcc/bin/cub_proxy
-- Set runtime path of "/home/vimkim/.cub/install/CBRD-27398-pgbuf-inspector-contract/debug_gcc/bin/cub_proxy" to "/home/vimkim/.cub/install/CBRD-27398-pgbuf-inspector-contract/debug_gcc/lib"
-- Up-to-date: /home/vimkim/.cub/install/CBRD-27398-pgbuf-inspector-contract/debug_gcc/include/shard_key.h
-- Installing: /home/vimkim/.cub/install/CBRD-27398-pgbuf-inspector-contract/debug_gcc/bin/broker_log_top
-- Set runtime path of "/home/vimkim/.cub/install/CBRD-27398-pgbuf-inspector-contract/debug_gcc/bin/broker_log_top" to "/home/vimkim/.cub/install/CBRD-27398-pgbuf-inspector-contract/debug_gcc/lib"
-- Installing: /home/vimkim/.cub/install/CBRD-27398-pgbuf-inspector-contract/debug_gcc/lib/libbrokeradmin.so.11.5
-- Set runtime path of "/home/vimkim/.cub/install/CBRD-27398-pgbuf-inspector-contract/debug_gcc/lib/libbrokeradmin.so.11.5" to "/home/vimkim/.cub/install/CBRD-27398-pgbuf-inspector-contract/debug_gcc/lib"
-- Up-to-date: /home/vimkim/.cub/install/CBRD-27398-pgbuf-inspector-contract/debug_gcc/lib/libbrokeradmin.so
-- Installing: /home/vimkim/.cub/install/CBRD-27398-pgbuf-inspector-contract/debug_gcc/lib/libcmstat.so.11.5
-- Set runtime path of "/home/vimkim/.cub/install/CBRD-27398-pgbuf-inspector-contract/debug_gcc/lib/libcmstat.so.11.5" to "/home/vimkim/.cub/install/CBRD-27398-pgbuf-inspector-contract/debug_gcc/lib"
-- Up-to-date: /home/vimkim/.cub/install/CBRD-27398-pgbuf-inspector-contract/debug_gcc/lib/libcmstat.so
-- Installing: /home/vimkim/.cub/install/CBRD-27398-pgbuf-inspector-contract/debug_gcc/lib/libcmdep.so.11.5
-- Set runtime path of "/home/vimkim/.cub/install/CBRD-27398-pgbuf-inspector-contract/debug_gcc/lib/libcmdep.so.11.5" to "/home/vimkim/.cub/install/CBRD-27398-pgbuf-inspector-contract/debug_gcc/lib"
-- Up-to-date: /home/vimkim/.cub/install/CBRD-27398-pgbuf-inspector-contract/debug_gcc/lib/libcmdep.so
-- Installing: /home/vimkim/.cub/install/CBRD-27398-pgbuf-inspector-contract/debug_gcc/bin/cub_jobsa
-- Set runtime path of "/home/vimkim/.cub/install/CBRD-27398-pgbuf-inspector-contract/debug_gcc/bin/cub_jobsa" to "/home/vimkim/.cub/install/CBRD-27398-pgbuf-inspector-contract/debug_gcc/lib"
-- Installing: /home/vimkim/.cub/install/CBRD-27398-pgbuf-inspector-contract/debug_gcc/bin/cub_sainfo
-- Set runtime path of "/home/vimkim/.cub/install/CBRD-27398-pgbuf-inspector-contract/debug_gcc/bin/cub_sainfo" to "/home/vimkim/.cub/install/CBRD-27398-pgbuf-inspector-contract/debug_gcc/lib"
-- Installing: /home/vimkim/.cub/install/CBRD-27398-pgbuf-inspector-contract/debug_gcc/conf/cubrid.conf
-- Up-to-date: /home/vimkim/.cub/install/CBRD-27398-pgbuf-inspector-contract/debug_gcc/conf/cubrid.conf.large
-- Up-to-date: /home/vimkim/.cub/install/CBRD-27398-pgbuf-inspector-contract/debug_gcc/conf/cubrid.conf.small
-- Up-to-date: /home/vimkim/.cub/install/CBRD-27398-pgbuf-inspector-contract/debug_gcc/conf/cubrid_broker.conf
-- Up-to-date: /home/vimkim/.cub/install/CBRD-27398-pgbuf-inspector-contract/debug_gcc/conf/cubrid_broker.conf.shard
-- Up-to-date: /home/vimkim/.cub/install/CBRD-27398-pgbuf-inspector-contract/debug_gcc/conf/cubrid_gateway.conf
-- Up-to-date: /home/vimkim/.cub/install/CBRD-27398-pgbuf-inspector-contract/debug_gcc/conf/cubrid_ha.conf
-- Up-to-date: /home/vimkim/.cub/install/CBRD-27398-pgbuf-inspector-contract/debug_gcc/conf/cubrid_hosts.conf
-- Up-to-date: /home/vimkim/.cub/install/CBRD-27398-pgbuf-inspector-contract/debug_gcc/conf/shard_connection.txt
-- Up-to-date: /home/vimkim/.cub/install/CBRD-27398-pgbuf-inspector-contract/debug_gcc/conf/shard_key.txt
-- Up-to-date: /home/vimkim/.cub/install/CBRD-27398-pgbuf-inspector-contract/debug_gcc/conf/cubrid_locales.all.txt
-- Up-to-date: /home/vimkim/.cub/install/CBRD-27398-pgbuf-inspector-contract/debug_gcc/conf/cubrid_locales.txt
-- Up-to-date: /home/vimkim/.cub/install/CBRD-27398-pgbuf-inspector-contract/debug_gcc/conf/cas_ssl_cert.crt
-- Up-to-date: /home/vimkim/.cub/install/CBRD-27398-pgbuf-inspector-contract/debug_gcc/conf/cas_ssl_cert.key
-- Up-to-date: /home/vimkim/.cub/install/CBRD-27398-pgbuf-inspector-contract/debug_gcc/msg/en_US.utf8
-- Up-to-date: /home/vimkim/.cub/install/CBRD-27398-pgbuf-inspector-contract/debug_gcc/msg/en_US.utf8/utils.msg
-- Up-to-date: /home/vimkim/.cub/install/CBRD-27398-pgbuf-inspector-contract/debug_gcc/msg/en_US.utf8/cubrid.msg
-- Up-to-date: /home/vimkim/.cub/install/CBRD-27398-pgbuf-inspector-contract/debug_gcc/msg/en_US.utf8/csql.msg
-- Up-to-date: /home/vimkim/.cub/install/CBRD-27398-pgbuf-inspector-contract/debug_gcc/msg/en_US.utf8
-- Up-to-date: /home/vimkim/.cub/install/CBRD-27398-pgbuf-inspector-contract/debug_gcc/msg/en_US.utf8/utils.cat
-- Up-to-date: /home/vimkim/.cub/install/CBRD-27398-pgbuf-inspector-contract/debug_gcc/msg/en_US.utf8/csql.cat
-- Up-to-date: /home/vimkim/.cub/install/CBRD-27398-pgbuf-inspector-contract/debug_gcc/msg/en_US.utf8/cubrid.cat
-- Up-to-date: /home/vimkim/.cub/install/CBRD-27398-pgbuf-inspector-contract/debug_gcc/msg/en_US
-- Up-to-date: /home/vimkim/.cub/install/CBRD-27398-pgbuf-inspector-contract/debug_gcc/msg/en_US/utils.msg
-- Up-to-date: /home/vimkim/.cub/install/CBRD-27398-pgbuf-inspector-contract/debug_gcc/msg/en_US/cubrid.msg
-- Up-to-date: /home/vimkim/.cub/install/CBRD-27398-pgbuf-inspector-contract/debug_gcc/msg/en_US/csql.msg
-- Up-to-date: /home/vimkim/.cub/install/CBRD-27398-pgbuf-inspector-contract/debug_gcc/msg/en_US
-- Up-to-date: /home/vimkim/.cub/install/CBRD-27398-pgbuf-inspector-contract/debug_gcc/msg/en_US/utils.cat
-- Up-to-date: /home/vimkim/.cub/install/CBRD-27398-pgbuf-inspector-contract/debug_gcc/msg/en_US/csql.cat
-- Up-to-date: /home/vimkim/.cub/install/CBRD-27398-pgbuf-inspector-contract/debug_gcc/msg/en_US/cubrid.cat
-- Up-to-date: /home/vimkim/.cub/install/CBRD-27398-pgbuf-inspector-contract/debug_gcc/msg/ko_KR.utf8
-- Up-to-date: /home/vimkim/.cub/install/CBRD-27398-pgbuf-inspector-contract/debug_gcc/msg/ko_KR.utf8/csql.msg
-- Up-to-date: /home/vimkim/.cub/install/CBRD-27398-pgbuf-inspector-contract/debug_gcc/msg/ko_KR.utf8/utils.msg
-- Up-to-date: /home/vimkim/.cub/install/CBRD-27398-pgbuf-inspector-contract/debug_gcc/msg/ko_KR.utf8/cubrid.msg
-- Up-to-date: /home/vimkim/.cub/install/CBRD-27398-pgbuf-inspector-contract/debug_gcc/msg/ko_KR.utf8
-- Up-to-date: /home/vimkim/.cub/install/CBRD-27398-pgbuf-inspector-contract/debug_gcc/msg/ko_KR.utf8/cubrid.cat
-- Up-to-date: /home/vimkim/.cub/install/CBRD-27398-pgbuf-inspector-contract/debug_gcc/msg/ko_KR.utf8/utils.cat
-- Up-to-date: /home/vimkim/.cub/install/CBRD-27398-pgbuf-inspector-contract/debug_gcc/msg/ko_KR.utf8/csql.cat
-- Up-to-date: /home/vimkim/.cub/install/CBRD-27398-pgbuf-inspector-contract/debug_gcc/msg/ko_KR.euckr
-- Up-to-date: /home/vimkim/.cub/install/CBRD-27398-pgbuf-inspector-contract/debug_gcc/msg/ko_KR.euckr/csql.msg
-- Up-to-date: /home/vimkim/.cub/install/CBRD-27398-pgbuf-inspector-contract/debug_gcc/msg/ko_KR.euckr/cubrid.msg
-- Up-to-date: /home/vimkim/.cub/install/CBRD-27398-pgbuf-inspector-contract/debug_gcc/msg/ko_KR.euckr/utils.msg
-- Up-to-date: /home/vimkim/.cub/install/CBRD-27398-pgbuf-inspector-contract/debug_gcc/msg/ko_KR.euckr
-- Up-to-date: /home/vimkim/.cub/install/CBRD-27398-pgbuf-inspector-contract/debug_gcc/msg/ko_KR.euckr/csql.cat
-- Up-to-date: /home/vimkim/.cub/install/CBRD-27398-pgbuf-inspector-contract/debug_gcc/msg/ko_KR.euckr/cubrid.cat
-- Up-to-date: /home/vimkim/.cub/install/CBRD-27398-pgbuf-inspector-contract/debug_gcc/msg/ko_KR.euckr/utils.cat
-- Up-to-date: /home/vimkim/.cub/install/CBRD-27398-pgbuf-inspector-contract/debug_gcc/demo/demodb_objects
-- Up-to-date: /home/vimkim/.cub/install/CBRD-27398-pgbuf-inspector-contract/debug_gcc/demo/demodb_schema
-- Up-to-date: /home/vimkim/.cub/install/CBRD-27398-pgbuf-inspector-contract/debug_gcc/demo/make_cubrid_demo.sh
-- Up-to-date: /home/vimkim/.cub/install/CBRD-27398-pgbuf-inspector-contract/debug_gcc/share/init.d/cubrid-ha
-- Up-to-date: /home/vimkim/.cub/install/CBRD-27398-pgbuf-inspector-contract/debug_gcc/share/init.d/cubrid
-- Up-to-date: /home/vimkim/.cub/install/CBRD-27398-pgbuf-inspector-contract/debug_gcc/share/scripts/check_reserved.sql
-- Up-to-date: /home/vimkim/.cub/install/CBRD-27398-pgbuf-inspector-contract/debug_gcc/share/scripts/broker_log_top.py
-- Up-to-date: /home/vimkim/.cub/install/CBRD-27398-pgbuf-inspector-contract/debug_gcc/share/scripts/brokerstatus_to_csv.py
-- Up-to-date: /home/vimkim/.cub/install/CBRD-27398-pgbuf-inspector-contract/debug_gcc/share/scripts/statdump_to_csv.py
-- Up-to-date: /home/vimkim/.cub/install/CBRD-27398-pgbuf-inspector-contract/debug_gcc/share/scripts/ha/ha_make_slavedb.sh
-- Up-to-date: /home/vimkim/.cub/install/CBRD-27398-pgbuf-inspector-contract/debug_gcc/share/scripts/ha/VERSION
-- Up-to-date: /home/vimkim/.cub/install/CBRD-27398-pgbuf-inspector-contract/debug_gcc/share/scripts/ha/README
-- Up-to-date: /home/vimkim/.cub/install/CBRD-27398-pgbuf-inspector-contract/debug_gcc/share/scripts/ha/functions/ha_check_environment.sh
-- Up-to-date: /home/vimkim/.cub/install/CBRD-27398-pgbuf-inspector-contract/debug_gcc/share/scripts/ha/functions/ha_check_script.sh
-- Up-to-date: /home/vimkim/.cub/install/CBRD-27398-pgbuf-inspector-contract/debug_gcc/share/scripts/ha/expect/scp_from.exp
-- Up-to-date: /home/vimkim/.cub/install/CBRD-27398-pgbuf-inspector-contract/debug_gcc/share/scripts/ha/expect/scp_to.exp
-- Up-to-date: /home/vimkim/.cub/install/CBRD-27398-pgbuf-inspector-contract/debug_gcc/share/scripts/ha/expect/ssh.exp
-- Up-to-date: /home/vimkim/.cub/install/CBRD-27398-pgbuf-inspector-contract/debug_gcc/share/scripts/ha/common/common.sh
-- Up-to-date: /home/vimkim/.cub/install/CBRD-27398-pgbuf-inspector-contract/debug_gcc/share/systemtap/tapset/cubrid_func.stp
-- Up-to-date: /home/vimkim/.cub/install/CBRD-27398-pgbuf-inspector-contract/debug_gcc/share/systemtap/tapset/scripts/buffer_access.stp
-- Up-to-date: /home/vimkim/.cub/install/CBRD-27398-pgbuf-inspector-contract/debug_gcc/share/systemtap/tapset/scripts/global_time.stp
-- Up-to-date: /home/vimkim/.cub/install/CBRD-27398-pgbuf-inspector-contract/debug_gcc/share/systemtap/tapset/scripts/io_stat.stp
-- Up-to-date: /home/vimkim/.cub/install/CBRD-27398-pgbuf-inspector-contract/debug_gcc/share/systemtap/tapset/scripts/lock_time.stp
-- Up-to-date: /home/vimkim/.cub/install/CBRD-27398-pgbuf-inspector-contract/debug_gcc/share/systemtap/tapset/scripts/obj_access.stp
-- Up-to-date: /home/vimkim/.cub/install/CBRD-27398-pgbuf-inspector-contract/debug_gcc/share/systemtap/tapset/scripts/query_time.stp
-- Up-to-date: /home/vimkim/.cub/install/CBRD-27398-pgbuf-inspector-contract/debug_gcc/share/systemtap/tapset/scripts/transaction.stp
-- Up-to-date: /home/vimkim/.cub/install/CBRD-27398-pgbuf-inspector-contract/debug_gcc/share/systemtap/tapset/scripts/topcallstack_helper.stp
-- Up-to-date: /home/vimkim/.cub/install/CBRD-27398-pgbuf-inspector-contract/debug_gcc/share/systemtap/tapset/scripts/get_file_line.sh
-- Up-to-date: /home/vimkim/.cub/install/CBRD-27398-pgbuf-inspector-contract/debug_gcc/share/systemtap/tapset/scripts/topcallstack
-- Up-to-date: /home/vimkim/.cub/install/CBRD-27398-pgbuf-inspector-contract/debug_gcc/share/scripts/setup.sh
-- Up-to-date: /home/vimkim/.cub/install/CBRD-27398-pgbuf-inspector-contract/debug_gcc/share/scripts/cubrid.sh
-- Up-to-date: /home/vimkim/.cub/install/CBRD-27398-pgbuf-inspector-contract/debug_gcc/share/scripts/cubrid.csh
-- Up-to-date: /home/vimkim/.cub/install/CBRD-27398-pgbuf-inspector-contract/debug_gcc/share/scripts/unloaddb.sh
-- Up-to-date: /home/vimkim/.cub/install/CBRD-27398-pgbuf-inspector-contract/debug_gcc/share/scripts/restore_to_newdb.sh
-- Up-to-date: /home/vimkim/.cub/install/CBRD-27398-pgbuf-inspector-contract/debug_gcc/share/scripts/check_index_ovfps.sh
-- Up-to-date: /home/vimkim/.cub/install/CBRD-27398-pgbuf-inspector-contract/debug_gcc/bin/make_locale.sh
-- Up-to-date: /home/vimkim/.cub/install/CBRD-27398-pgbuf-inspector-contract/debug_gcc/locales/loclib/build_locale.sh
-- Up-to-date: /home/vimkim/.cub/install/CBRD-27398-pgbuf-inspector-contract/debug_gcc/locales/data
-- Up-to-date: /home/vimkim/.cub/install/CBRD-27398-pgbuf-inspector-contract/debug_gcc/locales/data/codepages
-- Up-to-date: /home/vimkim/.cub/install/CBRD-27398-pgbuf-inspector-contract/debug_gcc/locales/data/codepages/8859-1.TXT
-- Up-to-date: /home/vimkim/.cub/install/CBRD-27398-pgbuf-inspector-contract/debug_gcc/locales/data/codepages/8859-15.TXT
-- Up-to-date: /home/vimkim/.cub/install/CBRD-27398-pgbuf-inspector-contract/debug_gcc/locales/data/codepages/8859-9.TXT
-- Up-to-date: /home/vimkim/.cub/install/CBRD-27398-pgbuf-inspector-contract/debug_gcc/locales/data/codepages/CP1250.TXT
-- Up-to-date: /home/vimkim/.cub/install/CBRD-27398-pgbuf-inspector-contract/debug_gcc/locales/data/codepages/CP1258.TXT
-- Up-to-date: /home/vimkim/.cub/install/CBRD-27398-pgbuf-inspector-contract/debug_gcc/locales/data/codepages/CP932.TXT
-- Up-to-date: /home/vimkim/.cub/install/CBRD-27398-pgbuf-inspector-contract/debug_gcc/locales/data/codepages/CP936.TXT
-- Up-to-date: /home/vimkim/.cub/install/CBRD-27398-pgbuf-inspector-contract/debug_gcc/locales/data/codepages/CP949.TXT
-- Up-to-date: /home/vimkim/.cub/install/CBRD-27398-pgbuf-inspector-contract/debug_gcc/locales/data/ducet.txt
-- Up-to-date: /home/vimkim/.cub/install/CBRD-27398-pgbuf-inspector-contract/debug_gcc/locales/data/ldml
-- Up-to-date: /home/vimkim/.cub/install/CBRD-27398-pgbuf-inspector-contract/debug_gcc/locales/data/ldml/common_collations.xml
-- Up-to-date: /home/vimkim/.cub/install/CBRD-27398-pgbuf-inspector-contract/debug_gcc/locales/data/ldml/cubrid_de_DE.xml
-- Up-to-date: /home/vimkim/.cub/install/CBRD-27398-pgbuf-inspector-contract/debug_gcc/locales/data/ldml/cubrid_es_ES.xml
-- Up-to-date: /home/vimkim/.cub/install/CBRD-27398-pgbuf-inspector-contract/debug_gcc/locales/data/ldml/cubrid_fr_FR.xml
-- Up-to-date: /home/vimkim/.cub/install/CBRD-27398-pgbuf-inspector-contract/debug_gcc/locales/data/ldml/cubrid_it_IT.xml
-- Up-to-date: /home/vimkim/.cub/install/CBRD-27398-pgbuf-inspector-contract/debug_gcc/locales/data/ldml/cubrid_ja_JP.xml
-- Up-to-date: /home/vimkim/.cub/install/CBRD-27398-pgbuf-inspector-contract/debug_gcc/locales/data/ldml/cubrid_km_KH.xml
-- Up-to-date: /home/vimkim/.cub/install/CBRD-27398-pgbuf-inspector-contract/debug_gcc/locales/data/ldml/cubrid_ko_KR.xml
-- Up-to-date: /home/vimkim/.cub/install/CBRD-27398-pgbuf-inspector-contract/debug_gcc/locales/data/ldml/cubrid_ro_RO.xml
-- Up-to-date: /home/vimkim/.cub/install/CBRD-27398-pgbuf-inspector-contract/debug_gcc/locales/data/ldml/cubrid_tr_TR.xml
-- Up-to-date: /home/vimkim/.cub/install/CBRD-27398-pgbuf-inspector-contract/debug_gcc/locales/data/ldml/cubrid_vi_VN.xml
-- Up-to-date: /home/vimkim/.cub/install/CBRD-27398-pgbuf-inspector-contract/debug_gcc/locales/data/ldml/cubrid_zh_CN.xml
-- Up-to-date: /home/vimkim/.cub/install/CBRD-27398-pgbuf-inspector-contract/debug_gcc/locales/data/unicodedata.txt
-- Up-to-date: /home/vimkim/.cub/install/CBRD-27398-pgbuf-inspector-contract/debug_gcc/locales/loclib/locale_lib_common.h
-- Up-to-date: /home/vimkim/.cub/install/CBRD-27398-pgbuf-inspector-contract/debug_gcc/lib/libcubrid_timezones.so.11.5
-- Up-to-date: /home/vimkim/.cub/install/CBRD-27398-pgbuf-inspector-contract/debug_gcc/lib/libcubrid_timezones.so
-- Up-to-date: /home/vimkim/.cub/install/CBRD-27398-pgbuf-inspector-contract/debug_gcc/bin/make_tz.sh
-- Up-to-date: /home/vimkim/.cub/install/CBRD-27398-pgbuf-inspector-contract/debug_gcc/timezones/tzlib/build_tz.sh
-- Up-to-date: /home/vimkim/.cub/install/CBRD-27398-pgbuf-inspector-contract/debug_gcc/timezones/tzdata
-- Up-to-date: /home/vimkim/.cub/install/CBRD-27398-pgbuf-inspector-contract/debug_gcc/timezones/tzdata/africa
-- Up-to-date: /home/vimkim/.cub/install/CBRD-27398-pgbuf-inspector-contract/debug_gcc/timezones/tzdata/antarctica
-- Up-to-date: /home/vimkim/.cub/install/CBRD-27398-pgbuf-inspector-contract/debug_gcc/timezones/tzdata/asia
-- Up-to-date: /home/vimkim/.cub/install/CBRD-27398-pgbuf-inspector-contract/debug_gcc/timezones/tzdata/australasia
-- Up-to-date: /home/vimkim/.cub/install/CBRD-27398-pgbuf-inspector-contract/debug_gcc/timezones/tzdata/backward
-- Up-to-date: /home/vimkim/.cub/install/CBRD-27398-pgbuf-inspector-contract/debug_gcc/timezones/tzdata/etcetera
-- Up-to-date: /home/vimkim/.cub/install/CBRD-27398-pgbuf-inspector-contract/debug_gcc/timezones/tzdata/europe
-- Up-to-date: /home/vimkim/.cub/install/CBRD-27398-pgbuf-inspector-contract/debug_gcc/timezones/tzdata/iso3166.tab
-- Up-to-date: /home/vimkim/.cub/install/CBRD-27398-pgbuf-inspector-contract/debug_gcc/timezones/tzdata/leapseconds
-- Up-to-date: /home/vimkim/.cub/install/CBRD-27398-pgbuf-inspector-contract/debug_gcc/timezones/tzdata/northamerica
-- Up-to-date: /home/vimkim/.cub/install/CBRD-27398-pgbuf-inspector-contract/debug_gcc/timezones/tzdata/pacificnew
-- Up-to-date: /home/vimkim/.cub/install/CBRD-27398-pgbuf-inspector-contract/debug_gcc/timezones/tzdata/southamerica
-- Up-to-date: /home/vimkim/.cub/install/CBRD-27398-pgbuf-inspector-contract/debug_gcc/timezones/tzdata/windowsZones.xml
-- Up-to-date: /home/vimkim/.cub/install/CBRD-27398-pgbuf-inspector-contract/debug_gcc/timezones/tzdata/zone.tab
-- Up-to-date: /home/vimkim/.cub/install/CBRD-27398-pgbuf-inspector-contract/debug_gcc/timezones/tzlib/timezone_lib_common.h
-- Up-to-date: /home/vimkim/.cub/install/CBRD-27398-pgbuf-inspector-contract/debug_gcc/include
-- Up-to-date: /home/vimkim/.cub/install/CBRD-27398-pgbuf-inspector-contract/debug_gcc/include/gmock
-- Up-to-date: /home/vimkim/.cub/install/CBRD-27398-pgbuf-inspector-contract/debug_gcc/include/gmock/gmock-actions.h
-- Up-to-date: /home/vimkim/.cub/install/CBRD-27398-pgbuf-inspector-contract/debug_gcc/include/gmock/gmock-cardinalities.h
-- Up-to-date: /home/vimkim/.cub/install/CBRD-27398-pgbuf-inspector-contract/debug_gcc/include/gmock/gmock-function-mocker.h
-- Up-to-date: /home/vimkim/.cub/install/CBRD-27398-pgbuf-inspector-contract/debug_gcc/include/gmock/gmock-matchers.h
-- Up-to-date: /home/vimkim/.cub/install/CBRD-27398-pgbuf-inspector-contract/debug_gcc/include/gmock/gmock-more-actions.h
-- Up-to-date: /home/vimkim/.cub/install/CBRD-27398-pgbuf-inspector-contract/debug_gcc/include/gmock/gmock-more-matchers.h
-- Up-to-date: /home/vimkim/.cub/install/CBRD-27398-pgbuf-inspector-contract/debug_gcc/include/gmock/gmock-nice-strict.h
-- Up-to-date: /home/vimkim/.cub/install/CBRD-27398-pgbuf-inspector-contract/debug_gcc/include/gmock/gmock-spec-builders.h
-- Up-to-date: /home/vimkim/.cub/install/CBRD-27398-pgbuf-inspector-contract/debug_gcc/include/gmock/gmock.h
-- Up-to-date: /home/vimkim/.cub/install/CBRD-27398-pgbuf-inspector-contract/debug_gcc/include/gmock/internal
-- Up-to-date: /home/vimkim/.cub/install/CBRD-27398-pgbuf-inspector-contract/debug_gcc/include/gmock/internal/custom
-- Up-to-date: /home/vimkim/.cub/install/CBRD-27398-pgbuf-inspector-contract/debug_gcc/include/gmock/internal/custom/README.md
-- Up-to-date: /home/vimkim/.cub/install/CBRD-27398-pgbuf-inspector-contract/debug_gcc/include/gmock/internal/custom/gmock-generated-actions.h
-- Up-to-date: /home/vimkim/.cub/install/CBRD-27398-pgbuf-inspector-contract/debug_gcc/include/gmock/internal/custom/gmock-matchers.h
-- Up-to-date: /home/vimkim/.cub/install/CBRD-27398-pgbuf-inspector-contract/debug_gcc/include/gmock/internal/custom/gmock-port.h
-- Up-to-date: /home/vimkim/.cub/install/CBRD-27398-pgbuf-inspector-contract/debug_gcc/include/gmock/internal/gmock-internal-utils.h
-- Up-to-date: /home/vimkim/.cub/install/CBRD-27398-pgbuf-inspector-contract/debug_gcc/include/gmock/internal/gmock-port.h
-- Up-to-date: /home/vimkim/.cub/install/CBRD-27398-pgbuf-inspector-contract/debug_gcc/include/gmock/internal/gmock-pp.h
-- Up-to-date: /home/vimkim/.cub/install/CBRD-27398-pgbuf-inspector-contract/debug_gcc/lib64/libgmock.a
-- Up-to-date: /home/vimkim/.cub/install/CBRD-27398-pgbuf-inspector-contract/debug_gcc/lib64/libgmock_main.a
-- Up-to-date: /home/vimkim/.cub/install/CBRD-27398-pgbuf-inspector-contract/debug_gcc/lib64/pkgconfig/gmock.pc
-- Up-to-date: /home/vimkim/.cub/install/CBRD-27398-pgbuf-inspector-contract/debug_gcc/lib64/pkgconfig/gmock_main.pc
-- Up-to-date: /home/vimkim/.cub/install/CBRD-27398-pgbuf-inspector-contract/debug_gcc/lib64/cmake/GTest/GTestTargets.cmake
-- Up-to-date: /home/vimkim/.cub/install/CBRD-27398-pgbuf-inspector-contract/debug_gcc/lib64/cmake/GTest/GTestTargets-debug.cmake
-- Up-to-date: /home/vimkim/.cub/install/CBRD-27398-pgbuf-inspector-contract/debug_gcc/lib64/cmake/GTest/GTestConfigVersion.cmake
-- Up-to-date: /home/vimkim/.cub/install/CBRD-27398-pgbuf-inspector-contract/debug_gcc/lib64/cmake/GTest/GTestConfig.cmake
-- Up-to-date: /home/vimkim/.cub/install/CBRD-27398-pgbuf-inspector-contract/debug_gcc/include
-- Up-to-date: /home/vimkim/.cub/install/CBRD-27398-pgbuf-inspector-contract/debug_gcc/include/gtest
-- Up-to-date: /home/vimkim/.cub/install/CBRD-27398-pgbuf-inspector-contract/debug_gcc/include/gtest/gtest-assertion-result.h
-- Up-to-date: /home/vimkim/.cub/install/CBRD-27398-pgbuf-inspector-contract/debug_gcc/include/gtest/gtest-death-test.h
-- Up-to-date: /home/vimkim/.cub/install/CBRD-27398-pgbuf-inspector-contract/debug_gcc/include/gtest/gtest-matchers.h
-- Up-to-date: /home/vimkim/.cub/install/CBRD-27398-pgbuf-inspector-contract/debug_gcc/include/gtest/gtest-message.h
-- Up-to-date: /home/vimkim/.cub/install/CBRD-27398-pgbuf-inspector-contract/debug_gcc/include/gtest/gtest-param-test.h
-- Up-to-date: /home/vimkim/.cub/install/CBRD-27398-pgbuf-inspector-contract/debug_gcc/include/gtest/gtest-printers.h
-- Up-to-date: /home/vimkim/.cub/install/CBRD-27398-pgbuf-inspector-contract/debug_gcc/include/gtest/gtest-spi.h
-- Up-to-date: /home/vimkim/.cub/install/CBRD-27398-pgbuf-inspector-contract/debug_gcc/include/gtest/gtest-test-part.h
-- Up-to-date: /home/vimkim/.cub/install/CBRD-27398-pgbuf-inspector-contract/debug_gcc/include/gtest/gtest-typed-test.h
-- Up-to-date: /home/vimkim/.cub/install/CBRD-27398-pgbuf-inspector-contract/debug_gcc/include/gtest/gtest.h
-- Up-to-date: /home/vimkim/.cub/install/CBRD-27398-pgbuf-inspector-contract/debug_gcc/include/gtest/gtest_pred_impl.h
-- Up-to-date: /home/vimkim/.cub/install/CBRD-27398-pgbuf-inspector-contract/debug_gcc/include/gtest/gtest_prod.h
-- Up-to-date: /home/vimkim/.cub/install/CBRD-27398-pgbuf-inspector-contract/debug_gcc/include/gtest/internal
-- Up-to-date: /home/vimkim/.cub/install/CBRD-27398-pgbuf-inspector-contract/debug_gcc/include/gtest/internal/custom
-- Up-to-date: /home/vimkim/.cub/install/CBRD-27398-pgbuf-inspector-contract/debug_gcc/include/gtest/internal/custom/README.md
-- Up-to-date: /home/vimkim/.cub/install/CBRD-27398-pgbuf-inspector-contract/debug_gcc/include/gtest/internal/custom/gtest-port.h
-- Up-to-date: /home/vimkim/.cub/install/CBRD-27398-pgbuf-inspector-contract/debug_gcc/include/gtest/internal/custom/gtest-printers.h
-- Up-to-date: /home/vimkim/.cub/install/CBRD-27398-pgbuf-inspector-contract/debug_gcc/include/gtest/internal/custom/gtest.h
-- Up-to-date: /home/vimkim/.cub/install/CBRD-27398-pgbuf-inspector-contract/debug_gcc/include/gtest/internal/gtest-death-test-internal.h
-- Up-to-date: /home/vimkim/.cub/install/CBRD-27398-pgbuf-inspector-contract/debug_gcc/include/gtest/internal/gtest-filepath.h
-- Up-to-date: /home/vimkim/.cub/install/CBRD-27398-pgbuf-inspector-contract/debug_gcc/include/gtest/internal/gtest-internal.h
-- Up-to-date: /home/vimkim/.cub/install/CBRD-27398-pgbuf-inspector-contract/debug_gcc/include/gtest/internal/gtest-param-util.h
-- Up-to-date: /home/vimkim/.cub/install/CBRD-27398-pgbuf-inspector-contract/debug_gcc/include/gtest/internal/gtest-port-arch.h
-- Up-to-date: /home/vimkim/.cub/install/CBRD-27398-pgbuf-inspector-contract/debug_gcc/include/gtest/internal/gtest-port.h
-- Up-to-date: /home/vimkim/.cub/install/CBRD-27398-pgbuf-inspector-contract/debug_gcc/include/gtest/internal/gtest-string.h
-- Up-to-date: /home/vimkim/.cub/install/CBRD-27398-pgbuf-inspector-contract/debug_gcc/include/gtest/internal/gtest-type-util.h
-- Up-to-date: /home/vimkim/.cub/install/CBRD-27398-pgbuf-inspector-contract/debug_gcc/lib64/libgtest.a
-- Up-to-date: /home/vimkim/.cub/install/CBRD-27398-pgbuf-inspector-contract/debug_gcc/lib64/libgtest_main.a
-- Up-to-date: /home/vimkim/.cub/install/CBRD-27398-pgbuf-inspector-contract/debug_gcc/lib64/pkgconfig/gtest.pc
-- Up-to-date: /home/vimkim/.cub/install/CBRD-27398-pgbuf-inspector-contract/debug_gcc/lib64/pkgconfig/gtest_main.pc
-- Up-to-date: /home/vimkim/.cub/install/CBRD-27398-pgbuf-inspector-contract/debug_gcc/log
-- Up-to-date: /home/vimkim/.cub/install/CBRD-27398-pgbuf-inspector-contract/debug_gcc/var
-- Up-to-date: /home/vimkim/.cub/install/CBRD-27398-pgbuf-inspector-contract/debug_gcc/tmp
-- Up-to-date: /home/vimkim/.cub/install/CBRD-27398-pgbuf-inspector-contract/debug_gcc/databases
-- Up-to-date: /home/vimkim/.cub/install/CBRD-27398-pgbuf-inspector-contract/debug_gcc/var/CUBRID_SOCK
-- Up-to-date: /home/vimkim/.cub/install/CBRD-27398-pgbuf-inspector-contract/debug_gcc/3rdparty
-- Up-to-date: /home/vimkim/.cub/install/CBRD-27398-pgbuf-inspector-contract/debug_gcc/3rdparty/adoptium.temurin_license.txt
-- Up-to-date: /home/vimkim/.cub/install/CBRD-27398-pgbuf-inspector-contract/debug_gcc/3rdparty/adoptium.temurin_license_assembly_exception.txt
-- Up-to-date: /home/vimkim/.cub/install/CBRD-27398-pgbuf-inspector-contract/debug_gcc/3rdparty/libedit_license.txt
-- Up-to-date: /home/vimkim/.cub/install/CBRD-27398-pgbuf-inspector-contract/debug_gcc/3rdparty/libexpat_license.txt
-- Up-to-date: /home/vimkim/.cub/install/CBRD-27398-pgbuf-inspector-contract/debug_gcc/3rdparty/libjansson_license.txt
-- Up-to-date: /home/vimkim/.cub/install/CBRD-27398-pgbuf-inspector-contract/debug_gcc/3rdparty/libodbc_license.txt
-- Up-to-date: /home/vimkim/.cub/install/CBRD-27398-pgbuf-inspector-contract/debug_gcc/3rdparty/libopenssl_license.txt
-- Up-to-date: /home/vimkim/.cub/install/CBRD-27398-pgbuf-inspector-contract/debug_gcc/3rdparty/libtbb_license.txt
-- Up-to-date: /home/vimkim/.cub/install/CBRD-27398-pgbuf-inspector-contract/debug_gcc/3rdparty/lz4_license.txt
-- Up-to-date: /home/vimkim/.cub/install/CBRD-27398-pgbuf-inspector-contract/debug_gcc/3rdparty/rapidjson_license.txt
-- Up-to-date: /home/vimkim/.cub/install/CBRD-27398-pgbuf-inspector-contract/debug_gcc/3rdparty/re2_license.txt
-- Up-to-date: /home/vimkim/.cub/install/CBRD-27398-pgbuf-inspector-contract/debug_gcc/./COPYING
-- Up-to-date: /home/vimkim/.cub/install/CBRD-27398-pgbuf-inspector-contract/debug_gcc/./CREDITS
-- Up-to-date: /home/vimkim/.cub/install/CBRD-27398-pgbuf-inspector-contract/debug_gcc/./README.md
-- Up-to-date: /home/vimkim/.cub/install/CBRD-27398-pgbuf-inspector-contract/debug_gcc/./README_TAR_INSTALL
-- Up-to-date: /home/vimkim/.cub/install/CBRD-27398-pgbuf-inspector-contract/debug_gcc/databases/databases.txt.sample
-- Up-to-date: /home/vimkim/.cub/install/CBRD-27398-pgbuf-inspector-contract/debug_gcc/var/CUBRID_SOCK/README.txt
-- Up-to-date: /home/vimkim/.cub/install/CBRD-27398-pgbuf-inspector-contract/debug_gcc/tmp/README.txt
Build and install completed successfully!
[cubrid-bootstrap] Ready: /home/vimkim/gh/cb/CBRD-27398-pgbuf-inspector-contract (debug_gcc)
