[cubrid-bootstrap] Worktree preparation files already exist
[cubrid-bootstrap] Selected preset: release_gcc
[0mdirenv: loading ~/gh/cb/CBRD-27398-pgbuf-inspector-contract/.envrc
Preset Mode: release_gcc
Install Dir: /home/vimkim/.cub/install/CBRD-27398-pgbuf-inspector-contract/release_gcc
DB Dir: /home/vimkim/.cub/db/CBRD-27398-pgbuf-inspector-contract/commondb
Build Dir: /home/vimkim/gh/cb/CBRD-27398-pgbuf-inspector-contract/build_preset_release_gcc
[cubrid-bootstrap] Configuring preset: release_gcc
[0mdirenv: loading ~/gh/cb/CBRD-27398-pgbuf-inspector-contract/.envrc
Preset Mode: release_gcc
Install Dir: /home/vimkim/.cub/install/CBRD-27398-pgbuf-inspector-contract/release_gcc
DB Dir: /home/vimkim/.cub/db/CBRD-27398-pgbuf-inspector-contract/commondb
Build Dir: /home/vimkim/gh/cb/CBRD-27398-pgbuf-inspector-contract/build_preset_release_gcc
[0mdirenv: loading ~/gh/cb/CBRD-27398-pgbuf-inspector-contract/.envrc
Preset Mode: release_gcc
Install Dir: /home/vimkim/.cub/install/CBRD-27398-pgbuf-inspector-contract/release_gcc
DB Dir: /home/vimkim/.cub/db/CBRD-27398-pgbuf-inspector-contract/commondb
Build Dir: /home/vimkim/gh/cb/CBRD-27398-pgbuf-inspector-contract/build_preset_release_gcc
[0mdirenv: loading ~/gh/cb/CBRD-27398-pgbuf-inspector-contract/.envrc
Preset Mode: release_gcc
Install Dir: /home/vimkim/.cub/install/CBRD-27398-pgbuf-inspector-contract/release_gcc
DB Dir: /home/vimkim/.cub/db/CBRD-27398-pgbuf-inspector-contract/commondb
Build Dir: /home/vimkim/gh/cb/CBRD-27398-pgbuf-inspector-contract/build_preset_release_gcc
Using JAVA_HOME JDK: /home/vimkim/.local/share/mise/installs/java/temurin-8.0.462+8
[0mdirenv: loading ~/gh/cb/CBRD-27398-pgbuf-inspector-contract/.envrc
Preset Mode: release_gcc
Install Dir: /home/vimkim/.cub/install/CBRD-27398-pgbuf-inspector-contract/release_gcc
DB Dir: /home/vimkim/.cub/db/CBRD-27398-pgbuf-inspector-contract/commondb
Build Dir: /home/vimkim/gh/cb/CBRD-27398-pgbuf-inspector-contract/build_preset_release_gcc
Preset CMake variables:

  CMAKE_BUILD_TYPE="RelWithDebInfo"
  CMAKE_COLOR_DIAGNOSTICS="ON"
  CMAKE_CXX_COMPILER="g++"
  CMAKE_CXX_COMPILER_LAUNCHER="ccache"
  CMAKE_CXX_FLAGS="-fdiagnostics-color=always -Wno-error=maybe-uninitialized"
  CMAKE_CXX_FLAGS_RELWITHDEBINFO="-O2 -ggdb3 -DNDEBUG -finline-functions -Wno-error=mismatched-new-delete -Wno-error=enum-conversion -Wno-error=stringop-truncation -Wno-error=format-overflow= -Wno-error=format= -Wno-error=format-truncation"
  CMAKE_CXX_STANDARD="17"
  CMAKE_CXX_STANDARD_REQUIRED="ON"
  CMAKE_C_COMPILER="gcc"
  CMAKE_C_COMPILER_LAUNCHER="ccache"
  CMAKE_C_FLAGS="-fdiagnostics-color=always -Wno-int-conversion -Wno-incompatible-pointer-types -Wno-implicit-function-declaration -Wno-error=maybe-uninitialized"
  CMAKE_C_FLAGS_RELWITHDEBINFO="-O2 -ggdb3 -DNDEBUG -finline-functions -Wno-error=mismatched-new-delete -Wno-error=enum-conversion -Wno-error=stringop-truncation -Wno-error=format-overflow= -Wno-error=format= -Wno-error=format-truncation"
  CMAKE_EXPORT_COMPILE_COMMANDS="ON"
  CMAKE_INSTALL_PREFIX="/home/vimkim/.cub/install/CBRD-27398-pgbuf-inspector-contract/release_gcc"
  CUBVEC_TEAM_BUILD="ON"
  ENABLE_CUBVEC_LOG="ON"
  UNIT_TEST_OOS="ON"
  UNIT_TEST_PAGE_BUFFER="ON"
  UNIT_TEST_PGBUF_INSPECTOR="ON"
  UNIT_TEST_SPAGE="ON"
  VIMKIM_BUILD="ON"
  WITH_CCI="true"

-- ======== CMakeLists.txt
-- The C compiler identification is GNU 11.5.0
-- The CXX compiler identification is GNU 11.5.0
-- Detecting C compiler ABI info
-- Detecting C compiler ABI info - done
-- Check for working C compiler: /usr/lib64/ccache/gcc - skipped
-- Detecting C compile features
-- Detecting C compile features - done
-- Detecting CXX compiler ABI info
-- Detecting CXX compiler ABI info - done
-- Check for working CXX compiler: /usr/lib64/ccache/g++ - skipped
-- Detecting CXX compile features
-- Detecting CXX compile features - done
--   OS = UNIX
--   CMAKE_RUNTIME_OUTPUT_DIRECTORY=/home/vimkim/gh/cb/CBRD-27398-pgbuf-inspector-contract/build_preset_release_gcc/bin
    ==== with_unit_tests() = 1
-- Get version information from VERSION
-- Found Git: /usr/bin/git (found version "2.47.3") 
-- Build CUBRID 11.5.0.2542-51531be 64bit RelWithDebInfo on Linux x86_64
Including Third Party Libraries
-- Build with flex and bison library: SYSTEM
-- Build with expat library: EXTERNAL
-- Build with jansson library: EXTERNAL
-- Build with editline library: EXTERNAL
-- Build with openssl library: EXTERNAL
-- Build with unixODBC library: EXTERNAL
-- Build with RE2 library: EXTERNAL
-- Build with LZ4 library: EXTERNAL
-- Build with TBB library: EXTERNAL
-- Found FLEX: /usr/bin/flex (found suitable version "2.6.4", minimum required is "2.5.34") 
-- Found BISON: /home/vimkim/.local/opt/bison-3.0.5/bin/bison (found suitable version "3.0.5", minimum required is "3.0.0") 
CMake Warning (dev) at /usr/share/cmake/Modules/ExternalProject.cmake:3091 (message):
  The DOWNLOAD_EXTRACT_TIMESTAMP option was not given and policy CMP0135 is
  not set.  The policy's OLD behavior will be used.  When using a URL
  download, the timestamps of extracted files should preferably be that of
  the time of extraction, otherwise code that depends on the extracted
  contents might not be rebuilt if the URL changes.  The OLD behavior
  preserves the timestamps from the archive instead, but this is usually not
  what you want.  Update your project to the NEW behavior or specify the
  DOWNLOAD_EXTRACT_TIMESTAMP option with a value of true to avoid this
  robustness issue.
Call Stack (most recent call first):
  /usr/share/cmake/Modules/ExternalProject.cmake:4208 (_ep_add_download_command)
  3rdparty/CMakeLists.txt:201 (externalproject_add)
This warning is for project developers.  Use -Wno-dev to suppress it.

CMake Warning (dev) at /usr/share/cmake/Modules/ExternalProject.cmake:3091 (message):
  The DOWNLOAD_EXTRACT_TIMESTAMP option was not given and policy CMP0135 is
  not set.  The policy's OLD behavior will be used.  When using a URL
  download, the timestamps of extracted files should preferably be that of
  the time of extraction, otherwise code that depends on the extracted
  contents might not be rebuilt if the URL changes.  The OLD behavior
  preserves the timestamps from the archive instead, but this is usually not
  what you want.  Update your project to the NEW behavior or specify the
  DOWNLOAD_EXTRACT_TIMESTAMP option with a value of true to avoid this
  robustness issue.
Call Stack (most recent call first):
  /usr/share/cmake/Modules/ExternalProject.cmake:4208 (_ep_add_download_command)
  3rdparty/CMakeLists.txt:253 (externalproject_add)
This warning is for project developers.  Use -Wno-dev to suppress it.

CMake Warning (dev) at /usr/share/cmake/Modules/ExternalProject.cmake:3091 (message):
  The DOWNLOAD_EXTRACT_TIMESTAMP option was not given and policy CMP0135 is
  not set.  The policy's OLD behavior will be used.  When using a URL
  download, the timestamps of extracted files should preferably be that of
  the time of extraction, otherwise code that depends on the extracted
  contents might not be rebuilt if the URL changes.  The OLD behavior
  preserves the timestamps from the archive instead, but this is usually not
  what you want.  Update your project to the NEW behavior or specify the
  DOWNLOAD_EXTRACT_TIMESTAMP option with a value of true to avoid this
  robustness issue.
Call Stack (most recent call first):
  /usr/share/cmake/Modules/ExternalProject.cmake:4208 (_ep_add_download_command)
  3rdparty/CMakeLists.txt:303 (externalproject_add)
This warning is for project developers.  Use -Wno-dev to suppress it.

CMake Warning (dev) at /usr/share/cmake/Modules/ExternalProject.cmake:3091 (message):
  The DOWNLOAD_EXTRACT_TIMESTAMP option was not given and policy CMP0135 is
  not set.  The policy's OLD behavior will be used.  When using a URL
  download, the timestamps of extracted files should preferably be that of
  the time of extraction, otherwise code that depends on the extracted
  contents might not be rebuilt if the URL changes.  The OLD behavior
  preserves the timestamps from the archive instead, but this is usually not
  what you want.  Update your project to the NEW behavior or specify the
  DOWNLOAD_EXTRACT_TIMESTAMP option with a value of true to avoid this
  robustness issue.
Call Stack (most recent call first):
  /usr/share/cmake/Modules/ExternalProject.cmake:4208 (_ep_add_download_command)
  3rdparty/CMakeLists.txt:346 (externalproject_add)
This warning is for project developers.  Use -Wno-dev to suppress it.

CMake Warning (dev) at /usr/share/cmake/Modules/ExternalProject.cmake:3091 (message):
  The DOWNLOAD_EXTRACT_TIMESTAMP option was not given and policy CMP0135 is
  not set.  The policy's OLD behavior will be used.  When using a URL
  download, the timestamps of extracted files should preferably be that of
  the time of extraction, otherwise code that depends on the extracted
  contents might not be rebuilt if the URL changes.  The OLD behavior
  preserves the timestamps from the archive instead, but this is usually not
  what you want.  Update your project to the NEW behavior or specify the
  DOWNLOAD_EXTRACT_TIMESTAMP option with a value of true to avoid this
  robustness issue.
Call Stack (most recent call first):
  /usr/share/cmake/Modules/ExternalProject.cmake:4208 (_ep_add_download_command)
  3rdparty/CMakeLists.txt:383 (externalproject_add)
This warning is for project developers.  Use -Wno-dev to suppress it.

CMake Warning (dev) at /usr/share/cmake/Modules/ExternalProject.cmake:3091 (message):
  The DOWNLOAD_EXTRACT_TIMESTAMP option was not given and policy CMP0135 is
  not set.  The policy's OLD behavior will be used.  When using a URL
  download, the timestamps of extracted files should preferably be that of
  the time of extraction, otherwise code that depends on the extracted
  contents might not be rebuilt if the URL changes.  The OLD behavior
  preserves the timestamps from the archive instead, but this is usually not
  what you want.  Update your project to the NEW behavior or specify the
  DOWNLOAD_EXTRACT_TIMESTAMP option with a value of true to avoid this
  robustness issue.
Call Stack (most recent call first):
  /usr/share/cmake/Modules/ExternalProject.cmake:4208 (_ep_add_download_command)
  3rdparty/CMakeLists.txt:426 (externalproject_add)
This warning is for project developers.  Use -Wno-dev to suppress it.

CMake Warning (dev) at /usr/share/cmake/Modules/ExternalProject.cmake:3091 (message):
  The DOWNLOAD_EXTRACT_TIMESTAMP option was not given and policy CMP0135 is
  not set.  The policy's OLD behavior will be used.  When using a URL
  download, the timestamps of extracted files should preferably be that of
  the time of extraction, otherwise code that depends on the extracted
  contents might not be rebuilt if the URL changes.  The OLD behavior
  preserves the timestamps from the archive instead, but this is usually not
  what you want.  Update your project to the NEW behavior or specify the
  DOWNLOAD_EXTRACT_TIMESTAMP option with a value of true to avoid this
  robustness issue.
Call Stack (most recent call first):
  /usr/share/cmake/Modules/ExternalProject.cmake:4208 (_ep_add_download_command)
  3rdparty/CMakeLists.txt:452 (externalproject_add)
This warning is for project developers.  Use -Wno-dev to suppress it.

CMake Warning (dev) at /usr/share/cmake/Modules/ExternalProject.cmake:3091 (message):
  The DOWNLOAD_EXTRACT_TIMESTAMP option was not given and policy CMP0135 is
  not set.  The policy's OLD behavior will be used.  When using a URL
  download, the timestamps of extracted files should preferably be that of
  the time of extraction, otherwise code that depends on the extracted
  contents might not be rebuilt if the URL changes.  The OLD behavior
  preserves the timestamps from the archive instead, but this is usually not
  what you want.  Update your project to the NEW behavior or specify the
  DOWNLOAD_EXTRACT_TIMESTAMP option with a value of true to avoid this
  robustness issue.
Call Stack (most recent call first):
  /usr/share/cmake/Modules/ExternalProject.cmake:4208 (_ep_add_download_command)
  3rdparty/CMakeLists.txt:481 (externalproject_add)
This warning is for project developers.  Use -Wno-dev to suppress it.

CMake Warning (dev) at /usr/share/cmake/Modules/ExternalProject.cmake:3091 (message):
  The DOWNLOAD_EXTRACT_TIMESTAMP option was not given and policy CMP0135 is
  not set.  The policy's OLD behavior will be used.  When using a URL
  download, the timestamps of extracted files should preferably be that of
  the time of extraction, otherwise code that depends on the extracted
  contents might not be rebuilt if the URL changes.  The OLD behavior
  preserves the timestamps from the archive instead, but this is usually not
  what you want.  Update your project to the NEW behavior or specify the
  DOWNLOAD_EXTRACT_TIMESTAMP option with a value of true to avoid this
  robustness issue.
Call Stack (most recent call first):
  /usr/share/cmake/Modules/ExternalProject.cmake:4208 (_ep_add_download_command)
  3rdparty/CMakeLists.txt:522 (externalproject_add)
This warning is for project developers.  Use -Wno-dev to suppress it.

-- Looking for asprintf
-- Looking for asprintf - found
-- Looking for vasprintf
-- Looking for vasprintf - found
-- Looking for basename
-- Looking for basename - found
-- Looking for dirname
-- Looking for dirname - found
-- Looking for ctime_r
-- Looking for ctime_r - found
-- Looking for localtime_r
-- Looking for localtime_r - found
-- Looking for drand48_r
-- Looking for drand48_r - found
-- Looking for gethostbyname_r
-- Looking for gethostbyname_r - found
-- Looking for getopt_long
-- Looking for getopt_long - found
-- Looking for open_memstream
-- Looking for open_memstream - found
-- Looking for strdup
-- Looking for strdup - found
-- Looking for strlcpy
-- Looking for strlcpy - not found
-- Looking for err.h
-- Looking for err.h - found
-- Looking for getopt.h
-- Looking for getopt.h - found
-- Looking for inttypes.h
-- Looking for inttypes.h - found
-- Looking for libgen.h
-- Looking for libgen.h - found
-- Looking for limits.h
-- Looking for limits.h - found
-- Looking for memory.h
-- Looking for memory.h - found
-- Looking for nl_types.h
-- Looking for nl_types.h - found
-- Looking for regex.h
-- Looking for regex.h - found
-- Looking for rpc/des_crypt.h
-- Looking for rpc/des_crypt.h - not found
-- Looking for stdbool.h
-- Looking for stdbool.h - found
-- Looking for stdint.h
-- Looking for stdint.h - found
-- Looking for stdlib.h
-- Looking for stdlib.h - found
-- Looking for stddef.h
-- Looking for stddef.h - found
-- Looking for string.h
-- Looking for string.h - found
-- Looking for strings.h
-- Looking for strings.h - found
-- Looking for sys/param.h
-- Looking for sys/param.h - found
-- Looking for sys/stat.h
-- Looking for sys/stat.h - found
-- Looking for sys/types.h
-- Looking for sys/types.h - found
-- Looking for unistd.h
-- Looking for unistd.h - found
-- Check size of char
-- Check size of char - done
-- Check size of short
-- Check size of short - done
-- Check size of int
-- Check size of int - done
-- Check size of long
-- Check size of long - done
-- Check size of long long
-- Check size of long long - done
-- Check size of void *
-- Check size of void * - done
-- Check size of byte_t
-- Check size of byte_t - failed
-- Check size of int8_t
-- Check size of int8_t - done
-- Check size of int16_t
-- Check size of int16_t - done
-- Check size of int32_t
-- Check size of int32_t - done
-- Check size of int64_t
-- Check size of int64_t - done
-- Check size of intptr_t
-- Check size of intptr_t - done
-- Check size of uint8_t
-- Check size of uint8_t - done
-- Check size of uint16_t
-- Check size of uint16_t - done
-- Check size of uint32_t
-- Check size of uint32_t - done
-- Check size of uint64_t
-- Check size of uint64_t - done
-- Check size of uintptr_t
-- Check size of uintptr_t - done
-- Check size of off_t
-- Check size of off_t - done
-- Check size of size_t
-- Check size of size_t - done
-- Check size of pid_t
-- Check size of pid_t - done
-- Check size of off64_t
-- Check size of off64_t - done
-- Checking prototype gethostbyname_r for HAVE_GETHOSTBYNAME_R_GLIBC
-- Checking prototype gethostbyname_r for HAVE_GETHOSTBYNAME_R_GLIBC - True
-- Checking prototype gethostbyname_r for HAVE_GETHOSTBYNAME_R_SOLARIS
-- Checking prototype gethostbyname_r for HAVE_GETHOSTBYNAME_R_SOLARIS - False
-- Checking prototype gethostbyname_r for HAVE_GETHOSTBYNAME_R_HOSTENT_DATA
-- Checking prototype gethostbyname_r for HAVE_GETHOSTBYNAME_R_HOSTENT_DATA - False
-- Performing Test TIME_WITH_SYS_TIME
-- Performing Test TIME_WITH_SYS_TIME - Success
-- Performing Test HAVE_GCC_ATOMIC_BUILTINS
-- Performing Test HAVE_GCC_ATOMIC_BUILTINS - Success
-- Performing Test CMAKE_HAVE_LIBC_PTHREAD
-- Performing Test CMAKE_HAVE_LIBC_PTHREAD - Success
-- Found Threads: TRUE  
-- Looking for sys/sdt.h
-- Looking for sys/sdt.h - found
-- Default install prefix: /home/vimkim/.cub/install/CBRD-27398-pgbuf-inspector-contract/release_gcc
-- JAVA_HOME: /home/vimkim/gh/cb/CBRD-27398-pgbuf-inspector-contract/build_preset_release_gcc/vm/jdk8
-- Found Java: /home/vimkim/gh/cb/CBRD-27398-pgbuf-inspector-contract/build_preset_release_gcc/vm/jdk8/bin/java (found version "1.8.0.462") 
-- Found JNI: /home/vimkim/gh/cb/CBRD-27398-pgbuf-inspector-contract/build_preset_release_gcc/vm/jdk8/include  found components: AWT JVM 
-- Found Java: /home/vimkim/gh/cb/CBRD-27398-pgbuf-inspector-contract/build_preset_release_gcc/vm/jdk8/bin/java
-- Found JNI: /home/vimkim/gh/cb/CBRD-27398-pgbuf-inspector-contract/build_preset_release_gcc/vm/jdk8/include;/home/vimkim/gh/cb/CBRD-27398-pgbuf-inspector-contract/build_preset_release_gcc/vm/jdk8/include/linux;/home/vimkim/gh/cb/CBRD-27398-pgbuf-inspector-contract/build_preset_release_gcc/vm/jdk8/include
-- ======== WITH_CCI ==========
-- Get version information from /home/vimkim/gh/cb/CBRD-27398-pgbuf-inspector-contract/cubrid-cci/BUILD_NUMBER
-- CCI_BUILD_NUMBER:[11.2.0.0043-2fb8d6d]
-- Building CGW libraries.
CMake Warning (dev) at cm_common/CMakeLists.txt:104 (install):
  Target cmstat has PUBLIC_HEADER files but no PUBLIC_HEADER DESTINATION.
This warning is for project developers.  Use -Wno-dev to suppress it.

CMake Warning (dev) at cm_common/CMakeLists.txt:104 (install):
  Target cmdep has PUBLIC_HEADER files but no PUBLIC_HEADER DESTINATION.
This warning is for project developers.  Use -Wno-dev to suppress it.

-- .. timezone shared library
-- .... gen_timezone executable
-- ...... source files: /home/vimkim/gh/cb/CBRD-27398-pgbuf-inspector-contract/src/executables/generate_timezone.cpp
-- .... generate timezone command
-- .... cubrid_timezones lib
  unit_tests/...
CMake Warning (dev) at /usr/share/cmake/Modules/FetchContent.cmake:1282 (message):
  The DOWNLOAD_EXTRACT_TIMESTAMP option was not given and policy CMP0135 is
  not set.  The policy's OLD behavior will be used.  When using a URL
  download, the timestamps of extracted files should preferably be that of
  the time of extraction, otherwise code that depends on the extracted
  contents might not be rebuilt if the URL changes.  The OLD behavior
  preserves the timestamps from the archive instead, but this is usually not
  what you want.  Update your project to the NEW behavior or specify the
  DOWNLOAD_EXTRACT_TIMESTAMP option with a value of true to avoid this
  robustness issue.
Call Stack (most recent call first):
  unit_tests/CMakeLists.txt:65 (FetchContent_Declare)
This warning is for project developers.  Use -Wno-dev to suppress it.

   common
    oos
    pgbuf_inspector
-- Get version information CCI_VERSION: 11.2.0.0043-2fb8d6d
-- Configuring done (29.3s)
-- Generating done (0.2s)
CMake Warning:
  Manually-specified variables were not used by the project:

    CUBVEC_TEAM_BUILD
    ENABLE_CUBVEC_LOG
    VIMKIM_BUILD


-- Build files have been written to: /home/vimkim/gh/cb/CBRD-27398-pgbuf-inspector-contract/build_preset_release_gcc
[cubrid-bootstrap] Building and installing preset: release_gcc
[0mdirenv: loading ~/gh/cb/CBRD-27398-pgbuf-inspector-contract/.envrc
Preset Mode: release_gcc
Install Dir: /home/vimkim/.cub/install/CBRD-27398-pgbuf-inspector-contract/release_gcc
DB Dir: /home/vimkim/.cub/db/CBRD-27398-pgbuf-inspector-contract/commondb
Build Dir: /home/vimkim/gh/cb/CBRD-27398-pgbuf-inspector-contract/build_preset_release_gcc
[0mdirenv: loading ~/gh/cb/CBRD-27398-pgbuf-inspector-contract/.envrc
Preset Mode: release_gcc
Install Dir: /home/vimkim/.cub/install/CBRD-27398-pgbuf-inspector-contract/release_gcc
DB Dir: /home/vimkim/.cub/db/CBRD-27398-pgbuf-inspector-contract/commondb
Build Dir: /home/vimkim/gh/cb/CBRD-27398-pgbuf-inspector-contract/build_preset_release_gcc
[0mdirenv: loading ~/gh/cb/CBRD-27398-pgbuf-inspector-contract/.envrc
Preset Mode: release_gcc
Install Dir: /home/vimkim/.cub/install/CBRD-27398-pgbuf-inspector-contract/release_gcc
DB Dir: /home/vimkim/.cub/db/CBRD-27398-pgbuf-inspector-contract/commondb
Build Dir: /home/vimkim/gh/cb/CBRD-27398-pgbuf-inspector-contract/build_preset_release_gcc
Using JAVA_HOME JDK: /home/vimkim/.local/share/mise/installs/java/temurin-8.0.462+8
[0mdirenv: loading ~/gh/cb/CBRD-27398-pgbuf-inspector-contract/.envrc
Preset Mode: release_gcc
Install Dir: /home/vimkim/.cub/install/CBRD-27398-pgbuf-inspector-contract/release_gcc
DB Dir: /home/vimkim/.cub/db/CBRD-27398-pgbuf-inspector-contract/commondb
Build Dir: /home/vimkim/gh/cb/CBRD-27398-pgbuf-inspector-contract/build_preset_release_gcc
Logging build output to: /home/vimkim/gh/cb/CBRD-27398-pgbuf-inspector-contract/build_preset_release_gcc/build.log
[0mdirenv: loading ~/gh/cb/CBRD-27398-pgbuf-inspector-contract/.envrc
Preset Mode: release_gcc
Install Dir: /home/vimkim/.cub/install/CBRD-27398-pgbuf-inspector-contract/release_gcc
DB Dir: /home/vimkim/.cub/db/CBRD-27398-pgbuf-inspector-contract/commondb
Build Dir: /home/vimkim/gh/cb/CBRD-27398-pgbuf-inspector-contract/build_preset_release_gcc
[1/1437] [FLEX][loader_lexer] Building scanner with flex
/home/vimkim/gh/cb/CBRD-27398-pgbuf-inspector-contract/src/loaddb/load_lexer.l:276: warning, rule cannot be matched
/home/vimkim/gh/cb/CBRD-27398-pgbuf-inspector-contract/src/loaddb/load_lexer.l:282: warning, rule cannot be matched
/home/vimkim/gh/cb/CBRD-27398-pgbuf-inspector-contract/src/loaddb/load_lexer.l:583: warning, rule cannot be matched
/home/vimkim/gh/cb/CBRD-27398-pgbuf-inspector-contract/src/loaddb/load_lexer.l:625: warning, -s option given but default rule can be matched
[2/1437] Generating csql_grammar.yy
[3/1437] Creating directories for 'libexpat'
[4/1437] Creating directories for 'libodbc'
[5/1437] Creating directories for 'libjansson'
[6/1437] Creating directories for 'libedit'
[7/1437] Creating directories for 'lz4'
[8/1437] Creating directories for 'libopenssl'
[9/1437] Creating directories for 'rapidjson'
[10/1437] Creating directories for 're2'
[11/1437] Creating directories for 'libtbb'
[12/1437] Creating directories for 'catch2'
[13/1437] Running utility command for pl_install_jdk
[INFO] Install JDK 8
[14/1437] [FLEX][csql_lexer] Building scanner with flex
[15/1437] [BISON][loader_grammar] Building parser with bison
[16/1437] Generating probes.h, probes.o
[17/1437] Building C object util/CMakeFiles/gencat.dir/__/src/executables/gencat.c.o
[18/1437] Building CXX object util/CMakeFiles/gencat.dir/__/src/base/porting.c.o
[19/1437] Linking CXX executable bin/gencat
[20/1437] Conversion csql.msg in ko_KR.euckr
[21/1437] Conversion utils.msg in ko_KR.euckr
[22/1437] Conversion cubrid.msg in ko_KR.euckr
[23/1437] Copy cubrid.msg in en_US.utf8
[24/1437] Copy cubrid.msg in en_US
[25/1437] Copy utils.msg in en_US
[26/1437] Copy csql.msg in ko_KR.utf8
[27/1437] Copy cubrid.msg in ko_KR.utf8
[28/1437] Copy csql.msg in en_US.utf8
[29/1437] Copy utils.msg in ko_KR.utf8
[30/1437] Copy utils.msg in en_US.utf8
[31/1437] Copy csql.msg in en_US
[32/1437] Generating csql.cat for ko_KR.euckr
[33/1437] Generating utils.cat for ko_KR.euckr
[34/1437] Generating csql.cat for ko_KR.utf8
[35/1437] Generating utils.cat for en_US
[36/1437] Generating utils.cat for ko_KR.utf8
[37/1437] Generating csql.cat for en_US.utf8
[38/1437] Generating csql.cat for en_US
[39/1437] Generating utils.cat for en_US.utf8
[40/1437] Generating cubrid.cat for ko_KR.euckr
[41/1437] Generating cubrid.cat for en_US.utf8
[42/1437] Generating cubrid.cat for en_US
[43/1437] Building CXX object unit_tests/common/CMakeFiles/test_common.dir/test_string_collection.cpp.o
[44/1437] Generating cubrid.cat for ko_KR.utf8
[45/1437] Building CXX object unit_tests/common/CMakeFiles/test_common.dir/test_output.cpp.o
[46/1437] [BISON][csql_grammar] Building parser with bison
/home/vimkim/gh/cb/CBRD-27398-pgbuf-inspector-contract/build_preset_release_gcc/csql_grammar.yy: warning: 811 shift/reduce conflicts [-Wconflicts-sr]
/home/vimkim/gh/cb/CBRD-27398-pgbuf-inspector-contract/build_preset_release_gcc/csql_grammar.yy: warning: 1480 reduce/reduce conflicts [-Wconflicts-rr]
[47/1437] Building CXX object unit_tests/common/CMakeFiles/test_common.dir/test_perf_compare.cpp.o
[48/1437] Linking CXX static library unit_tests/common/libtest_common.a
[49/1437] Performing download step (download, verify and extract) for 'libjansson'
-- Downloading...
   dst='/home/vimkim/gh/cb/CBRD-27398-pgbuf-inspector-contract/build_preset_release_gcc/3rdparty/Download/libjansson/jansson-2.10.tar.gz'
   timeout='600 seconds'
   inactivity timeout='none'
-- Using src='https://github.com/CUBRID/3rdparty/raw/develop/jansson/jansson-2.10.tar.gz'
-- verifying file...
       file='/home/vimkim/gh/cb/CBRD-27398-pgbuf-inspector-contract/build_preset_release_gcc/3rdparty/Download/libjansson/jansson-2.10.tar.gz'
-- Downloading... done
-- extracting...
     src='/home/vimkim/gh/cb/CBRD-27398-pgbuf-inspector-contract/build_preset_release_gcc/3rdparty/Download/libjansson/jansson-2.10.tar.gz'
     dst='/home/vimkim/gh/cb/CBRD-27398-pgbuf-inspector-contract/build_preset_release_gcc/3rdparty/Source/libjansson'
-- extracting... [tar xfz]
-- extracting... [analysis]
-- extracting... [rename]
-- extracting... [clean up]
-- extracting... done
[50/1437] No update step for 'libjansson'
[51/1437] No patch step for 'libjansson'
[52/1437] Building CXX object _deps/googletest-build/googletest/CMakeFiles/gtest_main.dir/src/gtest_main.cc.o
[53/1437] Building CXX object _deps/googletest-build/googlemock/CMakeFiles/gmock_main.dir/src/gmock_main.cc.o
[54/1437] Performing download step (download, verify and extract) for 're2'
-- Downloading...
   dst='/home/vimkim/gh/cb/CBRD-27398-pgbuf-inspector-contract/build_preset_release_gcc/3rdparty/Download/re2/2022-06-01.tar.gz'
   timeout='600 seconds'
   inactivity timeout='none'
-- Using src='https://github.com/CUBRID/3rdparty/raw/develop/re2/2022-06-01.tar.gz'
-- verifying file...
       file='/home/vimkim/gh/cb/CBRD-27398-pgbuf-inspector-contract/build_preset_release_gcc/3rdparty/Download/re2/2022-06-01.tar.gz'
-- Downloading... done
-- extracting...
     src='/home/vimkim/gh/cb/CBRD-27398-pgbuf-inspector-contract/build_preset_release_gcc/3rdparty/Download/re2/2022-06-01.tar.gz'
     dst='/home/vimkim/gh/cb/CBRD-27398-pgbuf-inspector-contract/build_preset_release_gcc/3rdparty/Source/re2'
-- extracting... [tar xfz]
-- extracting... [analysis]
-- extracting... [rename]
-- extracting... [clean up]
-- extracting... done
[55/1437] No update step for 're2'
[56/1437] No patch step for 're2'
[57/1437] No configure step for 're2'
[58/1437] Performing download step (download, verify and extract) for 'rapidjson'
-- Downloading...
   dst='/home/vimkim/gh/cb/CBRD-27398-pgbuf-inspector-contract/build_preset_release_gcc/3rdparty/Download/rapidjson/v1.1.0.tar.gz'
   timeout='600 seconds'
   inactivity timeout='none'
-- Using src='https://github.com/CUBRID/3rdparty/raw/develop/rapidjson/v1.1.0.tar.gz'
-- verifying file...
       file='/home/vimkim/gh/cb/CBRD-27398-pgbuf-inspector-contract/build_preset_release_gcc/3rdparty/Download/rapidjson/v1.1.0.tar.gz'
-- Downloading... done
-- extracting...
     src='/home/vimkim/gh/cb/CBRD-27398-pgbuf-inspector-contract/build_preset_release_gcc/3rdparty/Download/rapidjson/v1.1.0.tar.gz'
     dst='/home/vimkim/gh/cb/CBRD-27398-pgbuf-inspector-contract/build_preset_release_gcc/3rdparty/Source/rapidjson'
-- extracting... [tar xfz]
-- extracting... [analysis]
-- extracting... [rename]
-- extracting... [clean up]
-- extracting... done
[59/1437] No update step for 'rapidjson'
[60/1437] No patch step for 'rapidjson'
[61/1437] Performing configure step for 'rapidjson'
[62/1437] Performing build step for 'rapidjson'
[63/1437] No install step for 'rapidjson'
[64/1437] Completed 'rapidjson'
[65/1437] Performing build step for 're2'
[66/1437] No install step for 're2'
[67/1437] Completed 're2'
[68/1437] Building CXX object _deps/googletest-build/googlemock/CMakeFiles/gmock.dir/src/gmock-all.cc.o
[69/1437] Performing configure step for 'libjansson'
[70/1437] Performing download step (download, verify and extract) for 'lz4'
-- Downloading...
   dst='/home/vimkim/gh/cb/CBRD-27398-pgbuf-inspector-contract/build_preset_release_gcc/3rdparty/Download/lz4/v1.9.4.tar.gz'
   timeout='600 seconds'
   inactivity timeout='none'
-- Using src='https://github.com/CUBRID/3rdparty/raw/develop/lz4/v1.9.4.tar.gz'
-- verifying file...
       file='/home/vimkim/gh/cb/CBRD-27398-pgbuf-inspector-contract/build_preset_release_gcc/3rdparty/Download/lz4/v1.9.4.tar.gz'
-- Downloading... done
-- extracting...
     src='/home/vimkim/gh/cb/CBRD-27398-pgbuf-inspector-contract/build_preset_release_gcc/3rdparty/Download/lz4/v1.9.4.tar.gz'
     dst='/home/vimkim/gh/cb/CBRD-27398-pgbuf-inspector-contract/build_preset_release_gcc/3rdparty/Source/lz4'
-- extracting... [tar xfz]
-- extracting... [analysis]
-- extracting... [rename]
-- extracting... [clean up]
-- extracting... done
[71/1437] No update step for 'lz4'
[72/1437] No patch step for 'lz4'
[73/1437] No configure step for 'lz4'
[74/1437] Performing build step for 'libjansson'
[75/1437] Performing install step for 'libjansson'
[76/1437] Completed 'libjansson'
[77/1437] Running utility command for pl_build
> Task :pl_server:generateGrammarSource

> Task :pl_server:compileJava
Note: Some input files use or override a deprecated API.
Note: Recompile with -Xlint:deprecation for details.
Note: Some input files use unchecked or unsafe operations.
Note: Recompile with -Xlint:unchecked for details.

> Task :pl_server:processResources
> Task :pl_server:classes
> Task :pl_server:jar
> Task :pl_server:startScripts
> Task :pl_server:distTar
> Task :pl_server:distZip
> Task :pl_server:assemble
> Task :pl_server:check
> Task :pl_server:build

BUILD SUCCESSFUL in 12s
7 actionable tasks: 7 executed
[78/1437] Building CXX object _deps/googletest-build/googletest/CMakeFiles/gtest.dir/src/gtest-all.cc.o
[79/1437] Linking CXX static library lib/libgtest.a
[80/1437] Performing build step for 'lz4'
[81/1437] Linking CXX static library lib/libgtest_main.a
[82/1437] No install step for 'lz4'
[83/1437] Linking CXX static library lib/libgmock.a
[84/1437] Completed 'lz4'
[85/1437] Linking CXX static library lib/libgmock_main.a
[86/1437] Performing download step (download, verify and extract) for 'libodbc'
-- Downloading...
   dst='/home/vimkim/gh/cb/CBRD-27398-pgbuf-inspector-contract/build_preset_release_gcc/3rdparty/Download/libodbc/unixODBC-2.3.9.tar.gz'
   timeout='600 seconds'
   inactivity timeout='none'
-- Using src='https://github.com/CUBRID/3rdparty/raw/develop/unixODBC/unixODBC-2.3.9.tar.gz'
-- verifying file...
       file='/home/vimkim/gh/cb/CBRD-27398-pgbuf-inspector-contract/build_preset_release_gcc/3rdparty/Download/libodbc/unixODBC-2.3.9.tar.gz'
-- Downloading... done
-- extracting...
     src='/home/vimkim/gh/cb/CBRD-27398-pgbuf-inspector-contract/build_preset_release_gcc/3rdparty/Download/libodbc/unixODBC-2.3.9.tar.gz'
     dst='/home/vimkim/gh/cb/CBRD-27398-pgbuf-inspector-contract/build_preset_release_gcc/3rdparty/Source/libodbc'
-- extracting... [tar xfz]
-- extracting... [analysis]
-- extracting... [rename]
-- extracting... [clean up]
-- extracting... done
[87/1437] No update step for 'libodbc'
[88/1437] No patch step for 'libodbc'
[89/1437] Performing download step (download, verify and extract) for 'libedit'
-- Downloading...
   dst='/home/vimkim/gh/cb/CBRD-27398-pgbuf-inspector-contract/build_preset_release_gcc/3rdparty/Download/libedit/csql_v1.2.tar.gz'
   timeout='600 seconds'
   inactivity timeout='none'
-- Using src='https://github.com/CUBRID/libedit/archive/refs/tags/csql_v1.2.tar.gz'
-- verifying file...
       file='/home/vimkim/gh/cb/CBRD-27398-pgbuf-inspector-contract/build_preset_release_gcc/3rdparty/Download/libedit/csql_v1.2.tar.gz'
-- Downloading... done
-- extracting...
     src='/home/vimkim/gh/cb/CBRD-27398-pgbuf-inspector-contract/build_preset_release_gcc/3rdparty/Download/libedit/csql_v1.2.tar.gz'
     dst='/home/vimkim/gh/cb/CBRD-27398-pgbuf-inspector-contract/build_preset_release_gcc/3rdparty/Source/libedit'
-- extracting... [tar xfz]
-- extracting... [analysis]
-- extracting... [rename]
-- extracting... [clean up]
-- extracting... done
[90/1437] No update step for 'libedit'
[91/1437] No patch step for 'libedit'
[92/1437] Performing download step (download, verify and extract) for 'libtbb'
-- Downloading...
   dst='/home/vimkim/gh/cb/CBRD-27398-pgbuf-inspector-contract/build_preset_release_gcc/3rdparty/Download/libtbb/v2021.11.0.tar.gz'
   timeout='600 seconds'
   inactivity timeout='none'
-- Using src='https://github.com/CUBRID/3rdparty/raw/develop/tbb/v2021.11.0.tar.gz'
-- verifying file...
       file='/home/vimkim/gh/cb/CBRD-27398-pgbuf-inspector-contract/build_preset_release_gcc/3rdparty/Download/libtbb/v2021.11.0.tar.gz'
-- Downloading... done
-- extracting...
     src='/home/vimkim/gh/cb/CBRD-27398-pgbuf-inspector-contract/build_preset_release_gcc/3rdparty/Download/libtbb/v2021.11.0.tar.gz'
     dst='/home/vimkim/gh/cb/CBRD-27398-pgbuf-inspector-contract/build_preset_release_gcc/3rdparty/Source/libtbb'
-- extracting... [tar xfz]
-- extracting... [analysis]
-- extracting... [rename]
-- extracting... [clean up]
-- extracting... done
[93/1437] No update step for 'libtbb'
[94/1437] No patch step for 'libtbb'
[95/1437] Performing configure step for 'libtbb'
[96/1437] Performing download step (download, verify and extract) for 'libexpat'
-- Downloading...
   dst='/home/vimkim/gh/cb/CBRD-27398-pgbuf-inspector-contract/build_preset_release_gcc/3rdparty/Download/libexpat/expat-2.6.4.tar.gz'
   timeout='600 seconds'
   inactivity timeout='none'
-- Using src='https://github.com/CUBRID/3rdparty/raw/develop/expat/expat-2.6.4.tar.gz'
-- verifying file...
       file='/home/vimkim/gh/cb/CBRD-27398-pgbuf-inspector-contract/build_preset_release_gcc/3rdparty/Download/libexpat/expat-2.6.4.tar.gz'
-- Downloading... done
-- extracting...
     src='/home/vimkim/gh/cb/CBRD-27398-pgbuf-inspector-contract/build_preset_release_gcc/3rdparty/Download/libexpat/expat-2.6.4.tar.gz'
     dst='/home/vimkim/gh/cb/CBRD-27398-pgbuf-inspector-contract/build_preset_release_gcc/3rdparty/Source/libexpat'
-- extracting... [tar xfz]
-- extracting... [analysis]
-- extracting... [rename]
-- extracting... [clean up]
-- extracting... done
[97/1437] No update step for 'libexpat'
[98/1437] No patch step for 'libexpat'
[99/1437] Performing build step for 'libtbb'
[100/1437] Performing install step for 'libtbb'
[101/1437] Completed 'libtbb'
[102/1437] Performing configure step for 'libedit'
checking for gcc... gcc
checking whether the C compiler works... yes
checking for C compiler default output file name... a.out
checking for suffix of executables... 
checking whether we are cross compiling... no
checking for suffix of object files... o
checking whether we are using the GNU C compiler... yes
checking whether gcc accepts -g... yes
checking for gcc option to accept ISO C89... none needed
checking whether gcc understands -c and -o together... yes
checking how to run the C preprocessor... gcc -E
checking for grep that handles long lines and -e... /usr/bin/grep
checking for egrep... /usr/bin/grep -E
checking for ANSI C header files... yes
checking for sys/types.h... yes
checking for sys/stat.h... yes
checking for stdlib.h... yes
checking for string.h... yes
checking for memory.h... yes
checking for strings.h... yes
checking for inttypes.h... yes
checking for stdint.h... yes
checking for unistd.h... yes
checking minix/config.h usability... no
checking minix/config.h presence... no
checking for minix/config.h... no
checking whether it is safe to define __EXTENSIONS__... yes
checking for a BSD-compatible install... /usr/bin/install -c
checking whether build environment is sane... yes
checking for a thread-safe mkdir -p... /usr/bin/mkdir -p
checking for gawk... gawk
checking whether make sets $(MAKE)... yes
checking for style of include used by make... GNU
checking whether make supports nested variables... yes
checking dependency style of gcc... gcc3
checking build system type... x86_64-unknown-linux-gnu
checking host system type... x86_64-unknown-linux-gnu
checking how to print strings... printf
checking for a sed that does not truncate output... /usr/bin/sed
checking for fgrep... /usr/bin/grep -F
checking for ld used by gcc... /home/linuxbrew/.linuxbrew/bin/ld
checking if the linker (/home/linuxbrew/.linuxbrew/bin/ld) is GNU ld... yes
checking for BSD- or MS-compatible name lister (nm)... /home/linuxbrew/.linuxbrew/bin/nm -B
checking the name lister (/home/linuxbrew/.linuxbrew/bin/nm -B) interface... BSD nm
checking whether ln -s works... yes
checking the maximum length of command line arguments... 1572864
checking how to convert x86_64-unknown-linux-gnu file names to x86_64-unknown-linux-gnu format... func_convert_file_noop
checking how to convert x86_64-unknown-linux-gnu file names to toolchain format... func_convert_file_noop
checking for /home/linuxbrew/.linuxbrew/bin/ld option to reload object files... -r
checking for objdump... objdump
checking how to recognize dependent libraries... pass_all
checking for dlltool... dlltool
checking how to associate runtime and link libraries... printf %s\n
checking for ar... ar
checking for archiver @FILE support... @
checking for strip... strip
checking for ranlib... ranlib
checking command to parse /home/linuxbrew/.linuxbrew/bin/nm -B output from gcc object... ok
checking for sysroot... no
checking for a working dd... /usr/bin/dd
checking how to truncate binary pipes... /usr/bin/dd bs=4096 count=1
checking for mt... no
checking if : is a manifest tool... no
checking for dlfcn.h... yes
checking for objdir... .libs
checking if gcc supports -fno-rtti -fno-exceptions... yes
checking for gcc option to produce PIC... -fPIC -DPIC
checking if gcc PIC flag -fPIC -DPIC works... yes
checking if gcc static flag -static works... yes
checking if gcc supports -c -o file.o... yes
checking if gcc supports -c -o file.o... (cached) yes
checking whether the gcc linker (/home/linuxbrew/.linuxbrew/bin/ld -m elf_x86_64) supports shared libraries... yes
checking dynamic linker characteristics... GNU/Linux ld.so
checking how to hardcode library paths into programs... immediate
checking whether stripping libraries is possible... yes
checking if libtool supports shared libraries... yes
checking whether to build shared libraries... no
checking whether to build static libraries... yes
checking whether make supports nested variables... (cached) yes
checking for gcc option to accept ISO C99... none needed
checking whether ln -s works... yes
checking for gawk... (cached) gawk
checking for nroff... /usr/bin/nroff
checking for tgetent in -lncurses... yes
checking if you want wide-character code... no
configure: WARNING: --enable-widec is deprecated, wide-character/UTF-8 is always enabled
checking for dirent.h that defines DIR... yes
checking for library containing opendir... none required
checking for ANSI C header files... (cached) yes
checking for sys/wait.h that is POSIX.1 compatible... yes
checking fcntl.h usability... yes
checking fcntl.h presence... yes
checking for fcntl.h... yes
checking limits.h usability... yes
checking limits.h presence... yes
checking for limits.h... yes
checking malloc.h usability... yes
checking malloc.h presence... yes
checking for malloc.h... yes
checking for stdlib.h... (cached) yes
checking for string.h... (cached) yes
checking sys/ioctl.h usability... yes
checking sys/ioctl.h presence... yes
checking for sys/ioctl.h... yes
checking sys/param.h usability... yes
checking sys/param.h presence... yes
checking for sys/param.h... yes
checking for unistd.h... (cached) yes
checking curses.h usability... yes
checking curses.h presence... yes
checking for curses.h... yes
checking ncurses.h usability... yes
checking ncurses.h presence... yes
checking for ncurses.h... yes
checking sys/cdefs.h usability... yes
checking sys/cdefs.h presence... yes
checking for sys/cdefs.h... yes
checking termcap.h usability... yes
checking termcap.h presence... yes
checking for termcap.h... yes
checking for ncurses.h... (cached) yes
checking termios.h usability... yes
checking termios.h presence... yes
checking for termios.h... yes
checking for term.h... yes
checking for struct dirent.d_namlen... no
checking for an ANSI C-conforming const... yes
checking for pid_t... yes
checking for size_t... yes
checking for u_int32_t... yes
checking whether closedir returns void... no
checking vfork.h usability... no
checking vfork.h presence... no
checking for vfork.h... no
checking for fork... yes
checking for vfork... yes
checking for working fork... yes
checking for working vfork... (cached) yes
checking whether gcc needs -traditional... no
checking return type of signal handlers... void
checking whether lstat correctly handles trailing slash... yes
checking whether stat accepts an empty string... no
checking for endpwent... yes
checking for isascii... yes
checking for memchr... yes
checking for memset... yes
checking for re_comp... yes
checking for regcomp... yes
checking for strcasecmp... yes
checking for strchr... yes
checking for strcspn... yes
checking for strdup... yes
checking for strerror... yes
checking for strrchr... yes
checking for strstr... yes
checking for strtol... yes
checking for issetugid... no
checking for wcsdup... yes
checking for strlcpy... no
checking for strlcat... no
checking for getline... yes
checking for vis... no
checking for strvis... no
checking for strunvis... no
checking for __secure_getenv... no
checking for secure_getenv... yes
checking for strlcpy... (cached) no
checking for strlcat... (cached) no
checking for vis... (cached) no
checking for unvis... no
checking whether getpwnam_r and getpwuid_r are posix like... yes
checking whether getpwnam_r and getpwuid_r are posix _draft_ like... no
checking that generated files are newer than configure... done
configure: creating ./config.status
config.status: creating Makefile
config.status: creating libedit.pc
config.status: creating src/Makefile
config.status: creating doc/Makefile
config.status: creating examples/Makefile
config.status: creating config.h
config.status: executing depfiles commands
config.status: executing libtool commands
[103/1437] Performing build step for 'libedit'
[104/1437] Performing install step for 'libedit'
[105/1437] Completed 'libedit'
[106/1437] Performing configure step for 'libexpat'
[107/1437] Performing build step for 'libexpat'
[108/1437] Performing install step for 'libexpat'
[109/1437] Completed 'libexpat'
[110/1437] Performing configure step for 'libodbc'
[111/1437] Performing build step for 'libodbc'
[112/1437] Performing install step for 'libodbc'
[113/1437] Completed 'libodbc'
[114/1437] Performing download step (download, verify and extract) for 'libopenssl'
-- Downloading...
   dst='/home/vimkim/gh/cb/CBRD-27398-pgbuf-inspector-contract/build_preset_release_gcc/3rdparty/Download/libopenssl/openssl-1.1.1w.tar.gz'
   timeout='600 seconds'
   inactivity timeout='none'
-- Using src='https://github.com/CUBRID/3rdparty/raw/develop/openssl/openssl-1.1.1w.tar.gz'
-- verifying file...
       file='/home/vimkim/gh/cb/CBRD-27398-pgbuf-inspector-contract/build_preset_release_gcc/3rdparty/Download/libopenssl/openssl-1.1.1w.tar.gz'
-- Downloading... done
-- extracting...
     src='/home/vimkim/gh/cb/CBRD-27398-pgbuf-inspector-contract/build_preset_release_gcc/3rdparty/Download/libopenssl/openssl-1.1.1w.tar.gz'
     dst='/home/vimkim/gh/cb/CBRD-27398-pgbuf-inspector-contract/build_preset_release_gcc/3rdparty/Source/libopenssl'
-- extracting... [tar xfz]
-- extracting... [analysis]
-- extracting... [rename]
-- extracting... [clean up]
-- extracting... done
[115/1437] No update step for 'libopenssl'
[116/1437] No patch step for 'libopenssl'
[117/1437] Performing configure step for 'libopenssl'
[118/1437] Performing build step for 'libopenssl'
[119/1437] Performing install step for 'libopenssl'
[120/1437] Completed 'libopenssl'
[121/1437] Building CXX object sa/CMakeFiles/cubridsa.dir/__/src/compat/db_function.cpp.o
[122/1437] Building CXX object sa/CMakeFiles/cubridsa.dir/__/src/base/dynamic_array.c.o
[123/1437] Building CXX object sa/CMakeFiles/cubridsa.dir/__/src/base/get_clock_freq.c.o
[124/1437] Building CXX object sa/CMakeFiles/cubridsa.dir/__/src/base/process_util.c.o
[125/1437] Building CXX object sa/CMakeFiles/cubridsa.dir/__/src/base/chartype.c.o
[126/1437] Building CXX object sa/CMakeFiles/cubridsa.dir/__/src/base/sha1.c.o
[127/1437] Building CXX object sa/CMakeFiles/cubridsa.dir/__/src/base/bit.c.o
[128/1437] Building CXX object sa/CMakeFiles/cubridsa.dir/__/src/base/release_string.c.o
[129/1437] Building CXX object sa/CMakeFiles/cubridsa.dir/__/src/base/message_catalog.c.o
[130/1437] Building CXX object sa/CMakeFiles/cubridsa.dir/__/src/base/porting.c.o
[131/1437] Building CXX object sa/CMakeFiles/cubridsa.dir/__/src/base/ini_parser.c.o
[132/1437] Building CXX object sa/CMakeFiles/cubridsa.dir/__/src/base/hide_password.cpp.o
[133/1437] Building CXX object sa/CMakeFiles/cubridsa.dir/__/src/base/pinning.cpp.o
[134/1437] Building CXX object sa/CMakeFiles/cubridsa.dir/__/src/base/mprec.c.o
[135/1437] Building CXX object sa/CMakeFiles/cubridsa.dir/__/src/base/lockfree_transaction_table.cpp.o
[136/1437] Building CXX object sa/CMakeFiles/cubridsa.dir/__/src/base/misc_string.c.o
[137/1437] Building CXX object sa/CMakeFiles/cubridsa.dir/__/src/base/environment_variable.c.o
[138/1437] Building CXX object sa/CMakeFiles/cubridsa.dir/__/src/base/cubrid_getopt_long.c.o
[139/1437] Building CXX object sa/CMakeFiles/cubridsa.dir/__/src/base/xml_parser.c.o
[140/1437] Building CXX object sa/CMakeFiles/cubridsa.dir/__/src/base/util_func.c.o
[141/1437] Building CXX object sa/CMakeFiles/cubridsa.dir/__/src/base/printer.cpp.o
[142/1437] Building CXX object sa/CMakeFiles/cubridsa.dir/__/src/base/fixed_alloc.c.o
[143/1437] Building CXX object sa/CMakeFiles/cubridsa.dir/__/src/base/dtoa.c.o
[144/1437] Building CXX object sa/CMakeFiles/cubridsa.dir/__/src/base/variable_string.c.o
[145/1437] Building CXX object sa/CMakeFiles/cubridsa.dir/__/src/base/perf.cpp.o
[146/1437] Building CXX object sa/CMakeFiles/cubridsa.dir/__/src/base/unicode_support.c.o
[147/1437] Building CXX object sa/CMakeFiles/cubridsa.dir/__/src/base/memory_private_allocator.cpp.o
[148/1437] Building CXX object sa/CMakeFiles/cubridsa.dir/__/src/compat/db_json_types_internal.cpp.o
[149/1437] Building CXX object sa/CMakeFiles/cubridsa.dir/__/src/base/tsc_timer.c.o
[150/1437] Building CXX object sa/CMakeFiles/cubridsa.dir/__/src/base/mem_block.cpp.o
[151/1437] Building CXX object sa/CMakeFiles/cubridsa.dir/__/src/base/pinnable_buffer.cpp.o
[152/1437] Building CXX object sa/CMakeFiles/cubridsa.dir/__/src/base/error_context.cpp.o
[153/1437] Building CXX object sa/CMakeFiles/cubridsa.dir/__/src/base/lockfree_transaction_system.cpp.o
[154/1437] Building CXX object sa/CMakeFiles/cubridsa.dir/__/src/base/encryption.c.o
[155/1437] Building CXX object sa/CMakeFiles/cubridsa.dir/__/src/base/stack_dump.c.o
[156/1437] Building CXX object sa/CMakeFiles/cubridsa.dir/__/src/executables/extract_schema.cpp.o
[157/1437] Building CXX object sa/CMakeFiles/cubridsa.dir/__/src/compat/cnv.c.o
[158/1437] Building CXX object sa/CMakeFiles/cubridsa.dir/__/src/base/lockfree_transaction_descriptor.cpp.o
[159/1437] Building CXX object sa/CMakeFiles/cubridsa.dir/__/src/base/base64.c.o
[160/1437] Building C object sa/CMakeFiles/cubridsa.dir/__/src/compat/dbtype_function.c.o
[161/1437] Building CXX object sa/CMakeFiles/cubridsa.dir/__/src/base/filesys_temp.cpp.o
[162/1437] Building CXX object cs/CMakeFiles/cubridcs.dir/__/src/compat/db_function.cpp.o
[163/1437] Building CXX object sa/CMakeFiles/cubridsa.dir/__/src/base/dynamic_load.c.o
[164/1437] Building CXX object sa/CMakeFiles/cubridsa.dir/__/src/base/string_buffer.cpp.o
[165/1437] Building CXX object sa/CMakeFiles/cubridsa.dir/__/src/base/databases_file.c.o
[166/1437] Building CXX object sa/CMakeFiles/cubridsa.dir/__/src/executables/file_hash.c.o
[167/1437] Building CXX object sa/CMakeFiles/cubridsa.dir/__/src/compat/db_json_allocator.cpp.o
[168/1437] Building CXX object sa/CMakeFiles/cubridsa.dir/__/src/base/uca_support.c.o
[169/1437] Building CXX object sa/CMakeFiles/cubridsa.dir/__/src/base/binaryheap.c.o
[170/1437] Building CXX object sa/CMakeFiles/cubridsa.dir/__/src/executables/csql_result.c.o
[171/1437] Building CXX object sa/CMakeFiles/cubridsa.dir/__/src/base/packer.cpp.o
[172/1437] Building CXX object sa/CMakeFiles/cubridsa.dir/__/src/base/fileline_location.cpp.o
[173/1437] Building CXX object sa/CMakeFiles/cubridsa.dir/__/src/xasl/xasl_unpack_info.cpp.o
[174/1437] Building CXX object sa/CMakeFiles/cubridsa.dir/__/src/base/fault_injection.c.o
[175/1437] Building CXX object sa/CMakeFiles/cubridsa.dir/__/src/base/perf_monitor_trackers.cpp.o
[176/1437] Building CXX object sa/CMakeFiles/cubridsa.dir/__/src/base/resource_tracker.cpp.o
[177/1437] Building CXX object sa/CMakeFiles/cubridsa.dir/__/src/base/lockfree_bitmap.cpp.o
[178/1437] Building CXX object sa/CMakeFiles/cubridsa.dir/__/src/executables/util_common.c.o
[179/1437] Building CXX object sa/CMakeFiles/cubridsa.dir/__/src/base/intl_support.c.o
[180/1437] Building CXX object sa/CMakeFiles/cubridsa.dir/__/src/base/locale_helper.cpp.o
[181/1437] Building CXX object sa/CMakeFiles/cubridsa.dir/__/src/base/error_manager.c.o
[182/1437] Building CXX object sa/CMakeFiles/cubridsa.dir/__/src/sp/pl_file.c.o
[183/1437] Building CXX object sa/CMakeFiles/cubridsa.dir/__/src/base/lock_free.c.o
[184/1437] Building CXX object sa/CMakeFiles/cubridsa.dir/__/src/heaplayers/customheaps.cpp.o
[185/1437] Building CXX object sa/CMakeFiles/cubridsa.dir/__/src/connection/connection_globals.c.o
[186/1437] Building CXX object sa/CMakeFiles/cubridsa.dir/__/src/connection/connection_less.cpp.o
[187/1437] Building CXX object sa/CMakeFiles/cubridsa.dir/__/src/connection/connection_list_cl.cpp.o
[188/1437] Building CXX object sa/CMakeFiles/cubridsa.dir/__/src/heaplayers/lea_heap.c.o
[189/1437] Building CXX object sa/CMakeFiles/cubridsa.dir/__/src/base/filesys_parser.cpp.o
[190/1437] Building CXX object sa/CMakeFiles/cubridsa.dir/__/src/base/area_alloc.c.o
[191/1437] Building CXX object sa/CMakeFiles/cubridsa.dir/__/src/compat/db_elo.c.o
[192/1437] Building CXX object sa/CMakeFiles/cubridsa.dir/__/src/connection/tcp.c.o
[193/1437] Building CXX object sa/CMakeFiles/cubridsa.dir/__/src/base/ifsys.cpp.o
[194/1437] Building CXX object sa/CMakeFiles/cubridsa.dir/__/src/communication/network_histogram.cpp.o
[195/1437] Building CXX object sa/CMakeFiles/cubridsa.dir/__/src/sp/pl_signature.cpp.o
[196/1437] Building CXX object sa/CMakeFiles/cubridsa.dir/__/src/base/memory_alloc.c.o
[197/1437] Building CXX object sa/CMakeFiles/cubridsa.dir/__/src/base/resources.cpp.o
[198/1437] Building CXX object sa/CMakeFiles/cubridsa.dir/__/src/sp/pl_comm.c.o
[199/1437] Building CXX object sa/CMakeFiles/cubridsa.dir/__/src/compat/db_set.c.o
[200/1437] Building CXX object sa/CMakeFiles/cubridsa.dir/__/src/method/method_error.cpp.o
[201/1437] Building CXX object sa/CMakeFiles/cubridsa.dir/__/src/method/method_struct_invoke.cpp.o
[202/1437] Building CXX object sa/CMakeFiles/cubridsa.dir/__/src/connection/host_lookup.c.o
[203/1437] Building CXX object sa/CMakeFiles/cubridsa.dir/__/src/base/lockfree_hashmap.cpp.o
[204/1437] Building CXX object sa/CMakeFiles/cubridsa.dir/__/src/compat/db_old.c.o
[205/1437] Building CXX object sa/CMakeFiles/cubridsa.dir/__/src/compat/db_virt.c.o
[206/1437] Building CXX object sa/CMakeFiles/cubridsa.dir/__/src/connection/connection_cl.cpp.o
[207/1437] Building CXX object sa/CMakeFiles/cubridsa.dir/__/src/method/method_struct_parameter_info.cpp.o
[208/1437] Building CXX object sa/CMakeFiles/cubridsa.dir/__/src/compat/db_macro.c.o
[209/1437] Building CXX object sa/CMakeFiles/cubridsa.dir/__/src/executables/csql_support.c.o
[210/1437] Building CXX object sa/CMakeFiles/cubridsa.dir/__/src/base/memory_hash.c.o
[211/1437] Building CXX object sa/CMakeFiles/cubridsa.dir/__/src/executables/csql_result_format.c.o
[212/1437] Building CXX object sa/CMakeFiles/cubridsa.dir/__/src/sp/pl_compile_handler.cpp.o
[213/1437] Building CXX object sa/CMakeFiles/cubridsa.dir/__/src/monitor/monitor_statistic.cpp.o
[214/1437] Building CXX object sa/CMakeFiles/cubridsa.dir/__/src/communication/network_callback_sr.cpp.o
[215/1437] Building CXX object sa/CMakeFiles/cubridsa.dir/__/src/compat/db_temp.c.o
[216/1437] Building CXX object sa/CMakeFiles/cubridsa.dir/__/src/sp/pl_connection.cpp.o
[217/1437] Building CXX object sa/CMakeFiles/cubridsa.dir/__/src/compat/db_class.c.o
[218/1437] Building CXX object sa/CMakeFiles/cubridsa.dir/__/src/compat/db_obj.c.o
[219/1437] Building CXX object sa/CMakeFiles/cubridsa.dir/__/src/executables/unloaddb.c.o
[220/1437] Building CXX object sa/CMakeFiles/cubridsa.dir/__/src/executables/compactdb_common.c.o
[221/1437] Building CXX object sa/CMakeFiles/cubridsa.dir/__/src/compat/db_method_static.cpp.o
[222/1437] Building CXX object sa/CMakeFiles/cubridsa.dir/__/src/executables/csql_session.c.o
[223/1437] Building CXX object sa/CMakeFiles/cubridsa.dir/__/src/executables/unload_object_file.c.o
[224/1437] Building CXX object sa/CMakeFiles/cubridsa.dir/__/src/compat/db_info.c.o
[225/1437] Building CXX object sa/CMakeFiles/cubridsa.dir/__/src/connection/connection_support.cpp.o
[226/1437] Building CXX object sa/CMakeFiles/cubridsa.dir/__/src/base/cgroup.cpp.o
[227/1437] Building CXX object sa/CMakeFiles/cubridsa.dir/__/src/base/locale_support.c.o
[228/1437] Building CXX object sa/CMakeFiles/cubridsa.dir/__/src/sp/pl_sr.cpp.o
[229/1437] Building CXX object sa/CMakeFiles/cubridsa.dir/__/src/compat/db_date.c.o
[230/1437] Building CXX object sa/CMakeFiles/cubridsa.dir/__/src/base/ddl_log.c.o
[231/1437] Building CXX object sa/CMakeFiles/cubridsa.dir/__/src/compat/db_query.c.o
[232/1437] Building CXX object sa/CMakeFiles/cubridsa.dir/__/src/compat/db_value_printer.cpp.o
[233/1437] Building CXX object sa/CMakeFiles/cubridsa.dir/__/src/executables/compactdb.c.o
[234/1437] Building CXX object sa/CMakeFiles/cubridsa.dir/__/src/method/method_struct_oid_info.cpp.o
[235/1437] Building CXX object sa/CMakeFiles/cubridsa.dir/__/src/monitor/monitor_registration.cpp.o
[236/1437] Building CXX object sa/CMakeFiles/cubridsa.dir/__/src/method/method_query_util.cpp.o
[237/1437] Building CXX object sa/CMakeFiles/cubridsa.dir/__/src/object/lob_locator.cpp.o
[238/1437] Building CXX object sa/CMakeFiles/cubridsa.dir/__/src/sp/pl_struct_compile.cpp.o
[239/1437] Building CXX object sa/CMakeFiles/cubridsa.dir/__/src/communication/network_callback_cl.cpp.o
[240/1437] Building CXX object sa/CMakeFiles/cubridsa.dir/__/src/connection/client_support.cpp.o
[241/1437] Building CXX object sa/CMakeFiles/cubridsa.dir/__/src/object/object_print_util.cpp.o
[242/1437] Building CXX object sa/CMakeFiles/cubridsa.dir/__/src/object/quick_fit.c.o
[243/1437] Building CXX object sa/CMakeFiles/cubridsa.dir/__/src/method/method_oid_handler.cpp.o
[244/1437] Building CXX object sa/CMakeFiles/cubridsa.dir/__/src/executables/unload_object.c.o
[245/1437] Building CXX object sa/CMakeFiles/cubridsa.dir/__/src/base/language_support.c.o
[246/1437] Building CXX object sa/CMakeFiles/cubridsa.dir/__/src/object/identifier_store.cpp.o
[247/1437] Building CXX object sa/CMakeFiles/cubridsa.dir/__/src/object/elo.c.o
[248/1437] Building CXX object sa/CMakeFiles/cubridsa.dir/__/src/executables/csql.c.o
[249/1437] Building CXX object sa/CMakeFiles/cubridsa.dir/__/src/monitor/monitor_transaction.cpp.o
[250/1437] Building CXX object sa/CMakeFiles/cubridsa.dir/__/src/executables/util_cs.c.o
[251/1437] Building CXX object sa/CMakeFiles/cubridsa.dir/__/src/compat/db_admin.c.o
[252/1437] Building CXX object sa/CMakeFiles/cubridsa.dir/__/src/compat/db_vdb.c.o
[253/1437] Building CXX object sa/CMakeFiles/cubridsa.dir/__/src/base/perf_monitor.c.o
[254/1437] Building CXX object sa/CMakeFiles/cubridsa.dir/__/src/method/method_struct_value.cpp.o
[255/1437] Building CXX object sa/CMakeFiles/cubridsa.dir/__/src/method/method_struct_query.cpp.o
[256/1437] Building CXX object sa/CMakeFiles/cubridsa.dir/__/src/compat/db_json_path.cpp.o
[257/1437] Building CXX object sa/CMakeFiles/cubridsa.dir/__/src/monitor/monitor_collect.cpp.o
[258/1437] Building CXX object sa/CMakeFiles/cubridsa.dir/__/src/base/system_parameter.c.o
[259/1437] Building CXX object sa/CMakeFiles/cubridsa.dir/__/src/sp/pl_query_cursor.cpp.o
[260/1437] Building CXX object sa/CMakeFiles/cubridsa.dir/__/src/sp/method_invoke_group.cpp.o
[261/1437] Building CXX object sa/CMakeFiles/cubridsa.dir/__/src/sp/sp_code.cpp.o
[262/1437] Building CXX object sa/CMakeFiles/cubridsa.dir/__/src/optimizer/query_bitset.c.o
[263/1437] Building CXX object sa/CMakeFiles/cubridsa.dir/__/src/object/schema_information_schema.cpp.o
[264/1437] Building CXX object sa/CMakeFiles/cubridsa.dir/__/src/base/object_representation_sr.c.o
[265/1437] Building CXX object sa/CMakeFiles/cubridsa.dir/__/src/query/dblink_2pc_daemon.c.o
[266/1437] Building CXX object sa/CMakeFiles/cubridsa.dir/__/src/executables/util_sa.c.o
[267/1437] Building CXX object sa/CMakeFiles/cubridsa.dir/__/src/query/dblink_global_tran_catalog.c.o
[268/1437] Building CXX object sa/CMakeFiles/cubridsa.dir/__/src/object/schema_information_schema_definition.cpp.o
[269/1437] Building CXX object sa/CMakeFiles/cubridsa.dir/__/src/method/method_scan.cpp.o
[270/1437] Building CXX object sa/CMakeFiles/cubridsa.dir/__/src/object/transform.c.o
[271/1437] Building CXX object sa/CMakeFiles/cubridsa.dir/__/src/query/parallel/px_query_execute/px_query_checker.cpp.o
[272/1437] Building CXX object sa/CMakeFiles/cubridsa.dir/__/src/sp/pl_execution_stack_context.cpp.o
[273/1437] Building CXX object sa/CMakeFiles/cubridsa.dir/__/src/object/authenticate_password.cpp.o
[274/1437] Building CXX object sa/CMakeFiles/cubridsa.dir/__/src/object/authenticate_owner.cpp.o
[275/1437] Building CXX object sa/CMakeFiles/cubridsa.dir/__/src/query/parallel/px_scan/px_scan_checker.cpp.o
[276/1437] Building CXX object sa/CMakeFiles/cubridsa.dir/__/src/base/tz_support.c.o
[277/1437] Building CXX object sa/CMakeFiles/cubridsa.dir/__/src/object/authenticate_access_class.cpp.o
[278/1437] Building CXX object sa/CMakeFiles/cubridsa.dir/__/src/sp/jsp_cl.cpp.o
[279/1437] Building CXX object sa/CMakeFiles/cubridsa.dir/__/src/object/authenticate.c.o
[280/1437] Building CXX object sa/CMakeFiles/cubridsa.dir/__/src/method/method_query_handler.cpp.o
[281/1437] Building CXX object sa/CMakeFiles/cubridsa.dir/__/src/object/schema_system_catalog_install_query_spec.cpp.o
[282/1437] Building CXX object sa/CMakeFiles/cubridsa.dir/__/src/object/object_description.cpp.o
[283/1437] Building CXX object sa/CMakeFiles/cubridsa.dir/__/src/object/authenticate_migration.cpp.o
[284/1437] Building CXX object sa/CMakeFiles/cubridsa.dir/__/src/base/tz_compile.c.o
[285/1437] Building CXX object sa/CMakeFiles/cubridsa.dir/__/src/object/authenticate_context.cpp.o
[286/1437] Building CXX object sa/CMakeFiles/cubridsa.dir/__/src/object/authenticate_cache.cpp.o
[287/1437] Building CXX object sa/CMakeFiles/cubridsa.dir/__/src/object/deduplicate_key.c.o
[288/1437] Building CXX object sa/CMakeFiles/cubridsa.dir/__/src/object/authenticate_access_user.cpp.o
[289/1437] Building CXX object sa/CMakeFiles/cubridsa.dir/__/src/object/schema_system_catalog.cpp.o
[290/1437] Building CXX object sa/CMakeFiles/cubridsa.dir/__/src/object/authenticate_access_auth.cpp.o
[291/1437] Building CXX object sa/CMakeFiles/cubridsa.dir/__/src/object/class_description.cpp.o
[292/1437] Building CXX object sa/CMakeFiles/cubridsa.dir/__/src/object/authenticate_grant.cpp.o
[293/1437] Building CXX object sa/CMakeFiles/cubridsa.dir/__/src/sp/pl_executor.cpp.o
[294/1437] Building CXX object sa/CMakeFiles/cubridsa.dir/__/src/method/query_method.cpp.o
[295/1437] Building CXX object sa/CMakeFiles/cubridsa.dir/__/src/object/schema_system_catalog_builder.cpp.o
[296/1437] Building CXX object sa/CMakeFiles/cubridsa.dir/__/src/object/schema_system_catalog_definition.cpp.o
[297/1437] Building CXX object sa/CMakeFiles/cubridsa.dir/__/src/communication/network_interface_cl.c.o
[298/1437] Building CXX object sa/CMakeFiles/cubridsa.dir/__/src/query/crypt_opfunc.c.o
[299/1437] Building CXX object sa/CMakeFiles/cubridsa.dir/__/src/object/schema_information_schema_install_query_spec.cpp.o
[300/1437] Building CXX object sa/CMakeFiles/cubridsa.dir/__/src/object/object_print.c.o
[301/1437] Building CXX object sa/CMakeFiles/cubridsa.dir/__/src/object/schema_information_schema_builder.cpp.o
[302/1437] Building CXX object sa/CMakeFiles/cubridsa.dir/__/src/object/schema_class_truncator.cpp.o
[303/1437] Building CXX object sa/CMakeFiles/cubridsa.dir/__/src/sp/pl_session.cpp.o
[304/1437] Building CXX object sa/CMakeFiles/cubridsa.dir/__/src/object/object_template.c.o
[305/1437] Building CXX object sa/CMakeFiles/cubridsa.dir/__/src/object/trigger_description.cpp.o
[306/1437] Building CXX object sa/CMakeFiles/cubridsa.dir/__/src/object/object_representation.c.o
/home/vimkim/gh/cb/CBRD-27398-pgbuf-inspector-contract/src/object/object_representation.c: In function ‘char* or_unpack_spacedb(char*, SPACEDB_ALL*, SPACEDB_ONEVOL**, SPACEDB_FILES*)’:
/home/vimkim/gh/cb/CBRD-27398-pgbuf-inspector-contract/src/object/object_representation.c:6261:19: warning: ‘char* strncpy(char*, const char*, size_t)’ specified bound 4096 equals destination size [-Wstringop-truncation]
 6261 |           strncpy ((*vols)[iter_vol].name, volname, DB_MAX_PATH_LENGTH);
      |           ~~~~~~~~^~~~~~~~~~~~~~~~~~~~~~~~~~~~~~~~~~~~~~~~~~~~~~~~~~~~~
[307/1437] Building CXX object sa/CMakeFiles/cubridsa.dir/__/src/optimizer/rewriter/query_rewrite_set.c.o
[308/1437] Building CXX object sa/CMakeFiles/cubridsa.dir/__/src/optimizer/rewriter/query_rewrite_subquery.c.o
[309/1437] Building CXX object sa/CMakeFiles/cubridsa.dir/__/src/optimizer/rewriter/query_rewrite_auto_parameterize.c.o
[310/1437] Building CXX object sa/CMakeFiles/cubridsa.dir/__/src/object/object_printer.cpp.o
[311/1437] Building CXX object sa/CMakeFiles/cubridsa.dir/__/src/object/object_accessor.c.o
[312/1437] Building CXX object sa/CMakeFiles/cubridsa.dir/__/src/object/schema_template.c.o
[313/1437] Building CXX object sa/CMakeFiles/cubridsa.dir/__/src/object/virtual_object.c.o
[314/1437] Building CXX object sa/CMakeFiles/cubridsa.dir/__/src/optimizer/rewriter/query_rewrite.c.o
[315/1437] Building CXX object sa/CMakeFiles/cubridsa.dir/__/src/executables/unload_schema.c.o
[316/1437] Building CXX object sa/CMakeFiles/cubridsa.dir/__/src/object/set_object.c.o
[317/1437] Building CXX object sa/CMakeFiles/cubridsa.dir/__/src/object/work_space.c.o
[318/1437] Building CXX object sa/CMakeFiles/cubridsa.dir/__/src/optimizer/rewriter/query_rewrite_select.c.o
[319/1437] Building CXX object sa/CMakeFiles/cubridsa.dir/__/src/query/cursor.c.o
[320/1437] Building CXX object sa/CMakeFiles/cubridsa.dir/__/src/query/string_regex_re2.cpp.o
[321/1437] Building CXX object sa/CMakeFiles/cubridsa.dir/__/src/query/dblink_2pc.c.o
[322/1437] Building CXX object sa/CMakeFiles/cubridsa.dir/__/src/object/class_object.c.o
[323/1437] Building CXX object sa/CMakeFiles/cubridsa.dir/__/src/object/trigger_manager.c.o
[324/1437] Building CXX object sa/CMakeFiles/cubridsa.dir/__/src/query/vacuum_oos.cpp.o
[325/1437] Building CXX object sa/CMakeFiles/cubridsa.dir/__/src/object/transform_cl.c.o
[326/1437] Building CXX object sa/CMakeFiles/cubridsa.dir/__/src/query/string_regex.cpp.o
[327/1437] Building CXX object sa/CMakeFiles/cubridsa.dir/__/src/optimizer/rewriter/query_rewrite_term.c.o
[328/1437] Building CXX object sa/CMakeFiles/cubridsa.dir/__/src/query/dblink_scan.c.o
[329/1437] Building CXX object sa/CMakeFiles/cubridsa.dir/__/src/method/method_callback.cpp.o
[330/1437] Building CXX object sa/CMakeFiles/cubridsa.dir/__/src/query/regu_var.cpp.o
[331/1437] Building CXX object sa/CMakeFiles/cubridsa.dir/__/src/query/query_analytic.cpp.o
[332/1437] Building CXX object sa/CMakeFiles/cubridsa.dir/__/src/query/query_cl.c.o
[333/1437] Building CXX object sa/CMakeFiles/cubridsa.dir/__/src/thread/critical_section_tracker.cpp.o
[334/1437] Building CXX object sa/CMakeFiles/cubridsa.dir/__/src/query/partition.c.o
[335/1437] Building CXX object sa/CMakeFiles/cubridsa.dir/__/src/transaction/lock_table.c.o
[336/1437] Building C object sa/CMakeFiles/cubridsa.dir/__/csql_lexer.c.o
[337/1437] Building CXX object sa/CMakeFiles/cubridsa.dir/__/src/transaction/log_lsa.cpp.o
[338/1437] Building CXX object sa/CMakeFiles/cubridsa.dir/__/src/query/numeric_opfunc.c.o
[339/1437] Building CXX object sa/CMakeFiles/cubridsa.dir/__/src/query/set_scan.c.o
[340/1437] Building CXX object sa/CMakeFiles/cubridsa.dir/__/src/query/query_hash_join.c.o
[341/1437] Building CXX object sa/CMakeFiles/cubridsa.dir/__/src/transaction/client_credentials.cpp.o
[342/1437] Building CXX object sa/CMakeFiles/cubridsa.dir/__/src/query/query_reevaluation.cpp.o
[343/1437] Building CXX object sa/CMakeFiles/cubridsa.dir/__/src/parser/double_byte_support.c.o
[344/1437] Building CXX object sa/CMakeFiles/cubridsa.dir/__/src/parser/cnf.c.o
[345/1437] Building CXX object sa/CMakeFiles/cubridsa.dir/__/src/parser/keyword.c.o
[346/1437] Building CXX object sa/CMakeFiles/cubridsa.dir/__/src/query/query_dump.c.o
[347/1437] Building CXX object sa/CMakeFiles/cubridsa.dir/__/src/query/subquery_cache.c.o
[348/1437] Building CXX object sa/CMakeFiles/cubridsa.dir/__/src/query/query_hash_scan.c.o
[349/1437] Building CXX object sa/CMakeFiles/cubridsa.dir/__/src/parser/parse_type.cpp.o
[350/1437] Building CXX object sa/CMakeFiles/cubridsa.dir/__/src/thread/thread_entry_task.cpp.o
[351/1437] Building CXX object sa/CMakeFiles/cubridsa.dir/__/src/query/show_scan.c.o
[352/1437] Building CXX object sa/CMakeFiles/cubridsa.dir/__/src/query/query_aggregate.cpp.o
[353/1437] Building CXX object sa/CMakeFiles/cubridsa.dir/__/src/query/scan_json_table.cpp.o
[354/1437] Building CXX object sa/CMakeFiles/cubridsa.dir/__/src/query/list_file.c.o
[355/1437] Building CXX object sa/CMakeFiles/cubridsa.dir/__/src/optimizer/plan_generation.c.o
[356/1437] Building CXX object sa/CMakeFiles/cubridsa.dir/__/src/object/schema_manager.c.o
[357/1437] Building CXX object sa/CMakeFiles/cubridsa.dir/__/src/parser/parser_allocator.cpp.o
[358/1437] Building CXX object sa/CMakeFiles/cubridsa.dir/__/src/query/query_evaluator.c.o
[359/1437] Building CXX object sa/CMakeFiles/cubridsa.dir/__/src/query/arithmetic.c.o
[360/1437] Building CXX object sa/CMakeFiles/cubridsa.dir/__/src/query/filter_pred_cache.c.o
[361/1437] Building CXX object sa/CMakeFiles/cubridsa.dir/__/src/transaction/wait_for_graph.c.o
[362/1437] Building CXX object sa/CMakeFiles/cubridsa.dir/__/src/parser/parse_tree.c.o
[363/1437] Building CXX object sa/CMakeFiles/cubridsa.dir/__/src/parser/show_meta.c.o
[364/1437] Building CXX object sa/CMakeFiles/cubridsa.dir/__/src/query/query_manager.c.o
[365/1437] Building CXX object sa/CMakeFiles/cubridsa.dir/__/src/parser/compile.c.o
[366/1437] Building CXX object sa/CMakeFiles/cubridsa.dir/__/src/transaction/locator.c.o
[367/1437] Building CXX object sa/CMakeFiles/cubridsa.dir/__/src/parser/method_transform.c.o
[368/1437] Building CXX object sa/CMakeFiles/cubridsa.dir/__/src/storage/byte_order.c.o
[369/1437] Building CXX object sa/CMakeFiles/cubridsa.dir/__/src/parser/scanner_support.c.o
[370/1437] Building CXX object sa/CMakeFiles/cubridsa.dir/__/src/transaction/log_comm.c.o
[371/1437] Building CXX object sa/CMakeFiles/cubridsa.dir/__/src/storage/es_owfs.c.o
[372/1437] Building CXX object sa/CMakeFiles/cubridsa.dir/__/src/thread/thread_manager.cpp.o
[373/1437] Building CXX object sa/CMakeFiles/cubridsa.dir/__/src/object/object_primitive.c.o
[374/1437] Building CXX object sa/CMakeFiles/cubridsa.dir/__/src/object/object_domain.c.o
[375/1437] Building CXX object sa/CMakeFiles/cubridsa.dir/__/src/transaction/log_global.c.o
[376/1437] Building CXX object sa/CMakeFiles/cubridsa.dir/__/src/optimizer/query_graph.c.o
[377/1437] Building CXX object sa/CMakeFiles/cubridsa.dir/__/src/parser/parse_evaluate.c.o
[378/1437] Building CXX object sa/CMakeFiles/cubridsa.dir/__/src/query/memoize.cpp.o
[379/1437] Building CXX object sa/CMakeFiles/cubridsa.dir/__/src/parser/xasl_regu_alloc.cpp.o
[380/1437] Building CXX object sa/CMakeFiles/cubridsa.dir/__/src/storage/es_common.c.o
[381/1437] Building CXX object sa/CMakeFiles/cubridsa.dir/__/src/parser/query_result.c.o
[382/1437] Building CXX object sa/CMakeFiles/cubridsa.dir/__/src/storage/es_posix.c.o
[383/1437] Building CXX object sa/CMakeFiles/cubridsa.dir/__/src/transaction/log_compress.c.o
[384/1437] Building CXX object sa/CMakeFiles/cubridsa.dir/__/src/parser/parse_dbi.c.o
[385/1437] Building CXX object sa/CMakeFiles/cubridsa.dir/__/src/transaction/flashback.c.o
[386/1437] Building CXX object sa/CMakeFiles/cubridsa.dir/__/src/query/stream_to_xasl.c.o
[387/1437] Building CXX object sa/CMakeFiles/cubridsa.dir/__/src/transaction/log_recovery_redo.cpp.o
[388/1437] Building CXX object sa/CMakeFiles/cubridsa.dir/__/src/transaction/log_append.cpp.o
[389/1437] Building CXX object sa/CMakeFiles/cubridsa.dir/__/src/transaction/log_postpone_cache.cpp.o
[390/1437] Building CXX object sa/CMakeFiles/cubridsa.dir/__/src/query/serial.c.o
[391/1437] Building CXX object sa/CMakeFiles/cubridsa.dir/__/src/storage/btree_unique.cpp.o
[392/1437] Building CXX object sa/CMakeFiles/cubridsa.dir/__/src/object/schema_information_schema_install.cpp.o
[393/1437] Building CXX object sa/CMakeFiles/cubridsa.dir/__/src/transaction/log_2pc.c.o
[394/1437] Building CXX object sa/CMakeFiles/cubridsa.dir/__/src/query/scan_manager.c.o
[395/1437] Building CXX object sa/CMakeFiles/cubridsa.dir/__/src/transaction/mvcc.c.o
[396/1437] Building CXX object sa/CMakeFiles/cubridsa.dir/__/src/transaction/mvcc_active_tran.cpp.o
[397/1437] Building CXX object sa/CMakeFiles/cubridsa.dir/__/src/storage/oos_util.cpp.o
[398/1437] Building CXX object sa/CMakeFiles/cubridsa.dir/__/src/storage/oid.c.o
[399/1437] Building CXX object sa/CMakeFiles/cubridsa.dir/__/src/thread/thread_lockfree_hash_map.cpp.o
[400/1437] Building CXX object sa/CMakeFiles/cubridsa.dir/__/src/transaction/mvcc_table.cpp.o
[401/1437] Building CXX object sa/CMakeFiles/cubridsa.dir/__/src/optimizer/query_planner.c.o
[402/1437] Building CXX object sa/CMakeFiles/cubridsa.dir/__/src/transaction/replication.c.o
[403/1437] Building CXX object sa/CMakeFiles/cubridsa.dir/__/src/storage/statistics_ndv.c.o
[404/1437] Building CXX object sa/CMakeFiles/cubridsa.dir/__/src/parser/func_type.cpp.o
[405/1437] Building CXX object sa/CMakeFiles/cubridsa.dir/__/src/transaction/log_system_tran.cpp.o
[406/1437] Building CXX object sa/CMakeFiles/cubridsa.dir/__/src/query/fetch.c.o
[407/1437] Building CXX object sa/CMakeFiles/cubridsa.dir/__/src/transaction/transaction_transient.cpp.o
[408/1437] Building CXX object sa/CMakeFiles/cubridsa.dir/__/src/query/xasl_to_stream.c.o
[409/1437] Building CXX object sa/CMakeFiles/cubridsa.dir/__/src/thread/thread_entry.cpp.o
[410/1437] Building CXX object sa/CMakeFiles/cubridsa.dir/__/src/storage/storage_common.c.o
[411/1437] Building CXX object sa/CMakeFiles/cubridsa.dir/__/src/storage/ftab_set.cpp.o
[412/1437] Building CXX object sa/CMakeFiles/cubridsa.dir/__/src/transaction/log_writer.c.o
[413/1437] Building CXX object sa/CMakeFiles/cubridsa.dir/__/src/transaction/boot_cl.c.o
[414/1437] Building CXX object sa/CMakeFiles/cubridsa.dir/__/src/query/xasl_cache.c.o
[415/1437] Building CXX object sa/CMakeFiles/cubridsa.dir/__/src/storage/record_descriptor.cpp.o
[416/1437] Building CXX object sa/CMakeFiles/cubridsa.dir/__/src/storage/overflow_file.c.o
[417/1437] Building CXX object sa/CMakeFiles/cubridsa.dir/__/src/xasl/access_json_table.cpp.o
[418/1437] Building CXX object sa/CMakeFiles/cubridsa.dir/__/src/query/vacuum.c.o
[419/1437] Building CXX object sa/CMakeFiles/cubridsa.dir/__/src/transaction/transaction_cl.c.o
[420/1437] Building CXX object sa/CMakeFiles/cubridsa.dir/__/src/parser/parser_support.c.o
[421/1437] Building CXX object sa/CMakeFiles/cubridsa.dir/__/src/sp/sp_catalog.cpp.o
[422/1437] Building CXX object sa/CMakeFiles/cubridsa.dir/__/src/transaction/recovery.c.o
[423/1437] Building CXX object sa/CMakeFiles/cubridsa.dir/__/src/transaction/transaction_sr.c.o
[424/1437] Building CXX object sa/CMakeFiles/cubridsa.dir/__/src/parser/name_resolution.c.o
[425/1437] Building CXX object sa/CMakeFiles/cubridsa.dir/__/src/query/query_opfunc.c.o
[426/1437] Building CXX object sa/CMakeFiles/cubridsa.dir/__/src/storage/es.c.o
[427/1437] Building CXX object sa/CMakeFiles/cubridsa.dir/__/src/loaddb/load_driver.cpp.o
[428/1437] Building CXX object sa/CMakeFiles/cubridsa.dir/__/src/transaction/locator_cl.c.o
[429/1437] Building CXX object sa/CMakeFiles/cubridsa.dir/__/src/transaction/boot_sr.c.o
[430/1437] Building CXX object sa/CMakeFiles/cubridsa.dir/__/src/optimizer/histogram/histogram_reader.cpp.o
[431/1437] Building CXX object sa/CMakeFiles/cubridsa.dir/__/load_lexer.cpp.o
[432/1437] Building CXX object sa/CMakeFiles/cubridsa.dir/__/src/session/session_sr.c.o
[433/1437] Building CXX object sa/CMakeFiles/cubridsa.dir/__/src/compat/db_json.cpp.o
[434/1437] Building CXX object sa/CMakeFiles/cubridsa.dir/__/src/query/execute_schema.c.o
[435/1437] Building CXX object sa/CMakeFiles/cubridsa.dir/__/src/storage/compactdb_sr.c.o
[436/1437] Building CXX object sa/CMakeFiles/cubridsa.dir/__/src/loaddb/load_error_handler.cpp.o
[437/1437] Building CXX object sa/CMakeFiles/cubridsa.dir/__/src/transaction/lock_manager.c.o
[438/1437] Building CXX object sa/CMakeFiles/cubridsa.dir/__/src/optimizer/histogram/histogram_builder.cpp.o
[439/1437] Building CXX object cs/CMakeFiles/cubridcs.dir/__/src/executables/extract_schema.cpp.o
[440/1437] Building CXX object sa/CMakeFiles/cubridsa.dir/__/src/loaddb/load_common.cpp.o
[441/1437] Building CXX object sa/CMakeFiles/cubridsa.dir/__/load_grammar.cpp.o
[442/1437] Building CXX object sa/CMakeFiles/cubridsa.dir/__/src/xasl/xasl_analytic.cpp.o
[443/1437] Building CXX object cs/CMakeFiles/cubridcs.dir/__/src/executables/csql_result.c.o
[444/1437] Building CXX object sa/CMakeFiles/cubridsa.dir/__/src/storage/statistics_cl.c.o
[445/1437] Building CXX object sa/CMakeFiles/cubridsa.dir/__/src/xasl/xasl_predicate.cpp.o
[446/1437] Building CXX object sa/CMakeFiles/cubridsa.dir/__/src/storage/bestspace.cpp.o
[447/1437] Building CXX object cs/CMakeFiles/cubridcs.dir/__/src/compat/cnv.c.o
[448/1437] Building CXX object sa/CMakeFiles/cubridsa.dir/__/src/query/execute_statement.c.o
[449/1437] Building CXX object cs/CMakeFiles/cubridcs.dir/__/src/executables/file_hash.c.o
[450/1437] Building CXX object sa/CMakeFiles/cubridsa.dir/__/src/storage/extendible_hash.c.o
[451/1437] Building CXX object sa/CMakeFiles/cubridsa.dir/__/src/parser/view_transform.c.o
[452/1437] Building CXX object sa/CMakeFiles/cubridsa.dir/__/src/loaddb/load_object_table.c.o
[453/1437] Building CXX object sa/CMakeFiles/cubridsa.dir/__/src/storage/heap_oos.cpp.o
[454/1437] Building CXX object cs/CMakeFiles/cubridcs.dir/__/src/compat/db_json_types_internal.cpp.o
[455/1437] Building CXX object sa/CMakeFiles/cubridsa.dir/__/src/storage/disk_manager.c.o
/home/vimkim/gh/cb/CBRD-27398-pgbuf-inspector-contract/src/storage/disk_manager.c: In function ‘int disk_spacedb(THREAD_ENTRY*, SPACEDB_ALL*, SPACEDB_ONEVOL**)’:
/home/vimkim/gh/cb/CBRD-27398-pgbuf-inspector-contract/src/storage/disk_manager.c:6160:19: warning: ‘char* strncpy(char*, const char*, size_t)’ specified bound 4096 equals destination size [-Wstringop-truncation]
 6160 |           strncpy ((*spacevols)[iter_spacevols].name, disk_vhdr_get_vol_fullname (volheader), DB_MAX_PATH_LENGTH);
      |           ~~~~~~~~^~~~~~~~~~~~~~~~~~~~~~~~~~~~~~~~~~~~~~~~~~~~~~~~~~~~~~~~~~~~~~~~~~~~~~~~~~~~~~~~~~~~~~~~~~~~~~~
[456/1437] Building CXX object sa/CMakeFiles/cubridsa.dir/__/src/xasl/xasl_stream.cpp.o
[457/1437] Building CXX object sa/CMakeFiles/cubridsa.dir/__/src/storage/tde.c.o
[458/1437] Building CXX object cs/CMakeFiles/cubridcs.dir/__/src/executables/util_common.c.o
[459/1437] Building CXX object cs/CMakeFiles/cubridcs.dir/__/src/compat/db_json_allocator.cpp.o
[460/1437] Building CXX object cs/CMakeFiles/cubridcs.dir/__/src/base/chartype.c.o
[461/1437] Building CXX object sa/CMakeFiles/cubridsa.dir/__/src/loaddb/load_semantic_helper.cpp.o
[462/1437] Building CXX object cs/CMakeFiles/cubridcs.dir/__/src/base/dynamic_array.c.o
[463/1437] Building CXX object sa/CMakeFiles/cubridsa.dir/__/src/storage/oos_file.cpp.o
[464/1437] Building CXX object cs/CMakeFiles/cubridcs.dir/__/src/base/fault_injection.c.o
[465/1437] Building CXX object sa/CMakeFiles/cubridsa.dir/__/src/storage/statistics_sr.c.o
[466/1437] Building CXX object cs/CMakeFiles/cubridcs.dir/__/src/base/cubrid_getopt_long.c.o
[467/1437] Building CXX object cs/CMakeFiles/cubridcs.dir/__/src/base/environment_variable.c.o
[468/1437] Building CXX object sa/CMakeFiles/cubridsa.dir/__/src/storage/catalog_class.c.o
[469/1437] Building CXX object sa/CMakeFiles/cubridsa.dir/__/src/transaction/log_recovery.c.o
[470/1437] Building CXX object cs/CMakeFiles/cubridcs.dir/__/src/base/dtoa.c.o
[471/1437] Building CXX object sa/CMakeFiles/cubridsa.dir/__/src/transaction/log_tran_table.c.o
[472/1437] Building CXX object sa/CMakeFiles/cubridsa.dir/__/src/storage/external_sort.c.o
[473/1437] Building CXX object cs/CMakeFiles/cubridcs.dir/__/src/base/ini_parser.c.o
[474/1437] Building CXX object cs/CMakeFiles/cubridcs.dir/__/src/executables/csql_result_format.c.o
[475/1437] Building CXX object sa/CMakeFiles/cubridsa.dir/__/src/xasl/xasl_iteration.cpp.o
[476/1437] Building CXX object cs/CMakeFiles/cubridcs.dir/__/src/base/encryption.c.o
[477/1437] Building CXX object sa/CMakeFiles/cubridsa.dir/__/src/parser/semantic_check.c.o
[478/1437] Building CXX object cs/CMakeFiles/cubridcs.dir/__/src/base/fixed_alloc.c.o
[479/1437] Building CXX object sa/CMakeFiles/cubridsa.dir/__/src/storage/double_write_buffer.cpp.o
[480/1437] Building CXX object sa/CMakeFiles/cubridsa.dir/__/src/loaddb/load_object.c.o
[481/1437] Building CXX object cs/CMakeFiles/cubridcs.dir/__/src/base/base64.c.o
[482/1437] Building CXX object sa/CMakeFiles/cubridsa.dir/__/src/storage/btree_load.c.o
[483/1437] Building C object cs/CMakeFiles/cubridcs.dir/__/src/compat/dbtype_function.c.o
[484/1437] Building CXX object cs/CMakeFiles/cubridcs.dir/__/src/base/fileline_location.cpp.o
[485/1437] Building CXX object sa/CMakeFiles/cubridsa.dir/__/src/parser/parse_tree_cl.c.o
[486/1437] Building CXX object cs/CMakeFiles/cubridcs.dir/__/src/executables/csql_session.c.o
[487/1437] Building CXX object cs/CMakeFiles/cubridcs.dir/__/src/compat/db_elo.c.o
[488/1437] Building CXX object sa/CMakeFiles/cubridsa.dir/__/src/transaction/log_page_buffer.c.o
/home/vimkim/gh/cb/CBRD-27398-pgbuf-inspector-contract/src/transaction/log_page_buffer.c: In function ‘void logpb_checkpoint_trans(LOG_INFO_CHKPT_TRANS*, log_tdes*, int&, int&, LOG_LSA&)’:
/home/vimkim/gh/cb/CBRD-27398-pgbuf-inspector-contract/src/transaction/log_page_buffer.c:6842:15: warning: ‘char* strncpy(char*, const char*, size_t)’ specified bound 33 equals destination size [-Wstringop-truncation]
 6842 |       strncpy (chkpt_entry->user_name, tdes->client.get_db_user (), LOG_USERNAME_MAX);
      |       ~~~~~~~~^~~~~~~~~~~~~~~~~~~~~~~~~~~~~~~~~~~~~~~~~~~~~~~~~~~~~~~~~~~~~~~~~~~~~~~
[489/1437] Building CXX object sa/CMakeFiles/cubridsa.dir/__/src/storage/slotted_page.c.o
[490/1437] Building CXX object cs/CMakeFiles/cubridcs.dir/__/src/executables/compactdb_common.c.o
[491/1437] Building CXX object cs/CMakeFiles/cubridcs.dir/__/src/base/databases_file.c.o
[492/1437] Building CXX object cs/CMakeFiles/cubridcs.dir/__/src/base/error_context.cpp.o
[493/1437] Building CXX object cs/CMakeFiles/cubridcs.dir/__/src/executables/unload_object_file.c.o
[494/1437] Building CXX object cs/CMakeFiles/cubridcs.dir/__/src/base/get_clock_freq.c.o
[495/1437] Building CXX object cs/CMakeFiles/cubridcs.dir/__/src/base/misc_string.c.o
[496/1437] Building CXX object cs/CMakeFiles/cubridcs.dir/__/src/base/process_util.c.o
[497/1437] Building CXX object cs/CMakeFiles/cubridcs.dir/__/src/base/message_catalog.c.o
[498/1437] Building CXX object cs/CMakeFiles/cubridcs.dir/__/src/executables/unloaddb.c.o
[499/1437] Building CXX object cs/CMakeFiles/cubridcs.dir/__/src/base/mprec.c.o
[500/1437] Building CXX object cs/CMakeFiles/cubridcs.dir/__/src/base/locale_support.c.o
[501/1437] Building CXX object cs/CMakeFiles/cubridcs.dir/__/src/executables/csql_support.c.o
[502/1437] Building CXX object cs/CMakeFiles/cubridcs.dir/__/src/base/filesys_temp.cpp.o
[503/1437] Building CXX object cs/CMakeFiles/cubridcs.dir/__/src/base/porting.c.o
[504/1437] Building CXX object cs/CMakeFiles/cubridcs.dir/__/src/base/hide_password.cpp.o
[505/1437] Building CXX object cs/CMakeFiles/cubridcs.dir/__/src/base/lockfree_bitmap.cpp.o
[506/1437] Building CXX object cs/CMakeFiles/cubridcs.dir/__/src/compat/db_class.c.o
[507/1437] Building CXX object cs/CMakeFiles/cubridcs.dir/__/src/base/release_string.c.o
[508/1437] Building CXX object cs/CMakeFiles/cubridcs.dir/__/src/base/tsc_timer.c.o
[509/1437] Building CXX object cs/CMakeFiles/cubridcs.dir/__/src/base/sha1.c.o
[510/1437] Building CXX object cs/CMakeFiles/cubridcs.dir/__/src/base/locale_helper.cpp.o
[511/1437] Building CXX object cs/CMakeFiles/cubridcs.dir/__/src/base/mem_block.cpp.o
[512/1437] Building CXX object cs/CMakeFiles/cubridcs.dir/__/src/base/pinning.cpp.o
[513/1437] Building CXX object cs/CMakeFiles/cubridcs.dir/__/src/base/memory_private_allocator.cpp.o
[514/1437] Building CXX object cs/CMakeFiles/cubridcs.dir/__/src/base/memory_monitor_cl.cpp.o
[515/1437] Building CXX object sa/CMakeFiles/cubridsa.dir/__/src/transaction/locator_sr.c.o
[516/1437] Building CXX object cs/CMakeFiles/cubridcs.dir/__/src/base/perf.cpp.o
[517/1437] Building CXX object sa/CMakeFiles/cubridsa.dir/__/src/session/session.c.o
[518/1437] Building CXX object cs/CMakeFiles/cubridcs.dir/__/src/base/variable_string.c.o
[519/1437] Building CXX object cs/CMakeFiles/cubridcs.dir/__/src/base/intl_support.c.o
[520/1437] Building CXX object cs/CMakeFiles/cubridcs.dir/__/src/executables/unload_object.c.o
[521/1437] Building CXX object sa/CMakeFiles/cubridsa.dir/__/src/query/string_regex_std.cpp.o
[522/1437] Building CXX object sa/CMakeFiles/cubridsa.dir/__/src/storage/file_io.c.o
/home/vimkim/gh/cb/CBRD-27398-pgbuf-inspector-contract/src/storage/file_io.c: In function ‘int fileio_cache(VOLID, const char*, int, FILEIO_LOCKF_TYPE)’:
/home/vimkim/gh/cb/CBRD-27398-pgbuf-inspector-contract/src/storage/file_io.c:5987:15: warning: ‘char* strncpy(char*, const char*, size_t)’ specified bound 4096 equals destination size [-Wstringop-truncation]
 5987 |       strncpy (vol_info_p->vlabel, vol_label_p, PATH_MAX);
      |       ~~~~~~~~^~~~~~~~~~~~~~~~~~~~~~~~~~~~~~~~~~~~~~~~~~~
/home/vimkim/gh/cb/CBRD-27398-pgbuf-inspector-contract/src/storage/file_io.c:5987:15: warning: ‘char* strncpy(char*, const char*, size_t)’ specified bound 4096 equals destination size [-Wstringop-truncation]
/home/vimkim/gh/cb/CBRD-27398-pgbuf-inspector-contract/src/storage/file_io.c: In function ‘int fileio_backup_volume(THREAD_ENTRY*, FILEIO_BACKUP_SESSION*, const char*, VOLID, PAGEID, bool)’:
/home/vimkim/gh/cb/CBRD-27398-pgbuf-inspector-contract/src/storage/file_io.c:8369:11: warning: ‘char* strncpy(char*, const char*, size_t)’ specified bound 4096 equals destination size [-Wstringop-truncation]
 8369 |   strncpy (file_header_p->vlabel, session_p->dbfile.vlabel, PATH_MAX);
      |   ~~~~~~~~^~~~~~~~~~~~~~~~~~~~~~~~~~~~~~~~~~~~~~~~~~~~~~~~~~~~~~~~~~~
[523/1437] Building CXX object cs/CMakeFiles/cubridcs.dir/__/src/executables/compactdb_cl.c.o
[524/1437] Building CXX object cs/CMakeFiles/cubridcs.dir/__/src/base/error_manager.c.o
[525/1437] Building CXX object cs/CMakeFiles/cubridcs.dir/__/src/base/resource_tracker.cpp.o
[526/1437] Building CXX object cs/CMakeFiles/cubridcs.dir/__/src/base/uca_support.c.o
[527/1437] Building CXX object cs/CMakeFiles/cubridcs.dir/__/src/compat/db_info.c.o
[528/1437] Building CXX object cs/CMakeFiles/cubridcs.dir/__/src/compat/db_admin.c.o
[529/1437] Building CXX object sa/CMakeFiles/cubridsa.dir/__/src/loaddb/load_db.c.o
[530/1437] Building CXX object cs/CMakeFiles/cubridcs.dir/__/src/compat/db_old.c.o
[531/1437] Building CXX object cs/CMakeFiles/cubridcs.dir/__/src/base/pinnable_buffer.cpp.o
[532/1437] Building CXX object cs/CMakeFiles/cubridcs.dir/__/src/base/unicode_support.c.o
[533/1437] Building CXX object cs/CMakeFiles/cubridcs.dir/__/src/compat/db_macro.c.o
[534/1437] Building CXX object cs/CMakeFiles/cubridcs.dir/__/src/base/printer.cpp.o
[535/1437] Building CXX object cs/CMakeFiles/cubridcs.dir/__/src/base/xml_parser.c.o
[536/1437] Building CXX object cs/CMakeFiles/cubridcs.dir/__/src/compat/db_temp.c.o
[537/1437] Building CXX object cs/CMakeFiles/cubridcs.dir/__/src/base/string_buffer.cpp.o
[538/1437] Building CXX object cs/CMakeFiles/cubridcs.dir/__/src/base/util_func.c.o
[539/1437] Building CXX object cs/CMakeFiles/cubridcs.dir/__/src/compat/db_obj.c.o
[540/1437] Building CXX object cs/CMakeFiles/cubridcs.dir/__/src/compat/db_method_static.cpp.o
[541/1437] Building CXX object cs/CMakeFiles/cubridcs.dir/__/src/base/stack_dump.c.o
[542/1437] Building CXX object cs/CMakeFiles/cubridcs.dir/__/src/compat/db_virt.c.o
[543/1437] Building CXX object cs/CMakeFiles/cubridcs.dir/__/src/compat/db_set.c.o
[544/1437] Building CXX object cs/CMakeFiles/cubridcs.dir/__/src/base/packer.cpp.o
[545/1437] Building CXX object sa/CMakeFiles/cubridsa.dir/__/src/optimizer/histogram/histogram_cl.cpp.o
[546/1437] Building CXX object cs/CMakeFiles/cubridcs.dir/__/src/base/area_alloc.c.o
[547/1437] Building CXX object cs/CMakeFiles/cubridcs.dir/__/src/compat/db_date.c.o
[548/1437] Building CXX object cs/CMakeFiles/cubridcs.dir/__/src/executables/csql.c.o
[549/1437] Building CXX object cs/CMakeFiles/cubridcs.dir/__/src/communication/network_common.cpp.o
[550/1437] Building CXX object cs/CMakeFiles/cubridcs.dir/__/src/executables/checksumdb.c.o
[551/1437] Building CXX object cs/CMakeFiles/cubridcs.dir/__/src/heaplayers/customheaps.cpp.o
[552/1437] Building CXX object cs/CMakeFiles/cubridcs.dir/__/src/communication/network_histogram.cpp.o
[553/1437] Building CXX object cs/CMakeFiles/cubridcs.dir/__/src/compat/db_query.c.o
[554/1437] Building CXX object sa/CMakeFiles/cubridsa.dir/__/src/transaction/log_manager.c.o
[555/1437] Building CXX object cs/CMakeFiles/cubridcs.dir/__/src/connection/connection_less.cpp.o
[556/1437] Building CXX object cs/CMakeFiles/cubridcs.dir/__/src/compat/db_value_printer.cpp.o
[557/1437] Building CXX object cs/CMakeFiles/cubridcs.dir/__/src/base/dynamic_load.c.o
[558/1437] Building CXX object cs/CMakeFiles/cubridcs.dir/__/src/connection/connection_list_cl.cpp.o
[559/1437] Building CXX object cs/CMakeFiles/cubridcs.dir/__/src/connection/tcp.c.o
[560/1437] Building CXX object cs/CMakeFiles/cubridcs.dir/__/src/connection/connection_globals.c.o
[561/1437] Building CXX object cs/CMakeFiles/cubridcs.dir/__/src/heaplayers/lea_heap.c.o
[562/1437] Building CXX object sa/CMakeFiles/cubridsa.dir/__/src/object/schema_system_catalog_install.cpp.o
[563/1437] Building CXX object cs/CMakeFiles/cubridcs.dir/__/src/compat/db_vdb.c.o
[564/1437] Building CXX object cs/CMakeFiles/cubridcs.dir/__/src/base/filesys_parser.cpp.o
[565/1437] Building CXX object sa/CMakeFiles/cubridsa.dir/__/src/storage/system_catalog.c.o
[566/1437] Building CXX object cs/CMakeFiles/cubridcs.dir/__/src/object/object_print_util.cpp.o
[567/1437] Building CXX object cs/CMakeFiles/cubridcs.dir/__/src/connection/heartbeat.c.o
[568/1437] Building CXX object sa/CMakeFiles/cubridsa.dir/__/src/storage/file_manager.c.o
[569/1437] Building CXX object cs/CMakeFiles/cubridcs.dir/__/src/object/quick_fit.c.o
[570/1437] Building CXX object cs/CMakeFiles/cubridcs.dir/__/src/connection/host_lookup.c.o
[571/1437] Building CXX object cs/CMakeFiles/cubridcs.dir/__/src/executables/util_cs.c.o
[572/1437] Building CXX object cs/CMakeFiles/cubridcs.dir/__/src/base/ifsys.cpp.o
[573/1437] Building CXX object cs/CMakeFiles/cubridcs.dir/__/src/base/memory_alloc.c.o
[574/1437] Building CXX object cs/CMakeFiles/cubridcs.dir/__/src/object/elo.c.o
[575/1437] Building CXX object sa/CMakeFiles/cubridsa.dir/__/src/loaddb/load_sa_loader.cpp.o
[576/1437] Building CXX object cs/CMakeFiles/cubridcs.dir/__/src/object/identifier_store.cpp.o
[577/1437] Building CXX object cs/CMakeFiles/cubridcs.dir/__/src/base/memory_hash.c.o
[578/1437] Building CXX object cs/CMakeFiles/cubridcs.dir/__/src/object/transform.c.o
[579/1437] Building CXX object cs/CMakeFiles/cubridcs.dir/__/src/connection/connection_cl.cpp.o
[580/1437] Building CXX object cs/CMakeFiles/cubridcs.dir/__/src/base/cgroup.cpp.o
[581/1437] Building CXX object cs/CMakeFiles/cubridcs.dir/__/src/compat/db_json_path.cpp.o
[582/1437] Building CXX object cs/CMakeFiles/cubridcs.dir/__/src/base/resources.cpp.o
[583/1437] Building CXX object cs/CMakeFiles/cubridcs.dir/__/src/object/schema_information_schema.cpp.o
[584/1437] Building CXX object cs/CMakeFiles/cubridcs.dir/__/src/communication/network_callback_cl.cpp.o
[585/1437] Building CXX object cs/CMakeFiles/cubridcs.dir/__/src/optimizer/query_bitset.c.o
[586/1437] Building CXX object cs/CMakeFiles/cubridcs.dir/__/src/base/perf_monitor.c.o
[587/1437] Building CXX object cs/CMakeFiles/cubridcs.dir/__/src/base/ddl_log.c.o
[588/1437] Building CXX object cs/CMakeFiles/cubridcs.dir/__/src/object/schema_information_schema_definition.cpp.o
[589/1437] Building CXX object cs/CMakeFiles/cubridcs.dir/__/src/connection/client_support.cpp.o
[590/1437] Building CXX object cs/CMakeFiles/cubridcs.dir/__/src/object/lob_locator.cpp.o
[591/1437] Building CXX object cs/CMakeFiles/cubridcs.dir/__/src/object/authenticate_password.cpp.o
[592/1437] Building CXX object sa/CMakeFiles/cubridsa.dir/__/src/parser/type_checking.c.o
[593/1437] Building CXX object sa/CMakeFiles/cubridsa.dir/__/src/query/string_opfunc.c.o
[594/1437] Building CXX object cs/CMakeFiles/cubridcs.dir/__/src/object/object_description.cpp.o
[595/1437] Building CXX object cs/CMakeFiles/cubridcs.dir/__/src/object/deduplicate_key.c.o
[596/1437] Building CXX object cs/CMakeFiles/cubridcs.dir/__/src/object/authenticate.c.o
[597/1437] Building CXX object cs/CMakeFiles/cubridcs.dir/__/src/base/language_support.c.o
[598/1437] Building CXX object cs/CMakeFiles/cubridcs.dir/__/src/object/authenticate_context.cpp.o
[599/1437] Building CXX object cs/CMakeFiles/cubridcs.dir/__/src/object/authenticate_access_class.cpp.o
[600/1437] Building CXX object cs/CMakeFiles/cubridcs.dir/__/src/connection/connection_support.cpp.o
[601/1437] Building CXX object cs/CMakeFiles/cubridcs.dir/__/src/object/authenticate_owner.cpp.o
[602/1437] Building CXX object cs/CMakeFiles/cubridcs.dir/__/src/object/class_description.cpp.o
[603/1437] Building CXX object cs/CMakeFiles/cubridcs.dir/__/src/object/schema_system_catalog_builder.cpp.o
[604/1437] Building CXX object cs/CMakeFiles/cubridcs.dir/__/src/base/system_parameter.c.o
[605/1437] Building CXX object cs/CMakeFiles/cubridcs.dir/__/src/object/authenticate_grant.cpp.o
[606/1437] Building CXX object cs/CMakeFiles/cubridcs.dir/__/src/object/authenticate_cache.cpp.o
[607/1437] Building CXX object cs/CMakeFiles/cubridcs.dir/__/src/base/tz_support.c.o
[608/1437] Building CXX object cs/CMakeFiles/cubridcs.dir/__/src/object/authenticate_access_user.cpp.o
[609/1437] Building CXX object cs/CMakeFiles/cubridcs.dir/__/src/object/schema_system_catalog.cpp.o
[610/1437] Building CXX object cs/CMakeFiles/cubridcs.dir/__/src/object/authenticate_migration.cpp.o
[611/1437] Building CXX object cs/CMakeFiles/cubridcs.dir/__/src/object/schema_system_catalog_install_query_spec.cpp.o
[612/1437] Building CXX object cs/CMakeFiles/cubridcs.dir/__/src/query/parallel/px_scan/px_scan_checker.cpp.o
[613/1437] Building CXX object cs/CMakeFiles/cubridcs.dir/__/src/object/authenticate_access_auth.cpp.o
[614/1437] Building CXX object cubrid/CMakeFiles/cubrid.dir/__/src/storage/file_io.c.o
/home/vimkim/gh/cb/CBRD-27398-pgbuf-inspector-contract/src/storage/file_io.c: In function ‘int fileio_cache(VOLID, const char*, int, FILEIO_LOCKF_TYPE)’:
/home/vimkim/gh/cb/CBRD-27398-pgbuf-inspector-contract/src/storage/file_io.c:5987:15: warning: ‘char* strncpy(char*, const char*, size_t)’ specified bound 4096 equals destination size [-Wstringop-truncation]
 5987 |       strncpy (vol_info_p->vlabel, vol_label_p, PATH_MAX);
      |       ~~~~~~~~^~~~~~~~~~~~~~~~~~~~~~~~~~~~~~~~~~~~~~~~~~~
/home/vimkim/gh/cb/CBRD-27398-pgbuf-inspector-contract/src/storage/file_io.c: In function ‘int fileio_backup_volume(THREAD_ENTRY*, FILEIO_BACKUP_SESSION*, const char*, VOLID, PAGEID, bool)’:
/home/vimkim/gh/cb/CBRD-27398-pgbuf-inspector-contract/src/storage/file_io.c:8369:11: warning: ‘char* strncpy(char*, const char*, size_t)’ specified bound 4096 equals destination size [-Wstringop-truncation]
 8369 |   strncpy (file_header_p->vlabel, session_p->dbfile.vlabel, PATH_MAX);
      |   ~~~~~~~~^~~~~~~~~~~~~~~~~~~~~~~~~~~~~~~~~~~~~~~~~~~~~~~~~~~~~~~~~~~
[615/1437] Building CXX object sa/CMakeFiles/cubridsa.dir/__/src/parser/xasl_generation.c.o
[616/1437] Building CXX object cs/CMakeFiles/cubridcs.dir/__/src/communication/network_cl.c.o
[617/1437] Building CXX object cs/CMakeFiles/cubridcs.dir/__/src/object/object_print.c.o
[618/1437] Building CXX object sa/CMakeFiles/cubridsa.dir/__/src/query/query_executor.c.o
[619/1437] Building CXX object cs/CMakeFiles/cubridcs.dir/__/src/object/schema_system_catalog_definition.cpp.o
[620/1437] Building CXX object cs/CMakeFiles/cubridcs.dir/__/src/object/schema_information_schema_builder.cpp.o
[621/1437] Building CXX object cs/CMakeFiles/cubridcs.dir/__/src/object/object_accessor.c.o
[622/1437] Building CXX object cs/CMakeFiles/cubridcs.dir/__/src/object/trigger_description.cpp.o
[623/1437] Building CXX object cs/CMakeFiles/cubridcs.dir/__/src/object/object_template.c.o
[624/1437] Building CXX object cs/CMakeFiles/cubridcs.dir/__/src/executables/unload_schema.c.o
[625/1437] Building CXX object cs/CMakeFiles/cubridcs.dir/__/src/optimizer/rewriter/query_rewrite_set.c.o
[626/1437] Building CXX object cs/CMakeFiles/cubridcs.dir/__/src/object/schema_information_schema_install_query_spec.cpp.o
[627/1437] Building CXX object cs/CMakeFiles/cubridcs.dir/__/src/optimizer/rewriter/query_rewrite_subquery.c.o
[628/1437] Building CXX object cubrid/CMakeFiles/cubrid.dir/__/src/storage/external_sort.c.o
[629/1437] Building CXX object cubrid/CMakeFiles/cubrid.dir/__/src/storage/double_write_buffer.cpp.o
[630/1437] Building CXX object cs/CMakeFiles/cubridcs.dir/__/src/object/virtual_object.c.o
[631/1437] Building CXX object cs/CMakeFiles/cubridcs.dir/__/src/object/object_representation.c.o
/home/vimkim/gh/cb/CBRD-27398-pgbuf-inspector-contract/src/object/object_representation.c: In function ‘char* or_unpack_spacedb(char*, SPACEDB_ALL*, SPACEDB_ONEVOL**, SPACEDB_FILES*)’:
/home/vimkim/gh/cb/CBRD-27398-pgbuf-inspector-contract/src/object/object_representation.c:6261:19: warning: ‘char* strncpy(char*, const char*, size_t)’ specified bound 4096 equals destination size [-Wstringop-truncation]
 6261 |           strncpy ((*vols)[iter_vol].name, volname, DB_MAX_PATH_LENGTH);
      |           ~~~~~~~~^~~~~~~~~~~~~~~~~~~~~~~~~~~~~~~~~~~~~~~~~~~~~~~~~~~~~
[632/1437] Building CXX object cs/CMakeFiles/cubridcs.dir/__/src/object/object_printer.cpp.o
[633/1437] Building CXX object cs/CMakeFiles/cubridcs.dir/__/src/optimizer/rewriter/query_rewrite_auto_parameterize.c.o
[634/1437] Building CXX object sa/CMakeFiles/cubridsa.dir/__/src/storage/page_buffer.c.o
[635/1437] Building CXX object cs/CMakeFiles/cubridcs.dir/__/src/object/schema_class_truncator.cpp.o
[636/1437] Building C object cs/CMakeFiles/cubridcs.dir/__/csql_lexer.c.o
[637/1437] Building CXX object cs/CMakeFiles/cubridcs.dir/__/src/method/method_query_result.cpp.o
[638/1437] Building CXX object cs/CMakeFiles/cubridcs.dir/__/src/object/set_object.c.o
[639/1437] Building CXX object cs/CMakeFiles/cubridcs.dir/__/src/optimizer/rewriter/query_rewrite.c.o
[640/1437] Building CXX object cs/CMakeFiles/cubridcs.dir/__/src/parser/cnf.c.o
[641/1437] Building CXX object cs/CMakeFiles/cubridcs.dir/__/src/parser/double_byte_support.c.o
[642/1437] Building CXX object cs/CMakeFiles/cubridcs.dir/__/src/object/schema_template.c.o
[643/1437] Building CXX object cs/CMakeFiles/cubridcs.dir/__/src/object/work_space.c.o
[644/1437] Building CXX object cs/CMakeFiles/cubridcs.dir/__/src/transaction/lock_table.c.o
[645/1437] Building CXX object cs/CMakeFiles/cubridcs.dir/__/src/communication/network_interface_cl.c.o
/home/vimkim/gh/cb/CBRD-27398-pgbuf-inspector-contract/src/communication/network_interface_cl.c: In function ‘int locator_fetch_all(const HFID*, LOCK*, LC_FETCH_VERSION_TYPE, OID*, int*, int*, OID*, LC_COPYAREA**, int, int, int)’:
/home/vimkim/gh/cb/CBRD-27398-pgbuf-inspector-contract/src/communication/network_interface_cl.c:434:22: warning: ‘a_request’ may be used uninitialized [-Wmaybe-uninitialized]
  434 |   ptr = or_pack_hfid (request, hfid);
      |         ~~~~~~~~~~~~~^~~~~~~~~~~~~~~
In file included from /home/vimkim/gh/cb/CBRD-27398-pgbuf-inspector-contract/src/communication/network_interface_cl.c:58:
/home/vimkim/gh/cb/CBRD-27398-pgbuf-inspector-contract/src/base/object_representation.h:1135:14: note: by argument 1 of type ‘const char*’ to ‘char* or_pack_hfid(const char*, const HFID*)’ declared here
 1135 | extern char *or_pack_hfid (const char *ptr, const HFID * hfid);
      |              ^~~~~~~~~~~~
/home/vimkim/gh/cb/CBRD-27398-pgbuf-inspector-contract/src/communication/network_interface_cl.c:426:73: note: ‘a_request’ declared here
  426 |   OR_ALIGNED_BUF (OR_HFID_SIZE + (OR_INT_SIZE * 8) + (OR_OID_SIZE * 2)) a_request;
      |                                                                         ^~~~~~~~~
/home/vimkim/gh/cb/CBRD-27398-pgbuf-inspector-contract/src/communication/network_interface_cl.c: In function ‘int heap_create(HFID*, const OID*, bool)’:
/home/vimkim/gh/cb/CBRD-27398-pgbuf-inspector-contract/src/communication/network_interface_cl.c:1679:22: warning: ‘a_request’ may be used uninitialized [-Wmaybe-uninitialized]
 1679 |   ptr = or_pack_hfid (request, hfid);
      |         ~~~~~~~~~~~~~^~~~~~~~~~~~~~~
In file included from /home/vimkim/gh/cb/CBRD-27398-pgbuf-inspector-contract/src/communication/network_interface_cl.c:58:
/home/vimkim/gh/cb/CBRD-27398-pgbuf-inspector-contract/src/base/object_representation.h:1135:14: note: by argument 1 of type ‘const char*’ to ‘char* or_pack_hfid(const char*, const HFID*)’ declared here
 1135 | extern char *or_pack_hfid (const char *ptr, const HFID * hfid);
      |              ^~~~~~~~~~~~
/home/vimkim/gh/cb/CBRD-27398-pgbuf-inspector-contract/src/communication/network_interface_cl.c:1671:61: note: ‘a_request’ declared here
 1671 |   OR_ALIGNED_BUF (OR_HFID_SIZE + OR_OID_SIZE + OR_INT_SIZE) a_request;
      |                                                             ^~~~~~~~~
/home/vimkim/gh/cb/CBRD-27398-pgbuf-inspector-contract/src/communication/network_interface_cl.c: In function ‘int heap_destroy_newly_created(const HFID*, const OID*, bool)’:
/home/vimkim/gh/cb/CBRD-27398-pgbuf-inspector-contract/src/communication/network_interface_cl.c:1779:22: warning: ‘a_request’ may be used uninitialized [-Wmaybe-uninitialized]
 1779 |   ptr = or_pack_hfid (request, hfid);
      |         ~~~~~~~~~~~~~^~~~~~~~~~~~~~~
In file included from /home/vimkim/gh/cb/CBRD-27398-pgbuf-inspector-contract/src/communication/network_interface_cl.c:58:
/home/vimkim/gh/cb/CBRD-27398-pgbuf-inspector-contract/src/base/object_representation.h:1135:14: note: by argument 1 of type ‘const char*’ to ‘char* or_pack_hfid(const char*, const HFID*)’ declared here
 1135 | extern char *or_pack_hfid (const char *ptr, const HFID * hfid);
      |              ^~~~~~~~~~~~
/home/vimkim/gh/cb/CBRD-27398-pgbuf-inspector-contract/src/communication/network_interface_cl.c:1771:61: note: ‘a_request’ declared here
 1771 |   OR_ALIGNED_BUF (OR_HFID_SIZE + OR_OID_SIZE + OR_INT_SIZE) a_request;
      |                                                             ^~~~~~~~~
/home/vimkim/gh/cb/CBRD-27398-pgbuf-inspector-contract/src/communication/network_interface_cl.c: In function ‘int heap_get_class_num_objects_pages(HFID*, int, int*, int*)’:
/home/vimkim/gh/cb/CBRD-27398-pgbuf-inspector-contract/src/communication/network_interface_cl.c:1831:22: warning: ‘a_request’ may be used uninitialized [-Wmaybe-uninitialized]
 1831 |   ptr = or_pack_hfid (request, hfid);
      |         ~~~~~~~~~~~~~^~~~~~~~~~~~~~~
In file included from /home/vimkim/gh/cb/CBRD-27398-pgbuf-inspector-contract/src/communication/network_interface_cl.c:58:
/home/vimkim/gh/cb/CBRD-27398-pgbuf-inspector-contract/src/base/object_representation.h:1135:14: note: by argument 1 of type ‘const char*’ to ‘char* or_pack_hfid(const char*, const HFID*)’ declared here
 1135 | extern char *or_pack_hfid (const char *ptr, const HFID * hfid);
      |              ^~~~~~~~~~~~
/home/vimkim/gh/cb/CBRD-27398-pgbuf-inspector-contract/src/communication/network_interface_cl.c:1822:47: note: ‘a_request’ declared here
 1822 |   OR_ALIGNED_BUF (OR_HFID_SIZE + OR_INT_SIZE) a_request;
      |                                               ^~~~~~~~~
/home/vimkim/gh/cb/CBRD-27398-pgbuf-inspector-contract/src/communication/network_interface_cl.c: In function ‘int heap_has_instance(HFID*, OID*, int)’:
/home/vimkim/gh/cb/CBRD-27398-pgbuf-inspector-contract/src/communication/network_interface_cl.c:1885:22: warning: ‘a_request’ may be used uninitialized [-Wmaybe-uninitialized]
 1885 |   ptr = or_pack_hfid (request, hfid);
      |         ~~~~~~~~~~~~~^~~~~~~~~~~~~~~
In file included from /home/vimkim/gh/cb/CBRD-27398-pgbuf-inspector-contract/src/communication/network_interface_cl.c:58:
/home/vimkim/gh/cb/CBRD-27398-pgbuf-inspector-contract/src/base/object_representation.h:1135:14: note: by argument 1 of type ‘const char*’ to ‘char* or_pack_hfid(const char*, const HFID*)’ declared here
 1135 | extern char *or_pack_hfid (const char *ptr, const HFID * hfid);
      |              ^~~~~~~~~~~~
/home/vimkim/gh/cb/CBRD-27398-pgbuf-inspector-contract/src/communication/network_interface_cl.c:1876:61: note: ‘a_request’ declared here
 1876 |   OR_ALIGNED_BUF (OR_HFID_SIZE + OR_OID_SIZE + OR_INT_SIZE) a_request;
      |                                                             ^~~~~~~~~
/home/vimkim/gh/cb/CBRD-27398-pgbuf-inspector-contract/src/communication/network_interface_cl.c: In function ‘int heap_reclaim_addresses(const HFID*)’:
/home/vimkim/gh/cb/CBRD-27398-pgbuf-inspector-contract/src/communication/network_interface_cl.c:1934:22: warning: ‘a_request’ may be used uninitialized [-Wmaybe-uninitialized]
 1934 |   ptr = or_pack_hfid (request, hfid);
      |         ~~~~~~~~~~~~~^~~~~~~~~~~~~~~
In file included from /home/vimkim/gh/cb/CBRD-27398-pgbuf-inspector-contract/src/communication/network_interface_cl.c:58:
/home/vimkim/gh/cb/CBRD-27398-pgbuf-inspector-contract/src/base/object_representation.h:1135:14: note: by argument 1 of type ‘const char*’ to ‘char* or_pack_hfid(const char*, const HFID*)’ declared here
 1135 | extern char *or_pack_hfid (const char *ptr, const HFID * hfid);
      |              ^~~~~~~~~~~~
/home/vimkim/gh/cb/CBRD-27398-pgbuf-inspector-contract/src/communication/network_interface_cl.c:1926:47: note: ‘a_request’ declared here
 1926 |   OR_ALIGNED_BUF (OR_HFID_SIZE + OR_INT_SIZE) a_request;
      |                                               ^~~~~~~~~
/home/vimkim/gh/cb/CBRD-27398-pgbuf-inspector-contract/src/communication/network_interface_cl.c: In function ‘int lob_create_dir(HFID*, int*, int)’:
/home/vimkim/gh/cb/CBRD-27398-pgbuf-inspector-contract/src/communication/network_interface_cl.c:11840:22: warning: ‘request’ may be used uninitialized [-Wmaybe-uninitialized]
11840 |   ptr = or_pack_hfid (request, hfid);
      |         ~~~~~~~~~~~~~^~~~~~~~~~~~~~~
In file included from /home/vimkim/gh/cb/CBRD-27398-pgbuf-inspector-contract/src/communication/network_interface_cl.c:58:
/home/vimkim/gh/cb/CBRD-27398-pgbuf-inspector-contract/src/base/object_representation.h:1135:14: note: by argument 1 of type ‘const char*’ to ‘char* or_pack_hfid(const char*, const HFID*)’ declared here
 1135 | extern char *or_pack_hfid (const char *ptr, const HFID * hfid);
      |              ^~~~~~~~~~~~
/home/vimkim/gh/cb/CBRD-27398-pgbuf-inspector-contract/src/communication/network_interface_cl.c:11840:22: warning: ‘request_local’ may be used uninitialized [-Wmaybe-uninitialized]
11840 |   ptr = or_pack_hfid (request, hfid);
      |         ~~~~~~~~~~~~~^~~~~~~~~~~~~~~
In file included from /home/vimkim/gh/cb/CBRD-27398-pgbuf-inspector-contract/src/communication/network_interface_cl.c:58:
/home/vimkim/gh/cb/CBRD-27398-pgbuf-inspector-contract/src/base/object_representation.h:1135:14: note: by argument 1 of type ‘const char*’ to ‘char* or_pack_hfid(const char*, const HFID*)’ declared here
 1135 | extern char *or_pack_hfid (const char *ptr, const HFID * hfid);
      |              ^~~~~~~~~~~~
/home/vimkim/gh/cb/CBRD-27398-pgbuf-inspector-contract/src/communication/network_interface_cl.c:11817:8: note: ‘request_local’ declared here
11817 |   char request_local[OR_HFID_SIZE + OR_INT_SIZE + (OR_INT_SIZE * 2)];
      |        ^~~~~~~~~~~~~
/home/vimkim/gh/cb/CBRD-27398-pgbuf-inspector-contract/src/communication/network_interface_cl.c: In function ‘int lob_remove_dir(HFID*, int)’:
/home/vimkim/gh/cb/CBRD-27398-pgbuf-inspector-contract/src/communication/network_interface_cl.c:11893:22: warning: ‘a_request’ may be used uninitialized [-Wmaybe-uninitialized]
11893 |   ptr = or_pack_hfid (request, hfid);
      |         ~~~~~~~~~~~~~^~~~~~~~~~~~~~~
In file included from /home/vimkim/gh/cb/CBRD-27398-pgbuf-inspector-contract/src/communication/network_interface_cl.c:58:
/home/vimkim/gh/cb/CBRD-27398-pgbuf-inspector-contract/src/base/object_representation.h:1135:14: note: by argument 1 of type ‘const char*’ to ‘char* or_pack_hfid(const char*, const HFID*)’ declared here
 1135 | extern char *or_pack_hfid (const char *ptr, const HFID * hfid);
      |              ^~~~~~~~~~~~
/home/vimkim/gh/cb/CBRD-27398-pgbuf-inspector-contract/src/communication/network_interface_cl.c:11882:47: note: ‘a_request’ declared here
11882 |   OR_ALIGNED_BUF (OR_HFID_SIZE + OR_INT_SIZE) a_request;
      |                                               ^~~~~~~~~
[646/1437] Building CXX object cs/CMakeFiles/cubridcs.dir/__/src/sp/pl_signature.cpp.o
[647/1437] Building CXX object cs/CMakeFiles/cubridcs.dir/__/src/query/crypt_opfunc.c.o
[648/1437] Building CXX object cs/CMakeFiles/cubridcs.dir/__/src/object/class_object.c.o
[649/1437] Building CXX object cs/CMakeFiles/cubridcs.dir/__/src/parser/keyword.c.o
[650/1437] Building CXX object cs/CMakeFiles/cubridcs.dir/__/src/method/method_error.cpp.o
[651/1437] Building CXX object cs/CMakeFiles/cubridcs.dir/__/src/optimizer/rewriter/query_rewrite_select.c.o
[652/1437] Building CXX object cs/CMakeFiles/cubridcs.dir/__/src/transaction/log_lsa.cpp.o
[653/1437] Building CXX object cs/CMakeFiles/cubridcs.dir/__/src/object/transform_cl.c.o
[654/1437] Building CXX object cs/CMakeFiles/cubridcs.dir/__/src/method/method_struct_parameter_info.cpp.o
[655/1437] Building CXX object cs/CMakeFiles/cubridcs.dir/__/src/object/trigger_manager.c.o
[656/1437] Building CXX object cs/CMakeFiles/cubridcs.dir/__/src/parser/parse_tree.c.o
[657/1437] Building CXX object cs/CMakeFiles/cubridcs.dir/__/src/parser/parse_type.cpp.o
[658/1437] Building CXX object cs/CMakeFiles/cubridcs.dir/__/src/method/method_struct_invoke.cpp.o
[659/1437] Building CXX object cs/CMakeFiles/cubridcs.dir/__/src/storage/byte_order.c.o
[660/1437] Building CXX object cs/CMakeFiles/cubridcs.dir/__/src/parser/compile.c.o
[661/1437] Building CXX object cs/CMakeFiles/cubridcs.dir/__/src/transaction/locator.c.o
[662/1437] Building CXX object cs/CMakeFiles/cubridcs.dir/__/src/storage/es_posix.c.o
[663/1437] Building CXX object cs/CMakeFiles/cubridcs.dir/__/src/query/string_regex_re2.cpp.o
[664/1437] Building CXX object cs/CMakeFiles/cubridcs.dir/__/src/transaction/log_compress.c.o
[665/1437] Building CXX object cs/CMakeFiles/cubridcs.dir/__/src/parser/parser_allocator.cpp.o
[666/1437] Building CXX object cs/CMakeFiles/cubridcs.dir/__/src/transaction/client_credentials.cpp.o
[667/1437] Building CXX object cs/CMakeFiles/cubridcs.dir/__/src/storage/es_owfs.c.o
[668/1437] Building CXX object cs/CMakeFiles/cubridcs.dir/__/src/method/method_struct_oid_info.cpp.o
[669/1437] Building CXX object cs/CMakeFiles/cubridcs.dir/__/src/parser/xasl_regu_alloc.cpp.o
[670/1437] Building CXX object cs/CMakeFiles/cubridcs.dir/__/src/storage/oid.c.o
[671/1437] Building CXX object cs/CMakeFiles/cubridcs.dir/__/src/parser/parse_dbi.c.o
[672/1437] Building CXX object cs/CMakeFiles/cubridcs.dir/__/src/optimizer/plan_generation.c.o
[673/1437] Building CXX object cs/CMakeFiles/cubridcs.dir/__/src/method/method_oid_handler.cpp.o
[674/1437] Building CXX object cs/CMakeFiles/cubridcs.dir/__/src/method/method_query_util.cpp.o
[675/1437] Building CXX object cs/CMakeFiles/cubridcs.dir/__/src/parser/parse_evaluate.c.o
[676/1437] Building CXX object cs/CMakeFiles/cubridcs.dir/__/src/parser/show_meta.c.o
[677/1437] Building CXX object cs/CMakeFiles/cubridcs.dir/__/src/parser/scanner_support.c.o
[678/1437] Building CXX object cs/CMakeFiles/cubridcs.dir/__/src/storage/es_common.c.o
[679/1437] Building CXX object cs/CMakeFiles/cubridcs.dir/__/src/parser/method_transform.c.o
[680/1437] Building CXX object cs/CMakeFiles/cubridcs.dir/__/src/parser/query_result.c.o
[681/1437] Building CXX object cs/CMakeFiles/cubridcs.dir/__/src/query/regu_var.cpp.o
[682/1437] Building CXX object cs/CMakeFiles/cubridcs.dir/__/src/query/query_cl.c.o
[683/1437] Building CXX object cs/CMakeFiles/cubridcs.dir/__/src/optimizer/rewriter/query_rewrite_term.c.o
[684/1437] Building CXX object cs/CMakeFiles/cubridcs.dir/__/src/sp/pl_struct_compile.cpp.o
[685/1437] Building CXX object cs/CMakeFiles/cubridcs.dir/__/src/method/method_struct_query.cpp.o
[686/1437] Building CXX object cs/CMakeFiles/cubridcs.dir/__/src/query/string_regex.cpp.o
[687/1437] Building CXX object cs/CMakeFiles/cubridcs.dir/__/src/storage/storage_common.c.o
[688/1437] Building CXX object cs/CMakeFiles/cubridcs.dir/__/src/storage/tde.c.o
[689/1437] Building CXX object cs/CMakeFiles/cubridcs.dir/__/src/xasl/xasl_unpack_info.cpp.o
[690/1437] Building CXX object cs/CMakeFiles/cubridcs.dir/__/src/query/cursor.c.o
[691/1437] Building CXX object cs/CMakeFiles/cubridcs.dir/__/src/sp/pl_comm.c.o
[692/1437] Building CXX object cs/CMakeFiles/cubridcs.dir/__/src/query/query_dump.c.o
[693/1437] Building CXX object cs/CMakeFiles/cubridcs.dir/__/src/xasl/access_json_table.cpp.o
[694/1437] Building CXX object sa/CMakeFiles/cubridsa.dir/__/src/storage/heap_file.c.o
[695/1437] Building CXX object cs/CMakeFiles/cubridcs.dir/__/src/object/schema_manager.c.o
[696/1437] Building CXX object sa/CMakeFiles/cubridsa.dir/__/src/storage/btree.c.o
[697/1437] Building CXX object cs/CMakeFiles/cubridcs.dir/__/src/object/object_domain.c.o
[698/1437] Building CXX object cs/CMakeFiles/cubridcs.dir/__/src/object/object_primitive.c.o
[699/1437] Building CXX object cs/CMakeFiles/cubridcs.dir/__/src/method/method_struct_value.cpp.o
[700/1437] Building CXX object cs/CMakeFiles/cubridcs.dir/__/src/parser/func_type.cpp.o
[701/1437] Building CXX object cs/CMakeFiles/cubridcs.dir/__/src/transaction/log_comm.c.o
[702/1437] Building CXX object cs/CMakeFiles/cubridcs.dir/__/src/query/numeric_opfunc.c.o
[703/1437] Building CXX object cs/CMakeFiles/cubridcs.dir/__/src/optimizer/query_graph.c.o
[704/1437] Building CXX object cs/CMakeFiles/cubridcs.dir/__/src/optimizer/histogram/histogram_reader.cpp.o
[705/1437] Building CXX object cs/CMakeFiles/cubridcs.dir/__/src/optimizer/histogram/histogram_builder.cpp.o
[706/1437] Building CXX object cs/CMakeFiles/cubridcs.dir/__/src/transaction/transaction_cl.c.o
[707/1437] Building CXX object cs/CMakeFiles/cubridcs.dir/__/src/parser/parser_support.c.o
[708/1437] Building CXX object cs/CMakeFiles/cubridcs.dir/__/src/storage/es.c.o
[709/1437] Building CXX object cs/CMakeFiles/cubridcs.dir/__/src/query/xasl_to_stream.c.o
[710/1437] Building CXX object cs/CMakeFiles/cubridcs.dir/__/src/xasl/xasl_analytic.cpp.o
[711/1437] Building CXX object cubrid/CMakeFiles/cubrid.dir/__/src/base/chartype.c.o
[712/1437] Building CXX object cs/CMakeFiles/cubridcs.dir/__/src/method/method_query_handler.cpp.o
[713/1437] Building CXX object cs/CMakeFiles/cubridcs.dir/__/src/transaction/boot_cl.c.o
[714/1437] Building CXX object cs/CMakeFiles/cubridcs.dir/__/src/method/query_method.cpp.o
[715/1437] Building CXX object sa/CMakeFiles/cubridsa.dir/__/src/optimizer/histogram/histogram_sampler_sr.cpp.o
[716/1437] Building CXX object cs/CMakeFiles/cubridcs.dir/__/src/loaddb/load_common.cpp.o
[717/1437] Building CXX object cs/CMakeFiles/cubridcs.dir/__/src/xasl/xasl_predicate.cpp.o
[718/1437] Building CXX object cs/CMakeFiles/cubridcs.dir/__/src/optimizer/query_planner.c.o
[719/1437] Building CXX object cs/CMakeFiles/cubridcs.dir/__/src/transaction/log_writer.c.o
/home/vimkim/gh/cb/CBRD-27398-pgbuf-inspector-contract/src/transaction/log_writer.c: In function ‘int logwr_copy_log_file(const char*, const char*, int, INT64)’:
/home/vimkim/gh/cb/CBRD-27398-pgbuf-inspector-contract/src/transaction/log_writer.c:1813:39: warning: ‘%s’ directive writing up to 16543 bytes into a region of size 8192 [-Wformat-overflow=]
 1813 |           sprintf (log_archive_path, "%s%s%s", logwr_Gl.log_path, FILEIO_PATH_SEPARATOR (logwr_Gl.log_path),
      |                                       ^~       ~~~~~~~~~~~~~~~~~
/home/vimkim/gh/cb/CBRD-27398-pgbuf-inspector-contract/src/transaction/log_writer.c:1813:19: note: ‘sprintf’ output between 1 and 16800 bytes into a destination of size 8192
 1813 |           sprintf (log_archive_path, "%s%s%s", logwr_Gl.log_path, FILEIO_PATH_SEPARATOR (logwr_Gl.log_path),
      |           ~~~~~~~~^~~~~~~~~~~~~~~~~~~~~~~~~~~~~~~~~~~~~~~~~~~~~~~~~~~~~~~~~~~~~~~~~~~~~~~~~~~~~~~~~~~~~~~~~~
 1814 |                    dp->d_name);
      |                    ~~~~~~~~~~~
[720/1437] Building CXX object cs/CMakeFiles/cubridcs.dir/__/src/transaction/log_applier_sql_log.c.o
[721/1437] Building CXX object cubrid/CMakeFiles/cubrid.dir/__/src/base/binaryheap.c.o
[722/1437] Building CXX object cubrid/CMakeFiles/cubrid.dir/__/src/base/bit.c.o
[723/1437] Building CXX object cs/CMakeFiles/cubridcs.dir/__/src/transaction/flashback_cl.c.o
[724/1437] Building CXX object cs/CMakeFiles/cubridcs.dir/__/src/storage/statistics_cl.c.o
[725/1437] Building CXX object cubrid/CMakeFiles/cubrid.dir/__/src/storage/byte_order.c.o
[726/1437] Building CXX object cs/CMakeFiles/cubridcs.dir/__/src/storage/file_io.c.o
[727/1437] Building CXX object cs/CMakeFiles/cubridcs.dir/__/src/xasl/xasl_stream.cpp.o
[728/1437] Building CXX object cs/CMakeFiles/cubridcs.dir/__/src/sp/jsp_cl.cpp.o
[729/1437] Building CXX object cubrid/CMakeFiles/cubrid.dir/__/src/base/base64.c.o
[730/1437] Building CXX object cs/CMakeFiles/cubridcs.dir/__/src/object/schema_information_schema_install.cpp.o
[731/1437] Building CXX object cs/CMakeFiles/cubridcs.dir/__/src/parser/name_resolution.c.o
[732/1437] Building CXX object cubrid/CMakeFiles/cubrid.dir/__/src/base/encryption.c.o
[733/1437] Building CXX object cubrid/CMakeFiles/cubrid.dir/__/src/base/fileline_location.cpp.o
[734/1437] Building CXX object cubrid/CMakeFiles/cubrid.dir/__/src/base/dtoa.c.o
[735/1437] Building CXX object cs/CMakeFiles/cubridcs.dir/__/src/query/arithmetic.c.o
[736/1437] Building CXX object cubrid/CMakeFiles/cubrid.dir/__/src/base/dynamic_array.c.o
[737/1437] Building CXX object cs/CMakeFiles/cubridcs.dir/__/src/transaction/locator_cl.c.o
[738/1437] Building CXX object cs/CMakeFiles/cubridcs.dir/__/src/method/method_struct_schema_info.cpp.o
[739/1437] Building CXX object cubrid/CMakeFiles/cubrid.dir/__/src/base/environment_variable.c.o
[740/1437] Building CXX object cs/CMakeFiles/cubridcs.dir/__/src/api/cubrid_log.c.o
[741/1437] Building CXX object cubrid/CMakeFiles/cubrid.dir/__/src/base/filesys_temp.cpp.o
[742/1437] Building CXX object cubrid/CMakeFiles/cubrid.dir/__/src/base/fixed_alloc.c.o
[743/1437] Building CXX object cs/CMakeFiles/cubridcs.dir/__/src/query/parallel/px_query_execute/px_query_checker.cpp.o
[744/1437] Building CXX object cubrid/CMakeFiles/cubrid.dir/__/src/base/lockfree_transaction_descriptor.cpp.o
[745/1437] Building CXX object cubrid/CMakeFiles/cubrid.dir/__/src/base/area_alloc.c.o
[746/1437] Building CXX object cs/CMakeFiles/cubridcs.dir/__/src/parser/view_transform.c.o
[747/1437] Building CXX object cs/CMakeFiles/cubridcs.dir/__/src/loaddb/load_object.c.o
[748/1437] Building CXX object cubrid/CMakeFiles/cubrid.dir/__/src/base/lockfree_transaction_system.cpp.o
[749/1437] Building CXX object cubrid/CMakeFiles/cubrid.dir/__/src/base/cubrid_getopt_long.c.o
[750/1437] Building CXX object cubrid/CMakeFiles/cubrid.dir/__/src/base/ini_parser.c.o
[751/1437] Building CXX object cubrid/CMakeFiles/cubrid.dir/__/src/base/databases_file.c.o
[752/1437] Building CXX object cubrid/CMakeFiles/cubrid.dir/__/src/base/lockfree_transaction_table.cpp.o
[753/1437] Building CXX object cubrid/CMakeFiles/cubrid.dir/__/src/base/lockfree_bitmap.cpp.o
[754/1437] Building CXX object cubrid/CMakeFiles/cubrid.dir/__/src/base/locale_helper.cpp.o
[755/1437] Building CXX object cubrid/CMakeFiles/cubrid.dir/__/src/base/memory_monitor_api.cpp.o
[756/1437] Building CXX object cubrid/CMakeFiles/cubrid.dir/__/src/base/locale_support.c.o
[757/1437] Building CXX object cubrid/CMakeFiles/cubrid.dir/__/src/base/error_context.cpp.o
[758/1437] Building CXX object cs/CMakeFiles/cubridcs.dir/__/src/parser/semantic_check.c.o
[759/1437] Building CXX object cubrid/CMakeFiles/cubrid.dir/__/src/base/lock_free.c.o
[760/1437] Building CXX object cubrid/CMakeFiles/cubrid.dir/__/src/base/get_clock_freq.c.o
[761/1437] Building CXX object cubrid/CMakeFiles/cubrid.dir/__/src/base/misc_string.c.o
[762/1437] Building CXX object cubrid/CMakeFiles/cubrid.dir/__/src/base/fault_injection.c.o
[763/1437] Building CXX object cs/CMakeFiles/cubridcs.dir/__/src/compat/db_json.cpp.o
[764/1437] Building CXX object cubrid/CMakeFiles/cubrid.dir/__/src/base/printer.cpp.o
[765/1437] Building CXX object cubrid/CMakeFiles/cubrid.dir/__/src/base/pinnable_buffer.cpp.o
[766/1437] Building CXX object cubrid/CMakeFiles/cubrid.dir/__/src/base/memory_monitor_sr.cpp.o
[767/1437] Building CXX object cubrid/CMakeFiles/cubrid.dir/__/src/base/process_util.c.o
[768/1437] Building CXX object cubrid/CMakeFiles/cubrid.dir/__/src/base/release_string.c.o
[769/1437] Building CXX object cubrid/CMakeFiles/cubrid.dir/__/src/base/pinning.cpp.o
[770/1437] Building CXX object cubrid/CMakeFiles/cubrid.dir/__/src/base/sha1.c.o
[771/1437] Building CXX object cubrid/CMakeFiles/cubrid.dir/__/src/base/mem_block.cpp.o
[772/1437] Building CXX object cubrid/CMakeFiles/cubrid.dir/__/src/base/porting.c.o
[773/1437] Building CXX object cubrid/CMakeFiles/cubrid.dir/__/src/base/resource_tracker.cpp.o
[774/1437] Building CXX object cs/CMakeFiles/cubridcs.dir/__/src/optimizer/histogram/histogram_cl.cpp.o
[775/1437] Building CXX object cubrid/CMakeFiles/cubrid.dir/__/src/base/string_buffer.cpp.o
[776/1437] Building CXX object cs/CMakeFiles/cubridcs.dir/__/src/query/execute_schema.c.o
[777/1437] Building CXX object cubrid/CMakeFiles/cubrid.dir/__/src/base/tsc_timer.c.o
[778/1437] Building CXX object cubrid/CMakeFiles/cubrid.dir/__/src/base/intl_support.c.o
[779/1437] Building CXX object cubrid/CMakeFiles/cubrid.dir/__/src/base/memory_hash.c.o
[780/1437] Building CXX object cs/CMakeFiles/cubridcs.dir/__/src/loaddb/load_db.c.o
[781/1437] Building CXX object cubrid/CMakeFiles/cubrid.dir/__/src/base/mprec.c.o
[782/1437] Building CXX object cubrid/CMakeFiles/cubrid.dir/__/src/base/packer.cpp.o
[783/1437] Building CXX object cubrid/CMakeFiles/cubrid.dir/__/src/base/perf.cpp.o
[784/1437] Building CXX object cubrid/CMakeFiles/cubrid.dir/__/src/base/message_catalog.c.o
[785/1437] Building CXX object cubrid/CMakeFiles/cubrid.dir/__/src/base/lockfree_hashmap.cpp.o
[786/1437] Building CXX object cubrid/CMakeFiles/cubrid.dir/__/src/base/uca_support.c.o
[787/1437] Building CXX object cubrid/CMakeFiles/cubrid.dir/__/src/base/memory_private_allocator.cpp.o
[788/1437] Building CXX object cs/CMakeFiles/cubridcs.dir/__/src/parser/parse_tree_cl.c.o
[789/1437] Building CXX object cubrid/CMakeFiles/cubrid.dir/__/src/base/unicode_support.c.o
[790/1437] Building CXX object cubrid/CMakeFiles/cubrid.dir/__/src/base/nonblocking.cpp.o
[791/1437] Building CXX object cubrid/CMakeFiles/cubrid.dir/__/src/base/epoll.cpp.o
[792/1437] Building CXX object cubrid/CMakeFiles/cubrid.dir/__/src/base/DMRBMemoryPool.cpp.o
[793/1437] Building CXX object cubrid/CMakeFiles/cubrid.dir/__/src/base/error_manager.c.o
[794/1437] Building CXX object cubrid/CMakeFiles/cubrid.dir/__/src/base/stack_dump.c.o
[795/1437] Building CXX object cs/CMakeFiles/cubridcs.dir/__/src/method/method_schema_info.cpp.o
[796/1437] Building CXX object cs/CMakeFiles/cubridcs.dir/__/src/method/method_callback.cpp.o
[797/1437] Building CXX object cubrid/CMakeFiles/cubrid.dir/__/src/base/memory_alloc.c.o
[798/1437] Building CXX object cubrid/CMakeFiles/cubrid.dir/__/src/base/packet_buffer.cpp.o
[799/1437] Building CXX object cubrid/CMakeFiles/cubrid.dir/__/src/base/filesys_parser.cpp.o
[800/1437] Building CXX object cubrid/CMakeFiles/cubrid.dir/__/src/base/util_func.c.o
[801/1437] Building CXX object cubrid/CMakeFiles/cubrid.dir/__/src/base/perf_monitor_trackers.cpp.o
[802/1437] Building CXX object cubrid/CMakeFiles/cubrid.dir/__/src/base/trace_event_log.c.o
[803/1437] Building CXX object cubrid/CMakeFiles/cubrid.dir/__/src/base/xml_parser.c.o
[804/1437] Building CXX object cubrid/CMakeFiles/cubrid.dir/__/src/compat/db_function.cpp.o
[805/1437] Building CXX object cubrid/CMakeFiles/cubrid.dir/__/src/compat/db_elo.c.o
[806/1437] Building CXX object cubrid/CMakeFiles/cubrid.dir/__/src/compat/cnv.c.o
[807/1437] Building CXX object cubrid/CMakeFiles/cubrid.dir/__/src/base/variable_string.c.o
[808/1437] Building CXX object cubrid/CMakeFiles/cubrid.dir/__/src/base/language_support.c.o
[809/1437] Building CXX object cs/CMakeFiles/cubridcs.dir/__/src/transaction/log_applier.c.o
/home/vimkim/gh/cb/CBRD-27398-pgbuf-inspector-contract/src/transaction/log_applier.c: In function ‘int la_get_copied_log_info(const char*, const char*, INT64, bool, LOG_LSA*, LOG_LSA*)’:
/home/vimkim/gh/cb/CBRD-27398-pgbuf-inspector-contract/src/transaction/log_applier.c:8374:35: warning: format ‘%ld’ expects argument of type ‘long int’, but argument 2 has type ‘int’ [-Wformat=]
 8374 |               printf ("offset:%04ld (tid:%d bck p:%lld,o:%ld frw p:%lld,o:%ld type:%d)\n", lsa.offset, lrec->trid,
      |                               ~~~~^                                                        ~~~~~~~~~~
      |                                   |                                                            |
      |                                   long int                                                     int
      |                               %04d
/home/vimkim/gh/cb/CBRD-27398-pgbuf-inspector-contract/src/transaction/log_applier.c:8374:60: warning: format ‘%ld’ expects argument of type ‘long int’, but argument 5 has type ‘int’ [-Wformat=]
 8374 |               printf ("offset:%04ld (tid:%d bck p:%lld,o:%ld frw p:%lld,o:%ld type:%d)\n", lsa.offset, lrec->trid,
      |                                                          ~~^
      |                                                            |
      |                                                            long int
      |                                                          %d
 8375 |                       (long long int) lrec->back_lsa.pageid, lrec->back_lsa.offset,
      |                                                              ~~~~~~~~~~~~~~~~~~~~~
      |                                                                             |
      |                                                                             int
/home/vimkim/gh/cb/CBRD-27398-pgbuf-inspector-contract/src/transaction/log_applier.c:8374:77: warning: format ‘%ld’ expects argument of type ‘long int’, but argument 7 has type ‘int’ [-Wformat=]
 8374 |               printf ("offset:%04ld (tid:%d bck p:%lld,o:%ld frw p:%lld,o:%ld type:%d)\n", lsa.offset, lrec->trid,
      |                                                                           ~~^
      |                                                                             |
      |                                                                             long int
      |                                                                           %d
 8375 |                       (long long int) lrec->back_lsa.pageid, lrec->back_lsa.offset,
 8376 |                       (long long int) lrec->forw_lsa.pageid, lrec->forw_lsa.offset, lrec->type);
      |                                                              ~~~~~~~~~~~~~~~~~~~~~
      |                                                                             |
      |                                                                             int
[810/1437] Building CXX object cubrid/CMakeFiles/cubrid.dir/__/src/compat/db_json_types_internal.cpp.o
[811/1437] Building CXX object cubrid/CMakeFiles/cubrid.dir/__/src/compat/db_json_allocator.cpp.o
[812/1437] Building CXX object cubrid/CMakeFiles/cubrid.dir/__/src/compat/db_set.c.o
[813/1437] Building CXX object cubrid/CMakeFiles/cubrid.dir/__/src/base/ifsys.cpp.o
[814/1437] Building CXX object cs/CMakeFiles/cubridcs.dir/__/src/query/execute_statement.c.o
[815/1437] Building CXX object cubrid/CMakeFiles/cubrid.dir/__/src/base/resources.cpp.o
[816/1437] Building CXX object cubrid/CMakeFiles/cubrid.dir/__/src/communication/network_common.cpp.o
[817/1437] Building CXX object cubrid/CMakeFiles/cubrid.dir/__/src/connection/buffer.cpp.o
[818/1437] Building CXX object cubrid/CMakeFiles/cubrid.dir/__/src/connection/connection_globals.c.o
[819/1437] Building CXX object cubrid/CMakeFiles/cubrid.dir/__/src/connection/connection_list_sr.c.o
[820/1437] Building CXX object cubrid/CMakeFiles/cubrid.dir/__/src/communication/network_callback_sr.cpp.o
[821/1437] Building CXX object cubrid/CMakeFiles/cubrid.dir/__/src/connection/connection_context.cpp.o
[822/1437] Building CXX object cubrid/CMakeFiles/cubrid.dir/__/src/sp/pl_file.c.o
[823/1437] Building CXX object cubrid/CMakeFiles/cubrid.dir/__/src/compat/db_date.c.o
[824/1437] Building CXX object cubrid/CMakeFiles/cubrid.dir/__/src/base/cgroup.cpp.o
[825/1437] Building CXX object cubrid/CMakeFiles/cubrid.dir/__/src/storage/catalog_class.c.o
[826/1437] Building CXX object cs/CMakeFiles/cubridcs.dir/__/src/query/string_regex_std.cpp.o
[827/1437] Building CXX object cubrid/CMakeFiles/cubrid.dir/__/src/method/method_error.cpp.o
[828/1437] Building CXX object cubrid/CMakeFiles/cubrid.dir/__/src/heaplayers/customheaps.cpp.o
[829/1437] Building CXX object cubrid/CMakeFiles/cubrid.dir/__/src/method/method_query_util.cpp.o
[830/1437] Building CXX object cubrid/CMakeFiles/cubrid.dir/__/src/connection/transmitter.cpp.o
[831/1437] Building CXX object cubrid/CMakeFiles/cubrid.dir/__/src/method/method_struct_parameter_info.cpp.o
[832/1437] Building CXX object cubrid/CMakeFiles/cubrid.dir/__/src/connection/heartbeat.c.o
[833/1437] Building CXX object cubrid/CMakeFiles/cubrid.dir/__/src/sp/pl_comm.c.o
[834/1437] Building CXX object cubrid/CMakeFiles/cubrid.dir/__/load_lexer.cpp.o
[835/1437] Building CXX object cubrid/CMakeFiles/cubrid.dir/__/src/query/dblink_2pc_daemon.c.o
[836/1437] Building CXX object cubrid/CMakeFiles/cubrid.dir/__/src/connection/host_lookup.c.o
[837/1437] Building CXX object cs/CMakeFiles/cubridcs.dir/__/src/object/schema_system_catalog_install.cpp.o
[838/1437] Building CXX object cubrid/CMakeFiles/cubrid.dir/__/src/compat/db_macro.c.o
[839/1437] Building CXX object cubrid/CMakeFiles/cubrid.dir/__/src/compat/db_value_printer.cpp.o
[840/1437] Building CXX object cubrid/CMakeFiles/cubrid.dir/__/src/method/method_struct_value.cpp.o
[841/1437] Building CXX object cubrid/CMakeFiles/cubrid.dir/__/src/sp/pl_compile_handler.cpp.o
[842/1437] Building CXX object cubrid/CMakeFiles/cubrid.dir/__/src/query/dblink_global_tran_catalog.c.o
[843/1437] Building CXX object cubrid/CMakeFiles/cubrid.dir/__/src/method/query_method.cpp.o
[844/1437] Building CXX object cubrid/CMakeFiles/cubrid.dir/__/src/connection/tcp.c.o
[845/1437] Building CXX object cubrid/CMakeFiles/cubrid.dir/__/src/connection/receiver.cpp.o
[846/1437] Building CXX object cubrid/CMakeFiles/cubrid.dir/__/src/method/method_struct_oid_info.cpp.o
[847/1437] Building CXX object cubrid/CMakeFiles/cubrid.dir/__/src/sp/pl_connection.cpp.o
[848/1437] Building CXX object cubrid/CMakeFiles/cubrid.dir/__/src/heaplayers/lea_heap.c.o
[849/1437] Building CXX object cubrid/CMakeFiles/cubrid.dir/__/src/sp/pl_signature.cpp.o
[850/1437] Building CXX object cs/CMakeFiles/cubridcs.dir/__/src/parser/xasl_generation.c.o
[851/1437] Building CXX object cubrid/CMakeFiles/cubrid.dir/__/src/executables/util_common.c.o
[852/1437] Building CXX object cs/CMakeFiles/cubridcs.dir/__/src/parser/type_checking.c.o
[853/1437] Building CXX object cubrid/CMakeFiles/cubrid.dir/__/src/base/perf_monitor.c.o
[854/1437] Building CXX object cubrid/CMakeFiles/cubrid.dir/__/src/connection/connection_support.cpp.o
[855/1437] Building CXX object cubrid/CMakeFiles/cubrid.dir/__/src/communication/network_sr.c.o
[856/1437] Building CXX object cubrid/CMakeFiles/cubrid.dir/__/src/monitor/monitor_statistic.cpp.o
[857/1437] Building CXX object cubrid/CMakeFiles/cubrid.dir/__/src/base/tz_support.c.o
[858/1437] Building CXX object cubrid/CMakeFiles/cubrid.dir/__/src/loaddb/load_driver.cpp.o
[859/1437] Building CXX object cubrid/CMakeFiles/cubrid.dir/__/load_grammar.cpp.o
[860/1437] Building CXX object cubrid/CMakeFiles/cubrid.dir/__/src/method/method_struct_invoke.cpp.o
[861/1437] Building CXX object cs/CMakeFiles/cubridcs.dir/__/src/sp/sp_catalog.cpp.o
[862/1437] Building CXX object cubrid/CMakeFiles/cubrid.dir/__/src/method/method_struct_query.cpp.o
[863/1437] Building CXX object cubrid/CMakeFiles/cubrid.dir/__/src/object/identifier_store.cpp.o
[864/1437] Building CXX object cubrid/CMakeFiles/cubrid.dir/__/src/object/elo.c.o
[865/1437] Building CXX object cubrid/CMakeFiles/cubrid.dir/__/src/object/lob_locator.cpp.o
[866/1437] Building CXX object cubrid/CMakeFiles/cubrid.dir/__/src/compat/db_json_path.cpp.o
[867/1437] Building CXX object cubrid/CMakeFiles/cubrid.dir/__/src/loaddb/load_common.cpp.o
[868/1437] Building CXX object cubrid/CMakeFiles/cubrid.dir/__/src/base/system_parameter.c.o
[869/1437] Building CXX object cubrid/CMakeFiles/cubrid.dir/__/src/base/object_representation_sr.c.o
[870/1437] Building CXX object cubrid/CMakeFiles/cubrid.dir/__/src/sp/pl_sr.cpp.o
[871/1437] Building CXX object cubrid/CMakeFiles/cubrid.dir/__/src/sp/pl_query_cursor.cpp.o
[872/1437] Building CXX object cubrid/CMakeFiles/cubrid.dir/__/src/object/schema_information_schema.cpp.o
[873/1437] Building CXX object cubrid/CMakeFiles/cubrid.dir/__/src/monitor/monitor_registration.cpp.o
[874/1437] Building CXX object cubrid/CMakeFiles/cubrid.dir/__/src/connection/connection_pool.cpp.o
[875/1437] Building CXX object cubrid/CMakeFiles/cubrid.dir/__/src/object/schema_system_catalog.cpp.o
[876/1437] Building CXX object cubrid/CMakeFiles/cubrid.dir/__/src/connection/master_connector.cpp.o
[877/1437] Building CXX object cubrid/CMakeFiles/cubrid.dir/__/src/loaddb/load_class_registry.cpp.o
In file included from /home/vimkim/gh/cb/CBRD-27398-pgbuf-inspector-contract/src/base/memory_alloc.h:54,
                 from /home/vimkim/gh/cb/CBRD-27398-pgbuf-inspector-contract/src/base/memory_hash.h:30,
                 from /home/vimkim/gh/cb/CBRD-27398-pgbuf-inspector-contract/src/storage/file_io.h:33,
                 from /home/vimkim/gh/cb/CBRD-27398-pgbuf-inspector-contract/src/transaction/log_manager.h:37,
                 from /home/vimkim/gh/cb/CBRD-27398-pgbuf-inspector-contract/src/storage/system_catalog.h:36,
                 from /home/vimkim/gh/cb/CBRD-27398-pgbuf-inspector-contract/src/base/object_representation_sr.h:42,
                 from /home/vimkim/gh/cb/CBRD-27398-pgbuf-inspector-contract/src/loaddb/load_class_registry.hpp:27,
                 from /home/vimkim/gh/cb/CBRD-27398-pgbuf-inspector-contract/src/loaddb/load_class_registry.cpp:23:
In function ‘void cub_free(void*)’,
    inlined from ‘void operator delete(void*, size_t)’ at /home/vimkim/gh/cb/CBRD-27398-pgbuf-inspector-contract/src/base/memory_wrapper.hpp:75:12,
    inlined from ‘void __gnu_cxx::new_allocator<_Tp>::deallocate(_Tp*, __gnu_cxx::new_allocator<_Tp>::size_type) [with _Tp = std::_Rb_tree_node<std::pair<const int, const cubload::class_entry*> >]’ at /usr/include/c++/11/ext/new_allocator.h:145:19,
    inlined from ‘static void std::allocator_traits<std::allocator<_Tp1> >::deallocate(std::allocator_traits<std::allocator<_Tp1> >::allocator_type&, std::allocator_traits<std::allocator<_Tp1> >::pointer, std::allocator_traits<std::allocator<_Tp1> >::size_type) [with _Tp = std::_Rb_tree_node<std::pair<const int, const cubload::class_entry*> >]’ at /usr/include/c++/11/bits/alloc_traits.h:496:23,
    inlined from ‘void std::_Rb_tree<_Key, _Val, _KeyOfValue, _Compare, _Alloc>::_M_put_node(std::_Rb_tree<_Key, _Val, _KeyOfValue, _Compare, _Alloc>::_Link_type) [with _Key = int; _Val = std::pair<const int, const cubload::class_entry*>; _KeyOfValue = std::_Select1st<std::pair<const int, const cubload::class_entry*> >; _Compare = std::greater<int>; _Alloc = std::allocator<std::pair<const int, const cubload::class_entry*> >]’ at /usr/include/c++/11/bits/stl_tree.h:565:34,
    inlined from ‘void std::_Rb_tree<_Key, _Val, _KeyOfValue, _Compare, _Alloc>::_M_drop_node(std::_Rb_tree<_Key, _Val, _KeyOfValue, _Compare, _Alloc>::_Link_type) [with _Key = int; _Val = std::pair<const int, const cubload::class_entry*>; _KeyOfValue = std::_Select1st<std::pair<const int, const cubload::class_entry*> >; _Compare = std::greater<int>; _Alloc = std::allocator<std::pair<const int, const cubload::class_entry*> >]’ at /usr/include/c++/11/bits/stl_tree.h:632:13,
    inlined from ‘std::pair<std::_Rb_tree_iterator<_Val>, bool> std::_Rb_tree<_Key, _Val, _KeyOfValue, _Compare, _Alloc>::_M_emplace_unique(_Args&& ...) [with _Args = {std::pair<int, cubload::class_entry*>}; _Key = int; _Val = std::pair<const int, const cubload::class_entry*>; _KeyOfValue = std::_Select1st<std::pair<const int, const cubload::class_entry*> >; _Compare = std::greater<int>; _Alloc = std::allocator<std::pair<const int, const cubload::class_entry*> >]’ at /usr/include/c++/11/bits/stl_tree.h:2393:18,
    inlined from ‘std::__enable_if_t<std::is_constructible<std::pair<const _Key, _Tp>, _Pair>::value, std::pair<typename std::_Rb_tree<_Key, std::pair<const _Key, _Tp>, std::_Select1st<std::pair<const _Key, _Tp> >, _Compare, typename __gnu_cxx::__alloc_traits<_Allocator>::rebind<std::pair<const _Key, _Tp> >::other>::iterator, bool> > std::map<_Key, _Tp, _Compare, _Alloc>::insert(_Pair&&) [with _Pair = std::pair<int, cubload::class_entry*>; _Key = int; _Tp = const cubload::class_entry*; _Compare = std::greater<int>; _Alloc = std::allocator<std::pair<const int, const cubload::class_entry*> >]’ at /usr/include/c++/11/bits/stl_map.h:817:33,
    inlined from ‘void cubload::class_registry::register_ignored_class(cubload::class_entry*, cubload::class_id)’ at /home/vimkim/gh/cb/CBRD-27398-pgbuf-inspector-contract/src/loaddb/load_class_registry.cpp:172:26:
/home/vimkim/gh/cb/CBRD-27398-pgbuf-inspector-contract/src/base/memory_cwrapper.h:86:8: warning: ‘void free(void*)’ called on pointer returned from a mismatched allocation function [-Wmismatched-new-delete]
   86 |   free (ptr);
      |   ~~~~~^~~~~
In file included from /usr/include/c++/11/x86_64-redhat-linux/bits/c++allocator.h:33,
                 from /usr/include/c++/11/bits/allocator.h:46,
                 from /usr/include/c++/11/unordered_map:40,
                 from /usr/include/c++/11/functional:61,
                 from /home/vimkim/gh/cb/CBRD-27398-pgbuf-inspector-contract/src/base/mem_block.hpp:39,
                 from /home/vimkim/gh/cb/CBRD-27398-pgbuf-inspector-contract/src/base/packer.hpp:29,
                 from /home/vimkim/gh/cb/CBRD-27398-pgbuf-inspector-contract/src/base/packable_object.hpp:28,
                 from /home/vimkim/gh/cb/CBRD-27398-pgbuf-inspector-contract/src/loaddb/load_common.hpp:26,
                 from /home/vimkim/gh/cb/CBRD-27398-pgbuf-inspector-contract/src/loaddb/load_class_registry.hpp:26,
                 from /home/vimkim/gh/cb/CBRD-27398-pgbuf-inspector-contract/src/loaddb/load_class_registry.cpp:23:
/usr/include/c++/11/ext/new_allocator.h: In member function ‘void cubload::class_registry::register_ignored_class(cubload::class_entry*, cubload::class_id)’:
/usr/include/c++/11/ext/new_allocator.h:127:48: note: returned from ‘void* operator new(std::size_t)’
  127 |         return static_cast<_Tp*>(::operator new(__n * sizeof(_Tp)));
      |                                  ~~~~~~~~~~~~~~^~~~~~~~~~~~~~~~~~~
In file included from /home/vimkim/gh/cb/CBRD-27398-pgbuf-inspector-contract/src/base/memory_alloc.h:54,
                 from /home/vimkim/gh/cb/CBRD-27398-pgbuf-inspector-contract/src/base/memory_hash.h:30,
                 from /home/vimkim/gh/cb/CBRD-27398-pgbuf-inspector-contract/src/storage/file_io.h:33,
                 from /home/vimkim/gh/cb/CBRD-27398-pgbuf-inspector-contract/src/transaction/log_manager.h:37,
                 from /home/vimkim/gh/cb/CBRD-27398-pgbuf-inspector-contract/src/storage/system_catalog.h:36,
                 from /home/vimkim/gh/cb/CBRD-27398-pgbuf-inspector-contract/src/base/object_representation_sr.h:42,
                 from /home/vimkim/gh/cb/CBRD-27398-pgbuf-inspector-contract/src/loaddb/load_class_registry.hpp:27,
                 from /home/vimkim/gh/cb/CBRD-27398-pgbuf-inspector-contract/src/loaddb/load_class_registry.cpp:23:
In function ‘void cub_free(void*)’,
    inlined from ‘void operator delete(void*, size_t)’ at /home/vimkim/gh/cb/CBRD-27398-pgbuf-inspector-contract/src/base/memory_wrapper.hpp:75:12,
    inlined from ‘void __gnu_cxx::new_allocator<_Tp>::deallocate(_Tp*, __gnu_cxx::new_allocator<_Tp>::size_type) [with _Tp = std::_Rb_tree_node<std::pair<const int, const cubload::class_entry*> >]’ at /usr/include/c++/11/ext/new_allocator.h:145:19,
    inlined from ‘static void std::allocator_traits<std::allocator<_Tp1> >::deallocate(std::allocator_traits<std::allocator<_Tp1> >::allocator_type&, std::allocator_traits<std::allocator<_Tp1> >::pointer, std::allocator_traits<std::allocator<_Tp1> >::size_type) [with _Tp = std::_Rb_tree_node<std::pair<const int, const cubload::class_entry*> >]’ at /usr/include/c++/11/bits/alloc_traits.h:496:23,
    inlined from ‘void std::_Rb_tree<_Key, _Val, _KeyOfValue, _Compare, _Alloc>::_M_put_node(std::_Rb_tree<_Key, _Val, _KeyOfValue, _Compare, _Alloc>::_Link_type) [with _Key = int; _Val = std::pair<const int, const cubload::class_entry*>; _KeyOfValue = std::_Select1st<std::pair<const int, const cubload::class_entry*> >; _Compare = std::greater<int>; _Alloc = std::allocator<std::pair<const int, const cubload::class_entry*> >]’ at /usr/include/c++/11/bits/stl_tree.h:565:34,
    inlined from ‘void std::_Rb_tree<_Key, _Val, _KeyOfValue, _Compare, _Alloc>::_M_drop_node(std::_Rb_tree<_Key, _Val, _KeyOfValue, _Compare, _Alloc>::_Link_type) [with _Key = int; _Val = std::pair<const int, const cubload::class_entry*>; _KeyOfValue = std::_Select1st<std::pair<const int, const cubload::class_entry*> >; _Compare = std::greater<int>; _Alloc = std::allocator<std::pair<const int, const cubload::class_entry*> >]’ at /usr/include/c++/11/bits/stl_tree.h:632:13,
    inlined from ‘std::pair<std::_Rb_tree_iterator<_Val>, bool> std::_Rb_tree<_Key, _Val, _KeyOfValue, _Compare, _Alloc>::_M_emplace_unique(_Args&& ...) [with _Args = {std::pair<int, const cubload::class_entry*>}; _Key = int; _Val = std::pair<const int, const cubload::class_entry*>; _KeyOfValue = std::_Select1st<std::pair<const int, const cubload::class_entry*> >; _Compare = std::greater<int>; _Alloc = std::allocator<std::pair<const int, const cubload::class_entry*> >]’ at /usr/include/c++/11/bits/stl_tree.h:2393:18,
    inlined from ‘std::__enable_if_t<std::is_constructible<std::pair<const _Key, _Tp>, _Pair>::value, std::pair<typename std::_Rb_tree<_Key, std::pair<const _Key, _Tp>, std::_Select1st<std::pair<const _Key, _Tp> >, _Compare, typename __gnu_cxx::__alloc_traits<_Allocator>::rebind<std::pair<const _Key, _Tp> >::other>::iterator, bool> > std::map<_Key, _Tp, _Compare, _Alloc>::insert(_Pair&&) [with _Pair = std::pair<int, const cubload::class_entry*>; _Key = int; _Tp = const cubload::class_entry*; _Compare = std::greater<int>; _Alloc = std::allocator<std::pair<const int, const cubload::class_entry*> >]’ at /usr/include/c++/11/bits/stl_map.h:817:33,
    inlined from ‘void cubload::class_registry::register_class(const char*, cubload::class_id, OID, std::vector<const cubload::attribute*>&)’ at /home/vimkim/gh/cb/CBRD-27398-pgbuf-inspector-contract/src/loaddb/load_class_registry.cpp:161:26:
/home/vimkim/gh/cb/CBRD-27398-pgbuf-inspector-contract/src/base/memory_cwrapper.h:86:8: warning: ‘void free(void*)’ called on pointer returned from a mismatched allocation function [-Wmismatched-new-delete]
   86 |   free (ptr);
      |   ~~~~~^~~~~
In file included from /usr/include/c++/11/x86_64-redhat-linux/bits/c++allocator.h:33,
                 from /usr/include/c++/11/bits/allocator.h:46,
                 from /usr/include/c++/11/unordered_map:40,
                 from /usr/include/c++/11/functional:61,
                 from /home/vimkim/gh/cb/CBRD-27398-pgbuf-inspector-contract/src/base/mem_block.hpp:39,
                 from /home/vimkim/gh/cb/CBRD-27398-pgbuf-inspector-contract/src/base/packer.hpp:29,
                 from /home/vimkim/gh/cb/CBRD-27398-pgbuf-inspector-contract/src/base/packable_object.hpp:28,
                 from /home/vimkim/gh/cb/CBRD-27398-pgbuf-inspector-contract/src/loaddb/load_common.hpp:26,
                 from /home/vimkim/gh/cb/CBRD-27398-pgbuf-inspector-contract/src/loaddb/load_class_registry.hpp:26,
                 from /home/vimkim/gh/cb/CBRD-27398-pgbuf-inspector-contract/src/loaddb/load_class_registry.cpp:23:
/usr/include/c++/11/ext/new_allocator.h: In member function ‘void cubload::class_registry::register_class(const char*, cubload::class_id, OID, std::vector<const cubload::attribute*>&)’:
/usr/include/c++/11/ext/new_allocator.h:127:48: note: returned from ‘void* operator new(std::size_t)’
  127 |         return static_cast<_Tp*>(::operator new(__n * sizeof(_Tp)));
      |                                  ~~~~~~~~~~~~~~^~~~~~~~~~~~~~~~~~~
[878/1437] Building CXX object cubrid/CMakeFiles/cubrid.dir/__/src/loaddb/load_error_handler.cpp.o
In file included from /home/vimkim/gh/cb/CBRD-27398-pgbuf-inspector-contract/src/base/memory_alloc.h:54,
                 from /home/vimkim/gh/cb/CBRD-27398-pgbuf-inspector-contract/src/base/memory_hash.h:30,
                 from /home/vimkim/gh/cb/CBRD-27398-pgbuf-inspector-contract/src/storage/file_io.h:33,
                 from /home/vimkim/gh/cb/CBRD-27398-pgbuf-inspector-contract/src/transaction/log_manager.h:37,
                 from /home/vimkim/gh/cb/CBRD-27398-pgbuf-inspector-contract/src/storage/system_catalog.h:36,
                 from /home/vimkim/gh/cb/CBRD-27398-pgbuf-inspector-contract/src/base/object_representation_sr.h:42,
                 from /home/vimkim/gh/cb/CBRD-27398-pgbuf-inspector-contract/src/loaddb/load_class_registry.hpp:27,
                 from /home/vimkim/gh/cb/CBRD-27398-pgbuf-inspector-contract/src/loaddb/load_session.hpp:27,
                 from /home/vimkim/gh/cb/CBRD-27398-pgbuf-inspector-contract/src/loaddb/load_error_handler.cpp:28:
In function ‘void cub_free(void*)’,
    inlined from ‘void operator delete [](void*)’ at /home/vimkim/gh/cb/CBRD-27398-pgbuf-inspector-contract/src/base/memory_wrapper.hpp:80:12,
    inlined from ‘typename std::enable_if<std::is_convertible<_Up (*)[], _Tp (*)[]>::value>::type std::default_delete<_Tp []>::operator()(_Up*) const [with _Up = char; _Tp = char]’ at /usr/include/c++/11/bits/unique_ptr.h:120:4,
    inlined from ‘std::unique_ptr<_Tp [], _Dp>::~unique_ptr() [with _Tp = char; _Dp = std::default_delete<char []>]’ at /usr/include/c++/11/bits/unique_ptr.h:612:17,
    inlined from ‘static std::string cubload::error_handler::format(const char*, Args&& ...) [with Args = {int&}]’ at /home/vimkim/gh/cb/CBRD-27398-pgbuf-inspector-contract/src/loaddb/load_error_handler.hpp:205:3:
/home/vimkim/gh/cb/CBRD-27398-pgbuf-inspector-contract/src/base/memory_cwrapper.h:86:8: warning: ‘void free(void*)’ called on pointer returned from a mismatched allocation function [-Wmismatched-new-delete]
   86 |   free (ptr);
      |   ~~~~~^~~~~
In file included from /home/vimkim/gh/cb/CBRD-27398-pgbuf-inspector-contract/src/loaddb/load_error_handler.cpp:23:
/home/vimkim/gh/cb/CBRD-27398-pgbuf-inspector-contract/src/loaddb/load_error_handler.hpp: In static member function ‘static std::string cubload::error_handler::format(const char*, Args&& ...) [with Args = {int&}]’:
/home/vimkim/gh/cb/CBRD-27398-pgbuf-inspector-contract/src/loaddb/load_error_handler.hpp:199:34: note: returned from ‘void* operator new [](std::size_t)’
  199 |     std::unique_ptr<char[]> msg (new char[size]);
      |                                  ^~~~~~~~~~~~~~
[879/1437] Building CXX object cubrid/CMakeFiles/cubrid.dir/__/src/monitor/monitor_collect.cpp.o
[880/1437] Building CXX object cubrid/CMakeFiles/cubrid.dir/__/src/sp/method_invoke_group.cpp.o
[881/1437] Building CXX object cubrid/CMakeFiles/cubrid.dir/__/src/object/deduplicate_key.c.o
[882/1437] Building CXX object cubrid/CMakeFiles/cubrid.dir/__/src/connection/connection_sr.c.o
[883/1437] Building CXX object cubrid/CMakeFiles/cubrid.dir/__/src/transaction/log_system_tran.cpp.o
[884/1437] Building CXX object cubrid/CMakeFiles/cubrid.dir/__/src/sp/sp_code.cpp.o
[885/1437] Building CXX object cs/CMakeFiles/cubridcs.dir/__/src/query/string_opfunc.c.o
[886/1437] Building CXX object cubrid/CMakeFiles/cubrid.dir/__/src/method/method_scan.cpp.o
[887/1437] Building CXX object cubrid/CMakeFiles/cubrid.dir/__/src/loaddb/load_db_value_converter.cpp.o
[888/1437] Building CXX object cubrid/CMakeFiles/cubrid.dir/__/src/loaddb/load_semantic_helper.cpp.o
[889/1437] Building CXX object cubrid/CMakeFiles/cubrid.dir/__/src/monitor/monitor_transaction.cpp.o
[890/1437] Building CXX object cubrid/CMakeFiles/cubrid.dir/__/src/object/set_object.c.o
[891/1437] Building CXX object cubrid/CMakeFiles/cubrid.dir/__/src/storage/btree_unique.cpp.o
[892/1437] Building CXX object cubrid/CMakeFiles/cubrid.dir/__/src/object/transform.c.o
[893/1437] Building CXX object cubrid/CMakeFiles/cubrid.dir/__/src/connection/coordinator.cpp.o
In file included from /home/vimkim/gh/cb/CBRD-27398-pgbuf-inspector-contract/src/base/memory_alloc.h:54,
                 from /home/vimkim/gh/cb/CBRD-27398-pgbuf-inspector-contract/src/connection/connection_defs.h:38,
                 from /home/vimkim/gh/cb/CBRD-27398-pgbuf-inspector-contract/src/connection/connection_globals.h:29,
                 from /home/vimkim/gh/cb/CBRD-27398-pgbuf-inspector-contract/src/connection/connection_context.hpp:26,
                 from /home/vimkim/gh/cb/CBRD-27398-pgbuf-inspector-contract/src/connection/connection_pool.hpp:33,
                 from /home/vimkim/gh/cb/CBRD-27398-pgbuf-inspector-contract/src/connection/coordinator.cpp:33:
In function ‘void cub_free(void*)’,
    inlined from ‘void operator delete(void*, size_t)’ at /home/vimkim/gh/cb/CBRD-27398-pgbuf-inspector-contract/src/base/memory_wrapper.hpp:75:12,
    inlined from ‘void __gnu_cxx::new_allocator<_Tp>::deallocate(_Tp*, __gnu_cxx::new_allocator<_Tp>::size_type) [with _Tp = std::__detail::_Hash_node<std::pair<const long unsigned int, std::pair<cubconn::statistics::metrics<cubconn::statistics::context, double>, cubconn::statistics::metrics<cubconn::statistics::context> > >, false>]’ at /usr/include/c++/11/ext/new_allocator.h:145:19,
    inlined from ‘static void std::allocator_traits<std::allocator<_CharT> >::deallocate(std::allocator_traits<std::allocator<_CharT> >::allocator_type&, std::allocator_traits<std::allocator<_CharT> >::pointer, std::allocator_traits<std::allocator<_CharT> >::size_type) [with _Tp = std::__detail::_Hash_node<std::pair<const long unsigned int, std::pair<cubconn::statistics::metrics<cubconn::statistics::context, double>, cubconn::statistics::metrics<cubconn::statistics::context> > >, false>]’ at /usr/include/c++/11/bits/alloc_traits.h:496:23,
    inlined from ‘void std::__detail::_Hashtable_alloc<_NodeAlloc>::_M_deallocate_node_ptr(std::__detail::_Hashtable_alloc<_NodeAlloc>::__node_ptr) [with _NodeAlloc = std::allocator<std::__detail::_Hash_node<std::pair<const long unsigned int, std::pair<cubconn::statistics::metrics<cubconn::statistics::context, double>, cubconn::statistics::metrics<cubconn::statistics::context> > >, false> >]’ at /usr/include/c++/11/bits/hashtable_policy.h:1909:38,
    inlined from ‘void std::__detail::_Hashtable_alloc<_NodeAlloc>::_M_deallocate_node(std::__detail::_Hashtable_alloc<_NodeAlloc>::__node_ptr) [with _NodeAlloc = std::allocator<std::__detail::_Hash_node<std::pair<const long unsigned int, std::pair<cubconn::statistics::metrics<cubconn::statistics::context, double>, cubconn::statistics::metrics<cubconn::statistics::context> > >, false> >]’ at /usr/include/c++/11/bits/hashtable_policy.h:1899:29,
    inlined from ‘std::_Hashtable<_Key, _Value, _Alloc, _ExtractKey, _Equal, _Hash, _RangeHash, _Unused, _RehashPolicy, _Traits>::_Scoped_node::~_Scoped_node() [with _Key = long unsigned int; _Value = std::pair<const long unsigned int, std::pair<cubconn::statistics::metrics<cubconn::statistics::context, double>, cubconn::statistics::metrics<cubconn::statistics::context> > >; _Alloc = std::allocator<std::pair<const long unsigned int, std::pair<cubconn::statistics::metrics<cubconn::statistics::context, double>, cubconn::statistics::metrics<cubconn::statistics::context> > > >; _ExtractKey = std::__detail::_Select1st; _Equal = std::equal_to<long unsigned int>; _Hash = std::hash<long unsigned int>; _RangeHash = std::__detail::_Mod_range_hashing; _Unused = std::__detail::_Default_ranged_hash; _RehashPolicy = std::__detail::_Prime_rehash_policy; _Traits = std::__detail::_Hashtable_traits<false, false, true>]’ at /usr/include/c++/11/bits/hashtable.h:308:57,
    inlined from ‘std::pair<typename std::__detail::_Insert<_Key, _Value, _Alloc, _ExtractKey, _Equal, _Hash, _RangeHash, _Unused, _RehashPolicy, _Traits>::iterator, bool> std::_Hashtable<_Key, _Value, _Alloc, _ExtractKey, _Equal, _Hash, _RangeHash, _Unused, _RehashPolicy, _Traits>::_M_emplace(std::true_type, _Args&& ...) [with _Args = {long unsigned int&, std::pair<cubconn::statistics::metrics<cubconn::statistics::context, double>, cubconn::statistics::metrics<cubconn::statistics::context, long unsigned int> >}; _Key = long unsigned int; _Value = std::pair<const long unsigned int, std::pair<cubconn::statistics::metrics<cubconn::statistics::context, double>, cubconn::statistics::metrics<cubconn::statistics::context> > >; _Alloc = std::allocator<std::pair<const long unsigned int, std::pair<cubconn::statistics::metrics<cubconn::statistics::context, double>, cubconn::statistics::metrics<cubconn::statistics::context> > > >; _ExtractKey = std::__detail::_Select1st; _Equal = std::equal_to<long unsigned int>; _Hash = std::hash<long unsigned int>; _RangeHash = std::__detail::_Mod_range_hashing; _Unused = std::__detail::_Default_ranged_hash; _RehashPolicy = std::__detail::_Prime_rehash_policy; _Traits = std::__detail::_Hashtable_traits<false, false, true>]’ at /usr/include/c++/11/bits/hashtable.h:1978:7,
    inlined from ‘std::_Hashtable<_Key, _Value, _Alloc, _ExtractKey, _Equal, _Hash, _RangeHash, _Unused, _RehashPolicy, _Traits>::__ireturn_type std::_Hashtable<_Key, _Value, _Alloc, _ExtractKey, _Equal, _Hash, _RangeHash, _Unused, _RehashPolicy, _Traits>::emplace(_Args&& ...) [with _Args = {long unsigned int&, std::pair<cubconn::statistics::metrics<cubconn::statistics::context, double>, cubconn::statistics::metrics<cubconn::statistics::context, long unsigned int> >}; _Key = long unsigned int; _Value = std::pair<const long unsigned int, std::pair<cubconn::statistics::metrics<cubconn::statistics::context, double>, cubconn::statistics::metrics<cubconn::statistics::context> > >; _Alloc = std::allocator<std::pair<const long unsigned int, std::pair<cubconn::statistics::metrics<cubconn::statistics::context, double>, cubconn::statistics::metrics<cubconn::statistics::context> > > >; _ExtractKey = std::__detail::_Select1st; _Equal = std::equal_to<long unsigned int>; _Hash = std::hash<long unsigned int>; _RangeHash = std::__detail::_Mod_range_hashing; _Unused = std::__detail::_Default_ranged_hash; _RehashPolicy = std::__detail::_Prime_rehash_policy; _Traits = std::__detail::_Hashtable_traits<false, false, true>]’ at /usr/include/c++/11/bits/hashtable.h:915:21,
    inlined from ‘std::pair<typename std::_Hashtable<_Key, std::pair<const _Key, _Tp>, _Alloc, std::__detail::_Select1st, _Pred, _Hash, std::__detail::_Mod_range_hashing, std::__detail::_Default_ranged_hash, std::__detail::_Prime_rehash_policy, std::__detail::_Hashtable_traits<std::__not_<std::__and_<std::__is_fast_hash<_Hash>, std::__is_nothrow_invocable<const _Hash&, const _Key&> > >::value, false, true> >::iterator, bool> std::unordered_map<_Key, _Tp, _Hash, _Pred, _Alloc>::emplace(_Args&& ...) [with _Args = {long unsigned int&, std::pair<cubconn::statistics::metrics<cubconn::statistics::context, double>, cubconn::statistics::metrics<cubconn::statistics::context, long unsigned int> >}; _Key = long unsigned int; _Tp = std::pair<cubconn::statistics::metrics<cubconn::statistics::context, double>, cubconn::statistics::metrics<cubconn::statistics::context> >; _Hash = std::hash<long unsigned int>; _Pred = std::equal_to<long unsigned int>; _Alloc = std::allocator<std::pair<const long unsigned int, std::pair<cubconn::statistics::metrics<cubconn::statistics::context, double>, cubconn::statistics::metrics<cubconn::statistics::context> > > >]’ at /usr/include/c++/11/bits/unordered_map.h:389:23,
    inlined from ‘bool cubconn::connection::coordinator::handle_message_queue_new_client(cubconn::connection::coordinator::message&)’ at /home/vimkim/gh/cb/CBRD-27398-pgbuf-inspector-contract/src/connection/coordinator.cpp:967:45:
/home/vimkim/gh/cb/CBRD-27398-pgbuf-inspector-contract/src/base/memory_cwrapper.h:86:8: warning: ‘void free(void*)’ called on pointer returned from a mismatched allocation function [-Wmismatched-new-delete]
   86 |   free (ptr);
      |   ~~~~~^~~~~
In file included from /usr/include/c++/11/x86_64-redhat-linux/bits/c++allocator.h:33,
                 from /usr/include/c++/11/bits/allocator.h:46,
                 from /usr/include/c++/11/string:41,
                 from /usr/include/c++/11/random:40,
                 from /home/vimkim/gh/cb/CBRD-27398-pgbuf-inspector-contract/src/connection/coordinator.cpp:23:
/usr/include/c++/11/ext/new_allocator.h: In member function ‘bool cubconn::connection::coordinator::handle_message_queue_new_client(cubconn::connection::coordinator::message&)’:
/usr/include/c++/11/ext/new_allocator.h:127:48: note: returned from ‘void* operator new(std::size_t)’
  127 |         return static_cast<_Tp*>(::operator new(__n * sizeof(_Tp)));
      |                                  ~~~~~~~~~~~~~~^~~~~~~~~~~~~~~~~~~
In file included from /home/vimkim/gh/cb/CBRD-27398-pgbuf-inspector-contract/src/base/memory_alloc.h:54,
                 from /home/vimkim/gh/cb/CBRD-27398-pgbuf-inspector-contract/src/connection/connection_defs.h:38,
                 from /home/vimkim/gh/cb/CBRD-27398-pgbuf-inspector-contract/src/connection/connection_globals.h:29,
                 from /home/vimkim/gh/cb/CBRD-27398-pgbuf-inspector-contract/src/connection/connection_context.hpp:26,
                 from /home/vimkim/gh/cb/CBRD-27398-pgbuf-inspector-contract/src/connection/connection_pool.hpp:33,
                 from /home/vimkim/gh/cb/CBRD-27398-pgbuf-inspector-contract/src/connection/coordinator.cpp:33:
In function ‘void cub_free(void*)’,
    inlined from ‘void operator delete(void*, size_t)’ at /home/vimkim/gh/cb/CBRD-27398-pgbuf-inspector-contract/src/base/memory_wrapper.hpp:75:12,
    inlined from ‘void __gnu_cxx::new_allocator<_Tp>::deallocate(_Tp*, __gnu_cxx::new_allocator<_Tp>::size_type) [with _Tp = std::__detail::_Hash_node<std::pair<const long unsigned int, std::pair<cubconn::statistics::metrics<cubconn::statistics::context, double>, cubconn::statistics::metrics<cubconn::statistics::context> > >, false>]’ at /usr/include/c++/11/ext/new_allocator.h:145:19,
    inlined from ‘static void std::allocator_traits<std::allocator<_CharT> >::deallocate(std::allocator_traits<std::allocator<_CharT> >::allocator_type&, std::allocator_traits<std::allocator<_CharT> >::pointer, std::allocator_traits<std::allocator<_CharT> >::size_type) [with _Tp = std::__detail::_Hash_node<std::pair<const long unsigned int, std::pair<cubconn::statistics::metrics<cubconn::statistics::context, double>, cubconn::statistics::metrics<cubconn::statistics::context> > >, false>]’ at /usr/include/c++/11/bits/alloc_traits.h:496:23,
    inlined from ‘void std::__detail::_Hashtable_alloc<_NodeAlloc>::_M_deallocate_node_ptr(std::__detail::_Hashtable_alloc<_NodeAlloc>::__node_ptr) [with _NodeAlloc = std::allocator<std::__detail::_Hash_node<std::pair<const long unsigned int, std::pair<cubconn::statistics::metrics<cubconn::statistics::context, double>, cubconn::statistics::metrics<cubconn::statistics::context> > >, false> >]’ at /usr/include/c++/11/bits/hashtable_policy.h:1909:38,
    inlined from ‘void std::__detail::_Hashtable_alloc<_NodeAlloc>::_M_deallocate_node(std::__detail::_Hashtable_alloc<_NodeAlloc>::__node_ptr) [with _NodeAlloc = std::allocator<std::__detail::_Hash_node<std::pair<const long unsigned int, std::pair<cubconn::statistics::metrics<cubconn::statistics::context, double>, cubconn::statistics::metrics<cubconn::statistics::context> > >, false> >]’ at /usr/include/c++/11/bits/hashtable_policy.h:1899:29,
    inlined from ‘std::_Hashtable<_Key, _Value, _Alloc, _ExtractKey, _Equal, _Hash, _RangeHash, _Unused, _RehashPolicy, _Traits>::_Scoped_node::~_Scoped_node() [with _Key = long unsigned int; _Value = std::pair<const long unsigned int, std::pair<cubconn::statistics::metrics<cubconn::statistics::context, double>, cubconn::statistics::metrics<cubconn::statistics::context> > >; _Alloc = std::allocator<std::pair<const long unsigned int, std::pair<cubconn::statistics::metrics<cubconn::statistics::context, double>, cubconn::statistics::metrics<cubconn::statistics::context> > > >; _ExtractKey = std::__detail::_Select1st; _Equal = std::equal_to<long unsigned int>; _Hash = std::hash<long unsigned int>; _RangeHash = std::__detail::_Mod_range_hashing; _Unused = std::__detail::_Default_ranged_hash; _RehashPolicy = std::__detail::_Prime_rehash_policy; _Traits = std::__detail::_Hashtable_traits<false, false, true>]’ at /usr/include/c++/11/bits/hashtable.h:308:57,
    inlined from ‘std::pair<typename std::__detail::_Insert<_Key, _Value, _Alloc, _ExtractKey, _Equal, _Hash, _RangeHash, _Unused, _RehashPolicy, _Traits>::iterator, bool> std::_Hashtable<_Key, _Value, _Alloc, _ExtractKey, _Equal, _Hash, _RangeHash, _Unused, _RehashPolicy, _Traits>::_M_emplace(std::true_type, _Args&& ...) [with _Args = {const long unsigned int&, std::pair<cubconn::statistics::metrics<cubconn::statistics::context, double>, cubconn::statistics::metrics<cubconn::statistics::context, long unsigned int> >}; _Key = long unsigned int; _Value = std::pair<const long unsigned int, std::pair<cubconn::statistics::metrics<cubconn::statistics::context, double>, cubconn::statistics::metrics<cubconn::statistics::context> > >; _Alloc = std::allocator<std::pair<const long unsigned int, std::pair<cubconn::statistics::metrics<cubconn::statistics::context, double>, cubconn::statistics::metrics<cubconn::statistics::context> > > >; _ExtractKey = std::__detail::_Select1st; _Equal = std::equal_to<long unsigned int>; _Hash = std::hash<long unsigned int>; _RangeHash = std::__detail::_Mod_range_hashing; _Unused = std::__detail::_Default_ranged_hash; _RehashPolicy = std::__detail::_Prime_rehash_policy; _Traits = std::__detail::_Hashtable_traits<false, false, true>]’ at /usr/include/c++/11/bits/hashtable.h:1978:7,
    inlined from ‘std::_Hashtable<_Key, _Value, _Alloc, _ExtractKey, _Equal, _Hash, _RangeHash, _Unused, _RehashPolicy, _Traits>::__ireturn_type std::_Hashtable<_Key, _Value, _Alloc, _ExtractKey, _Equal, _Hash, _RangeHash, _Unused, _RehashPolicy, _Traits>::emplace(_Args&& ...) [with _Args = {const long unsigned int&, std::pair<cubconn::statistics::metrics<cubconn::statistics::context, double>, cubconn::statistics::metrics<cubconn::statistics::context, long unsigned int> >}; _Key = long unsigned int; _Value = std::pair<const long unsigned int, std::pair<cubconn::statistics::metrics<cubconn::statistics::context, double>, cubconn::statistics::metrics<cubconn::statistics::context> > >; _Alloc = std::allocator<std::pair<const long unsigned int, std::pair<cubconn::statistics::metrics<cubconn::statistics::context, double>, cubconn::statistics::metrics<cubconn::statistics::context> > > >; _ExtractKey = std::__detail::_Select1st; _Equal = std::equal_to<long unsigned int>; _Hash = std::hash<long unsigned int>; _RangeHash = std::__detail::_Mod_range_hashing; _Unused = std::__detail::_Default_ranged_hash; _RehashPolicy = std::__detail::_Prime_rehash_policy; _Traits = std::__detail::_Hashtable_traits<false, false, true>]’ at /usr/include/c++/11/bits/hashtable.h:915:21,
    inlined from ‘std::pair<typename std::_Hashtable<_Key, std::pair<const _Key, _Tp>, _Alloc, std::__detail::_Select1st, _Pred, _Hash, std::__detail::_Mod_range_hashing, std::__detail::_Default_ranged_hash, std::__detail::_Prime_rehash_policy, std::__detail::_Hashtable_traits<std::__not_<std::__and_<std::__is_fast_hash<_Hash>, std::__is_nothrow_invocable<const _Hash&, const _Key&> > >::value, false, true> >::iterator, bool> std::unordered_map<_Key, _Tp, _Hash, _Pred, _Alloc>::emplace(_Args&& ...) [with _Args = {const long unsigned int&, std::pair<cubconn::statistics::metrics<cubconn::statistics::context, double>, cubconn::statistics::metrics<cubconn::statistics::context, long unsigned int> >}; _Key = long unsigned int; _Tp = std::pair<cubconn::statistics::metrics<cubconn::statistics::context, double>, cubconn::statistics::metrics<cubconn::statistics::context> >; _Hash = std::hash<long unsigned int>; _Pred = std::equal_to<long unsigned int>; _Alloc = std::allocator<std::pair<const long unsigned int, std::pair<cubconn::statistics::metrics<cubconn::statistics::context, double>, cubconn::statistics::metrics<cubconn::statistics::context> > > >]’ at /usr/include/c++/11/bits/unordered_map.h:389:23,
    inlined from ‘bool cubconn::connection::coordinator::transfer_connection(uint64_t, int, int)’ at /home/vimkim/gh/cb/CBRD-27398-pgbuf-inspector-contract/src/connection/coordinator.cpp:268:41:
/home/vimkim/gh/cb/CBRD-27398-pgbuf-inspector-contract/src/base/memory_cwrapper.h:86:8: warning: ‘void free(void*)’ called on pointer returned from a mismatched allocation function [-Wmismatched-new-delete]
   86 |   free (ptr);
      |   ~~~~~^~~~~
In file included from /usr/include/c++/11/x86_64-redhat-linux/bits/c++allocator.h:33,
                 from /usr/include/c++/11/bits/allocator.h:46,
                 from /usr/include/c++/11/string:41,
                 from /usr/include/c++/11/random:40,
                 from /home/vimkim/gh/cb/CBRD-27398-pgbuf-inspector-contract/src/connection/coordinator.cpp:23:
/usr/include/c++/11/ext/new_allocator.h: In member function ‘bool cubconn::connection::coordinator::transfer_connection(uint64_t, int, int)’:
/usr/include/c++/11/ext/new_allocator.h:127:48: note: returned from ‘void* operator new(std::size_t)’
  127 |         return static_cast<_Tp*>(::operator new(__n * sizeof(_Tp)));
      |                                  ~~~~~~~~~~~~~~^~~~~~~~~~~~~~~~~~~
[894/1437] Building CXX object cubrid/CMakeFiles/cubrid.dir/__/src/sp/pl_execution_stack_context.cpp.o
[895/1437] Building CXX object cubrid/CMakeFiles/cubrid.dir/__/src/monitor/monitor_vacuum_ovfp_threshold.cpp.o
[896/1437] Building CXX object cubrid/CMakeFiles/cubrid.dir/__/src/object/object_representation.c.o
/home/vimkim/gh/cb/CBRD-27398-pgbuf-inspector-contract/src/object/object_representation.c: In function ‘char* or_unpack_spacedb(char*, SPACEDB_ALL*, SPACEDB_ONEVOL**, SPACEDB_FILES*)’:
/home/vimkim/gh/cb/CBRD-27398-pgbuf-inspector-contract/src/object/object_representation.c:6261:19: warning: ‘char* strncpy(char*, const char*, size_t)’ specified bound 4096 equals destination size [-Wstringop-truncation]
 6261 |           strncpy ((*vols)[iter_vol].name, volname, DB_MAX_PATH_LENGTH);
      |           ~~~~~~~~^~~~~~~~~~~~~~~~~~~~~~~~~~~~~~~~~~~~~~~~~~~~~~~~~~~~~
[897/1437] Building CXX object cubrid/CMakeFiles/cubrid.dir/__/src/method/method_struct_schema_info.cpp.o
[898/1437] Building CXX object cubrid/CMakeFiles/cubrid.dir/__/src/query/crypt_opfunc.c.o
[899/1437] Building CXX object cubrid/CMakeFiles/cubrid.dir/__/src/storage/es_common.c.o
[900/1437] Building CXX object cubrid/CMakeFiles/cubrid.dir/__/src/storage/es.c.o
[901/1437] Building CXX object cubrid/CMakeFiles/cubrid.dir/__/src/connection/connection_worker.cpp.o
[902/1437] Building CXX object cubrid/CMakeFiles/cubrid.dir/__/src/connection/server_support.c.o
[903/1437] Building CXX object cubrid/CMakeFiles/cubrid.dir/__/src/query/regu_var.cpp.o
[904/1437] Building CXX object cubrid/CMakeFiles/cubrid.dir/__/src/sp/pl_executor.cpp.o
[905/1437] Building CXX object cubrid/CMakeFiles/cubrid.dir/__/src/query/numeric_opfunc.c.o
[906/1437] Building CXX object cubrid/CMakeFiles/cubrid.dir/__/src/query/string_regex_re2.cpp.o
[907/1437] Building CXX object cubrid/CMakeFiles/cubrid.dir/__/src/sp/pl_session.cpp.o
[908/1437] Building CXX object cubrid/CMakeFiles/cubrid.dir/__/src/query/string_regex.cpp.o
[909/1437] Building CXX object cubrid/CMakeFiles/cubrid.dir/__/src/query/dblink_2pc.c.o
[910/1437] Building CXX object cubrid/CMakeFiles/cubrid.dir/__/src/storage/oid.c.o
[911/1437] Building CXX object cubrid/CMakeFiles/cubrid.dir/__/src/query/dblink_scan.c.o
[912/1437] Building CXX object cubrid/CMakeFiles/cubrid.dir/__/src/storage/oos_util.cpp.o
[913/1437] Building CXX object cubrid/CMakeFiles/cubrid.dir/__/src/query/set_scan.c.o
[914/1437] Building CXX object cubrid/CMakeFiles/cubrid.dir/__/src/loaddb/load_session.cpp.o
In file included from /home/vimkim/gh/cb/CBRD-27398-pgbuf-inspector-contract/src/base/memory_alloc.h:54,
                 from /home/vimkim/gh/cb/CBRD-27398-pgbuf-inspector-contract/src/base/memory_hash.h:30,
                 from /home/vimkim/gh/cb/CBRD-27398-pgbuf-inspector-contract/src/storage/file_io.h:33,
                 from /home/vimkim/gh/cb/CBRD-27398-pgbuf-inspector-contract/src/transaction/log_manager.h:37,
                 from /home/vimkim/gh/cb/CBRD-27398-pgbuf-inspector-contract/src/storage/system_catalog.h:36,
                 from /home/vimkim/gh/cb/CBRD-27398-pgbuf-inspector-contract/src/base/object_representation_sr.h:42,
                 from /home/vimkim/gh/cb/CBRD-27398-pgbuf-inspector-contract/src/loaddb/load_class_registry.hpp:27,
                 from /home/vimkim/gh/cb/CBRD-27398-pgbuf-inspector-contract/src/loaddb/load_session.hpp:27,
                 from /home/vimkim/gh/cb/CBRD-27398-pgbuf-inspector-contract/src/loaddb/load_session.cpp:23:
In function ‘void cub_free(void*)’,
    inlined from ‘void operator delete [](void*)’ at /home/vimkim/gh/cb/CBRD-27398-pgbuf-inspector-contract/src/base/memory_wrapper.hpp:80:12,
    inlined from ‘typename std::enable_if<std::is_convertible<_Up (*)[], _Tp (*)[]>::value>::type std::default_delete<_Tp []>::operator()(_Up*) const [with _Up = char; _Tp = char]’ at /usr/include/c++/11/bits/unique_ptr.h:120:4,
    inlined from ‘std::unique_ptr<_Tp [], _Dp>::~unique_ptr() [with _Tp = char; _Dp = std::default_delete<char []>]’ at /usr/include/c++/11/bits/unique_ptr.h:612:17,
    inlined from ‘static std::string cubload::error_handler::format(const char*, Args&& ...) [with Args = {}]’ at /home/vimkim/gh/cb/CBRD-27398-pgbuf-inspector-contract/src/loaddb/load_error_handler.hpp:205:3:
/home/vimkim/gh/cb/CBRD-27398-pgbuf-inspector-contract/src/base/memory_cwrapper.h:86:8: warning: ‘void free(void*)’ called on pointer returned from a mismatched allocation function [-Wmismatched-new-delete]
   86 |   free (ptr);
      |   ~~~~~^~~~~
In file included from /home/vimkim/gh/cb/CBRD-27398-pgbuf-inspector-contract/src/loaddb/load_session.hpp:29,
                 from /home/vimkim/gh/cb/CBRD-27398-pgbuf-inspector-contract/src/loaddb/load_session.cpp:23:
/home/vimkim/gh/cb/CBRD-27398-pgbuf-inspector-contract/src/loaddb/load_error_handler.hpp: In static member function ‘static std::string cubload::error_handler::format(const char*, Args&& ...) [with Args = {}]’:
/home/vimkim/gh/cb/CBRD-27398-pgbuf-inspector-contract/src/loaddb/load_error_handler.hpp:199:34: note: returned from ‘void* operator new [](std::size_t)’
  199 |     std::unique_ptr<char[]> msg (new char[size]);
      |                                  ^~~~~~~~~~~~~~
In file included from /home/vimkim/gh/cb/CBRD-27398-pgbuf-inspector-contract/src/base/memory_alloc.h:54,
                 from /home/vimkim/gh/cb/CBRD-27398-pgbuf-inspector-contract/src/base/memory_hash.h:30,
                 from /home/vimkim/gh/cb/CBRD-27398-pgbuf-inspector-contract/src/storage/file_io.h:33,
                 from /home/vimkim/gh/cb/CBRD-27398-pgbuf-inspector-contract/src/transaction/log_manager.h:37,
                 from /home/vimkim/gh/cb/CBRD-27398-pgbuf-inspector-contract/src/storage/system_catalog.h:36,
                 from /home/vimkim/gh/cb/CBRD-27398-pgbuf-inspector-contract/src/base/object_representation_sr.h:42,
                 from /home/vimkim/gh/cb/CBRD-27398-pgbuf-inspector-contract/src/loaddb/load_class_registry.hpp:27,
                 from /home/vimkim/gh/cb/CBRD-27398-pgbuf-inspector-contract/src/loaddb/load_session.hpp:27,
                 from /home/vimkim/gh/cb/CBRD-27398-pgbuf-inspector-contract/src/loaddb/load_session.cpp:23:
In function ‘void cub_free(void*)’,
    inlined from ‘void operator delete [](void*)’ at /home/vimkim/gh/cb/CBRD-27398-pgbuf-inspector-contract/src/base/memory_wrapper.hpp:80:12,
    inlined from ‘typename std::enable_if<std::is_convertible<_Up (*)[], _Tp (*)[]>::value>::type std::default_delete<_Tp []>::operator()(_Up*) const [with _Up = char; _Tp = char]’ at /usr/include/c++/11/bits/unique_ptr.h:120:4,
    inlined from ‘std::unique_ptr<_Tp [], _Dp>::~unique_ptr() [with _Tp = char; _Dp = std::default_delete<char []>]’ at /usr/include/c++/11/bits/unique_ptr.h:612:17,
    inlined from ‘static std::string cubload::error_handler::format(const char*, Args&& ...) [with Args = {int&}]’ at /home/vimkim/gh/cb/CBRD-27398-pgbuf-inspector-contract/src/loaddb/load_error_handler.hpp:205:3,
    inlined from ‘void cubload::error_handler::on_error_with_line(int, MSGCAT_LOADDB_MSG, Args&& ...) [with Args = {}]’ at /home/vimkim/gh/cb/CBRD-27398-pgbuf-inspector-contract/src/loaddb/load_error_handler.hpp:152:20:
/home/vimkim/gh/cb/CBRD-27398-pgbuf-inspector-contract/src/base/memory_cwrapper.h:86:8: warning: ‘void free(void*)’ called on pointer returned from a mismatched allocation function [-Wmismatched-new-delete]
   86 |   free (ptr);
      |   ~~~~~^~~~~
In file included from /home/vimkim/gh/cb/CBRD-27398-pgbuf-inspector-contract/src/loaddb/load_session.hpp:29,
                 from /home/vimkim/gh/cb/CBRD-27398-pgbuf-inspector-contract/src/loaddb/load_session.cpp:23:
/home/vimkim/gh/cb/CBRD-27398-pgbuf-inspector-contract/src/loaddb/load_error_handler.hpp: In member function ‘void cubload::error_handler::on_error_with_line(int, MSGCAT_LOADDB_MSG, Args&& ...) [with Args = {}]’:
/home/vimkim/gh/cb/CBRD-27398-pgbuf-inspector-contract/src/loaddb/load_error_handler.hpp:199:34: note: returned from ‘void* operator new [](std::size_t)’
  199 |     std::unique_ptr<char[]> msg (new char[size]);
      |                                  ^~~~~~~~~~~~~~
In file included from /home/vimkim/gh/cb/CBRD-27398-pgbuf-inspector-contract/src/base/memory_alloc.h:54,
                 from /home/vimkim/gh/cb/CBRD-27398-pgbuf-inspector-contract/src/base/memory_hash.h:30,
                 from /home/vimkim/gh/cb/CBRD-27398-pgbuf-inspector-contract/src/storage/file_io.h:33,
                 from /home/vimkim/gh/cb/CBRD-27398-pgbuf-inspector-contract/src/transaction/log_manager.h:37,
                 from /home/vimkim/gh/cb/CBRD-27398-pgbuf-inspector-contract/src/storage/system_catalog.h:36,
                 from /home/vimkim/gh/cb/CBRD-27398-pgbuf-inspector-contract/src/base/object_representation_sr.h:42,
                 from /home/vimkim/gh/cb/CBRD-27398-pgbuf-inspector-contract/src/loaddb/load_class_registry.hpp:27,
                 from /home/vimkim/gh/cb/CBRD-27398-pgbuf-inspector-contract/src/loaddb/load_session.hpp:27,
                 from /home/vimkim/gh/cb/CBRD-27398-pgbuf-inspector-contract/src/loaddb/load_session.cpp:23:
In function ‘void cub_free(void*)’,
    inlined from ‘void operator delete [](void*)’ at /home/vimkim/gh/cb/CBRD-27398-pgbuf-inspector-contract/src/base/memory_wrapper.hpp:80:12,
    inlined from ‘typename std::enable_if<std::is_convertible<_Up (*)[], _Tp (*)[]>::value>::type std::default_delete<_Tp []>::operator()(_Up*) const [with _Up = char; _Tp = char]’ at /usr/include/c++/11/bits/unique_ptr.h:120:4,
    inlined from ‘std::unique_ptr<_Tp [], _Dp>::~unique_ptr() [with _Tp = char; _Dp = std::default_delete<char []>]’ at /usr/include/c++/11/bits/unique_ptr.h:612:17,
    inlined from ‘static std::string cubload::error_handler::format(const char*, Args&& ...) [with Args = {int}]’ at /home/vimkim/gh/cb/CBRD-27398-pgbuf-inspector-contract/src/loaddb/load_error_handler.hpp:205:3:
/home/vimkim/gh/cb/CBRD-27398-pgbuf-inspector-contract/src/base/memory_cwrapper.h:86:8: warning: ‘void free(void*)’ called on pointer returned from a mismatched allocation function [-Wmismatched-new-delete]
   86 |   free (ptr);
      |   ~~~~~^~~~~
In file included from /home/vimkim/gh/cb/CBRD-27398-pgbuf-inspector-contract/src/loaddb/load_session.hpp:29,
                 from /home/vimkim/gh/cb/CBRD-27398-pgbuf-inspector-contract/src/loaddb/load_session.cpp:23:
/home/vimkim/gh/cb/CBRD-27398-pgbuf-inspector-contract/src/loaddb/load_error_handler.hpp: In static member function ‘static std::string cubload::error_handler::format(const char*, Args&& ...) [with Args = {int}]’:
/home/vimkim/gh/cb/CBRD-27398-pgbuf-inspector-contract/src/loaddb/load_error_handler.hpp:199:34: note: returned from ‘void* operator new [](std::size_t)’
  199 |     std::unique_ptr<char[]> msg (new char[size]);
      |                                  ^~~~~~~~~~~~~~
In file included from /home/vimkim/gh/cb/CBRD-27398-pgbuf-inspector-contract/src/base/memory_alloc.h:54,
                 from /home/vimkim/gh/cb/CBRD-27398-pgbuf-inspector-contract/src/base/memory_hash.h:30,
                 from /home/vimkim/gh/cb/CBRD-27398-pgbuf-inspector-contract/src/storage/file_io.h:33,
                 from /home/vimkim/gh/cb/CBRD-27398-pgbuf-inspector-contract/src/transaction/log_manager.h:37,
                 from /home/vimkim/gh/cb/CBRD-27398-pgbuf-inspector-contract/src/storage/system_catalog.h:36,
                 from /home/vimkim/gh/cb/CBRD-27398-pgbuf-inspector-contract/src/base/object_representation_sr.h:42,
                 from /home/vimkim/gh/cb/CBRD-27398-pgbuf-inspector-contract/src/loaddb/load_class_registry.hpp:27,
                 from /home/vimkim/gh/cb/CBRD-27398-pgbuf-inspector-contract/src/loaddb/load_session.hpp:27,
                 from /home/vimkim/gh/cb/CBRD-27398-pgbuf-inspector-contract/src/loaddb/load_session.cpp:23:
In function ‘void cub_free(void*)’,
    inlined from ‘void operator delete [](void*)’ at /home/vimkim/gh/cb/CBRD-27398-pgbuf-inspector-contract/src/base/memory_wrapper.hpp:80:12,
    inlined from ‘typename std::enable_if<std::is_convertible<_Up (*)[], _Tp (*)[]>::value>::type std::default_delete<_Tp []>::operator()(_Up*) const [with _Up = char; _Tp = char]’ at /usr/include/c++/11/bits/unique_ptr.h:120:4,
    inlined from ‘std::unique_ptr<_Tp [], _Dp>::~unique_ptr() [with _Tp = char; _Dp = std::default_delete<char []>]’ at /usr/include/c++/11/bits/unique_ptr.h:612:17,
    inlined from ‘static std::string cubload::error_handler::format(const char*, Args&& ...) [with Args = {const char*, long unsigned int&}]’ at /home/vimkim/gh/cb/CBRD-27398-pgbuf-inspector-contract/src/loaddb/load_error_handler.hpp:205:3,
    inlined from ‘static std::string cubload::error_handler::format_log_msg(MSGCAT_LOADDB_MSG, Args&& ...) [with Args = {const char*, long unsigned int&}]’ at /home/vimkim/gh/cb/CBRD-27398-pgbuf-inspector-contract/src/loaddb/load_error_handler.hpp:225:20:
/home/vimkim/gh/cb/CBRD-27398-pgbuf-inspector-contract/src/base/memory_cwrapper.h:86:8: warning: ‘void free(void*)’ called on pointer returned from a mismatched allocation function [-Wmismatched-new-delete]
   86 |   free (ptr);
      |   ~~~~~^~~~~
In file included from /home/vimkim/gh/cb/CBRD-27398-pgbuf-inspector-contract/src/loaddb/load_session.hpp:29,
                 from /home/vimkim/gh/cb/CBRD-27398-pgbuf-inspector-contract/src/loaddb/load_session.cpp:23:
/home/vimkim/gh/cb/CBRD-27398-pgbuf-inspector-contract/src/loaddb/load_error_handler.hpp: In static member function ‘static std::string cubload::error_handler::format_log_msg(MSGCAT_LOADDB_MSG, Args&& ...) [with Args = {const char*, long unsigned int&}]’:
/home/vimkim/gh/cb/CBRD-27398-pgbuf-inspector-contract/src/loaddb/load_error_handler.hpp:199:34: note: returned from ‘void* operator new [](std::size_t)’
  199 |     std::unique_ptr<char[]> msg (new char[size]);
      |                                  ^~~~~~~~~~~~~~
[915/1437] Building CXX object cubrid/CMakeFiles/cubrid.dir/__/src/storage/statistics_ndv.c.o
[916/1437] Building CXX object cubrid/CMakeFiles/cubrid.dir/__/src/storage/es_posix.c.o
[917/1437] Building CXX object cubrid/CMakeFiles/cubrid.dir/__/src/query/query_reevaluation.cpp.o
[918/1437] Building CXX object cubrid/CMakeFiles/cubrid.dir/__/src/storage/storage_common.c.o
[919/1437] Building CXX object cubrid/CMakeFiles/cubrid.dir/__/src/query/vacuum_oos.cpp.o
[920/1437] Building CXX object cubrid/CMakeFiles/cubrid.dir/__/src/loaddb/load_server_loader.cpp.o
In file included from /home/vimkim/gh/cb/CBRD-27398-pgbuf-inspector-contract/src/base/memory_alloc.h:54,
                 from /home/vimkim/gh/cb/CBRD-27398-pgbuf-inspector-contract/src/base/memory_hash.h:30,
                 from /home/vimkim/gh/cb/CBRD-27398-pgbuf-inspector-contract/src/storage/file_io.h:33,
                 from /home/vimkim/gh/cb/CBRD-27398-pgbuf-inspector-contract/src/transaction/log_manager.h:37,
                 from /home/vimkim/gh/cb/CBRD-27398-pgbuf-inspector-contract/src/storage/system_catalog.h:36,
                 from /home/vimkim/gh/cb/CBRD-27398-pgbuf-inspector-contract/src/base/object_representation_sr.h:42,
                 from /home/vimkim/gh/cb/CBRD-27398-pgbuf-inspector-contract/src/query/heap_attrinfo.h:27,
                 from /home/vimkim/gh/cb/CBRD-27398-pgbuf-inspector-contract/src/loaddb/load_server_loader.hpp:27,
                 from /home/vimkim/gh/cb/CBRD-27398-pgbuf-inspector-contract/src/loaddb/load_server_loader.cpp:23:
In function ‘void cub_free(void*)’,
    inlined from ‘void operator delete [](void*)’ at /home/vimkim/gh/cb/CBRD-27398-pgbuf-inspector-contract/src/base/memory_wrapper.hpp:80:12,
    inlined from ‘typename std::enable_if<std::is_convertible<_Up (*)[], _Tp (*)[]>::value>::type std::default_delete<_Tp []>::operator()(_Up*) const [with _Up = char; _Tp = char]’ at /usr/include/c++/11/bits/unique_ptr.h:120:4,
    inlined from ‘std::unique_ptr<_Tp [], _Dp>::~unique_ptr() [with _Tp = char; _Dp = std::default_delete<char []>]’ at /usr/include/c++/11/bits/unique_ptr.h:612:17,
    inlined from ‘static std::string cubload::error_handler::format(const char*, Args&& ...) [with Args = {}]’ at /home/vimkim/gh/cb/CBRD-27398-pgbuf-inspector-contract/src/loaddb/load_error_handler.hpp:205:3:
/home/vimkim/gh/cb/CBRD-27398-pgbuf-inspector-contract/src/base/memory_cwrapper.h:86:8: warning: ‘void free(void*)’ called on pointer returned from a mismatched allocation function [-Wmismatched-new-delete]
   86 |   free (ptr);
      |   ~~~~~^~~~~
In file included from /home/vimkim/gh/cb/CBRD-27398-pgbuf-inspector-contract/src/loaddb/load_scanner.hpp:26,
                 from /home/vimkim/gh/cb/CBRD-27398-pgbuf-inspector-contract/src/loaddb/load_driver.hpp:32,
                 from /home/vimkim/gh/cb/CBRD-27398-pgbuf-inspector-contract/src/loaddb/load_server_loader.cpp:29:
/home/vimkim/gh/cb/CBRD-27398-pgbuf-inspector-contract/src/loaddb/load_error_handler.hpp: In static member function ‘static std::string cubload::error_handler::format(const char*, Args&& ...) [with Args = {}]’:
/home/vimkim/gh/cb/CBRD-27398-pgbuf-inspector-contract/src/loaddb/load_error_handler.hpp:199:34: note: returned from ‘void* operator new [](std::size_t)’
  199 |     std::unique_ptr<char[]> msg (new char[size]);
      |                                  ^~~~~~~~~~~~~~
In file included from /home/vimkim/gh/cb/CBRD-27398-pgbuf-inspector-contract/src/base/memory_alloc.h:54,
                 from /home/vimkim/gh/cb/CBRD-27398-pgbuf-inspector-contract/src/base/memory_hash.h:30,
                 from /home/vimkim/gh/cb/CBRD-27398-pgbuf-inspector-contract/src/storage/file_io.h:33,
                 from /home/vimkim/gh/cb/CBRD-27398-pgbuf-inspector-contract/src/transaction/log_manager.h:37,
                 from /home/vimkim/gh/cb/CBRD-27398-pgbuf-inspector-contract/src/storage/system_catalog.h:36,
                 from /home/vimkim/gh/cb/CBRD-27398-pgbuf-inspector-contract/src/base/object_representation_sr.h:42,
                 from /home/vimkim/gh/cb/CBRD-27398-pgbuf-inspector-contract/src/query/heap_attrinfo.h:27,
                 from /home/vimkim/gh/cb/CBRD-27398-pgbuf-inspector-contract/src/loaddb/load_server_loader.hpp:27,
                 from /home/vimkim/gh/cb/CBRD-27398-pgbuf-inspector-contract/src/loaddb/load_server_loader.cpp:23:
In function ‘void cub_free(void*)’,
    inlined from ‘void operator delete [](void*)’ at /home/vimkim/gh/cb/CBRD-27398-pgbuf-inspector-contract/src/base/memory_wrapper.hpp:80:12,
    inlined from ‘typename std::enable_if<std::is_convertible<_Up (*)[], _Tp (*)[]>::value>::type std::default_delete<_Tp []>::operator()(_Up*) const [with _Up = char; _Tp = char]’ at /usr/include/c++/11/bits/unique_ptr.h:120:4,
    inlined from ‘std::unique_ptr<_Tp [], _Dp>::~unique_ptr() [with _Tp = char; _Dp = std::default_delete<char []>]’ at /usr/include/c++/11/bits/unique_ptr.h:612:17,
    inlined from ‘static std::string cubload::error_handler::format(const char*, Args&& ...) [with Args = {int}]’ at /home/vimkim/gh/cb/CBRD-27398-pgbuf-inspector-contract/src/loaddb/load_error_handler.hpp:205:3:
/home/vimkim/gh/cb/CBRD-27398-pgbuf-inspector-contract/src/base/memory_cwrapper.h:86:8: warning: ‘void free(void*)’ called on pointer returned from a mismatched allocation function [-Wmismatched-new-delete]
   86 |   free (ptr);
      |   ~~~~~^~~~~
In file included from /home/vimkim/gh/cb/CBRD-27398-pgbuf-inspector-contract/src/loaddb/load_scanner.hpp:26,
                 from /home/vimkim/gh/cb/CBRD-27398-pgbuf-inspector-contract/src/loaddb/load_driver.hpp:32,
                 from /home/vimkim/gh/cb/CBRD-27398-pgbuf-inspector-contract/src/loaddb/load_server_loader.cpp:29:
/home/vimkim/gh/cb/CBRD-27398-pgbuf-inspector-contract/src/loaddb/load_error_handler.hpp: In static member function ‘static std::string cubload::error_handler::format(const char*, Args&& ...) [with Args = {int}]’:
/home/vimkim/gh/cb/CBRD-27398-pgbuf-inspector-contract/src/loaddb/load_error_handler.hpp:199:34: note: returned from ‘void* operator new [](std::size_t)’
  199 |     std::unique_ptr<char[]> msg (new char[size]);
      |                                  ^~~~~~~~~~~~~~
In file included from /home/vimkim/gh/cb/CBRD-27398-pgbuf-inspector-contract/src/base/memory_alloc.h:54,
                 from /home/vimkim/gh/cb/CBRD-27398-pgbuf-inspector-contract/src/base/memory_hash.h:30,
                 from /home/vimkim/gh/cb/CBRD-27398-pgbuf-inspector-contract/src/storage/file_io.h:33,
                 from /home/vimkim/gh/cb/CBRD-27398-pgbuf-inspector-contract/src/transaction/log_manager.h:37,
                 from /home/vimkim/gh/cb/CBRD-27398-pgbuf-inspector-contract/src/storage/system_catalog.h:36,
                 from /home/vimkim/gh/cb/CBRD-27398-pgbuf-inspector-contract/src/base/object_representation_sr.h:42,
                 from /home/vimkim/gh/cb/CBRD-27398-pgbuf-inspector-contract/src/query/heap_attrinfo.h:27,
                 from /home/vimkim/gh/cb/CBRD-27398-pgbuf-inspector-contract/src/loaddb/load_server_loader.hpp:27,
                 from /home/vimkim/gh/cb/CBRD-27398-pgbuf-inspector-contract/src/loaddb/load_server_loader.cpp:23:
In function ‘void cub_free(void*)’,
    inlined from ‘void operator delete [](void*)’ at /home/vimkim/gh/cb/CBRD-27398-pgbuf-inspector-contract/src/base/memory_wrapper.hpp:80:12,
    inlined from ‘typename std::enable_if<std::is_convertible<_Up (*)[], _Tp (*)[]>::value>::type std::default_delete<_Tp []>::operator()(_Up*) const [with _Up = char; _Tp = char]’ at /usr/include/c++/11/bits/unique_ptr.h:120:4,
    inlined from ‘std::unique_ptr<_Tp [], _Dp>::~unique_ptr() [with _Tp = char; _Dp = std::default_delete<char []>]’ at /usr/include/c++/11/bits/unique_ptr.h:612:17,
    inlined from ‘static std::string cubload::error_handler::format(const char*, Args&& ...) [with Args = {char*&, const char*}]’ at /home/vimkim/gh/cb/CBRD-27398-pgbuf-inspector-contract/src/loaddb/load_error_handler.hpp:205:3,
    inlined from ‘void cubload::error_handler::log_date_time_conversion_error(Args&& ...) [with Args = {char*&, const char*}]’ at /home/vimkim/gh/cb/CBRD-27398-pgbuf-inspector-contract/src/loaddb/load_error_handler.hpp:214:20:
/home/vimkim/gh/cb/CBRD-27398-pgbuf-inspector-contract/src/base/memory_cwrapper.h:86:8: warning: ‘void free(void*)’ called on pointer returned from a mismatched allocation function [-Wmismatched-new-delete]
   86 |   free (ptr);
      |   ~~~~~^~~~~
In file included from /home/vimkim/gh/cb/CBRD-27398-pgbuf-inspector-contract/src/loaddb/load_scanner.hpp:26,
                 from /home/vimkim/gh/cb/CBRD-27398-pgbuf-inspector-contract/src/loaddb/load_driver.hpp:32,
                 from /home/vimkim/gh/cb/CBRD-27398-pgbuf-inspector-contract/src/loaddb/load_server_loader.cpp:29:
/home/vimkim/gh/cb/CBRD-27398-pgbuf-inspector-contract/src/loaddb/load_error_handler.hpp: In member function ‘void cubload::error_handler::log_date_time_conversion_error(Args&& ...) [with Args = {char*&, const char*}]’:
/home/vimkim/gh/cb/CBRD-27398-pgbuf-inspector-contract/src/loaddb/load_error_handler.hpp:199:34: note: returned from ‘void* operator new [](std::size_t)’
  199 |     std::unique_ptr<char[]> msg (new char[size]);
      |                                  ^~~~~~~~~~~~~~
In file included from /home/vimkim/gh/cb/CBRD-27398-pgbuf-inspector-contract/src/base/memory_alloc.h:54,
                 from /home/vimkim/gh/cb/CBRD-27398-pgbuf-inspector-contract/src/base/memory_hash.h:30,
                 from /home/vimkim/gh/cb/CBRD-27398-pgbuf-inspector-contract/src/storage/file_io.h:33,
                 from /home/vimkim/gh/cb/CBRD-27398-pgbuf-inspector-contract/src/transaction/log_manager.h:37,
                 from /home/vimkim/gh/cb/CBRD-27398-pgbuf-inspector-contract/src/storage/system_catalog.h:36,
                 from /home/vimkim/gh/cb/CBRD-27398-pgbuf-inspector-contract/src/base/object_representation_sr.h:42,
                 from /home/vimkim/gh/cb/CBRD-27398-pgbuf-inspector-contract/src/query/heap_attrinfo.h:27,
                 from /home/vimkim/gh/cb/CBRD-27398-pgbuf-inspector-contract/src/loaddb/load_server_loader.hpp:27,
                 from /home/vimkim/gh/cb/CBRD-27398-pgbuf-inspector-contract/src/loaddb/load_server_loader.cpp:23:
In function ‘void cub_free(void*)’,
    inlined from ‘void operator delete [](void*)’ at /home/vimkim/gh/cb/CBRD-27398-pgbuf-inspector-contract/src/base/memory_wrapper.hpp:80:12,
    inlined from ‘typename std::enable_if<std::is_convertible<_Up (*)[], _Tp (*)[]>::value>::type std::default_delete<_Tp []>::operator()(_Up*) const [with _Up = char; _Tp = char]’ at /usr/include/c++/11/bits/unique_ptr.h:120:4,
    inlined from ‘std::unique_ptr<_Tp [], _Dp>::~unique_ptr() [with _Tp = char; _Dp = std::default_delete<char []>]’ at /usr/include/c++/11/bits/unique_ptr.h:612:17,
    inlined from ‘static std::string cubload::error_handler::format(const char*, Args&& ...) [with Args = {const char*&}]’ at /home/vimkim/gh/cb/CBRD-27398-pgbuf-inspector-contract/src/loaddb/load_error_handler.hpp:205:3:
/home/vimkim/gh/cb/CBRD-27398-pgbuf-inspector-contract/src/base/memory_cwrapper.h:86:8: warning: ‘void free(void*)’ called on pointer returned from a mismatched allocation function [-Wmismatched-new-delete]
   86 |   free (ptr);
      |   ~~~~~^~~~~
In file included from /home/vimkim/gh/cb/CBRD-27398-pgbuf-inspector-contract/src/loaddb/load_scanner.hpp:26,
                 from /home/vimkim/gh/cb/CBRD-27398-pgbuf-inspector-contract/src/loaddb/load_driver.hpp:32,
                 from /home/vimkim/gh/cb/CBRD-27398-pgbuf-inspector-contract/src/loaddb/load_server_loader.cpp:29:
/home/vimkim/gh/cb/CBRD-27398-pgbuf-inspector-contract/src/loaddb/load_error_handler.hpp: In static member function ‘static std::string cubload::error_handler::format(const char*, Args&& ...) [with Args = {const char*&}]’:
/home/vimkim/gh/cb/CBRD-27398-pgbuf-inspector-contract/src/loaddb/load_error_handler.hpp:199:34: note: returned from ‘void* operator new [](std::size_t)’
  199 |     std::unique_ptr<char[]> msg (new char[size]);
      |                                  ^~~~~~~~~~~~~~
In file included from /home/vimkim/gh/cb/CBRD-27398-pgbuf-inspector-contract/src/base/memory_alloc.h:54,
                 from /home/vimkim/gh/cb/CBRD-27398-pgbuf-inspector-contract/src/base/memory_hash.h:30,
                 from /home/vimkim/gh/cb/CBRD-27398-pgbuf-inspector-contract/src/storage/file_io.h:33,
                 from /home/vimkim/gh/cb/CBRD-27398-pgbuf-inspector-contract/src/transaction/log_manager.h:37,
                 from /home/vimkim/gh/cb/CBRD-27398-pgbuf-inspector-contract/src/storage/system_catalog.h:36,
                 from /home/vimkim/gh/cb/CBRD-27398-pgbuf-inspector-contract/src/base/object_representation_sr.h:42,
                 from /home/vimkim/gh/cb/CBRD-27398-pgbuf-inspector-contract/src/query/heap_attrinfo.h:27,
                 from /home/vimkim/gh/cb/CBRD-27398-pgbuf-inspector-contract/src/loaddb/load_server_loader.hpp:27,
                 from /home/vimkim/gh/cb/CBRD-27398-pgbuf-inspector-contract/src/loaddb/load_server_loader.cpp:23:
In function ‘void cub_free(void*)’,
    inlined from ‘void operator delete [](void*)’ at /home/vimkim/gh/cb/CBRD-27398-pgbuf-inspector-contract/src/base/memory_wrapper.hpp:80:12,
    inlined from ‘typename std::enable_if<std::is_convertible<_Up (*)[], _Tp (*)[]>::value>::type std::default_delete<_Tp []>::operator()(_Up*) const [with _Up = char; _Tp = char]’ at /usr/include/c++/11/bits/unique_ptr.h:120:4,
    inlined from ‘std::unique_ptr<_Tp [], _Dp>::~unique_ptr() [with _Tp = char; _Dp = std::default_delete<char []>]’ at /usr/include/c++/11/bits/unique_ptr.h:612:17,
    inlined from ‘static std::string cubload::error_handler::format(const char*, Args&& ...) [with Args = {int&}]’ at /home/vimkim/gh/cb/CBRD-27398-pgbuf-inspector-contract/src/loaddb/load_error_handler.hpp:205:3,
    inlined from ‘void cubload::error_handler::on_error_with_line(int, MSGCAT_LOADDB_MSG, Args&& ...) [with Args = {const char*&}]’ at /home/vimkim/gh/cb/CBRD-27398-pgbuf-inspector-contract/src/loaddb/load_error_handler.hpp:152:20:
/home/vimkim/gh/cb/CBRD-27398-pgbuf-inspector-contract/src/base/memory_cwrapper.h:86:8: warning: ‘void free(void*)’ called on pointer returned from a mismatched allocation function [-Wmismatched-new-delete]
   86 |   free (ptr);
      |   ~~~~~^~~~~
In file included from /home/vimkim/gh/cb/CBRD-27398-pgbuf-inspector-contract/src/loaddb/load_scanner.hpp:26,
                 from /home/vimkim/gh/cb/CBRD-27398-pgbuf-inspector-contract/src/loaddb/load_driver.hpp:32,
                 from /home/vimkim/gh/cb/CBRD-27398-pgbuf-inspector-contract/src/loaddb/load_server_loader.cpp:29:
/home/vimkim/gh/cb/CBRD-27398-pgbuf-inspector-contract/src/loaddb/load_error_handler.hpp: In member function ‘void cubload::error_handler::on_error_with_line(int, MSGCAT_LOADDB_MSG, Args&& ...) [with Args = {const char*&}]’:
/home/vimkim/gh/cb/CBRD-27398-pgbuf-inspector-contract/src/loaddb/load_error_handler.hpp:199:34: note: returned from ‘void* operator new [](std::size_t)’
  199 |     std::unique_ptr<char[]> msg (new char[size]);
      |                                  ^~~~~~~~~~~~~~
[921/1437] Building CXX object cubrid/CMakeFiles/cubrid.dir/__/src/query/query_hash_scan.c.o
[922/1437] Building CXX object cubrid/CMakeFiles/cubrid.dir/__/src/query/query_analytic.cpp.o
[923/1437] Building CXX object cubrid/CMakeFiles/cubrid.dir/__/src/storage/es_owfs.c.o
[924/1437] Building CXX object cubrid/CMakeFiles/cubrid.dir/__/src/query/scan_json_table.cpp.o
[925/1437] Building CXX object cubrid/CMakeFiles/cubrid.dir/__/src/query/show_scan.c.o
[926/1437] Building CXX object cubrid/CMakeFiles/cubrid.dir/__/src/query/subquery_cache.c.o
[927/1437] Building CXX object cubrid/CMakeFiles/cubrid.dir/__/src/query/query_evaluator.c.o
[928/1437] Building CXX object cubrid/CMakeFiles/cubrid.dir/__/src/query/partition.c.o
[929/1437] Building CXX object cubrid/CMakeFiles/cubrid.dir/__/src/thread/critical_section_tracker.cpp.o
[930/1437] Building CXX object cubrid/CMakeFiles/cubrid.dir/__/src/storage/pgbuf_inspector_wire.cpp.o
[931/1437] Building CXX object cubrid/CMakeFiles/cubrid.dir/__/src/loaddb/load_worker_manager.cpp.o
[932/1437] Building CXX object cubrid/CMakeFiles/cubrid.dir/__/src/query/query_aggregate.cpp.o
[933/1437] Building CXX object cubrid/CMakeFiles/cubrid.dir/__/src/storage/ftab_set.cpp.o
[934/1437] Building CXX object cubrid/CMakeFiles/cubrid.dir/__/src/query/query_hash_join.c.o
[935/1437] Building CXX object cubrid/CMakeFiles/cubrid.dir/__/src/storage/record_descriptor.cpp.o
[936/1437] Building CXX object cubrid/CMakeFiles/cubrid.dir/__/src/query/query_dump.c.o
[937/1437] Building CXX object cubrid/CMakeFiles/cubrid.dir/__/src/storage/compactdb_sr.c.o
[938/1437] Building CXX object cubrid/CMakeFiles/cubrid.dir/__/src/transaction/wait_for_graph.c.o
[939/1437] Building CXX object cubrid/CMakeFiles/cubrid.dir/__/src/query/query_manager.c.o
[940/1437] Building CXX object cubrid/CMakeFiles/cubrid.dir/__/src/storage/pgbuf_inspector_socket.cpp.o
[941/1437] Building CXX object cubrid/CMakeFiles/cubrid.dir/__/src/thread/thread_waiter.cpp.o
[942/1437] Building CXX object cubrid/CMakeFiles/cubrid.dir/__/src/thread/thread_looper.cpp.o
[943/1437] Building CXX object cubrid/CMakeFiles/cubrid.dir/__/src/storage/overflow_file.c.o
[944/1437] Building CXX object cubrid/CMakeFiles/cubrid.dir/__/src/query/list_file.c.o
[945/1437] Building CXX object cubrid/CMakeFiles/cubrid.dir/__/src/thread/thread_worker_pool_impl.cpp.o
[946/1437] Building CXX object cubrid/CMakeFiles/cubrid.dir/__/src/query/filter_pred_cache.c.o
[947/1437] Building CXX object cubrid/CMakeFiles/cubrid.dir/__/src/storage/heap_oos.cpp.o
In file included from /home/vimkim/gh/cb/CBRD-27398-pgbuf-inspector-contract/src/base/memory_alloc.h:54,
                 from /home/vimkim/gh/cb/CBRD-27398-pgbuf-inspector-contract/src/base/memory_hash.h:30,
                 from /home/vimkim/gh/cb/CBRD-27398-pgbuf-inspector-contract/src/storage/file_io.h:33,
                 from /home/vimkim/gh/cb/CBRD-27398-pgbuf-inspector-contract/src/transaction/log_manager.h:37,
                 from /home/vimkim/gh/cb/CBRD-27398-pgbuf-inspector-contract/src/storage/file_manager.h:33,
                 from /home/vimkim/gh/cb/CBRD-27398-pgbuf-inspector-contract/src/storage/heap_file.h:34,
                 from /home/vimkim/gh/cb/CBRD-27398-pgbuf-inspector-contract/src/storage/heap_oos.hpp:26,
                 from /home/vimkim/gh/cb/CBRD-27398-pgbuf-inspector-contract/src/storage/heap_oos.cpp:26:
In function ‘void cub_free(void*)’,
    inlined from ‘void operator delete(void*, size_t)’ at /home/vimkim/gh/cb/CBRD-27398-pgbuf-inspector-contract/src/base/memory_wrapper.hpp:75:12,
    inlined from ‘void __gnu_cxx::new_allocator<_Tp>::deallocate(_Tp*, __gnu_cxx::new_allocator<_Tp>::size_type) [with _Tp = char]’ at /usr/include/c++/11/ext/new_allocator.h:145:19,
    inlined from ‘static void std::allocator_traits<std::allocator<_Tp1> >::deallocate(std::allocator_traits<std::allocator<_Tp1> >::allocator_type&, std::allocator_traits<std::allocator<_Tp1> >::pointer, std::allocator_traits<std::allocator<_Tp1> >::size_type) [with _Tp = char]’ at /usr/include/c++/11/bits/alloc_traits.h:496:23,
    inlined from ‘void std::_Vector_base<_Tp, _Alloc>::_M_deallocate(std::_Vector_base<_Tp, _Alloc>::pointer, std::size_t) [with _Tp = char; _Alloc = std::allocator<char>]’ at /usr/include/c++/11/bits/stl_vector.h:354:19,
    inlined from ‘std::_Vector_base<_Tp, _Alloc>::~_Vector_base() [with _Tp = char; _Alloc = std::allocator<char>]’ at /usr/include/c++/11/bits/stl_vector.h:335:15,
    inlined from ‘std::vector<_Tp, _Alloc>::~vector() [with _Tp = char; _Alloc = std::allocator<char>]’ at /usr/include/c++/11/bits/stl_vector.h:683:7,
    inlined from ‘SCAN_CODE heap_record_replace_oos_oids(THREAD_ENTRY*, HEAP_GET_CONTEXT*)’ at /home/vimkim/gh/cb/CBRD-27398-pgbuf-inspector-contract/src/storage/heap_oos.cpp:411:5:
/home/vimkim/gh/cb/CBRD-27398-pgbuf-inspector-contract/src/base/memory_cwrapper.h:86:8: warning: ‘void free(void*)’ called on pointer returned from a mismatched allocation function [-Wmismatched-new-delete]
   86 |   free (ptr);
      |   ~~~~~^~~~~
In file included from /usr/include/c++/11/x86_64-redhat-linux/bits/c++allocator.h:33,
                 from /usr/include/c++/11/bits/allocator.h:46,
                 from /usr/include/c++/11/vector:64,
                 from /home/vimkim/gh/cb/CBRD-27398-pgbuf-inspector-contract/src/transaction/log_lsa.hpp:30,
                 from /home/vimkim/gh/cb/CBRD-27398-pgbuf-inspector-contract/src/storage/disk_manager.h:30,
                 from /home/vimkim/gh/cb/CBRD-27398-pgbuf-inspector-contract/src/storage/file_manager.h:32,
                 from /home/vimkim/gh/cb/CBRD-27398-pgbuf-inspector-contract/src/storage/heap_file.h:34,
                 from /home/vimkim/gh/cb/CBRD-27398-pgbuf-inspector-contract/src/storage/heap_oos.hpp:26,
                 from /home/vimkim/gh/cb/CBRD-27398-pgbuf-inspector-contract/src/storage/heap_oos.cpp:26:
/usr/include/c++/11/ext/new_allocator.h: In function ‘SCAN_CODE heap_record_replace_oos_oids(THREAD_ENTRY*, HEAP_GET_CONTEXT*)’:
/usr/include/c++/11/ext/new_allocator.h:127:48: note: returned from ‘void* operator new(std::size_t)’
  127 |         return static_cast<_Tp*>(::operator new(__n * sizeof(_Tp)));
      |                                  ~~~~~~~~~~~~~~^~~~~~~~~~~~~~~~~~~
[948/1437] Building CXX object cubrid/CMakeFiles/cubrid.dir/__/src/object/object_domain.c.o
[949/1437] Building CXX object cubrid/CMakeFiles/cubrid.dir/__/src/session/session_sr.c.o
[950/1437] Building CXX object cubrid/CMakeFiles/cubrid.dir/__/src/transaction/client_credentials.cpp.o
[951/1437] Building CXX object cubrid/CMakeFiles/cubrid.dir/__/src/thread/thread_daemon.cpp.o
[952/1437] Building CXX object cubrid/CMakeFiles/cubrid.dir/__/src/query/arithmetic.c.o
[953/1437] Building CXX object cubrid/CMakeFiles/cubrid.dir/__/src/transaction/lock_table.c.o
[954/1437] Building CXX object cubrid/CMakeFiles/cubrid.dir/__/src/object/object_primitive.c.o
[955/1437] Building CXX object cubrid/CMakeFiles/cubrid.dir/__/src/query/stream_to_xasl.c.o
[956/1437] Building CXX object cubrid/CMakeFiles/cubrid.dir/__/src/transaction/log_lsa.cpp.o
[957/1437] Building CXX object cubrid/CMakeFiles/cubrid.dir/__/src/thread/thread_entry_task.cpp.o
[958/1437] Building CXX object cubrid/CMakeFiles/cubrid.dir/__/src/query/memoize.cpp.o
[959/1437] Building CXX object cubrid/CMakeFiles/cubrid.dir/__/src/storage/pgbuf_inspector.cpp.o
[960/1437] Building CXX object cubrid/CMakeFiles/cubrid.dir/__/src/communication/network_interface_sr.cpp.o
In file included from /home/vimkim/gh/cb/CBRD-27398-pgbuf-inspector-contract/src/base/memory_alloc.h:54,
                 from /home/vimkim/gh/cb/CBRD-27398-pgbuf-inspector-contract/src/connection/connection_defs.h:38,
                 from /home/vimkim/gh/cb/CBRD-27398-pgbuf-inspector-contract/src/base/perf_monitor.h:30,
                 from /home/vimkim/gh/cb/CBRD-27398-pgbuf-inspector-contract/src/communication/network_interface_sr.cpp:36:
In function ‘void cub_free(void*)’,
    inlined from ‘void operator delete(void*, size_t)’ at /home/vimkim/gh/cb/CBRD-27398-pgbuf-inspector-contract/src/base/memory_wrapper.hpp:75:12,
    inlined from ‘void __gnu_cxx::new_allocator<_Tp>::deallocate(_Tp*, __gnu_cxx::new_allocator<_Tp>::size_type) [with _Tp = std::__detail::_Hash_node<db_identifier, true>]’ at /usr/include/c++/11/ext/new_allocator.h:145:19,
    inlined from ‘static void std::allocator_traits<std::allocator<_Tp1> >::deallocate(std::allocator_traits<std::allocator<_Tp1> >::allocator_type&, std::allocator_traits<std::allocator<_Tp1> >::pointer, std::allocator_traits<std::allocator<_Tp1> >::size_type) [with _Tp = std::__detail::_Hash_node<db_identifier, true>]’ at /usr/include/c++/11/bits/alloc_traits.h:496:23,
    inlined from ‘void std::__detail::_Hashtable_alloc<_NodeAlloc>::_M_deallocate_node_ptr(std::__detail::_Hashtable_alloc<_NodeAlloc>::__node_ptr) [with _NodeAlloc = std::allocator<std::__detail::_Hash_node<db_identifier, true> >]’ at /usr/include/c++/11/bits/hashtable_policy.h:1909:38,
    inlined from ‘void std::__detail::_Hashtable_alloc<_NodeAlloc>::_M_deallocate_node(std::__detail::_Hashtable_alloc<_NodeAlloc>::__node_ptr) [with _NodeAlloc = std::allocator<std::__detail::_Hash_node<db_identifier, true> >]’ at /usr/include/c++/11/bits/hashtable_policy.h:1899:29,
    inlined from ‘std::_Hashtable<_Key, _Value, _Alloc, _ExtractKey, _Equal, _Hash, _RangeHash, _Unused, _RehashPolicy, _Traits>::_Scoped_node::~_Scoped_node() [with _Key = db_identifier; _Value = db_identifier; _Alloc = std::allocator<db_identifier>; _ExtractKey = std::__detail::_Identity; _Equal = std::equal_to<db_identifier>; _Hash = std::hash<db_identifier>; _RangeHash = std::__detail::_Mod_range_hashing; _Unused = std::__detail::_Default_ranged_hash; _RehashPolicy = std::__detail::_Prime_rehash_policy; _Traits = std::__detail::_Hashtable_traits<true, true, true>]’ at /usr/include/c++/11/bits/hashtable.h:308:57,
    inlined from ‘std::pair<typename std::__detail::_Insert<_Key, _Value, _Alloc, _ExtractKey, _Equal, _Hash, _RangeHash, _Unused, _RehashPolicy, _Traits>::iterator, bool> std::_Hashtable<_Key, _Value, _Alloc, _ExtractKey, _Equal, _Hash, _RangeHash, _Unused, _RehashPolicy, _Traits>::_M_emplace(std::true_type, _Args&& ...) [with _Args = {db_identifier&}; _Key = db_identifier; _Value = db_identifier; _Alloc = std::allocator<db_identifier>; _ExtractKey = std::__detail::_Identity; _Equal = std::equal_to<db_identifier>; _Hash = std::hash<db_identifier>; _RangeHash = std::__detail::_Mod_range_hashing; _Unused = std::__detail::_Default_ranged_hash; _RehashPolicy = std::__detail::_Prime_rehash_policy; _Traits = std::__detail::_Hashtable_traits<true, true, true>]’ at /usr/include/c++/11/bits/hashtable.h:1978:7,
    inlined from ‘std::_Hashtable<_Key, _Value, _Alloc, _ExtractKey, _Equal, _Hash, _RangeHash, _Unused, _RehashPolicy, _Traits>::__ireturn_type std::_Hashtable<_Key, _Value, _Alloc, _ExtractKey, _Equal, _Hash, _RangeHash, _Unused, _RehashPolicy, _Traits>::emplace(_Args&& ...) [with _Args = {db_identifier&}; _Key = db_identifier; _Value = db_identifier; _Alloc = std::allocator<db_identifier>; _ExtractKey = std::__detail::_Identity; _Equal = std::equal_to<db_identifier>; _Hash = std::hash<db_identifier>; _RangeHash = std::__detail::_Mod_range_hashing; _Unused = std::__detail::_Default_ranged_hash; _RehashPolicy = std::__detail::_Prime_rehash_policy; _Traits = std::__detail::_Hashtable_traits<true, true, true>]’ at /usr/include/c++/11/bits/hashtable.h:915:21,
    inlined from ‘std::pair<typename std::_Hashtable<_Value, _Value, _Alloc, std::__detail::_Identity, _Pred, _Hash, std::__detail::_Mod_range_hashing, std::__detail::_Default_ranged_hash, std::__detail::_Prime_rehash_policy, std::__detail::_Hashtable_traits<std::__not_<std::__and_<std::__is_fast_hash<_Hash>, std::__is_nothrow_invocable<const _Hash&, const _Tp&> > >::value, true, true> >::iterator, bool> std::unordered_set<_Value, _Hash, _Pred, _Alloc>::emplace(_Args&& ...) [with _Args = {db_identifier&}; _Value = db_identifier; _Hash = std::hash<db_identifier>; _Pred = std::equal_to<db_identifier>; _Alloc = std::allocator<db_identifier>]’ at /usr/include/c++/11/bits/unordered_set.h:378:23,
    inlined from ‘void sflashback_get_loginfo(THREAD_ENTRY*, unsigned int, char*, int)’ at /home/vimkim/gh/cb/CBRD-27398-pgbuf-inspector-contract/src/communication/network_interface_sr.cpp:11996:36:
/home/vimkim/gh/cb/CBRD-27398-pgbuf-inspector-contract/src/base/memory_cwrapper.h:86:8: warning: ‘void free(void*)’ called on pointer returned from a mismatched allocation function [-Wmismatched-new-delete]
   86 |   free (ptr);
      |   ~~~~~^~~~~
In file included from /usr/include/c++/11/x86_64-redhat-linux/bits/c++allocator.h:33,
                 from /usr/include/c++/11/bits/allocator.h:46,
                 from /usr/include/c++/11/memory:64,
                 from /home/vimkim/gh/cb/CBRD-27398-pgbuf-inspector-contract/src/base/filesys.hpp:26,
                 from /home/vimkim/gh/cb/CBRD-27398-pgbuf-inspector-contract/src/communication/network_interface_sr.cpp:32:
/usr/include/c++/11/ext/new_allocator.h: In function ‘void sflashback_get_loginfo(THREAD_ENTRY*, unsigned int, char*, int)’:
/usr/include/c++/11/ext/new_allocator.h:127:48: note: returned from ‘void* operator new(std::size_t)’
  127 |         return static_cast<_Tp*>(::operator new(__n * sizeof(_Tp)));
      |                                  ~~~~~~~~~~~~~~^~~~~~~~~~~~~~~~~~~
[961/1437] Building CXX object cubrid/CMakeFiles/cubrid.dir/__/src/thread/critical_section.c.o
[962/1437] Building CXX object cubrid/CMakeFiles/cubrid.dir/__/src/storage/extendible_hash.c.o
[963/1437] Building CXX object cubrid/CMakeFiles/cubrid.dir/__/src/thread/thread_worker_pool_taskcap.cpp.o
[964/1437] Building CXX object cubrid/CMakeFiles/cubrid.dir/__/src/storage/bestspace.cpp.o
[965/1437] Building CXX object cubrid/CMakeFiles/cubrid.dir/__/src/query/serial.c.o
[966/1437] Building CXX object cubrid/CMakeFiles/cubrid.dir/__/src/query/scan_manager.c.o
[967/1437] Building CXX object cubrid/CMakeFiles/cubrid.dir/__/src/storage/statistics_sr.c.o
[968/1437] Building CXX object cubrid/CMakeFiles/cubrid.dir/__/src/storage/tde.c.o
[969/1437] Building CXX object cubrid/CMakeFiles/cubrid.dir/__/src/storage/oos_file.cpp.o
[970/1437] Building CXX object cubrid/CMakeFiles/cubrid.dir/__/src/query/query_opfunc.c.o
[971/1437] Building CXX object cubrid/CMakeFiles/cubrid.dir/__/src/transaction/replication.c.o
[972/1437] Building CXX object cubrid/CMakeFiles/cubrid.dir/__/src/transaction/log_comm.c.o
[973/1437] Building CXX object cubrid/CMakeFiles/cubrid.dir/__/src/thread/thread_lockfree_hash_map.cpp.o
[974/1437] Building CXX object cubrid/CMakeFiles/cubrid.dir/__/src/compat/db_json.cpp.o
[975/1437] Building CXX object cubrid/CMakeFiles/cubrid.dir/__/src/query/fetch.c.o
[976/1437] Building CXX object cubrid/CMakeFiles/cubrid.dir/__/src/xasl/xasl_unpack_info.cpp.o
[977/1437] Building CXX object cubrid/CMakeFiles/cubrid.dir/__/src/transaction/recovery.c.o
[978/1437] Building CXX object cubrid/CMakeFiles/cubrid.dir/__/src/xasl/access_json_table.cpp.o
[979/1437] Building CXX object cubrid/CMakeFiles/cubrid.dir/__/src/transaction/locator.c.o
[980/1437] Building CXX object cubrid/CMakeFiles/cubrid.dir/__/src/transaction/log_recovery_redo.cpp.o
[981/1437] Building CXX object cubrid/CMakeFiles/cubrid.dir/__/src/thread/thread_manager.cpp.o
[982/1437] Building CXX object cubrid/CMakeFiles/cubrid.dir/__/src/transaction/log_postpone_cache.cpp.o
[983/1437] Building CXX object cubrid/CMakeFiles/cubrid.dir/__/src/transaction/log_global.c.o
[984/1437] Building CXX object util/CMakeFiles/csql.dir/__/src/base/cubrid_getopt_long.c.o
[985/1437] Building CXX object cubrid/CMakeFiles/cubrid.dir/__/src/transaction/log_compress.c.o
[986/1437] Building CXX object cubrid/CMakeFiles/cubrid.dir/__/src/storage/disk_manager.c.o
/home/vimkim/gh/cb/CBRD-27398-pgbuf-inspector-contract/src/storage/disk_manager.c: In function ‘int disk_spacedb(THREAD_ENTRY*, SPACEDB_ALL*, SPACEDB_ONEVOL**)’:
/home/vimkim/gh/cb/CBRD-27398-pgbuf-inspector-contract/src/storage/disk_manager.c:6160:19: warning: ‘char* strncpy(char*, const char*, size_t)’ specified bound 4096 equals destination size [-Wstringop-truncation]
 6160 |           strncpy ((*spacevols)[iter_spacevols].name, disk_vhdr_get_vol_fullname (volheader), DB_MAX_PATH_LENGTH);
      |           ~~~~~~~~^~~~~~~~~~~~~~~~~~~~~~~~~~~~~~~~~~~~~~~~~~~~~~~~~~~~~~~~~~~~~~~~~~~~~~~~~~~~~~~~~~~~~~~~~~~~~~~
[987/1437] Building CXX object util/CMakeFiles/csql.dir/__/src/executables/util_support.c.o
[988/1437] Building CXX object cubrid/CMakeFiles/cubrid.dir/__/src/transaction/log_2pc.c.o
[989/1437] Building CXX object util/CMakeFiles/csql.dir/__/src/base/porting.c.o
[990/1437] Building CXX object cubrid/CMakeFiles/cubrid.dir/__/src/transaction/log_append.cpp.o
[991/1437] Building CXX object cubrid/CMakeFiles/cubrid.dir/__/src/transaction/mvcc.c.o
[992/1437] Building CXX object cubrid/CMakeFiles/cubrid.dir/__/src/transaction/mvcc_active_tran.cpp.o
[993/1437] Building CXX object cubrid/CMakeFiles/cubrid.dir/__/src/query/parallel/px_hash_join/px_hash_join_spawn_manager.cpp.o
[994/1437] Building CXX object util/CMakeFiles/cubrid_rel.dir/__/src/executables/cubrid_version.c.o
[995/1437] Building CXX object util/CMakeFiles/cubrid-bin.dir/__/src/executables/util_support.c.o
[996/1437] Building CXX object cubrid/CMakeFiles/cubrid.dir/__/src/transaction/mvcc_table.cpp.o
[997/1437] Building CXX object util/CMakeFiles/cub_master.dir/__/src/executables/master_util.c.o
[998/1437] Building CXX object cubrid/CMakeFiles/cubrid.dir/__/src/transaction/log_writer.c.o
[999/1437] Building CXX object cubrid/CMakeFiles/cubrid.dir/__/src/query/xasl_cache.c.o
[1000/1437] Building CXX object cubrid/CMakeFiles/cubrid.dir/__/src/storage/slotted_page.c.o
[1001/1437] Building CXX object cubrid/CMakeFiles/cubrid.dir/__/src/storage/pgbuf_inspector_protocol.cpp.o
[1002/1437] Building CXX object util/CMakeFiles/cub_admin.dir/__/src/base/cubrid_getopt_long.c.o
[1003/1437] Building CXX object cubrid/CMakeFiles/cubrid.dir/__/src/thread/thread_entry.cpp.o
[1004/1437] Building CXX object util/CMakeFiles/csql.dir/__/src/executables/csql_launcher.c.o
[1005/1437] Building CXX object cubrid/CMakeFiles/cubrid.dir/__/src/session/session.c.o
[1006/1437] Building CXX object cubrid/CMakeFiles/cubrid.dir/__/src/query/parallel/px_sort.c.o
[1007/1437] Building CXX object cubrid/CMakeFiles/cubrid.dir/__/src/query/parallel/px_callable_task.cpp.o
[1008/1437] Building CXX object util/CMakeFiles/cub_commdb.dir/__/src/executables/util_support.c.o
[1009/1437] Building CXX object cubrid/CMakeFiles/cubrid.dir/__/src/transaction/transaction_sr.c.o
[1010/1437] Building CXX object cubrid/CMakeFiles/cubrid.dir/__/src/storage/btree_load.c.o
[1011/1437] Building CXX object cubrid/CMakeFiles/cubrid.dir/__/src/xasl/xasl_analytic.cpp.o
[1012/1437] Building CXX object cubrid/CMakeFiles/cubrid.dir/__/src/transaction/transaction_transient.cpp.o
[1013/1437] Building CXX object util/CMakeFiles/cub_admin.dir/__/src/base/porting.c.o
[1014/1437] Building CXX object cubrid/CMakeFiles/cubrid.dir/__/src/xasl/xasl_predicate.cpp.o
[1015/1437] Building CXX object util/CMakeFiles/cub_admin.dir/__/src/executables/util_support.c.o
[1016/1437] Building CXX object util/CMakeFiles/cub_commdb.dir/__/src/executables/master_util.c.o
[1017/1437] Building CXX object util/CMakeFiles/unittests_bit.dir/__/src/executables/unittests_bit.c.o
[1018/1437] Building CXX object util/CMakeFiles/unittests_lf.dir/__/src/executables/unittests_lf.c.o
[1019/1437] Building CXX object cubrid/CMakeFiles/cubrid.dir/__/src/query/parallel/px_worker_manager.cpp.o
[1020/1437] Building CXX object util/CMakeFiles/cub_master.dir/__/src/executables/master_request.c.o
[1021/1437] Building CXX object cubrid-cci/cci/CMakeFiles/cascci.dir/__/src/cci/cci_net_buf.c.o
[1022/1437] Building CXX object cubrid/CMakeFiles/cubrid.dir/__/src/transaction/boot_sr.c.o
[1023/1437] Building CXX object util/CMakeFiles/cub_commdb.dir/__/src/executables/commdb.c.o
[1024/1437] Building CXX object cubrid/CMakeFiles/cubrid.dir/__/src/transaction/flashback.c.o
In file included from /home/vimkim/gh/cb/CBRD-27398-pgbuf-inspector-contract/src/base/memory_alloc.h:54,
                 from /home/vimkim/gh/cb/CBRD-27398-pgbuf-inspector-contract/src/base/memory_hash.h:30,
                 from /home/vimkim/gh/cb/CBRD-27398-pgbuf-inspector-contract/src/storage/file_io.h:33,
                 from /home/vimkim/gh/cb/CBRD-27398-pgbuf-inspector-contract/src/transaction/flashback.h:38,
                 from /home/vimkim/gh/cb/CBRD-27398-pgbuf-inspector-contract/src/transaction/flashback.c:45:
In function ‘void cub_free(void*)’,
    inlined from ‘void operator delete(void*, size_t)’ at /home/vimkim/gh/cb/CBRD-27398-pgbuf-inspector-contract/src/base/memory_wrapper.hpp:75:12,
    inlined from ‘void __gnu_cxx::new_allocator<_Tp>::deallocate(_Tp*, __gnu_cxx::new_allocator<_Tp>::size_type) [with _Tp = std::__detail::_Hash_node<db_identifier, true>]’ at /usr/include/c++/11/ext/new_allocator.h:145:19,
    inlined from ‘static void std::allocator_traits<std::allocator<_Tp1> >::deallocate(std::allocator_traits<std::allocator<_Tp1> >::allocator_type&, std::allocator_traits<std::allocator<_Tp1> >::pointer, std::allocator_traits<std::allocator<_Tp1> >::size_type) [with _Tp = std::__detail::_Hash_node<db_identifier, true>]’ at /usr/include/c++/11/bits/alloc_traits.h:496:23,
    inlined from ‘void std::__detail::_Hashtable_alloc<_NodeAlloc>::_M_deallocate_node_ptr(std::__detail::_Hashtable_alloc<_NodeAlloc>::__node_ptr) [with _NodeAlloc = std::allocator<std::__detail::_Hash_node<db_identifier, true> >]’ at /usr/include/c++/11/bits/hashtable_policy.h:1909:38,
    inlined from ‘void std::__detail::_Hashtable_alloc<_NodeAlloc>::_M_deallocate_node(std::__detail::_Hashtable_alloc<_NodeAlloc>::__node_ptr) [with _NodeAlloc = std::allocator<std::__detail::_Hash_node<db_identifier, true> >]’ at /usr/include/c++/11/bits/hashtable_policy.h:1899:29,
    inlined from ‘std::_Hashtable<_Key, _Value, _Alloc, _ExtractKey, _Equal, _Hash, _RangeHash, _Unused, _RehashPolicy, _Traits>::_Scoped_node::~_Scoped_node() [with _Key = db_identifier; _Value = db_identifier; _Alloc = std::allocator<db_identifier>; _ExtractKey = std::__detail::_Identity; _Equal = std::equal_to<db_identifier>; _Hash = std::hash<db_identifier>; _RangeHash = std::__detail::_Mod_range_hashing; _Unused = std::__detail::_Default_ranged_hash; _RehashPolicy = std::__detail::_Prime_rehash_policy; _Traits = std::__detail::_Hashtable_traits<true, true, true>]’ at /usr/include/c++/11/bits/hashtable.h:308:57,
    inlined from ‘std::pair<typename std::__detail::_Insert<_Key, _Value, _Alloc, _ExtractKey, _Equal, _Hash, _RangeHash, _Unused, _RehashPolicy, _Traits>::iterator, bool> std::_Hashtable<_Key, _Value, _Alloc, _ExtractKey, _Equal, _Hash, _RangeHash, _Unused, _RehashPolicy, _Traits>::_M_emplace(std::true_type, _Args&& ...) [with _Args = {db_identifier&}; _Key = db_identifier; _Value = db_identifier; _Alloc = std::allocator<db_identifier>; _ExtractKey = std::__detail::_Identity; _Equal = std::equal_to<db_identifier>; _Hash = std::hash<db_identifier>; _RangeHash = std::__detail::_Mod_range_hashing; _Unused = std::__detail::_Default_ranged_hash; _RehashPolicy = std::__detail::_Prime_rehash_policy; _Traits = std::__detail::_Hashtable_traits<true, true, true>]’ at /usr/include/c++/11/bits/hashtable.h:1978:7,
    inlined from ‘std::_Hashtable<_Key, _Value, _Alloc, _ExtractKey, _Equal, _Hash, _RangeHash, _Unused, _RehashPolicy, _Traits>::__ireturn_type std::_Hashtable<_Key, _Value, _Alloc, _ExtractKey, _Equal, _Hash, _RangeHash, _Unused, _RehashPolicy, _Traits>::emplace(_Args&& ...) [with _Args = {db_identifier&}; _Key = db_identifier; _Value = db_identifier; _Alloc = std::allocator<db_identifier>; _ExtractKey = std::__detail::_Identity; _Equal = std::equal_to<db_identifier>; _Hash = std::hash<db_identifier>; _RangeHash = std::__detail::_Mod_range_hashing; _Unused = std::__detail::_Default_ranged_hash; _RehashPolicy = std::__detail::_Prime_rehash_policy; _Traits = std::__detail::_Hashtable_traits<true, true, true>]’ at /usr/include/c++/11/bits/hashtable.h:915:21,
    inlined from ‘std::pair<typename std::_Hashtable<_Value, _Value, _Alloc, std::__detail::_Identity, _Pred, _Hash, std::__detail::_Mod_range_hashing, std::__detail::_Default_ranged_hash, std::__detail::_Prime_rehash_policy, std::__detail::_Hashtable_traits<std::__not_<std::__and_<std::__is_fast_hash<_Hash>, std::__is_nothrow_invocable<const _Hash&, const _Tp&> > >::value, true, true> >::iterator, bool> std::unordered_set<_Value, _Hash, _Pred, _Alloc>::emplace(_Args&& ...) [with _Args = {db_identifier&}; _Value = db_identifier; _Hash = std::hash<db_identifier>; _Pred = std::equal_to<db_identifier>; _Alloc = std::allocator<db_identifier>]’ at /usr/include/c++/11/bits/unordered_set.h:378:23,
    inlined from ‘void flashback_fill_dml_summary(FLASHBACK_SUMMARY_ENTRY*, OID, SUPPLEMENT_REC_TYPE)’ at /home/vimkim/gh/cb/CBRD-27398-pgbuf-inspector-contract/src/transaction/flashback.c:250:43,
    inlined from ‘int flashback_make_summary_list(THREAD_ENTRY*, FLASHBACK_SUMMARY_CONTEXT*)’ at /home/vimkim/gh/cb/CBRD-27398-pgbuf-inspector-contract/src/transaction/flashback.c:491:32:
/home/vimkim/gh/cb/CBRD-27398-pgbuf-inspector-contract/src/base/memory_cwrapper.h:86:8: warning: ‘void free(void*)’ called on pointer returned from a mismatched allocation function [-Wmismatched-new-delete]
   86 |   free (ptr);
      |   ~~~~~^~~~~
In file included from /usr/include/c++/11/x86_64-redhat-linux/bits/c++allocator.h:33,
                 from /usr/include/c++/11/bits/allocator.h:46,
                 from /usr/include/c++/11/unordered_map:40,
                 from /usr/include/c++/11/functional:61,
                 from /usr/include/c++/11/pstl/glue_algorithm_defs.h:13,
                 from /usr/include/c++/11/algorithm:74,
                 from /home/vimkim/gh/cb/CBRD-27398-pgbuf-inspector-contract/src/transaction/flashback.h:30,
                 from /home/vimkim/gh/cb/CBRD-27398-pgbuf-inspector-contract/src/transaction/flashback.c:45:
/usr/include/c++/11/ext/new_allocator.h: In function ‘int flashback_make_summary_list(THREAD_ENTRY*, FLASHBACK_SUMMARY_CONTEXT*)’:
/usr/include/c++/11/ext/new_allocator.h:127:48: note: returned from ‘void* operator new(std::size_t)’
  127 |         return static_cast<_Tp*>(::operator new(__n * sizeof(_Tp)));
      |                                  ~~~~~~~~~~~~~~^~~~~~~~~~~~~~~~~~~
[1025/1437] Building CXX object cubrid-cci/cci/CMakeFiles/cascci.dir/__/src/base/porting.c.o
[1026/1437] Building CXX object util/CMakeFiles/cub_admin.dir/__/src/executables/util_admin.c.o
[1027/1437] Building CXX object util/CMakeFiles/cub_master.dir/__/src/executables/master.c.o
[1028/1437] Building CXX object cubrid/CMakeFiles/cubrid.dir/__/src/query/parallel/px_scan/px_scan_input_handler_list.cpp.o
[1029/1437] Building CXX object cubrid/CMakeFiles/cubrid.dir/__/src/query/parallel/px_hash_join/px_hash_join_task_manager.cpp.o
[1030/1437] Building CXX object cubrid/CMakeFiles/cubrid.dir/__/src/query/parallel/px_scan/index/px_scan_index_leaf_page_dispatcher.cpp.o
[1031/1437] Building CXX object cubrid-cci/tools/CMakeFiles/cci_applier.dir/__/src/base/cubrid_getopt_long.c.o
[1032/1437] Building CXX object cubrid/CMakeFiles/cubrid.dir/__/src/storage/file_manager.c.o
In file included from /home/vimkim/gh/cb/CBRD-27398-pgbuf-inspector-contract/src/base/memory_alloc.h:54,
                 from /home/vimkim/gh/cb/CBRD-27398-pgbuf-inspector-contract/src/base/memory_hash.h:30,
                 from /home/vimkim/gh/cb/CBRD-27398-pgbuf-inspector-contract/src/storage/file_io.h:33,
                 from /home/vimkim/gh/cb/CBRD-27398-pgbuf-inspector-contract/src/transaction/log_manager.h:37,
                 from /home/vimkim/gh/cb/CBRD-27398-pgbuf-inspector-contract/src/storage/file_manager.h:33,
                 from /home/vimkim/gh/cb/CBRD-27398-pgbuf-inspector-contract/src/storage/file_manager.c:35:
In function ‘void cub_free(void*)’,
    inlined from ‘void operator delete(void*, size_t)’ at /home/vimkim/gh/cb/CBRD-27398-pgbuf-inspector-contract/src/base/memory_wrapper.hpp:75:12,
    inlined from ‘void __gnu_cxx::new_allocator<_Tp>::deallocate(_Tp*, __gnu_cxx::new_allocator<_Tp>::size_type) [with _Tp = std::__detail::_Hash_node<std::pair<const vfid, FILE_TYPE>, true>]’ at /usr/include/c++/11/ext/new_allocator.h:145:19,
    inlined from ‘static void std::allocator_traits<std::allocator<_Tp1> >::deallocate(std::allocator_traits<std::allocator<_Tp1> >::allocator_type&, std::allocator_traits<std::allocator<_Tp1> >::pointer, std::allocator_traits<std::allocator<_Tp1> >::size_type) [with _Tp = std::__detail::_Hash_node<std::pair<const vfid, FILE_TYPE>, true>]’ at /usr/include/c++/11/bits/alloc_traits.h:496:23,
    inlined from ‘void std::__detail::_Hashtable_alloc<_NodeAlloc>::_M_deallocate_node_ptr(std::__detail::_Hashtable_alloc<_NodeAlloc>::__node_ptr) [with _NodeAlloc = std::allocator<std::__detail::_Hash_node<std::pair<const vfid, FILE_TYPE>, true> >]’ at /usr/include/c++/11/bits/hashtable_policy.h:1909:38,
    inlined from ‘void std::__detail::_Hashtable_alloc<_NodeAlloc>::_M_deallocate_node(std::__detail::_Hashtable_alloc<_NodeAlloc>::__node_ptr) [with _NodeAlloc = std::allocator<std::__detail::_Hash_node<std::pair<const vfid, FILE_TYPE>, true> >]’ at /usr/include/c++/11/bits/hashtable_policy.h:1899:29,
    inlined from ‘std::_Hashtable<_Key, _Value, _Alloc, _ExtractKey, _Equal, _Hash, _RangeHash, _Unused, _RehashPolicy, _Traits>::_Scoped_node::~_Scoped_node() [with _Key = vfid; _Value = std::pair<const vfid, FILE_TYPE>; _Alloc = std::allocator<std::pair<const vfid, FILE_TYPE> >; _ExtractKey = std::__detail::_Select1st; _Equal = std::equal_to<vfid>; _Hash = std::hash<vfid>; _RangeHash = std::__detail::_Mod_range_hashing; _Unused = std::__detail::_Default_ranged_hash; _RehashPolicy = std::__detail::_Prime_rehash_policy; _Traits = std::__detail::_Hashtable_traits<true, false, true>]’ at /usr/include/c++/11/bits/hashtable.h:308:57,
    inlined from ‘std::pair<typename std::__detail::_Insert<_Key, _Value, _Alloc, _ExtractKey, _Equal, _Hash, _RangeHash, _Unused, _RehashPolicy, _Traits>::iterator, bool> std::_Hashtable<_Key, _Value, _Alloc, _ExtractKey, _Equal, _Hash, _RangeHash, _Unused, _RehashPolicy, _Traits>::_M_emplace(std::true_type, _Args&& ...) [with _Args = {vfid, FILE_TYPE&}; _Key = vfid; _Value = std::pair<const vfid, FILE_TYPE>; _Alloc = std::allocator<std::pair<const vfid, FILE_TYPE> >; _ExtractKey = std::__detail::_Select1st; _Equal = std::equal_to<vfid>; _Hash = std::hash<vfid>; _RangeHash = std::__detail::_Mod_range_hashing; _Unused = std::__detail::_Default_ranged_hash; _RehashPolicy = std::__detail::_Prime_rehash_policy; _Traits = std::__detail::_Hashtable_traits<true, false, true>]’ at /usr/include/c++/11/bits/hashtable.h:1978:7,
    inlined from ‘std::_Hashtable<_Key, _Value, _Alloc, _ExtractKey, _Equal, _Hash, _RangeHash, _Unused, _RehashPolicy, _Traits>::__ireturn_type std::_Hashtable<_Key, _Value, _Alloc, _ExtractKey, _Equal, _Hash, _RangeHash, _Unused, _RehashPolicy, _Traits>::emplace(_Args&& ...) [with _Args = {vfid, FILE_TYPE&}; _Key = vfid; _Value = std::pair<const vfid, FILE_TYPE>; _Alloc = std::allocator<std::pair<const vfid, FILE_TYPE> >; _ExtractKey = std::__detail::_Select1st; _Equal = std::equal_to<vfid>; _Hash = std::hash<vfid>; _RangeHash = std::__detail::_Mod_range_hashing; _Unused = std::__detail::_Default_ranged_hash; _RehashPolicy = std::__detail::_Prime_rehash_policy; _Traits = std::__detail::_Hashtable_traits<true, false, true>]’ at /usr/include/c++/11/bits/hashtable.h:915:21,
    inlined from ‘std::pair<typename std::_Hashtable<_Key, std::pair<const _Key, _Tp>, _Alloc, std::__detail::_Select1st, _Pred, _Hash, std::__detail::_Mod_range_hashing, std::__detail::_Default_ranged_hash, std::__detail::_Prime_rehash_policy, std::__detail::_Hashtable_traits<std::__not_<std::__and_<std::__is_fast_hash<_Hash>, std::__is_nothrow_invocable<const _Hash&, const _Key&> > >::value, false, true> >::iterator, bool> std::unordered_map<_Key, _Tp, _Hash, _Pred, _Alloc>::emplace(_Args&& ...) [with _Args = {vfid, FILE_TYPE&}; _Key = vfid; _Tp = FILE_TYPE; _Hash = std::hash<vfid>; _Pred = std::equal_to<vfid>; _Alloc = std::allocator<std::pair<const vfid, FILE_TYPE> >]’ at /usr/include/c++/11/bits/unordered_map.h:389:23,
    inlined from ‘int file_tracker_item_collect_invalid_file(THREAD_ENTRY*, PAGE_PTR, FILE_EXTENSIBLE_DATA*, int, bool*, void*)’ at /home/vimkim/gh/cb/CBRD-27398-pgbuf-inspector-contract/src/storage/file_manager.c:11577:52:
/home/vimkim/gh/cb/CBRD-27398-pgbuf-inspector-contract/src/base/memory_cwrapper.h:86:8: warning: ‘void free(void*)’ called on pointer returned from a mismatched allocation function [-Wmismatched-new-delete]
   86 |   free (ptr);
      |   ~~~~~^~~~~
In file included from /usr/include/c++/11/x86_64-redhat-linux/bits/c++allocator.h:33,
                 from /usr/include/c++/11/bits/allocator.h:46,
                 from /usr/include/c++/11/unordered_map:40,
                 from /home/vimkim/gh/cb/CBRD-27398-pgbuf-inspector-contract/src/storage/file_manager.c:32:
/usr/include/c++/11/ext/new_allocator.h: In function ‘int file_tracker_item_collect_invalid_file(THREAD_ENTRY*, PAGE_PTR, FILE_EXTENSIBLE_DATA*, int, bool*, void*)’:
/usr/include/c++/11/ext/new_allocator.h:127:48: note: returned from ‘void* operator new(std::size_t)’
  127 |         return static_cast<_Tp*>(::operator new(__n * sizeof(_Tp)));
      |                                  ~~~~~~~~~~~~~~^~~~~~~~~~~~~~~~~~~
[1033/1437] Building CXX object cubrid/CMakeFiles/cubrid.dir/__/src/query/parallel/px_parallel.cpp.o
[1034/1437] Building CXX object cubrid-cci/cci/CMakeFiles/cascci.dir/__/src/cci/cci_t_lob.c.o
[1035/1437] Building CXX object cubrid/CMakeFiles/cubrid.dir/__/src/optimizer/histogram/histogram_reader.cpp.o
[1036/1437] Building CXX object cubrid-cci/cci/CMakeFiles/cascci.dir/__/src/cci/cci_common.c.o
[1037/1437] Building CXX object cubrid/CMakeFiles/cubrid.dir/__/src/storage/system_catalog.c.o
[1038/1437] Building CXX object cubrid/CMakeFiles/cubrid.dir/__/src/query/parallel/px_scan/px_scan_input_handler_index.cpp.o
[1039/1437] Building CXX object cubrid/CMakeFiles/cubrid.dir/__/src/query/parallel/px_scan/px_scan_slot_iterator.cpp.o
[1040/1437] Building CXX object cubrid/CMakeFiles/cubrid.dir/__/src/xasl/xasl_stream.cpp.o
[1041/1437] Building CXX object util/CMakeFiles/cub_master.dir/__/src/executables/master_server_monitor.cpp.o
[1042/1437] Building CXX object broker/CMakeFiles/cub_broker.dir/__/src/broker/broker_error.c.o
[1043/1437] Building CXX object broker/CMakeFiles/cub_broker.dir/__/src/broker/broker_max_heap.c.o
[1044/1437] Building CXX object cubrid-cci/tools/CMakeFiles/cci_applier.dir/__/src/tools/cci_applier.c.o
[1045/1437] Building CXX object cubrid/CMakeFiles/cubrid.dir/__/src/query/parallel/px_scan/index/px_scan_index_key_range_list.cpp.o
[1046/1437] Building CXX object util/CMakeFiles/cub_pl.dir/__/src/executables/pl.cpp.o
[1047/1437] Building CXX object cubrid-cci/cci/CMakeFiles/cascci.dir/__/src/cci/cci_t_set.c.o
[1048/1437] Building CXX object cubrid-cci/cci/CMakeFiles/cascci.dir/__/src/cci/cci_ssl.c.o
[1049/1437] Building CXX object cubrid-cci/cci/CMakeFiles/cascci.dir/__/src/cci/cci_handle_mng.c.o
[1050/1437] Building CXX object broker/CMakeFiles/cub_broker.dir/__/src/broker/broker_access_list.c.o
[1051/1437] Building CXX object cubrid-cci/cci/CMakeFiles/cascci.dir/__/src/cci/cci_network.c.o
[1052/1437] Building CXX object broker/CMakeFiles/cub_broker.dir/__/src/broker/broker_process_size.c.o
[1053/1437] Building CXX object cubrid/CMakeFiles/cubrid.dir/__/src/optimizer/histogram/histogram_builder.cpp.o
[1054/1437] Building CXX object cubrid-cci/cci/CMakeFiles/cascci.dir/__/src/cci/cci_properties.c.o
[1055/1437] Building CXX object cubrid/CMakeFiles/cubrid.dir/__/src/query/parallel/px_scan/index/px_scan_index_overflow_drain_fsm.cpp.o
[1056/1437] Building CXX object cubrid/CMakeFiles/cubrid.dir/__/src/query/parallel/px_scan/px_scan_slot_iterator_index.cpp.o
[1057/1437] Building CXX object cubrid/CMakeFiles/cubrid.dir/__/src/query/parallel/px_scan/px_scan_input_handler_heap.cpp.o
[1058/1437] Building CXX object broker/CMakeFiles/cub_broker.dir/__/src/broker/broker_send_fd.c.o
[1059/1437] Building CXX object cubrid/CMakeFiles/cubrid.dir/__/src/query/parallel/px_scan/index/px_scan_index_overflow_chain_pool.cpp.o
[1060/1437] Building CXX object cubrid/CMakeFiles/cubrid.dir/__/src/query/vacuum.c.o
[1061/1437] Building CXX object util/CMakeFiles/cub_pl.dir/__/src/sp/pl_sr_jvm.cpp.o
[1062/1437] Building CXX object broker/CMakeFiles/cub_gateway.dir/__/src/broker/broker_error.c.o
[1063/1437] Building CXX object cubrid/CMakeFiles/cubrid.dir/__/src/xasl/xasl_iteration.cpp.o
[1064/1437] Building CXX object util/CMakeFiles/cubrid-bin.dir/__/src/executables/util_service.c.o
/home/vimkim/gh/cb/CBRD-27398-pgbuf-inspector-contract/src/executables/util_service.c: In function ‘int process_pl(int, int, const char**, bool, bool, bool, bool)’:
/home/vimkim/gh/cb/CBRD-27398-pgbuf-inspector-contract/src/executables/util_service.c:2992:15: warning: ‘char* strncpy(char*, const char*, size_t)’ specified bound 4096 equals destination size [-Wstringop-truncation]
 2992 |       strncpy (buf, argv[0], buf_size);
      |       ~~~~~~~~^~~~~~~~~~~~~~~~~~~~~~~~
[1065/1437] Building CXX object cubrid/CMakeFiles/cubrid.dir/__/src/query/parallel/px_scan/px_scan_slot_iterator_list.cpp.o
[1066/1437] Building CXX object cubrid/CMakeFiles/cubrid.dir/__/src/query/parallel/px_hash_join/px_hash_join.cpp.o
[1067/1437] Building CXX object broker/CMakeFiles/cub_gateway.dir/__/src/broker/broker_access_list.c.o
[1068/1437] Building CXX object broker/CMakeFiles/cub_broker.dir/__/src/broker/broker_shm.c.o
[1069/1437] Building CXX object broker/CMakeFiles/cub_broker.dir/__/src/broker/broker_util.c.o
[1070/1437] Building CXX object broker/CMakeFiles/cub_gateway.dir/__/src/broker/broker_max_heap.c.o
[1071/1437] Building CXX object broker/CMakeFiles/cub_gateway.dir/__/src/broker/broker_process_size.c.o
[1072/1437] Building CXX object broker/CMakeFiles/cub_gateway.dir/__/src/broker/broker_send_fd.c.o
[1073/1437] Building CXX object cubrid-cci/cci/CMakeFiles/cascci.dir/__/src/cci/cci_map.cpp.o
[1074/1437] Building CXX object broker/CMakeFiles/broker_monitor.dir/__/src/broker/broker_error.c.o
[1075/1437] Building CXX object util/CMakeFiles/cub_master.dir/__/src/executables/master_heartbeat.c.o
In file included from /home/vimkim/gh/cb/CBRD-27398-pgbuf-inspector-contract/src/base/packer.hpp:26,
                 from /home/vimkim/gh/cb/CBRD-27398-pgbuf-inspector-contract/src/base/packable_object.hpp:28,
                 from /home/vimkim/gh/cb/CBRD-27398-pgbuf-inspector-contract/src/transaction/client_credentials.hpp:28,
                 from /home/vimkim/gh/cb/CBRD-27398-pgbuf-inspector-contract/src/transaction/boot.h:26,
                 from /home/vimkim/gh/cb/CBRD-27398-pgbuf-inspector-contract/src/connection/connection_defs.h:30,
                 from /home/vimkim/gh/cb/CBRD-27398-pgbuf-inspector-contract/src/connection/connection_cl.h:29,
                 from /home/vimkim/gh/cb/CBRD-27398-pgbuf-inspector-contract/src/executables/master_heartbeat.c:49:
In function ‘int hb_set_net_header(HBP_HEADER*, unsigned char, bool, short unsigned int, unsigned int, char*)’,
    inlined from ‘int hb_cluster_send_heartbeat_internal(sockaddr_in*, socklen_t, char*, bool)’ at /home/vimkim/gh/cb/CBRD-27398-pgbuf-inspector-contract/src/executables/master_heartbeat.c:1712:38:
/home/vimkim/gh/cb/CBRD-27398-pgbuf-inspector-contract/src/base/porting.h:329:11: warning: ‘char* strncpy(char*, const char*, size_t)’ output may be truncated copying 63 bytes from a string of length 63 [-Wstringop-truncation]
  329 |   strncpy (buf, str, size); buf[(size) - 1] = '\0'
      |   ~~~~~~~~^~~~~~~~~~~~~~~~
/home/vimkim/gh/cb/CBRD-27398-pgbuf-inspector-contract/src/base/porting.h:339:3: note: in expansion of macro ‘strncpy_size’
  339 |   strncpy_size (buf, str, sizeof (buf)); check_is_array (buf)
      |   ^~~~~~~~~~~~
/home/vimkim/gh/cb/CBRD-27398-pgbuf-inspector-contract/src/executables/master_heartbeat.c:1927:3: note: in expansion of macro ‘strncpy_bufsize’
 1927 |   strncpy_bufsize (header->group_id, hb_Cluster->group_id);
      |   ^~~~~~~~~~~~~~~
/home/vimkim/gh/cb/CBRD-27398-pgbuf-inspector-contract/src/base/porting.h:329:11: warning: ‘char* strncpy(char*, const char*, size_t)’ output may be truncated copying 255 bytes from a string of length 255 [-Wstringop-truncation]
  329 |   strncpy (buf, str, size); buf[(size) - 1] = '\0'
      |   ~~~~~~~~^~~~~~~~~~~~~~~~
/home/vimkim/gh/cb/CBRD-27398-pgbuf-inspector-contract/src/base/porting.h:339:3: note: in expansion of macro ‘strncpy_size’
  339 |   strncpy_size (buf, str, sizeof (buf)); check_is_array (buf)
      |   ^~~~~~~~~~~~
/home/vimkim/gh/cb/CBRD-27398-pgbuf-inspector-contract/src/executables/master_heartbeat.c:1929:3: note: in expansion of macro ‘strncpy_bufsize’
 1929 |   strncpy_bufsize (header->orig_host_name, hb_Cluster->myself->host_name);
      |   ^~~~~~~~~~~~~~~
/home/vimkim/gh/cb/CBRD-27398-pgbuf-inspector-contract/src/executables/master_heartbeat.c: In function ‘void hb_register_new_process(CSS_CONN_ENTRY*)’:
/home/vimkim/gh/cb/CBRD-27398-pgbuf-inspector-contract/src/executables/master_heartbeat.c:4339:83: warning: ‘%s’ directive output may be truncated writing up to 3959 bytes into a region of size 2002 [-Wformat-truncation=]
 4339 |   snprintf (error_string, LINE_MAX, "%s (expected pid: %d, pid:%d, state:%s, args:%s)", HB_RESULT_FAILURE_STR,
      |                                                                                   ^~
/home/vimkim/gh/cb/CBRD-27398-pgbuf-inspector-contract/src/executables/master_heartbeat.c:4339:12: note: ‘snprintf’ output 48 or more bytes (assuming 4007) into a destination of size 2048
 4339 |   snprintf (error_string, LINE_MAX, "%s (expected pid: %d, pid:%d, state:%s, args:%s)", HB_RESULT_FAILURE_STR,
      |   ~~~~~~~~~^~~~~~~~~~~~~~~~~~~~~~~~~~~~~~~~~~~~~~~~~~~~~~~~~~~~~~~~~~~~~~~~~~~~~~~~~~~~~~~~~~~~~~~~~~~~~~~~~~~
 4340 |             proc->pid, ntohl (hbp_proc_register->pid), hb_process_state_string (proc->type, proc->state),
      |             ~~~~~~~~~~~~~~~~~~~~~~~~~~~~~~~~~~~~~~~~~~~~~~~~~~~~~~~~~~~~~~~~~~~~~~~~~~~~~~~~~~~~~~~~~~~~~
 4341 |             hbp_proc_register->args);
      |             ~~~~~~~~~~~~~~~~~~~~~~~~
/home/vimkim/gh/cb/CBRD-27398-pgbuf-inspector-contract/src/executables/master_heartbeat.c:4327:69: warning: ‘%s’ directive output may be truncated writing up to 3959 bytes into a region of size 2019 [-Wformat-truncation=]
 4327 |       snprintf (error_string, LINE_MAX, "%s (pid:%d, state:%s, args:%s)", HB_RESULT_SUCCESS_STR,
      |                                                                     ^~
/home/vimkim/gh/cb/CBRD-27398-pgbuf-inspector-contract/src/executables/master_heartbeat.c:4327:16: note: ‘snprintf’ output 31 or more bytes (assuming 3990) into a destination of size 2048
 4327 |       snprintf (error_string, LINE_MAX, "%s (pid:%d, state:%s, args:%s)", HB_RESULT_SUCCESS_STR,
      |       ~~~~~~~~~^~~~~~~~~~~~~~~~~~~~~~~~~~~~~~~~~~~~~~~~~~~~~~~~~~~~~~~~~~~~~~~~~~~~~~~~~~~~~~~~~
 4328 |                 ntohl (hbp_proc_register->pid), hb_process_state_string (proc->type, proc->state),
      |                 ~~~~~~~~~~~~~~~~~~~~~~~~~~~~~~~~~~~~~~~~~~~~~~~~~~~~~~~~~~~~~~~~~~~~~~~~~~~~~~~~~~
 4329 |                 hbp_proc_register->args);
      |                 ~~~~~~~~~~~~~~~~~~~~~~~~
[1076/1437] Building CXX object cubrid/CMakeFiles/cubrid.dir/__/src/query/parallel/px_scan/index/px_scan_index_leaf_slot_walker.cpp.o
[1077/1437] Building CXX object broker/CMakeFiles/broker_monitor.dir/__/src/broker/broker_process_size.c.o
[1078/1437] Building CXX object cubrid/CMakeFiles/cubrid.dir/__/src/xasl/xasl_spawner.cpp.o
[1079/1437] Building CXX object util/CMakeFiles/unittests_lf.dir/__/src/base/porting.c.o
[1080/1437] Building CXX object util/CMakeFiles/unittests_area.dir/__/src/base/memory_monitor_api.cpp.o
[1081/1437] Building CXX object broker/CMakeFiles/broker_monitor.dir/__/src/broker/broker_max_heap.c.o
[1082/1437] Building CXX object util/CMakeFiles/unittests_lf.dir/__/src/base/memory_monitor_api.cpp.o
[1083/1437] Building CXX object broker/CMakeFiles/broker_monitor.dir/__/src/broker/broker_process_info.c.o
[1084/1437] Building CXX object util/CMakeFiles/unittests_snapshot.dir/__/src/base/memory_monitor_api.cpp.o
[1085/1437] Building CXX object broker/CMakeFiles/cub_gateway.dir/__/src/broker/broker_shm.c.o
[1086/1437] Building CXX object broker/CMakeFiles/cub_broker.dir/__/src/broker/broker_filename.c.o
[1087/1437] Building CXX object broker/CMakeFiles/cub_broker.dir/__/src/broker/broker_proxy_conn.c.o
[1088/1437] Building CXX object broker/CMakeFiles/gateway_monitor.dir/__/src/broker/broker_error.c.o
[1089/1437] Building CXX object broker/CMakeFiles/cub_gateway.dir/__/src/broker/broker_util.c.o
[1090/1437] Building CXX object broker/CMakeFiles/gateway_monitor.dir/__/src/broker/broker_process_size.c.o
[1091/1437] Building CXX object cubrid/CMakeFiles/cubrid.dir/__/src/query/parallel/px_worker_manager_global.cpp.o
[1092/1437] Building CXX object util/CMakeFiles/unittests_bit.dir/__/src/base/memory_monitor_api.cpp.o
[1093/1437] Building CXX object broker/CMakeFiles/gateway_monitor.dir/__/src/broker/broker_process_info.c.o
[1094/1437] Building CXX object cubrid/CMakeFiles/cubrid.dir/__/src/query/string_regex_std.cpp.o
[1095/1437] Building CXX object util/CMakeFiles/unittests_area.dir/__/src/executables/unittests_area.c.o
[1096/1437] Building CXX object broker/CMakeFiles/cub_broker.dir/__/src/broker/shard_metadata.c.o
[1097/1437] Building CXX object broker/CMakeFiles/gateway_monitor.dir/__/src/broker/broker_max_heap.c.o
[1098/1437] Building CXX object cubrid/CMakeFiles/cubrid.dir/__/src/query/parallel/px_scan/px_scan_pre_execution_info.cpp.o
In file included from /home/vimkim/gh/cb/CBRD-27398-pgbuf-inspector-contract/src/base/memory_alloc.h:54,
                 from /home/vimkim/gh/cb/CBRD-27398-pgbuf-inspector-contract/src/base/memory_hash.h:30,
                 from /home/vimkim/gh/cb/CBRD-27398-pgbuf-inspector-contract/src/query/xasl.h:32,
                 from /home/vimkim/gh/cb/CBRD-27398-pgbuf-inspector-contract/src/query/parallel/px_scan/px_scan_pre_execution_info.hpp:28,
                 from /home/vimkim/gh/cb/CBRD-27398-pgbuf-inspector-contract/src/query/parallel/px_scan/px_scan_pre_execution_info.cpp:23:
In function ‘void cub_free(void*)’,
    inlined from ‘void operator delete(void*, size_t)’ at /home/vimkim/gh/cb/CBRD-27398-pgbuf-inspector-contract/src/base/memory_wrapper.hpp:75:12,
    inlined from ‘void __gnu_cxx::new_allocator<_Tp>::deallocate(_Tp*, __gnu_cxx::new_allocator<_Tp>::size_type) [with _Tp = std::_Rb_tree_node<std::pair<const int, db_value> >]’ at /usr/include/c++/11/ext/new_allocator.h:145:19,
    inlined from ‘static void std::allocator_traits<std::allocator<_CharT> >::deallocate(std::allocator_traits<std::allocator<_CharT> >::allocator_type&, std::allocator_traits<std::allocator<_CharT> >::pointer, std::allocator_traits<std::allocator<_CharT> >::size_type) [with _Tp = std::_Rb_tree_node<std::pair<const int, db_value> >]’ at /usr/include/c++/11/bits/alloc_traits.h:496:23,
    inlined from ‘void std::_Rb_tree<_Key, _Val, _KeyOfValue, _Compare, _Alloc>::_M_put_node(std::_Rb_tree<_Key, _Val, _KeyOfValue, _Compare, _Alloc>::_Link_type) [with _Key = int; _Val = std::pair<const int, db_value>; _KeyOfValue = std::_Select1st<std::pair<const int, db_value> >; _Compare = std::less<int>; _Alloc = std::allocator<std::pair<const int, db_value> >]’ at /usr/include/c++/11/bits/stl_tree.h:565:34,
    inlined from ‘void std::_Rb_tree<_Key, _Val, _KeyOfValue, _Compare, _Alloc>::_M_drop_node(std::_Rb_tree<_Key, _Val, _KeyOfValue, _Compare, _Alloc>::_Link_type) [with _Key = int; _Val = std::pair<const int, db_value>; _KeyOfValue = std::_Select1st<std::pair<const int, db_value> >; _Compare = std::less<int>; _Alloc = std::allocator<std::pair<const int, db_value> >]’ at /usr/include/c++/11/bits/stl_tree.h:632:13,
    inlined from ‘std::pair<std::_Rb_tree_iterator<_Val>, bool> std::_Rb_tree<_Key, _Val, _KeyOfValue, _Compare, _Alloc>::_M_emplace_unique(_Args&& ...) [with _Args = {int&, db_value&}; _Key = int; _Val = std::pair<const int, db_value>; _KeyOfValue = std::_Select1st<std::pair<const int, db_value> >; _Compare = std::less<int>; _Alloc = std::allocator<std::pair<const int, db_value> >]’ at /usr/include/c++/11/bits/stl_tree.h:2393:18,
    inlined from ‘std::pair<typename std::_Rb_tree<_Key, std::pair<const _Key, _Tp>, std::_Select1st<std::pair<const _Key, _Tp> >, _Compare, typename __gnu_cxx::__alloc_traits<_Allocator>::rebind<std::pair<const _Key, _Tp> >::other>::iterator, bool> std::map<_Key, _Tp, _Compare, _Alloc>::emplace(_Args&& ...) [with _Args = {int&, db_value&}; _Key = int; _Tp = db_value; _Compare = std::less<int>; _Alloc = std::allocator<std::pair<const int, db_value> >]’ at /usr/include/c++/11/bits/stl_map.h:577:33,
    inlined from ‘void parallel_scan::pre_execution_info::capture_precomp_vals(xasl_node*)’ at /home/vimkim/gh/cb/CBRD-27398-pgbuf-inspector-contract/src/query/parallel/px_scan/px_scan_pre_execution_info.cpp:113:29:
/home/vimkim/gh/cb/CBRD-27398-pgbuf-inspector-contract/src/base/memory_cwrapper.h:86:8: warning: ‘void free(void*)’ called on pointer returned from a mismatched allocation function [-Wmismatched-new-delete]
   86 |   free (ptr);
      |   ~~~~~^~~~~
In file included from /usr/include/c++/11/x86_64-redhat-linux/bits/c++allocator.h:33,
                 from /usr/include/c++/11/bits/allocator.h:46,
                 from /usr/include/c++/11/string:41,
                 from /home/vimkim/gh/cb/CBRD-27398-pgbuf-inspector-contract/src/xasl/access_json_table.hpp:26,
                 from /home/vimkim/gh/cb/CBRD-27398-pgbuf-inspector-contract/src/query/xasl.h:30,
                 from /home/vimkim/gh/cb/CBRD-27398-pgbuf-inspector-contract/src/query/parallel/px_scan/px_scan_pre_execution_info.hpp:28,
                 from /home/vimkim/gh/cb/CBRD-27398-pgbuf-inspector-contract/src/query/parallel/px_scan/px_scan_pre_execution_info.cpp:23:
/usr/include/c++/11/ext/new_allocator.h: In member function ‘void parallel_scan::pre_execution_info::capture_precomp_vals(xasl_node*)’:
/usr/include/c++/11/ext/new_allocator.h:127:48: note: returned from ‘void* operator new(std::size_t)’
  127 |         return static_cast<_Tp*>(::operator new(__n * sizeof(_Tp)));
      |                                  ~~~~~~~~~~~~~~^~~~~~~~~~~~~~~~~~~
[1099/1437] Building CXX object broker/CMakeFiles/cub_broker.dir/__/src/broker/shard_shm.c.o
[1100/1437] Building CXX object broker/CMakeFiles/broker_changer.dir/__/src/broker/broker_error.c.o
[1101/1437] Building CXX object broker/CMakeFiles/broker_monitor.dir/__/src/broker/broker_util.c.o
[1102/1437] Building CXX object util/CMakeFiles/unittests_lf.dir/__/src/base/memory_monitor_sr.cpp.o
[1103/1437] Building CXX object broker/CMakeFiles/broker_monitor.dir/__/src/broker/broker_shm.c.o
[1104/1437] Building CXX object util/CMakeFiles/cub_server.dir/__/src/executables/server.c.o
[1105/1437] Building CXX object broker/CMakeFiles/cub_gateway.dir/__/src/broker/broker_filename.c.o
[1106/1437] Building CXX object broker/CMakeFiles/broker_changer.dir/__/src/broker/broker_process_size.c.o
[1107/1437] Building CXX object broker/CMakeFiles/cub_gateway.dir/__/src/broker/broker_proxy_conn.c.o
[1108/1437] Building CXX object cubrid/CMakeFiles/cubrid.dir/__/src/query/parallel/px_scan/px_scan_trace_handler.cpp.o
[1109/1437] Building CXX object cubrid-cci/cci/CMakeFiles/cascci.dir/__/src/cci/cas_cci.c.o
[1110/1437] Building CXX object broker/CMakeFiles/broker_changer.dir/__/src/broker/broker_max_heap.c.o
[1111/1437] Building CXX object cubrid/CMakeFiles/cubrid.dir/__/src/query/parallel/px_query_execute/px_query_task.cpp.o
[1112/1437] Building CXX object broker/CMakeFiles/gateway_monitor.dir/__/src/broker/broker_util.c.o
[1113/1437] Building CXX object broker/CMakeFiles/broker_changer.dir/__/src/broker/shard_key_func.c.o
[1114/1437] Building CXX object util/CMakeFiles/unittests_area.dir/__/src/base/memory_monitor_sr.cpp.o
[1115/1437] Building CXX object broker/CMakeFiles/cub_gateway.dir/__/src/broker/shard_metadata.c.o
[1116/1437] Building CXX object broker/CMakeFiles/cubrid_broker.dir/__/src/broker/broker_error.c.o
[1117/1437] Building C object sa/CMakeFiles/cubridsa.dir/__/csql_grammar.c.o
/home/vimkim/gh/cb/CBRD-27398-pgbuf-inspector-contract/build_preset_release_gcc/csql_grammar.c: In function ‘yyuserAction’:
/home/vimkim/gh/cb/CBRD-27398-pgbuf-inspector-contract/build_preset_release_gcc/csql_grammar.c:41962:80: warning: implicit conversion from ‘enum pt_currency_types’ to ‘DB_CURRENCY’ [-Wenum-conversion]
41962 |                             pt_value_set_monetary (this_parser, val, str, txt, PT_CURRENCY_YEN);
      |                                                                                ^~~~~~~~~~~~~~~
/home/vimkim/gh/cb/CBRD-27398-pgbuf-inspector-contract/build_preset_release_gcc/csql_grammar.c:41982:80: warning: implicit conversion from ‘enum pt_currency_types’ to ‘DB_CURRENCY’ [-Wenum-conversion]
41982 |                             pt_value_set_monetary (this_parser, val, str, txt, PT_CURRENCY_DOLLAR);
      |                                                                                ^~~~~~~~~~~~~~~~~~
/home/vimkim/gh/cb/CBRD-27398-pgbuf-inspector-contract/build_preset_release_gcc/csql_grammar.c:42002:80: warning: implicit conversion from ‘enum pt_currency_types’ to ‘DB_CURRENCY’ [-Wenum-conversion]
42002 |                             pt_value_set_monetary (this_parser, val, str, txt, PT_CURRENCY_WON);
      |                                                                                ^~~~~~~~~~~~~~~
/home/vimkim/gh/cb/CBRD-27398-pgbuf-inspector-contract/build_preset_release_gcc/csql_grammar.c:42022:80: warning: implicit conversion from ‘enum pt_currency_types’ to ‘DB_CURRENCY’ [-Wenum-conversion]
42022 |                             pt_value_set_monetary (this_parser, val, str, txt, PT_CURRENCY_TL);
      |                                                                                ^~~~~~~~~~~~~~
/home/vimkim/gh/cb/CBRD-27398-pgbuf-inspector-contract/build_preset_release_gcc/csql_grammar.c:42042:80: warning: implicit conversion from ‘enum pt_currency_types’ to ‘DB_CURRENCY’ [-Wenum-conversion]
42042 |                             pt_value_set_monetary (this_parser, val, str, txt, PT_CURRENCY_BRITISH_POUND);
      |                                                                                ^~~~~~~~~~~~~~~~~~~~~~~~~
/home/vimkim/gh/cb/CBRD-27398-pgbuf-inspector-contract/build_preset_release_gcc/csql_grammar.c:42061:80: warning: implicit conversion from ‘enum pt_currency_types’ to ‘DB_CURRENCY’ [-Wenum-conversion]
42061 |                             pt_value_set_monetary (this_parser, val, str, txt, PT_CURRENCY_CAMBODIAN_RIEL);
      |                                                                                ^~~~~~~~~~~~~~~~~~~~~~~~~~
/home/vimkim/gh/cb/CBRD-27398-pgbuf-inspector-contract/build_preset_release_gcc/csql_grammar.c:42080:80: warning: implicit conversion from ‘enum pt_currency_types’ to ‘DB_CURRENCY’ [-Wenum-conversion]
42080 |                             pt_value_set_monetary (this_parser, val, str, txt, PT_CURRENCY_CHINESE_RENMINBI);
      |                                                                                ^~~~~~~~~~~~~~~~~~~~~~~~~~~~
/home/vimkim/gh/cb/CBRD-27398-pgbuf-inspector-contract/build_preset_release_gcc/csql_grammar.c:42099:80: warning: implicit conversion from ‘enum pt_currency_types’ to ‘DB_CURRENCY’ [-Wenum-conversion]
42099 |                             pt_value_set_monetary (this_parser, val, str, txt, PT_CURRENCY_INDIAN_RUPEE);
      |                                                                                ^~~~~~~~~~~~~~~~~~~~~~~~
/home/vimkim/gh/cb/CBRD-27398-pgbuf-inspector-contract/build_preset_release_gcc/csql_grammar.c:42118:80: warning: implicit conversion from ‘enum pt_currency_types’ to ‘DB_CURRENCY’ [-Wenum-conversion]
42118 |                             pt_value_set_monetary (this_parser, val, str, txt, PT_CURRENCY_RUSSIAN_RUBLE);
      |                                                                                ^~~~~~~~~~~~~~~~~~~~~~~~~
/home/vimkim/gh/cb/CBRD-27398-pgbuf-inspector-contract/build_preset_release_gcc/csql_grammar.c:42137:80: warning: implicit conversion from ‘enum pt_currency_types’ to ‘DB_CURRENCY’ [-Wenum-conversion]
42137 |                             pt_value_set_monetary (this_parser, val, str, txt, PT_CURRENCY_AUSTRALIAN_DOLLAR);
      |                                                                                ^~~~~~~~~~~~~~~~~~~~~~~~~~~~~
/home/vimkim/gh/cb/CBRD-27398-pgbuf-inspector-contract/build_preset_release_gcc/csql_grammar.c:42156:80: warning: implicit conversion from ‘enum pt_currency_types’ to ‘DB_CURRENCY’ [-Wenum-conversion]
42156 |                             pt_value_set_monetary (this_parser, val, str, txt, PT_CURRENCY_CANADIAN_DOLLAR);
      |                                                                                ^~~~~~~~~~~~~~~~~~~~~~~~~~~
/home/vimkim/gh/cb/CBRD-27398-pgbuf-inspector-contract/build_preset_release_gcc/csql_grammar.c:42175:80: warning: implicit conversion from ‘enum pt_currency_types’ to ‘DB_CURRENCY’ [-Wenum-conversion]
42175 |                             pt_value_set_monetary (this_parser, val, str, txt, PT_CURRENCY_BRASILIAN_REAL);
      |                                                                                ^~~~~~~~~~~~~~~~~~~~~~~~~~
/home/vimkim/gh/cb/CBRD-27398-pgbuf-inspector-contract/build_preset_release_gcc/csql_grammar.c:42194:80: warning: implicit conversion from ‘enum pt_currency_types’ to ‘DB_CURRENCY’ [-Wenum-conversion]
42194 |                             pt_value_set_monetary (this_parser, val, str, txt, PT_CURRENCY_ROMANIAN_LEU);
      |                                                                                ^~~~~~~~~~~~~~~~~~~~~~~~
/home/vimkim/gh/cb/CBRD-27398-pgbuf-inspector-contract/build_preset_release_gcc/csql_grammar.c:42213:80: warning: implicit conversion from ‘enum pt_currency_types’ to ‘DB_CURRENCY’ [-Wenum-conversion]
42213 |                             pt_value_set_monetary (this_parser, val, str, txt, PT_CURRENCY_EURO);
      |                                                                                ^~~~~~~~~~~~~~~~
/home/vimkim/gh/cb/CBRD-27398-pgbuf-inspector-contract/build_preset_release_gcc/csql_grammar.c:42232:80: warning: implicit conversion from ‘enum pt_currency_types’ to ‘DB_CURRENCY’ [-Wenum-conversion]
42232 |                             pt_value_set_monetary (this_parser, val, str, txt, PT_CURRENCY_SWISS_FRANC);
      |                                                                                ^~~~~~~~~~~~~~~~~~~~~~~
/home/vimkim/gh/cb/CBRD-27398-pgbuf-inspector-contract/build_preset_release_gcc/csql_grammar.c:42251:80: warning: implicit conversion from ‘enum pt_currency_types’ to ‘DB_CURRENCY’ [-Wenum-conversion]
42251 |                             pt_value_set_monetary (this_parser, val, str, txt, PT_CURRENCY_DANISH_KRONE);
      |                                                                                ^~~~~~~~~~~~~~~~~~~~~~~~
/home/vimkim/gh/cb/CBRD-27398-pgbuf-inspector-contract/build_preset_release_gcc/csql_grammar.c:42270:80: warning: implicit conversion from ‘enum pt_currency_types’ to ‘DB_CURRENCY’ [-Wenum-conversion]
42270 |                             pt_value_set_monetary (this_parser, val, str, txt, PT_CURRENCY_NORWEGIAN_KRONE);
      |                                                                                ^~~~~~~~~~~~~~~~~~~~~~~~~~~
/home/vimkim/gh/cb/CBRD-27398-pgbuf-inspector-contract/build_preset_release_gcc/csql_grammar.c:42289:80: warning: implicit conversion from ‘enum pt_currency_types’ to ‘DB_CURRENCY’ [-Wenum-conversion]
42289 |                             pt_value_set_monetary (this_parser, val, str, txt, PT_CURRENCY_BULGARIAN_LEV);
      |                                                                                ^~~~~~~~~~~~~~~~~~~~~~~~~
/home/vimkim/gh/cb/CBRD-27398-pgbuf-inspector-contract/build_preset_release_gcc/csql_grammar.c:42308:80: warning: implicit conversion from ‘enum pt_currency_types’ to ‘DB_CURRENCY’ [-Wenum-conversion]
42308 |                             pt_value_set_monetary (this_parser, val, str, txt, PT_CURRENCY_VIETNAMESE_DONG);
      |                                                                                ^~~~~~~~~~~~~~~~~~~~~~~~~~~
/home/vimkim/gh/cb/CBRD-27398-pgbuf-inspector-contract/build_preset_release_gcc/csql_grammar.c:42327:80: warning: implicit conversion from ‘enum pt_currency_types’ to ‘DB_CURRENCY’ [-Wenum-conversion]
42327 |                             pt_value_set_monetary (this_parser, val, str, txt, PT_CURRENCY_CZECH_KORUNA);
      |                                                                                ^~~~~~~~~~~~~~~~~~~~~~~~
/home/vimkim/gh/cb/CBRD-27398-pgbuf-inspector-contract/build_preset_release_gcc/csql_grammar.c:42346:80: warning: implicit conversion from ‘enum pt_currency_types’ to ‘DB_CURRENCY’ [-Wenum-conversion]
42346 |                             pt_value_set_monetary (this_parser, val, str, txt, PT_CURRENCY_POLISH_ZLOTY);
      |                                                                                ^~~~~~~~~~~~~~~~~~~~~~~~
/home/vimkim/gh/cb/CBRD-27398-pgbuf-inspector-contract/build_preset_release_gcc/csql_grammar.c:42365:80: warning: implicit conversion from ‘enum pt_currency_types’ to ‘DB_CURRENCY’ [-Wenum-conversion]
42365 |                             pt_value_set_monetary (this_parser, val, str, txt, PT_CURRENCY_SWEDISH_KRONA);
      |                                                                                ^~~~~~~~~~~~~~~~~~~~~~~~~
/home/vimkim/gh/cb/CBRD-27398-pgbuf-inspector-contract/build_preset_release_gcc/csql_grammar.c:42384:80: warning: implicit conversion from ‘enum pt_currency_types’ to ‘DB_CURRENCY’ [-Wenum-conversion]
42384 |                             pt_value_set_monetary (this_parser, val, str, txt, PT_CURRENCY_CROATIAN_KUNA);
      |                                                                                ^~~~~~~~~~~~~~~~~~~~~~~~~
/home/vimkim/gh/cb/CBRD-27398-pgbuf-inspector-contract/build_preset_release_gcc/csql_grammar.c:42403:80: warning: implicit conversion from ‘enum pt_currency_types’ to ‘DB_CURRENCY’ [-Wenum-conversion]
42403 |                             pt_value_set_monetary (this_parser, val, str, txt, PT_CURRENCY_SERBIAN_DINAR);
      |                                                                                ^~~~~~~~~~~~~~~~~~~~~~~~~
/home/vimkim/gh/cb/CBRD-27398-pgbuf-inspector-contract/build_preset_release_gcc/csql_grammar.c: In function ‘pt_value_set_monetary’:
/home/vimkim/gh/cb/CBRD-27398-pgbuf-inspector-contract/build_preset_release_gcc/csql_grammar.c:48415:42: warning: implicit conversion from ‘DB_CURRENCY’ to ‘PT_CURRENCY’ {aka ‘enum pt_currency_types’} [-Wenum-conversion]
48415 |   node->info.value.data_value.money.type = type;
      |                                          ^
[1118/1437] Building CXX object broker/CMakeFiles/broker_monitor.dir/__/src/base/util_func.c.o
[1119/1437] Building CXX object cubrid-cci/cci/CMakeFiles/cascci.dir/__/src/cci/cci_query_execute.c.o
[1120/1437] Building CXX object broker/CMakeFiles/broker_changer.dir/__/src/broker/broker_acl.c.o
[1121/1437] Building CXX object broker/CMakeFiles/cubrid_broker.dir/__/src/broker/broker_max_heap.c.o
[1122/1437] Building CXX object broker/CMakeFiles/cub_gateway.dir/__/src/broker/shard_shm.c.o
[1123/1437] Building CXX object broker/CMakeFiles/cubrid_broker.dir/__/src/broker/broker_process_size.c.o
[1124/1437] Building CXX object broker/CMakeFiles/gateway_monitor.dir/__/src/broker/broker_shm.c.o
[1125/1437] Building CXX object cubrid/CMakeFiles/cubrid.dir/__/src/query/parallel/px_thread_safe_queue.cpp.o
[1126/1437] Building CXX object broker/CMakeFiles/broker_monitor.dir/__/src/broker/broker_filename.c.o
[1127/1437] Building CXX object broker/CMakeFiles/broker_monitor.dir/__/src/broker/cas_util.c.o
[1128/1437] Building CXX object util/CMakeFiles/unittests_lf.dir/__/src/base/lock_free.c.o
[1129/1437] Building CXX object broker/CMakeFiles/cubrid_broker.dir/__/src/base/porting.c.o
[1130/1437] Building CXX object util/CMakeFiles/unittests_snapshot.dir/__/src/base/memory_monitor_sr.cpp.o
[1131/1437] Building CXX object cubrid/CMakeFiles/cubrid.dir/__/src/transaction/log_recovery_redo_parallel.cpp.o
[1132/1437] Building CXX object broker/CMakeFiles/cubrid_broker.dir/__/src/broker/shard_key_func.c.o
[1133/1437] Building CXX object util/CMakeFiles/unittests_bit.dir/__/src/base/memory_monitor_sr.cpp.o
[1134/1437] Building CXX object cubrid-cci/cci/CMakeFiles/cascci.dir/__/src/cci/cci_log.cpp.o
[1135/1437] Building CXX object broker/CMakeFiles/broker_changer.dir/__/src/broker/broker_util.c.o
[1136/1437] Building CXX object broker/CMakeFiles/cubrid_broker.dir/__/src/broker/broker_acl.c.o
[1137/1437] Building CXX object broker/CMakeFiles/gateway_monitor.dir/__/src/base/util_func.c.o
[1138/1437] Building CXX object broker/CMakeFiles/gateway_monitor.dir/__/src/broker/broker_filename.c.o
[1139/1437] Building CXX object broker/CMakeFiles/broker_monitor.dir/__/src/broker/shard_metadata.c.o
[1140/1437] Building CXX object broker/CMakeFiles/broker_changer.dir/__/src/broker/broker_shm.c.o
[1141/1437] Building CXX object broker/CMakeFiles/cubrid_gateway.dir/__/src/broker/broker_error.c.o
[1142/1437] Building CXX object broker/CMakeFiles/broker_monitor.dir/__/src/broker/shard_shm.c.o
[1143/1437] Building CXX object broker/CMakeFiles/cubrid_gateway.dir/__/src/broker/broker_max_heap.c.o
[1144/1437] Building CXX object broker/CMakeFiles/broker_changer.dir/__/src/broker/broker_changer.c.o
[1145/1437] Building CXX object broker/CMakeFiles/cubrid_gateway.dir/__/src/base/porting.c.o
[1146/1437] Building CXX object broker/CMakeFiles/cubrid_gateway.dir/__/src/broker/broker_process_size.c.o
[1147/1437] Building CXX object broker/CMakeFiles/gateway_monitor.dir/__/src/broker/cas_util.c.o
[1148/1437] Building CXX object cubrid/CMakeFiles/cubrid.dir/__/src/sp/pl_struct_compile.cpp.o
[1149/1437] Building CXX object broker/CMakeFiles/cubrid_gateway.dir/__/src/broker/shard_key_func.c.o
[1150/1437] Building CXX object broker/CMakeFiles/cas_common_lib.dir/__/src/broker/cas_optimization.c.o
[1151/1437] Building CXX object broker/CMakeFiles/cub_broker.dir/__/src/broker/broker.c.o
[1152/1437] Building CXX object broker/CMakeFiles/gateway_monitor.dir/__/src/broker/shard_shm.c.o
[1153/1437] Building CXX object broker/CMakeFiles/cubrid_broker.dir/__/src/broker/broker_util.c.o
[1154/1437] Building CXX object broker/CMakeFiles/cubrid_broker.dir/__/src/broker/broker_shm.c.o
[1155/1437] Building CXX object broker/CMakeFiles/gateway_monitor.dir/__/src/broker/shard_metadata.c.o
[1156/1437] Building CXX object broker/CMakeFiles/cas_common_lib.dir/__/src/broker/cas_sql_log2.c.o
[1157/1437] Building CXX object broker/CMakeFiles/cubrid_gateway.dir/__/src/broker/broker_acl.c.o
[1158/1437] Building CXX object broker/CMakeFiles/cas_common_lib.dir/__/src/broker/cas_meta.c.o
[1159/1437] Building CXX object broker/CMakeFiles/cas_common_lib.dir/__/src/broker/cas_common_vars.c.o
[1160/1437] Building CXX object broker/CMakeFiles/broker_changer.dir/__/src/broker/broker_filename.c.o
[1161/1437] Building CXX object broker/CMakeFiles/broker_changer.dir/__/src/broker/shard_metadata.c.o
[1162/1437] Building CXX object broker/CMakeFiles/cas_common_lib.dir/__/src/broker/cas_network.c.o
[1163/1437] Building CXX object broker/CMakeFiles/cubrid_broker.dir/__/src/base/util_func.c.o
[1164/1437] Building CXX object broker/CMakeFiles/cubrid_gateway.dir/__/src/broker/broker_shm.c.o
[1165/1437] Building CXX object cubrid/CMakeFiles/cubrid.dir/__/src/transaction/log_recovery.c.o
[1166/1437] Building CXX object broker/CMakeFiles/cubrid_gateway.dir/__/src/broker/broker_util.c.o
[1167/1437] Building CXX object broker/CMakeFiles/cubrid_broker.dir/__/src/broker/broker_filename.c.o
[1168/1437] Building CXX object broker/CMakeFiles/broker_changer.dir/__/src/broker/shard_shm.c.o
[1169/1437] Building CXX object cubrid/CMakeFiles/cubrid.dir/__/src/query/parallel/px_query_execute/px_query_executor.cpp.o
[1170/1437] Building CXX object broker/CMakeFiles/cubrid_broker.dir/__/src/broker/broker_admin.c.o
[1171/1437] Building CXX object broker/CMakeFiles/cas_common_lib.dir/__/src/broker/broker_acl.c.o
[1172/1437] Building CXX object broker/CMakeFiles/cub_cas.dir/__/src/broker/broker_error.c.o
[1173/1437] Building CXX object broker/CMakeFiles/cub_gateway.dir/__/src/broker/broker.c.o
[1174/1437] Building CXX object broker/CMakeFiles/cub_cas_cgw.dir/__/src/broker/broker_error.c.o
[1175/1437] Building CXX object broker/CMakeFiles/cub_cas.dir/__/src/broker/broker_process_size.c.o
[1176/1437] Building CXX object broker/CMakeFiles/cub_cas_cgw.dir/__/src/broker/broker_recv_fd.c.o
[1177/1437] Building CXX object broker/CMakeFiles/cub_cas_cgw.dir/__/src/broker/broker_process_size.c.o
[1178/1437] Building CXX object broker/CMakeFiles/cas_common_lib.dir/__/src/broker/cas_ssl.c.o
[1179/1437] Building CXX object broker/CMakeFiles/cub_cas.dir/__/src/broker/broker_recv_fd.c.o
[1180/1437] Building CXX object broker/CMakeFiles/cub_cas.dir/__/src/broker/cas_schema_info.c.o
[1181/1437] Building CXX object broker/CMakeFiles/cubrid_broker.dir/__/src/broker/shard_metadata.c.o
[1182/1437] Building CXX object broker/CMakeFiles/cubrid_broker.dir/__/src/broker/shard_shm.c.o
[1183/1437] Building CXX object broker/CMakeFiles/cubrid_gateway.dir/__/src/base/util_func.c.o
[1184/1437] Building CXX object broker/CMakeFiles/cubrid_gateway.dir/__/src/broker/broker_filename.c.o
[1185/1437] Building CXX object broker/CMakeFiles/cub_proxy.dir/__/src/broker/broker_process_size.c.o
[1186/1437] Building CXX object broker/CMakeFiles/cas_common_lib.dir/__/src/broker/broker_util.c.o
[1187/1437] Building CXX object broker/CMakeFiles/cubrid_gateway.dir/__/src/broker/broker_admin.c.o
[1188/1437] Building CXX object broker/CMakeFiles/cub_proxy.dir/__/src/broker/broker_error.c.o
[1189/1437] Building CXX object broker/CMakeFiles/cas_common_lib.dir/__/src/broker/cas_util.c.o
[1190/1437] Building CXX object cubrid/CMakeFiles/cubrid.dir/__/src/transaction/log_tran_table.c.o
[1191/1437] Building CXX object broker/CMakeFiles/cas_common_lib.dir/__/src/broker/broker_shm.c.o
[1192/1437] Building CXX object broker/CMakeFiles/cas_common_lib.dir/__/src/broker/cas_error.c.o
[1193/1437] Building CXX object broker/CMakeFiles/cubrid_gateway.dir/__/src/broker/shard_metadata.c.o
[1194/1437] Building CXX object broker/CMakeFiles/broker_monitor.dir/__/src/broker/broker_config.c.o
[1195/1437] Building CXX object broker/CMakeFiles/cub_proxy.dir/__/src/broker/cas_meta.c.o
[1196/1437] Building CXX object broker/CMakeFiles/cub_proxy.dir/__/src/broker/shard_key_func.c.o
[1197/1437] Building CXX object broker/CMakeFiles/cas_common_lib.dir/__/src/broker/cas_log.c.o
[1198/1437] Building CXX object cubrid/CMakeFiles/cubrid.dir/__/src/transaction/locator_sr.c.o
[1199/1437] Building CXX object cubrid/CMakeFiles/cubrid.dir/__/src/query/string_opfunc.c.o
[1200/1437] Building CXX object broker/CMakeFiles/cub_proxy.dir/__/src/broker/broker_recv_fd.c.o
[1201/1437] Building CXX object broker/CMakeFiles/cas_common_lib.dir/__/src/broker/cas_handle.c.o
[1202/1437] Building CXX object broker/CMakeFiles/cubrid_gateway.dir/__/src/broker/shard_shm.c.o
[1203/1437] Building CXX object broker/CMakeFiles/cas_common_lib.dir/__/src/broker/cas_net_buf.c.o
[1204/1437] Building CXX object broker/CMakeFiles/cas_common_lib.dir/__/src/broker/cas_common_function.c.o
[1205/1437] Building CXX object broker/CMakeFiles/broker_log_converter.dir/__/src/broker/log_top_string.c.o
[1206/1437] Building CXX object broker/CMakeFiles/cas_common_lib.dir/__/src/broker/broker_filename.c.o
[1207/1437] Building CXX object broker/CMakeFiles/broker_log_converter.dir/__/src/broker/broker_log_util.c.o
[1208/1437] Building CXX object broker/CMakeFiles/broker_log_converter.dir/__/src/broker/broker_log_converter.c.o
[1209/1437] Building CXX object broker/CMakeFiles/broker_log_runner.dir/__/src/broker/log_top_string.c.o
[1210/1437] Building CXX object broker/CMakeFiles/cas_common_lib.dir/__/src/broker/cas_common_execute.c.o
[1211/1437] Building CXX object broker/CMakeFiles/broker_tester.dir/__/src/broker/broker_error.c.o
[1212/1437] Building CXX object broker/CMakeFiles/broker_monitor.dir/__/src/broker/broker_monitor.c.o
[1213/1437] Building CXX object broker/CMakeFiles/cub_proxy.dir/__/src/broker/broker_acl.c.o
[1214/1437] Building CXX object broker/CMakeFiles/cub_proxy.dir/__/src/broker/shard_parser.c.o
[1215/1437] Building CXX object broker/CMakeFiles/broker_log_runner.dir/__/src/broker/broker_log_util.c.o
[1216/1437] Building CXX object broker/CMakeFiles/cub_proxy.dir/__/src/broker/broker_shm.c.o
[1217/1437] Building CXX object broker/CMakeFiles/cub_proxy.dir/__/src/broker/broker_util.c.o
[1218/1437] Building CXX object broker/CMakeFiles/cub_cas.dir/__/src/broker/cas_str_like.c.o
[1219/1437] Building CXX object broker/CMakeFiles/cub_cas.dir/__/src/broker/cas_xa.c.o
[1220/1437] Building CXX object broker/CMakeFiles/gateway_monitor.dir/__/src/broker/broker_config.c.o
[1221/1437] Building CXX object broker/CMakeFiles/cub_proxy.dir/__/src/broker/shard_proxy.c.o
[1222/1437] Building CXX object broker/CMakeFiles/broker_tester.dir/__/src/broker/log_top_string.c.o
[1223/1437] Building CXX object broker/CMakeFiles/broker_log_top.dir/__/src/broker/broker_log_time.c.o
[1224/1437] Building CXX object util/CMakeFiles/unittests_snapshot.dir/__/src/executables/unittests_snapshot.c.o
[1225/1437] Building CXX object broker/CMakeFiles/broker_log_top.dir/__/src/broker/log_top_string.c.o
[1226/1437] Building CXX object broker/CMakeFiles/broker_log_top.dir/__/src/broker/cas_query_info.c.o
[1227/1437] Building CXX object broker/CMakeFiles/broker_log_top.dir/__/src/broker/broker_error.c.o
[1228/1437] Building CXX object broker/CMakeFiles/broker_log_top.dir/__/src/broker/broker_log_sql_list.c.o
[1229/1437] Building CXX object broker/CMakeFiles/broker_changer.dir/__/src/broker/broker_config.c.o
[1230/1437] Building CXX object broker/CMakeFiles/gateway_monitor.dir/__/src/broker/broker_monitor.c.o
[1231/1437] Building CXX object broker/CMakeFiles/broker_log_top.dir/__/src/broker/broker_log_util.c.o
[1232/1437] Building CXX object broker/CMakeFiles/cub_proxy.dir/__/src/broker/broker_filename.c.o
[1233/1437] Building CXX object broker/CMakeFiles/cub_proxy.dir/__/src/broker/shard_proxy_queue.c.o
[1234/1437] Building CXX object broker/CMakeFiles/broker_log_top.dir/__/src/broker/broker_log_top_tran.c.o
[1235/1437] Building CXX object broker/CMakeFiles/brokeradmin.dir/__/src/broker/broker_error.c.o
[1236/1437] Building CXX object broker/CMakeFiles/cubrid_replay.dir/__/src/broker/log_top_string.c.o
[1237/1437] Building CXX object broker/CMakeFiles/cubrid_replay.dir/__/src/broker/broker_log_util.c.o
[1238/1437] Building CXX object broker/CMakeFiles/brokeradmin.dir/__/src/broker/broker_process_info.c.o
[1239/1437] Building CXX object broker/CMakeFiles/brokeradmin.dir/__/src/broker/broker_max_heap.c.o
[1240/1437] Building CXX object broker/CMakeFiles/brokeradmin.dir/__/src/broker/broker_process_size.c.o
[1241/1437] Building CXX object broker/CMakeFiles/broker_tester.dir/__/src/broker/broker_shm.c.o
[1242/1437] Building CXX object broker/CMakeFiles/cub_proxy.dir/__/src/broker/cas_util.c.o
[1243/1437] Building CXX object broker/CMakeFiles/broker_tester.dir/__/src/broker/broker_util.c.o
[1244/1437] Building CXX object broker/CMakeFiles/cub_proxy.dir/__/src/broker/shard_proxy_log.c.o
[1245/1437] Building CXX object broker/CMakeFiles/cub_proxy.dir/__/src/broker/shard_metadata.c.o
[1246/1437] Building CXX object broker/CMakeFiles/brokeradmin.dir/__/src/broker/shard_key_func.c.o
[1247/1437] Building CXX object broker/CMakeFiles/broker_log_top.dir/__/src/broker/broker_log_top.c.o
[1248/1437] Building CXX object broker/CMakeFiles/cubrid_broker.dir/__/src/broker/broker_config.c.o
[1249/1437] Building CXX object cubrid/CMakeFiles/cubrid.dir/__/src/transaction/lock_manager.c.o
[1250/1437] Building CXX object broker/CMakeFiles/cub_proxy.dir/__/src/broker/shard_shm.c.o
[1251/1437] Building CXX object cm_common/CMakeFiles/cmstat.dir/__/src/cm_common/cm_errmsg.c.o
[1252/1437] Building CXX object cm_common/CMakeFiles/cmdep.dir/__/src/cm_common/cm_dstring.c.o
[1253/1437] Building CXX object broker/CMakeFiles/cub_proxy.dir/__/src/broker/shard_statement.c.o
[1254/1437] Building CXX object broker/CMakeFiles/broker_changer.dir/__/src/broker/broker_admin_pub.c.o
/home/vimkim/gh/cb/CBRD-27398-pgbuf-inspector-contract/src/broker/broker_admin_pub.c: In function ‘int admin_getid_cmd(int, int, const char**)’:
/home/vimkim/gh/cb/CBRD-27398-pgbuf-inspector-contract/src/broker/broker_admin_pub.c:1575:49: warning: ‘%s’ directive writing up to 4095 bytes into a region of size 2033 [-Wformat-overflow=]
 1575 |         sprintf (buf + buf_len, "LIBRARY_NAME : %s, ",
      |                                                 ^~
/home/vimkim/gh/cb/CBRD-27398-pgbuf-inspector-contract/src/broker/broker_admin_pub.c:1575:17: note: ‘sprintf’ output between 18 and 4113 bytes into a destination of size 2048
 1575 |         sprintf (buf + buf_len, "LIBRARY_NAME : %s, ",
      |         ~~~~~~~~^~~~~~~~~~~~~~~~~~~~~~~~~~~~~~~~~~~~~~
 1576 |                  (shm_proxy_p->shard_key_library_name[0] == 0) ? "NOT DEFINED" : shm_proxy_p->shard_key_library_name);
      |                  ~~~~~~~~~~~~~~~~~~~~~~~~~~~~~~~~~~~~~~~~~~~~~~~~~~~~~~~~~~~~~~~~~~~~~~~~~~~~~~~~~~~~~~~~~~~~~~~~~~~~
/home/vimkim/gh/cb/CBRD-27398-pgbuf-inspector-contract/src/broker/broker_admin_pub.c:1578:50: warning: ‘%s’ directive writing up to 4095 bytes into a region of size 2032 [-Wformat-overflow=]
 1578 |         sprintf (buf + buf_len, "FUNCTION_NAME : %s ",
      |                                                  ^~
/home/vimkim/gh/cb/CBRD-27398-pgbuf-inspector-contract/src/broker/broker_admin_pub.c:1578:17: note: ‘sprintf’ output between 18 and 4113 bytes into a destination of size 2048
 1578 |         sprintf (buf + buf_len, "FUNCTION_NAME : %s ",
      |         ~~~~~~~~^~~~~~~~~~~~~~~~~~~~~~~~~~~~~~~~~~~~~~
 1579 |                  (shm_proxy_p->shard_key_function_name[0] == 0) ? "NOT DEFINED" : shm_proxy_p->shard_key_function_name);
      |                  ~~~~~~~~~~~~~~~~~~~~~~~~~~~~~~~~~~~~~~~~~~~~~~~~~~~~~~~~~~~~~~~~~~~~~~~~~~~~~~~~~~~~~~~~~~~~~~~~~~~~~~
[1255/1437] Building CXX object broker/CMakeFiles/brokeradmin.dir/__/src/broker/broker_acl.c.o
[1256/1437] Building CXX object broker/CMakeFiles/broker_log_top.dir/__/src/broker/broker_util.c.o
[1257/1437] Building CXX object broker/CMakeFiles/cub_proxy.dir/__/src/broker/cas_net_buf.c.o
[1258/1437] Building CXX object cm_common/CMakeFiles/cmstat.dir/__/src/cm_common/cm_broker_admin.c.o
[1259/1437] Building CXX object broker/CMakeFiles/broker_tester.dir/__/src/broker/broker_filename.c.o
[1260/1437] Building CXX object broker/CMakeFiles/broker_log_top.dir/__/src/broker/broker_shm.c.o
[1261/1437] Building CXX object broker/CMakeFiles/cub_proxy.dir/__/src/broker/shard_proxy_handler.c.o
[1262/1437] Building CXX object cm_common/CMakeFiles/cmdep.dir/__/src/cm_common/cm_nameval.c.o
[1263/1437] Building C object cm_common/CMakeFiles/cmstat.dir/__/src/cm_common/cm_broker_jni.c.o
[1264/1437] Building CXX object broker/CMakeFiles/brokeradmin.dir/__/src/broker/broker_util.c.o
[1265/1437] Building CXX object broker/CMakeFiles/cubrid_gateway.dir/__/src/broker/broker_config.c.o
[1266/1437] Building CXX object broker/CMakeFiles/brokeradmin.dir/__/src/broker/broker_shm.c.o
[1267/1437] Building CXX object broker/CMakeFiles/broker_tester.dir/__/src/broker/shard_metadata.c.o
[1268/1437] Building CXX object broker/CMakeFiles/cubrid_broker.dir/__/src/broker/broker_admin_pub.c.o
/home/vimkim/gh/cb/CBRD-27398-pgbuf-inspector-contract/src/broker/broker_admin_pub.c: In function ‘int admin_getid_cmd(int, int, const char**)’:
/home/vimkim/gh/cb/CBRD-27398-pgbuf-inspector-contract/src/broker/broker_admin_pub.c:1575:49: warning: ‘%s’ directive writing up to 4095 bytes into a region of size 2033 [-Wformat-overflow=]
 1575 |         sprintf (buf + buf_len, "LIBRARY_NAME : %s, ",
      |                                                 ^~
/home/vimkim/gh/cb/CBRD-27398-pgbuf-inspector-contract/src/broker/broker_admin_pub.c:1575:17: note: ‘sprintf’ output between 18 and 4113 bytes into a destination of size 2048
 1575 |         sprintf (buf + buf_len, "LIBRARY_NAME : %s, ",
      |         ~~~~~~~~^~~~~~~~~~~~~~~~~~~~~~~~~~~~~~~~~~~~~~
 1576 |                  (shm_proxy_p->shard_key_library_name[0] == 0) ? "NOT DEFINED" : shm_proxy_p->shard_key_library_name);
      |                  ~~~~~~~~~~~~~~~~~~~~~~~~~~~~~~~~~~~~~~~~~~~~~~~~~~~~~~~~~~~~~~~~~~~~~~~~~~~~~~~~~~~~~~~~~~~~~~~~~~~~
/home/vimkim/gh/cb/CBRD-27398-pgbuf-inspector-contract/src/broker/broker_admin_pub.c:1578:50: warning: ‘%s’ directive writing up to 4095 bytes into a region of size 2032 [-Wformat-overflow=]
 1578 |         sprintf (buf + buf_len, "FUNCTION_NAME : %s ",
      |                                                  ^~
/home/vimkim/gh/cb/CBRD-27398-pgbuf-inspector-contract/src/broker/broker_admin_pub.c:1578:17: note: ‘sprintf’ output between 18 and 4113 bytes into a destination of size 2048
 1578 |         sprintf (buf + buf_len, "FUNCTION_NAME : %s ",
      |         ~~~~~~~~^~~~~~~~~~~~~~~~~~~~~~~~~~~~~~~~~~~~~~
 1579 |                  (shm_proxy_p->shard_key_function_name[0] == 0) ? "NOT DEFINED" : shm_proxy_p->shard_key_function_name);
      |                  ~~~~~~~~~~~~~~~~~~~~~~~~~~~~~~~~~~~~~~~~~~~~~~~~~~~~~~~~~~~~~~~~~~~~~~~~~~~~~~~~~~~~~~~~~~~~~~~~~~~~~~
[1269/1437] Building CXX object broker/CMakeFiles/broker_tester.dir/__/src/broker/shard_shm.c.o
[1270/1437] Building CXX object broker/CMakeFiles/broker_log_top.dir/__/src/broker/broker_filename.c.o
[1271/1437] Building CXX object broker/CMakeFiles/broker_log_runner.dir/__/src/broker/cas_runner.c.o
[1272/1437] Building CXX object broker/CMakeFiles/broker_tester.dir/__/src/broker/broker_tester.c.o
[1273/1437] Building CXX object cubrid/CMakeFiles/cubrid.dir/__/src/transaction/log_page_buffer.c.o
/home/vimkim/gh/cb/CBRD-27398-pgbuf-inspector-contract/src/transaction/log_page_buffer.c: In function ‘void logpb_checkpoint_trans(LOG_INFO_CHKPT_TRANS*, log_tdes*, int&, int&, LOG_LSA&)’:
/home/vimkim/gh/cb/CBRD-27398-pgbuf-inspector-contract/src/transaction/log_page_buffer.c:6842:15: warning: ‘char* strncpy(char*, const char*, size_t)’ specified bound 33 equals destination size [-Wstringop-truncation]
 6842 |       strncpy (chkpt_entry->user_name, tdes->client.get_db_user (), LOG_USERNAME_MAX);
      |       ~~~~~~~~^~~~~~~~~~~~~~~~~~~~~~~~~~~~~~~~~~~~~~~~~~~~~~~~~~~~~~~~~~~~~~~~~~~~~~~
[1274/1437] Building CXX object broker/CMakeFiles/cas_cgw_lib.dir/__/src/broker/cas_cgw_odbc.c.o
[1275/1437] Building CXX object broker/CMakeFiles/brokeradmin.dir/__/src/broker/broker_filename.c.o
[1276/1437] Building CXX object cm_common/CMakeFiles/cmstat.dir/__/src/cm_common/cm_utils.c.o
[1277/1437] Building CXX object broker/CMakeFiles/broker_log_top.dir/__/src/broker/shard_shm.c.o
[1278/1437] Building CXX object broker/CMakeFiles/broker_log_top.dir/__/src/broker/shard_metadata.c.o
[1279/1437] Building CXX object cm_common/CMakeFiles/cmstat.dir/__/src/cm_common/cm_mem_cpu_stat.c.o
[1280/1437] Building CXX object broker/CMakeFiles/cub_proxy.dir/__/src/broker/shard_proxy_io.c.o
[1281/1437] Building CXX object cubrid/CMakeFiles/cubrid.dir/__/src/query/parallel/px_scan/px_scan_task.cpp.o
In file included from /home/vimkim/gh/cb/CBRD-27398-pgbuf-inspector-contract/src/base/memory_alloc.h:54,
                 from /home/vimkim/gh/cb/CBRD-27398-pgbuf-inspector-contract/src/base/memory_hash.h:30,
                 from /home/vimkim/gh/cb/CBRD-27398-pgbuf-inspector-contract/src/storage/file_io.h:33,
                 from /home/vimkim/gh/cb/CBRD-27398-pgbuf-inspector-contract/src/transaction/log_manager.h:37,
                 from /home/vimkim/gh/cb/CBRD-27398-pgbuf-inspector-contract/src/storage/file_manager.h:33,
                 from /home/vimkim/gh/cb/CBRD-27398-pgbuf-inspector-contract/src/query/query_manager.h:34,
                 from /home/vimkim/gh/cb/CBRD-27398-pgbuf-inspector-contract/src/query/parallel/px_scan/px_scan_task.hpp:26,
                 from /home/vimkim/gh/cb/CBRD-27398-pgbuf-inspector-contract/src/query/parallel/px_scan/px_scan_task.cpp:23:
In function ‘void cub_free(void*)’,
    inlined from ‘void operator delete(void*, size_t)’ at /home/vimkim/gh/cb/CBRD-27398-pgbuf-inspector-contract/src/base/memory_wrapper.hpp:75:12,
    inlined from ‘void __gnu_cxx::new_allocator<_Tp>::deallocate(_Tp*, __gnu_cxx::new_allocator<_Tp>::size_type) [with _Tp = std::_Rb_tree_node<std::pair<const int, parallel_scan::scan_info> >]’ at /usr/include/c++/11/ext/new_allocator.h:145:19,
    inlined from ‘static void std::allocator_traits<std::allocator<_Tp1> >::deallocate(std::allocator_traits<std::allocator<_Tp1> >::allocator_type&, std::allocator_traits<std::allocator<_Tp1> >::pointer, std::allocator_traits<std::allocator<_Tp1> >::size_type) [with _Tp = std::_Rb_tree_node<std::pair<const int, parallel_scan::scan_info> >]’ at /usr/include/c++/11/bits/alloc_traits.h:496:23,
    inlined from ‘void std::_Rb_tree<_Key, _Val, _KeyOfValue, _Compare, _Alloc>::_M_put_node(std::_Rb_tree<_Key, _Val, _KeyOfValue, _Compare, _Alloc>::_Link_type) [with _Key = int; _Val = std::pair<const int, parallel_scan::scan_info>; _KeyOfValue = std::_Select1st<std::pair<const int, parallel_scan::scan_info> >; _Compare = std::less<int>; _Alloc = std::allocator<std::pair<const int, parallel_scan::scan_info> >]’ at /usr/include/c++/11/bits/stl_tree.h:565:34,
    inlined from ‘void std::_Rb_tree<_Key, _Val, _KeyOfValue, _Compare, _Alloc>::_M_drop_node(std::_Rb_tree<_Key, _Val, _KeyOfValue, _Compare, _Alloc>::_Link_type) [with _Key = int; _Val = std::pair<const int, parallel_scan::scan_info>; _KeyOfValue = std::_Select1st<std::pair<const int, parallel_scan::scan_info> >; _Compare = std::less<int>; _Alloc = std::allocator<std::pair<const int, parallel_scan::scan_info> >]’ at /usr/include/c++/11/bits/stl_tree.h:632:13,
    inlined from ‘std::_Rb_tree<_Key, _Val, _KeyOfValue, _Compare, _Alloc>::iterator std::_Rb_tree<_Key, _Val, _KeyOfValue, _Compare, _Alloc>::_M_emplace_hint_unique(std::_Rb_tree<_Key, _Val, _KeyOfValue, _Compare, _Alloc>::const_iterator, _Args&& ...) [with _Args = {const std::piecewise_construct_t&, std::tuple<const int&>, std::tuple<>}; _Key = int; _Val = std::pair<const int, parallel_scan::scan_info>; _KeyOfValue = std::_Select1st<std::pair<const int, parallel_scan::scan_info> >; _Compare = std::less<int>; _Alloc = std::allocator<std::pair<const int, parallel_scan::scan_info> >]’ at /usr/include/c++/11/bits/stl_tree.h:2440:18,
    inlined from ‘std::map<_Key, _Tp, _Compare, _Alloc>::mapped_type& std::map<_Key, _Tp, _Compare, _Alloc>::operator[](const key_type&) [with _Key = int; _Tp = parallel_scan::scan_info; _Compare = std::less<int>; _Alloc = std::allocator<std::pair<const int, parallel_scan::scan_info> >]’ at /usr/include/c++/11/bits/stl_map.h:501:37,
    inlined from ‘parallel_scan::scan_info parallel_scan::pre_execution_info::get_scan_info(parallel_scan::XASL_NODE_ID)’ at /home/vimkim/gh/cb/CBRD-27398-pgbuf-inspector-contract/src/query/parallel/px_scan/px_scan_pre_execution_info.hpp:61:29,
    inlined from ‘int parallel_scan::task<result_type, ST>::initialize(cubthread::entry&) [with parallel_scan::RESULT_TYPE result_type = parallel_scan::RESULT_TYPE::BUILDVALUE_OPT; parallel_scan::SCAN_TYPE ST = parallel_scan::SCAN_TYPE::INDEX]’ at /home/vimkim/gh/cb/CBRD-27398-pgbuf-inspector-contract/src/query/parallel/px_scan/px_scan_task.cpp:239:61:
/home/vimkim/gh/cb/CBRD-27398-pgbuf-inspector-contract/src/base/memory_cwrapper.h:86:8: warning: ‘void free(void*)’ called on pointer returned from a mismatched allocation function [-Wmismatched-new-delete]
   86 |   free (ptr);
      |   ~~~~~^~~~~
In file included from /usr/include/c++/11/x86_64-redhat-linux/bits/c++allocator.h:33,
                 from /usr/include/c++/11/bits/allocator.h:46,
                 from /usr/include/c++/11/vector:64,
                 from /home/vimkim/gh/cb/CBRD-27398-pgbuf-inspector-contract/src/transaction/log_lsa.hpp:30,
                 from /home/vimkim/gh/cb/CBRD-27398-pgbuf-inspector-contract/src/storage/disk_manager.h:30,
                 from /home/vimkim/gh/cb/CBRD-27398-pgbuf-inspector-contract/src/storage/file_manager.h:32,
                 from /home/vimkim/gh/cb/CBRD-27398-pgbuf-inspector-contract/src/query/query_manager.h:34,
                 from /home/vimkim/gh/cb/CBRD-27398-pgbuf-inspector-contract/src/query/parallel/px_scan/px_scan_task.hpp:26,
                 from /home/vimkim/gh/cb/CBRD-27398-pgbuf-inspector-contract/src/query/parallel/px_scan/px_scan_task.cpp:23:
/usr/include/c++/11/ext/new_allocator.h: In member function ‘int parallel_scan::task<result_type, ST>::initialize(cubthread::entry&) [with parallel_scan::RESULT_TYPE result_type = parallel_scan::RESULT_TYPE::BUILDVALUE_OPT; parallel_scan::SCAN_TYPE ST = parallel_scan::SCAN_TYPE::INDEX]’:
/usr/include/c++/11/ext/new_allocator.h:127:48: note: returned from ‘void* operator new(std::size_t)’
  127 |         return static_cast<_Tp*>(::operator new(__n * sizeof(_Tp)));
      |                                  ~~~~~~~~~~~~~~^~~~~~~~~~~~~~~~~~~
In file included from /home/vimkim/gh/cb/CBRD-27398-pgbuf-inspector-contract/src/base/memory_alloc.h:54,
                 from /home/vimkim/gh/cb/CBRD-27398-pgbuf-inspector-contract/src/base/memory_hash.h:30,
                 from /home/vimkim/gh/cb/CBRD-27398-pgbuf-inspector-contract/src/storage/file_io.h:33,
                 from /home/vimkim/gh/cb/CBRD-27398-pgbuf-inspector-contract/src/transaction/log_manager.h:37,
                 from /home/vimkim/gh/cb/CBRD-27398-pgbuf-inspector-contract/src/storage/file_manager.h:33,
                 from /home/vimkim/gh/cb/CBRD-27398-pgbuf-inspector-contract/src/query/query_manager.h:34,
                 from /home/vimkim/gh/cb/CBRD-27398-pgbuf-inspector-contract/src/query/parallel/px_scan/px_scan_task.hpp:26,
                 from /home/vimkim/gh/cb/CBRD-27398-pgbuf-inspector-contract/src/query/parallel/px_scan/px_scan_task.cpp:23:
In function ‘void cub_free(void*)’,
    inlined from ‘void operator delete(void*, size_t)’ at /home/vimkim/gh/cb/CBRD-27398-pgbuf-inspector-contract/src/base/memory_wrapper.hpp:75:12,
    inlined from ‘void __gnu_cxx::new_allocator<_Tp>::deallocate(_Tp*, __gnu_cxx::new_allocator<_Tp>::size_type) [with _Tp = std::_Rb_tree_node<std::pair<const int, parallel_scan::scan_info> >]’ at /usr/include/c++/11/ext/new_allocator.h:145:19,
    inlined from ‘static void std::allocator_traits<std::allocator<_Tp1> >::deallocate(std::allocator_traits<std::allocator<_Tp1> >::allocator_type&, std::allocator_traits<std::allocator<_Tp1> >::pointer, std::allocator_traits<std::allocator<_Tp1> >::size_type) [with _Tp = std::_Rb_tree_node<std::pair<const int, parallel_scan::scan_info> >]’ at /usr/include/c++/11/bits/alloc_traits.h:496:23,
    inlined from ‘void std::_Rb_tree<_Key, _Val, _KeyOfValue, _Compare, _Alloc>::_M_put_node(std::_Rb_tree<_Key, _Val, _KeyOfValue, _Compare, _Alloc>::_Link_type) [with _Key = int; _Val = std::pair<const int, parallel_scan::scan_info>; _KeyOfValue = std::_Select1st<std::pair<const int, parallel_scan::scan_info> >; _Compare = std::less<int>; _Alloc = std::allocator<std::pair<const int, parallel_scan::scan_info> >]’ at /usr/include/c++/11/bits/stl_tree.h:565:34,
    inlined from ‘void std::_Rb_tree<_Key, _Val, _KeyOfValue, _Compare, _Alloc>::_M_drop_node(std::_Rb_tree<_Key, _Val, _KeyOfValue, _Compare, _Alloc>::_Link_type) [with _Key = int; _Val = std::pair<const int, parallel_scan::scan_info>; _KeyOfValue = std::_Select1st<std::pair<const int, parallel_scan::scan_info> >; _Compare = std::less<int>; _Alloc = std::allocator<std::pair<const int, parallel_scan::scan_info> >]’ at /usr/include/c++/11/bits/stl_tree.h:632:13,
    inlined from ‘std::_Rb_tree<_Key, _Val, _KeyOfValue, _Compare, _Alloc>::iterator std::_Rb_tree<_Key, _Val, _KeyOfValue, _Compare, _Alloc>::_M_emplace_hint_unique(std::_Rb_tree<_Key, _Val, _KeyOfValue, _Compare, _Alloc>::const_iterator, _Args&& ...) [with _Args = {const std::piecewise_construct_t&, std::tuple<const int&>, std::tuple<>}; _Key = int; _Val = std::pair<const int, parallel_scan::scan_info>; _KeyOfValue = std::_Select1st<std::pair<const int, parallel_scan::scan_info> >; _Compare = std::less<int>; _Alloc = std::allocator<std::pair<const int, parallel_scan::scan_info> >]’ at /usr/include/c++/11/bits/stl_tree.h:2440:18,
    inlined from ‘std::map<_Key, _Tp, _Compare, _Alloc>::mapped_type& std::map<_Key, _Tp, _Compare, _Alloc>::operator[](const key_type&) [with _Key = int; _Tp = parallel_scan::scan_info; _Compare = std::less<int>; _Alloc = std::allocator<std::pair<const int, parallel_scan::scan_info> >]’ at /usr/include/c++/11/bits/stl_map.h:501:37,
    inlined from ‘parallel_scan::scan_info parallel_scan::pre_execution_info::get_scan_info(parallel_scan::XASL_NODE_ID)’ at /home/vimkim/gh/cb/CBRD-27398-pgbuf-inspector-contract/src/query/parallel/px_scan/px_scan_pre_execution_info.hpp:61:29,
    inlined from ‘int parallel_scan::task<result_type, ST>::initialize(cubthread::entry&) [with parallel_scan::RESULT_TYPE result_type = parallel_scan::RESULT_TYPE::MERGEABLE_LIST; parallel_scan::SCAN_TYPE ST = parallel_scan::SCAN_TYPE::HEAP]’ at /home/vimkim/gh/cb/CBRD-27398-pgbuf-inspector-contract/src/query/parallel/px_scan/px_scan_task.cpp:239:61:
/home/vimkim/gh/cb/CBRD-27398-pgbuf-inspector-contract/src/base/memory_cwrapper.h:86:8: warning: ‘void free(void*)’ called on pointer returned from a mismatched allocation function [-Wmismatched-new-delete]
   86 |   free (ptr);
      |   ~~~~~^~~~~
In file included from /usr/include/c++/11/x86_64-redhat-linux/bits/c++allocator.h:33,
                 from /usr/include/c++/11/bits/allocator.h:46,
                 from /usr/include/c++/11/vector:64,
                 from /home/vimkim/gh/cb/CBRD-27398-pgbuf-inspector-contract/src/transaction/log_lsa.hpp:30,
                 from /home/vimkim/gh/cb/CBRD-27398-pgbuf-inspector-contract/src/storage/disk_manager.h:30,
                 from /home/vimkim/gh/cb/CBRD-27398-pgbuf-inspector-contract/src/storage/file_manager.h:32,
                 from /home/vimkim/gh/cb/CBRD-27398-pgbuf-inspector-contract/src/query/query_manager.h:34,
                 from /home/vimkim/gh/cb/CBRD-27398-pgbuf-inspector-contract/src/query/parallel/px_scan/px_scan_task.hpp:26,
                 from /home/vimkim/gh/cb/CBRD-27398-pgbuf-inspector-contract/src/query/parallel/px_scan/px_scan_task.cpp:23:
/usr/include/c++/11/ext/new_allocator.h: In member function ‘int parallel_scan::task<result_type, ST>::initialize(cubthread::entry&) [with parallel_scan::RESULT_TYPE result_type = parallel_scan::RESULT_TYPE::MERGEABLE_LIST; parallel_scan::SCAN_TYPE ST = parallel_scan::SCAN_TYPE::HEAP]’:
/usr/include/c++/11/ext/new_allocator.h:127:48: note: returned from ‘void* operator new(std::size_t)’
  127 |         return static_cast<_Tp*>(::operator new(__n * sizeof(_Tp)));
      |                                  ~~~~~~~~~~~~~~^~~~~~~~~~~~~~~~~~~
In file included from /home/vimkim/gh/cb/CBRD-27398-pgbuf-inspector-contract/src/base/memory_alloc.h:54,
                 from /home/vimkim/gh/cb/CBRD-27398-pgbuf-inspector-contract/src/base/memory_hash.h:30,
                 from /home/vimkim/gh/cb/CBRD-27398-pgbuf-inspector-contract/src/storage/file_io.h:33,
                 from /home/vimkim/gh/cb/CBRD-27398-pgbuf-inspector-contract/src/transaction/log_manager.h:37,
                 from /home/vimkim/gh/cb/CBRD-27398-pgbuf-inspector-contract/src/storage/file_manager.h:33,
                 from /home/vimkim/gh/cb/CBRD-27398-pgbuf-inspector-contract/src/query/query_manager.h:34,
                 from /home/vimkim/gh/cb/CBRD-27398-pgbuf-inspector-contract/src/query/parallel/px_scan/px_scan_task.hpp:26,
                 from /home/vimkim/gh/cb/CBRD-27398-pgbuf-inspector-contract/src/query/parallel/px_scan/px_scan_task.cpp:23:
In function ‘void cub_free(void*)’,
    inlined from ‘void operator delete(void*, size_t)’ at /home/vimkim/gh/cb/CBRD-27398-pgbuf-inspector-contract/src/base/memory_wrapper.hpp:75:12,
    inlined from ‘void __gnu_cxx::new_allocator<_Tp>::deallocate(_Tp*, __gnu_cxx::new_allocator<_Tp>::size_type) [with _Tp = std::_Rb_tree_node<std::pair<const int, parallel_scan::scan_info> >]’ at /usr/include/c++/11/ext/new_allocator.h:145:19,
    inlined from ‘static void std::allocator_traits<std::allocator<_Tp1> >::deallocate(std::allocator_traits<std::allocator<_Tp1> >::allocator_type&, std::allocator_traits<std::allocator<_Tp1> >::pointer, std::allocator_traits<std::allocator<_Tp1> >::size_type) [with _Tp = std::_Rb_tree_node<std::pair<const int, parallel_scan::scan_info> >]’ at /usr/include/c++/11/bits/alloc_traits.h:496:23,
    inlined from ‘void std::_Rb_tree<_Key, _Val, _KeyOfValue, _Compare, _Alloc>::_M_put_node(std::_Rb_tree<_Key, _Val, _KeyOfValue, _Compare, _Alloc>::_Link_type) [with _Key = int; _Val = std::pair<const int, parallel_scan::scan_info>; _KeyOfValue = std::_Select1st<std::pair<const int, parallel_scan::scan_info> >; _Compare = std::less<int>; _Alloc = std::allocator<std::pair<const int, parallel_scan::scan_info> >]’ at /usr/include/c++/11/bits/stl_tree.h:565:34,
    inlined from ‘void std::_Rb_tree<_Key, _Val, _KeyOfValue, _Compare, _Alloc>::_M_drop_node(std::_Rb_tree<_Key, _Val, _KeyOfValue, _Compare, _Alloc>::_Link_type) [with _Key = int; _Val = std::pair<const int, parallel_scan::scan_info>; _KeyOfValue = std::_Select1st<std::pair<const int, parallel_scan::scan_info> >; _Compare = std::less<int>; _Alloc = std::allocator<std::pair<const int, parallel_scan::scan_info> >]’ at /usr/include/c++/11/bits/stl_tree.h:632:13,
    inlined from ‘std::_Rb_tree<_Key, _Val, _KeyOfValue, _Compare, _Alloc>::iterator std::_Rb_tree<_Key, _Val, _KeyOfValue, _Compare, _Alloc>::_M_emplace_hint_unique(std::_Rb_tree<_Key, _Val, _KeyOfValue, _Compare, _Alloc>::const_iterator, _Args&& ...) [with _Args = {const std::piecewise_construct_t&, std::tuple<const int&>, std::tuple<>}; _Key = int; _Val = std::pair<const int, parallel_scan::scan_info>; _KeyOfValue = std::_Select1st<std::pair<const int, parallel_scan::scan_info> >; _Compare = std::less<int>; _Alloc = std::allocator<std::pair<const int, parallel_scan::scan_info> >]’ at /usr/include/c++/11/bits/stl_tree.h:2440:18,
    inlined from ‘std::map<_Key, _Tp, _Compare, _Alloc>::mapped_type& std::map<_Key, _Tp, _Compare, _Alloc>::operator[](const key_type&) [with _Key = int; _Tp = parallel_scan::scan_info; _Compare = std::less<int>; _Alloc = std::allocator<std::pair<const int, parallel_scan::scan_info> >]’ at /usr/include/c++/11/bits/stl_map.h:501:37,
    inlined from ‘parallel_scan::scan_info parallel_scan::pre_execution_info::get_scan_info(parallel_scan::XASL_NODE_ID)’ at /home/vimkim/gh/cb/CBRD-27398-pgbuf-inspector-contract/src/query/parallel/px_scan/px_scan_pre_execution_info.hpp:61:29,
    inlined from ‘int parallel_scan::task<result_type, ST>::initialize(cubthread::entry&) [with parallel_scan::RESULT_TYPE result_type = parallel_scan::RESULT_TYPE::BUILDVALUE_OPT; parallel_scan::SCAN_TYPE ST = parallel_scan::SCAN_TYPE::HEAP]’ at /home/vimkim/gh/cb/CBRD-27398-pgbuf-inspector-contract/src/query/parallel/px_scan/px_scan_task.cpp:239:61:
/home/vimkim/gh/cb/CBRD-27398-pgbuf-inspector-contract/src/base/memory_cwrapper.h:86:8: warning: ‘void free(void*)’ called on pointer returned from a mismatched allocation function [-Wmismatched-new-delete]
   86 |   free (ptr);
      |   ~~~~~^~~~~
In file included from /usr/include/c++/11/x86_64-redhat-linux/bits/c++allocator.h:33,
                 from /usr/include/c++/11/bits/allocator.h:46,
                 from /usr/include/c++/11/vector:64,
                 from /home/vimkim/gh/cb/CBRD-27398-pgbuf-inspector-contract/src/transaction/log_lsa.hpp:30,
                 from /home/vimkim/gh/cb/CBRD-27398-pgbuf-inspector-contract/src/storage/disk_manager.h:30,
                 from /home/vimkim/gh/cb/CBRD-27398-pgbuf-inspector-contract/src/storage/file_manager.h:32,
                 from /home/vimkim/gh/cb/CBRD-27398-pgbuf-inspector-contract/src/query/query_manager.h:34,
                 from /home/vimkim/gh/cb/CBRD-27398-pgbuf-inspector-contract/src/query/parallel/px_scan/px_scan_task.hpp:26,
                 from /home/vimkim/gh/cb/CBRD-27398-pgbuf-inspector-contract/src/query/parallel/px_scan/px_scan_task.cpp:23:
/usr/include/c++/11/ext/new_allocator.h: In member function ‘int parallel_scan::task<result_type, ST>::initialize(cubthread::entry&) [with parallel_scan::RESULT_TYPE result_type = parallel_scan::RESULT_TYPE::BUILDVALUE_OPT; parallel_scan::SCAN_TYPE ST = parallel_scan::SCAN_TYPE::HEAP]’:
/usr/include/c++/11/ext/new_allocator.h:127:48: note: returned from ‘void* operator new(std::size_t)’
  127 |         return static_cast<_Tp*>(::operator new(__n * sizeof(_Tp)));
      |                                  ~~~~~~~~~~~~~~^~~~~~~~~~~~~~~~~~~
In file included from /home/vimkim/gh/cb/CBRD-27398-pgbuf-inspector-contract/src/base/memory_alloc.h:54,
                 from /home/vimkim/gh/cb/CBRD-27398-pgbuf-inspector-contract/src/base/memory_hash.h:30,
                 from /home/vimkim/gh/cb/CBRD-27398-pgbuf-inspector-contract/src/storage/file_io.h:33,
                 from /home/vimkim/gh/cb/CBRD-27398-pgbuf-inspector-contract/src/transaction/log_manager.h:37,
                 from /home/vimkim/gh/cb/CBRD-27398-pgbuf-inspector-contract/src/storage/file_manager.h:33,
                 from /home/vimkim/gh/cb/CBRD-27398-pgbuf-inspector-contract/src/query/query_manager.h:34,
                 from /home/vimkim/gh/cb/CBRD-27398-pgbuf-inspector-contract/src/query/parallel/px_scan/px_scan_task.hpp:26,
                 from /home/vimkim/gh/cb/CBRD-27398-pgbuf-inspector-contract/src/query/parallel/px_scan/px_scan_task.cpp:23:
In function ‘void cub_free(void*)’,
    inlined from ‘void operator delete(void*, size_t)’ at /home/vimkim/gh/cb/CBRD-27398-pgbuf-inspector-contract/src/base/memory_wrapper.hpp:75:12,
    inlined from ‘void __gnu_cxx::new_allocator<_Tp>::deallocate(_Tp*, __gnu_cxx::new_allocator<_Tp>::size_type) [with _Tp = std::_Rb_tree_node<std::pair<const int, parallel_scan::scan_info> >]’ at /usr/include/c++/11/ext/new_allocator.h:145:19,
    inlined from ‘static void std::allocator_traits<std::allocator<_Tp1> >::deallocate(std::allocator_traits<std::allocator<_Tp1> >::allocator_type&, std::allocator_traits<std::allocator<_Tp1> >::pointer, std::allocator_traits<std::allocator<_Tp1> >::size_type) [with _Tp = std::_Rb_tree_node<std::pair<const int, parallel_scan::scan_info> >]’ at /usr/include/c++/11/bits/alloc_traits.h:496:23,
    inlined from ‘void std::_Rb_tree<_Key, _Val, _KeyOfValue, _Compare, _Alloc>::_M_put_node(std::_Rb_tree<_Key, _Val, _KeyOfValue, _Compare, _Alloc>::_Link_type) [with _Key = int; _Val = std::pair<const int, parallel_scan::scan_info>; _KeyOfValue = std::_Select1st<std::pair<const int, parallel_scan::scan_info> >; _Compare = std::less<int>; _Alloc = std::allocator<std::pair<const int, parallel_scan::scan_info> >]’ at /usr/include/c++/11/bits/stl_tree.h:565:34,
    inlined from ‘void std::_Rb_tree<_Key, _Val, _KeyOfValue, _Compare, _Alloc>::_M_drop_node(std::_Rb_tree<_Key, _Val, _KeyOfValue, _Compare, _Alloc>::_Link_type) [with _Key = int; _Val = std::pair<const int, parallel_scan::scan_info>; _KeyOfValue = std::_Select1st<std::pair<const int, parallel_scan::scan_info> >; _Compare = std::less<int>; _Alloc = std::allocator<std::pair<const int, parallel_scan::scan_info> >]’ at /usr/include/c++/11/bits/stl_tree.h:632:13,
    inlined from ‘std::_Rb_tree<_Key, _Val, _KeyOfValue, _Compare, _Alloc>::iterator std::_Rb_tree<_Key, _Val, _KeyOfValue, _Compare, _Alloc>::_M_emplace_hint_unique(std::_Rb_tree<_Key, _Val, _KeyOfValue, _Compare, _Alloc>::const_iterator, _Args&& ...) [with _Args = {const std::piecewise_construct_t&, std::tuple<const int&>, std::tuple<>}; _Key = int; _Val = std::pair<const int, parallel_scan::scan_info>; _KeyOfValue = std::_Select1st<std::pair<const int, parallel_scan::scan_info> >; _Compare = std::less<int>; _Alloc = std::allocator<std::pair<const int, parallel_scan::scan_info> >]’ at /usr/include/c++/11/bits/stl_tree.h:2440:18,
    inlined from ‘std::map<_Key, _Tp, _Compare, _Alloc>::mapped_type& std::map<_Key, _Tp, _Compare, _Alloc>::operator[](const key_type&) [with _Key = int; _Tp = parallel_scan::scan_info; _Compare = std::less<int>; _Alloc = std::allocator<std::pair<const int, parallel_scan::scan_info> >]’ at /usr/include/c++/11/bits/stl_map.h:501:37,
    inlined from ‘parallel_scan::scan_info parallel_scan::pre_execution_info::get_scan_info(parallel_scan::XASL_NODE_ID)’ at /home/vimkim/gh/cb/CBRD-27398-pgbuf-inspector-contract/src/query/parallel/px_scan/px_scan_pre_execution_info.hpp:61:29,
    inlined from ‘int parallel_scan::task<result_type, ST>::initialize(cubthread::entry&) [with parallel_scan::RESULT_TYPE result_type = parallel_scan::RESULT_TYPE::MERGEABLE_LIST; parallel_scan::SCAN_TYPE ST = parallel_scan::SCAN_TYPE::LIST]’ at /home/vimkim/gh/cb/CBRD-27398-pgbuf-inspector-contract/src/query/parallel/px_scan/px_scan_task.cpp:239:61:
/home/vimkim/gh/cb/CBRD-27398-pgbuf-inspector-contract/src/base/memory_cwrapper.h:86:8: warning: ‘void free(void*)’ called on pointer returned from a mismatched allocation function [-Wmismatched-new-delete]
   86 |   free (ptr);
      |   ~~~~~^~~~~
In file included from /usr/include/c++/11/x86_64-redhat-linux/bits/c++allocator.h:33,
                 from /usr/include/c++/11/bits/allocator.h:46,
                 from /usr/include/c++/11/vector:64,
                 from /home/vimkim/gh/cb/CBRD-27398-pgbuf-inspector-contract/src/transaction/log_lsa.hpp:30,
                 from /home/vimkim/gh/cb/CBRD-27398-pgbuf-inspector-contract/src/storage/disk_manager.h:30,
                 from /home/vimkim/gh/cb/CBRD-27398-pgbuf-inspector-contract/src/storage/file_manager.h:32,
                 from /home/vimkim/gh/cb/CBRD-27398-pgbuf-inspector-contract/src/query/query_manager.h:34,
                 from /home/vimkim/gh/cb/CBRD-27398-pgbuf-inspector-contract/src/query/parallel/px_scan/px_scan_task.hpp:26,
                 from /home/vimkim/gh/cb/CBRD-27398-pgbuf-inspector-contract/src/query/parallel/px_scan/px_scan_task.cpp:23:
/usr/include/c++/11/ext/new_allocator.h: In member function ‘int parallel_scan::task<result_type, ST>::initialize(cubthread::entry&) [with parallel_scan::RESULT_TYPE result_type = parallel_scan::RESULT_TYPE::MERGEABLE_LIST; parallel_scan::SCAN_TYPE ST = parallel_scan::SCAN_TYPE::LIST]’:
/usr/include/c++/11/ext/new_allocator.h:127:48: note: returned from ‘void* operator new(std::size_t)’
  127 |         return static_cast<_Tp*>(::operator new(__n * sizeof(_Tp)));
      |                                  ~~~~~~~~~~~~~~^~~~~~~~~~~~~~~~~~~
In file included from /home/vimkim/gh/cb/CBRD-27398-pgbuf-inspector-contract/src/base/memory_alloc.h:54,
                 from /home/vimkim/gh/cb/CBRD-27398-pgbuf-inspector-contract/src/base/memory_hash.h:30,
                 from /home/vimkim/gh/cb/CBRD-27398-pgbuf-inspector-contract/src/storage/file_io.h:33,
                 from /home/vimkim/gh/cb/CBRD-27398-pgbuf-inspector-contract/src/transaction/log_manager.h:37,
                 from /home/vimkim/gh/cb/CBRD-27398-pgbuf-inspector-contract/src/storage/file_manager.h:33,
                 from /home/vimkim/gh/cb/CBRD-27398-pgbuf-inspector-contract/src/query/query_manager.h:34,
                 from /home/vimkim/gh/cb/CBRD-27398-pgbuf-inspector-contract/src/query/parallel/px_scan/px_scan_task.hpp:26,
                 from /home/vimkim/gh/cb/CBRD-27398-pgbuf-inspector-contract/src/query/parallel/px_scan/px_scan_task.cpp:23:
In function ‘void cub_free(void*)’,
    inlined from ‘void operator delete(void*, size_t)’ at /home/vimkim/gh/cb/CBRD-27398-pgbuf-inspector-contract/src/base/memory_wrapper.hpp:75:12,
    inlined from ‘void __gnu_cxx::new_allocator<_Tp>::deallocate(_Tp*, __gnu_cxx::new_allocator<_Tp>::size_type) [with _Tp = std::_Rb_tree_node<std::pair<const int, parallel_scan::scan_info> >]’ at /usr/include/c++/11/ext/new_allocator.h:145:19,
    inlined from ‘static void std::allocator_traits<std::allocator<_Tp1> >::deallocate(std::allocator_traits<std::allocator<_Tp1> >::allocator_type&, std::allocator_traits<std::allocator<_Tp1> >::pointer, std::allocator_traits<std::allocator<_Tp1> >::size_type) [with _Tp = std::_Rb_tree_node<std::pair<const int, parallel_scan::scan_info> >]’ at /usr/include/c++/11/bits/alloc_traits.h:496:23,
    inlined from ‘void std::_Rb_tree<_Key, _Val, _KeyOfValue, _Compare, _Alloc>::_M_put_node(std::_Rb_tree<_Key, _Val, _KeyOfValue, _Compare, _Alloc>::_Link_type) [with _Key = int; _Val = std::pair<const int, parallel_scan::scan_info>; _KeyOfValue = std::_Select1st<std::pair<const int, parallel_scan::scan_info> >; _Compare = std::less<int>; _Alloc = std::allocator<std::pair<const int, parallel_scan::scan_info> >]’ at /usr/include/c++/11/bits/stl_tree.h:565:34,
    inlined from ‘void std::_Rb_tree<_Key, _Val, _KeyOfValue, _Compare, _Alloc>::_M_drop_node(std::_Rb_tree<_Key, _Val, _KeyOfValue, _Compare, _Alloc>::_Link_type) [with _Key = int; _Val = std::pair<const int, parallel_scan::scan_info>; _KeyOfValue = std::_Select1st<std::pair<const int, parallel_scan::scan_info> >; _Compare = std::less<int>; _Alloc = std::allocator<std::pair<const int, parallel_scan::scan_info> >]’ at /usr/include/c++/11/bits/stl_tree.h:632:13,
    inlined from ‘std::_Rb_tree<_Key, _Val, _KeyOfValue, _Compare, _Alloc>::iterator std::_Rb_tree<_Key, _Val, _KeyOfValue, _Compare, _Alloc>::_M_emplace_hint_unique(std::_Rb_tree<_Key, _Val, _KeyOfValue, _Compare, _Alloc>::const_iterator, _Args&& ...) [with _Args = {const std::piecewise_construct_t&, std::tuple<const int&>, std::tuple<>}; _Key = int; _Val = std::pair<const int, parallel_scan::scan_info>; _KeyOfValue = std::_Select1st<std::pair<const int, parallel_scan::scan_info> >; _Compare = std::less<int>; _Alloc = std::allocator<std::pair<const int, parallel_scan::scan_info> >]’ at /usr/include/c++/11/bits/stl_tree.h:2440:18,
    inlined from ‘std::map<_Key, _Tp, _Compare, _Alloc>::mapped_type& std::map<_Key, _Tp, _Compare, _Alloc>::operator[](const key_type&) [with _Key = int; _Tp = parallel_scan::scan_info; _Compare = std::less<int>; _Alloc = std::allocator<std::pair<const int, parallel_scan::scan_info> >]’ at /usr/include/c++/11/bits/stl_map.h:501:37,
    inlined from ‘parallel_scan::scan_info parallel_scan::pre_execution_info::get_scan_info(parallel_scan::XASL_NODE_ID)’ at /home/vimkim/gh/cb/CBRD-27398-pgbuf-inspector-contract/src/query/parallel/px_scan/px_scan_pre_execution_info.hpp:61:29,
    inlined from ‘int parallel_scan::task<result_type, ST>::initialize(cubthread::entry&) [with parallel_scan::RESULT_TYPE result_type = parallel_scan::RESULT_TYPE::BUILDVALUE_OPT; parallel_scan::SCAN_TYPE ST = parallel_scan::SCAN_TYPE::LIST]’ at /home/vimkim/gh/cb/CBRD-27398-pgbuf-inspector-contract/src/query/parallel/px_scan/px_scan_task.cpp:239:61:
/home/vimkim/gh/cb/CBRD-27398-pgbuf-inspector-contract/src/base/memory_cwrapper.h:86:8: warning: ‘void free(void*)’ called on pointer returned from a mismatched allocation function [-Wmismatched-new-delete]
   86 |   free (ptr);
      |   ~~~~~^~~~~
In file included from /usr/include/c++/11/x86_64-redhat-linux/bits/c++allocator.h:33,
                 from /usr/include/c++/11/bits/allocator.h:46,
                 from /usr/include/c++/11/vector:64,
                 from /home/vimkim/gh/cb/CBRD-27398-pgbuf-inspector-contract/src/transaction/log_lsa.hpp:30,
                 from /home/vimkim/gh/cb/CBRD-27398-pgbuf-inspector-contract/src/storage/disk_manager.h:30,
                 from /home/vimkim/gh/cb/CBRD-27398-pgbuf-inspector-contract/src/storage/file_manager.h:32,
                 from /home/vimkim/gh/cb/CBRD-27398-pgbuf-inspector-contract/src/query/query_manager.h:34,
                 from /home/vimkim/gh/cb/CBRD-27398-pgbuf-inspector-contract/src/query/parallel/px_scan/px_scan_task.hpp:26,
                 from /home/vimkim/gh/cb/CBRD-27398-pgbuf-inspector-contract/src/query/parallel/px_scan/px_scan_task.cpp:23:
/usr/include/c++/11/ext/new_allocator.h: In member function ‘int parallel_scan::task<result_type, ST>::initialize(cubthread::entry&) [with parallel_scan::RESULT_TYPE result_type = parallel_scan::RESULT_TYPE::BUILDVALUE_OPT; parallel_scan::SCAN_TYPE ST = parallel_scan::SCAN_TYPE::LIST]’:
/usr/include/c++/11/ext/new_allocator.h:127:48: note: returned from ‘void* operator new(std::size_t)’
  127 |         return static_cast<_Tp*>(::operator new(__n * sizeof(_Tp)));
      |                                  ~~~~~~~~~~~~~~^~~~~~~~~~~~~~~~~~~
In file included from /home/vimkim/gh/cb/CBRD-27398-pgbuf-inspector-contract/src/base/memory_alloc.h:54,
                 from /home/vimkim/gh/cb/CBRD-27398-pgbuf-inspector-contract/src/base/memory_hash.h:30,
                 from /home/vimkim/gh/cb/CBRD-27398-pgbuf-inspector-contract/src/storage/file_io.h:33,
                 from /home/vimkim/gh/cb/CBRD-27398-pgbuf-inspector-contract/src/transaction/log_manager.h:37,
                 from /home/vimkim/gh/cb/CBRD-27398-pgbuf-inspector-contract/src/storage/file_manager.h:33,
                 from /home/vimkim/gh/cb/CBRD-27398-pgbuf-inspector-contract/src/query/query_manager.h:34,
                 from /home/vimkim/gh/cb/CBRD-27398-pgbuf-inspector-contract/src/query/parallel/px_scan/px_scan_task.hpp:26,
                 from /home/vimkim/gh/cb/CBRD-27398-pgbuf-inspector-contract/src/query/parallel/px_scan/px_scan_task.cpp:23:
In function ‘void cub_free(void*)’,
    inlined from ‘void operator delete(void*, size_t)’ at /home/vimkim/gh/cb/CBRD-27398-pgbuf-inspector-contract/src/base/memory_wrapper.hpp:75:12,
    inlined from ‘void __gnu_cxx::new_allocator<_Tp>::deallocate(_Tp*, __gnu_cxx::new_allocator<_Tp>::size_type) [with _Tp = std::_Rb_tree_node<std::pair<const int, parallel_scan::scan_info> >]’ at /usr/include/c++/11/ext/new_allocator.h:145:19,
    inlined from ‘static void std::allocator_traits<std::allocator<_Tp1> >::deallocate(std::allocator_traits<std::allocator<_Tp1> >::allocator_type&, std::allocator_traits<std::allocator<_Tp1> >::pointer, std::allocator_traits<std::allocator<_Tp1> >::size_type) [with _Tp = std::_Rb_tree_node<std::pair<const int, parallel_scan::scan_info> >]’ at /usr/include/c++/11/bits/alloc_traits.h:496:23,
    inlined from ‘void std::_Rb_tree<_Key, _Val, _KeyOfValue, _Compare, _Alloc>::_M_put_node(std::_Rb_tree<_Key, _Val, _KeyOfValue, _Compare, _Alloc>::_Link_type) [with _Key = int; _Val = std::pair<const int, parallel_scan::scan_info>; _KeyOfValue = std::_Select1st<std::pair<const int, parallel_scan::scan_info> >; _Compare = std::less<int>; _Alloc = std::allocator<std::pair<const int, parallel_scan::scan_info> >]’ at /usr/include/c++/11/bits/stl_tree.h:565:34,
    inlined from ‘void std::_Rb_tree<_Key, _Val, _KeyOfValue, _Compare, _Alloc>::_M_drop_node(std::_Rb_tree<_Key, _Val, _KeyOfValue, _Compare, _Alloc>::_Link_type) [with _Key = int; _Val = std::pair<const int, parallel_scan::scan_info>; _KeyOfValue = std::_Select1st<std::pair<const int, parallel_scan::scan_info> >; _Compare = std::less<int>; _Alloc = std::allocator<std::pair<const int, parallel_scan::scan_info> >]’ at /usr/include/c++/11/bits/stl_tree.h:632:13,
    inlined from ‘std::_Rb_tree<_Key, _Val, _KeyOfValue, _Compare, _Alloc>::iterator std::_Rb_tree<_Key, _Val, _KeyOfValue, _Compare, _Alloc>::_M_emplace_hint_unique(std::_Rb_tree<_Key, _Val, _KeyOfValue, _Compare, _Alloc>::const_iterator, _Args&& ...) [with _Args = {const std::piecewise_construct_t&, std::tuple<const int&>, std::tuple<>}; _Key = int; _Val = std::pair<const int, parallel_scan::scan_info>; _KeyOfValue = std::_Select1st<std::pair<const int, parallel_scan::scan_info> >; _Compare = std::less<int>; _Alloc = std::allocator<std::pair<const int, parallel_scan::scan_info> >]’ at /usr/include/c++/11/bits/stl_tree.h:2440:18,
    inlined from ‘std::map<_Key, _Tp, _Compare, _Alloc>::mapped_type& std::map<_Key, _Tp, _Compare, _Alloc>::operator[](const key_type&) [with _Key = int; _Tp = parallel_scan::scan_info; _Compare = std::less<int>; _Alloc = std::allocator<std::pair<const int, parallel_scan::scan_info> >]’ at /usr/include/c++/11/bits/stl_map.h:501:37,
    inlined from ‘parallel_scan::scan_info parallel_scan::pre_execution_info::get_scan_info(parallel_scan::XASL_NODE_ID)’ at /home/vimkim/gh/cb/CBRD-27398-pgbuf-inspector-contract/src/query/parallel/px_scan/px_scan_pre_execution_info.hpp:61:29,
    inlined from ‘int parallel_scan::task<result_type, ST>::initialize(cubthread::entry&) [with parallel_scan::RESULT_TYPE result_type = parallel_scan::RESULT_TYPE::MERGEABLE_LIST; parallel_scan::SCAN_TYPE ST = parallel_scan::SCAN_TYPE::INDEX]’ at /home/vimkim/gh/cb/CBRD-27398-pgbuf-inspector-contract/src/query/parallel/px_scan/px_scan_task.cpp:239:61:
/home/vimkim/gh/cb/CBRD-27398-pgbuf-inspector-contract/src/base/memory_cwrapper.h:86:8: warning: ‘void free(void*)’ called on pointer returned from a mismatched allocation function [-Wmismatched-new-delete]
   86 |   free (ptr);
      |   ~~~~~^~~~~
In file included from /usr/include/c++/11/x86_64-redhat-linux/bits/c++allocator.h:33,
                 from /usr/include/c++/11/bits/allocator.h:46,
                 from /usr/include/c++/11/vector:64,
                 from /home/vimkim/gh/cb/CBRD-27398-pgbuf-inspector-contract/src/transaction/log_lsa.hpp:30,
                 from /home/vimkim/gh/cb/CBRD-27398-pgbuf-inspector-contract/src/storage/disk_manager.h:30,
                 from /home/vimkim/gh/cb/CBRD-27398-pgbuf-inspector-contract/src/storage/file_manager.h:32,
                 from /home/vimkim/gh/cb/CBRD-27398-pgbuf-inspector-contract/src/query/query_manager.h:34,
                 from /home/vimkim/gh/cb/CBRD-27398-pgbuf-inspector-contract/src/query/parallel/px_scan/px_scan_task.hpp:26,
                 from /home/vimkim/gh/cb/CBRD-27398-pgbuf-inspector-contract/src/query/parallel/px_scan/px_scan_task.cpp:23:
/usr/include/c++/11/ext/new_allocator.h: In member function ‘int parallel_scan::task<result_type, ST>::initialize(cubthread::entry&) [with parallel_scan::RESULT_TYPE result_type = parallel_scan::RESULT_TYPE::MERGEABLE_LIST; parallel_scan::SCAN_TYPE ST = parallel_scan::SCAN_TYPE::INDEX]’:
/usr/include/c++/11/ext/new_allocator.h:127:48: note: returned from ‘void* operator new(std::size_t)’
  127 |         return static_cast<_Tp*>(::operator new(__n * sizeof(_Tp)));
      |                                  ~~~~~~~~~~~~~~^~~~~~~~~~~~~~~~~~~
[1282/1437] Building CXX object broker/CMakeFiles/cub_proxy.dir/__/src/broker/shard_proxy_function.c.o
[1283/1437] Building CXX object cm_common/CMakeFiles/cmdep.dir/__/src/cm_common/cm_utils.c.o
[1284/1437] Building CXX object broker/CMakeFiles/cubrid_gateway.dir/__/src/broker/broker_admin_pub.c.o
/home/vimkim/gh/cb/CBRD-27398-pgbuf-inspector-contract/src/broker/broker_admin_pub.c: In function ‘int admin_getid_cmd(int, int, const char**)’:
/home/vimkim/gh/cb/CBRD-27398-pgbuf-inspector-contract/src/broker/broker_admin_pub.c:1575:49: warning: ‘%s’ directive writing up to 4095 bytes into a region of size 2033 [-Wformat-overflow=]
 1575 |         sprintf (buf + buf_len, "LIBRARY_NAME : %s, ",
      |                                                 ^~
/home/vimkim/gh/cb/CBRD-27398-pgbuf-inspector-contract/src/broker/broker_admin_pub.c:1575:17: note: ‘sprintf’ output between 18 and 4113 bytes into a destination of size 2048
 1575 |         sprintf (buf + buf_len, "LIBRARY_NAME : %s, ",
      |         ~~~~~~~~^~~~~~~~~~~~~~~~~~~~~~~~~~~~~~~~~~~~~~
 1576 |                  (shm_proxy_p->shard_key_library_name[0] == 0) ? "NOT DEFINED" : shm_proxy_p->shard_key_library_name);
      |                  ~~~~~~~~~~~~~~~~~~~~~~~~~~~~~~~~~~~~~~~~~~~~~~~~~~~~~~~~~~~~~~~~~~~~~~~~~~~~~~~~~~~~~~~~~~~~~~~~~~~~
/home/vimkim/gh/cb/CBRD-27398-pgbuf-inspector-contract/src/broker/broker_admin_pub.c:1578:50: warning: ‘%s’ directive writing up to 4095 bytes into a region of size 2032 [-Wformat-overflow=]
 1578 |         sprintf (buf + buf_len, "FUNCTION_NAME : %s ",
      |                                                  ^~
/home/vimkim/gh/cb/CBRD-27398-pgbuf-inspector-contract/src/broker/broker_admin_pub.c:1578:17: note: ‘sprintf’ output between 18 and 4113 bytes into a destination of size 2048
 1578 |         sprintf (buf + buf_len, "FUNCTION_NAME : %s ",
      |         ~~~~~~~~^~~~~~~~~~~~~~~~~~~~~~~~~~~~~~~~~~~~~~
 1579 |                  (shm_proxy_p->shard_key_function_name[0] == 0) ? "NOT DEFINED" : shm_proxy_p->shard_key_function_name);
      |                  ~~~~~~~~~~~~~~~~~~~~~~~~~~~~~~~~~~~~~~~~~~~~~~~~~~~~~~~~~~~~~~~~~~~~~~~~~~~~~~~~~~~~~~~~~~~~~~~~~~~~~~
[1285/1437] Building CXX object timezones/CMakeFiles/gen_timezone.dir/__/src/executables/generate_timezone.cpp.o
[1286/1437] Building CXX object cubrid/CMakeFiles/cubrid.dir/__/src/query/parallel/px_scan/px_scan.cpp.o
[1287/1437] Building CXX object broker/CMakeFiles/cubrid_replay.dir/__/src/broker/broker_log_replay.c.o
[1288/1437] Building CXX object broker/CMakeFiles/brokeradmin.dir/__/src/broker/shard_metadata.c.o
[1289/1437] Building CXX object broker/CMakeFiles/cubrid_replay.dir/__/src/base/filesys_temp.cpp.o
[1290/1437] Building CXX object broker/CMakeFiles/brokeradmin.dir/__/src/broker/broker_admin_so.c.o
[1291/1437] Building CXX object broker/CMakeFiles/brokeradmin.dir/__/src/broker/shard_shm.c.o
[1292/1437] Building CXX object cubrid/CMakeFiles/cubrid.dir/__/src/query/parallel/px_scan/px_scan_result_handler.cpp.o
[1293/1437] Building CXX object cm_common/CMakeFiles/cub_jobsa.dir/__/src/cm_common/cm_class_info_sa.c.o
[1294/1437] Building CXX object cm_common/CMakeFiles/cub_sainfo.dir/__/src/cm_common/cm_class_info_sa.c.o
[1295/1437] Building CXX object unit_tests/pgbuf_inspector/CMakeFiles/pgbuf_inspector_corpus_generator.dir/sha256.cpp.o
[1296/1437] Building CXX object unit_tests/pgbuf_inspector/CMakeFiles/pgbuf_inspector_corpus_generator.dir/__/__/src/storage/pgbuf_inspector_wire.cpp.o
[1297/1437] Building CXX object broker/CMakeFiles/cub_cas.dir/__/src/broker/cas.c.o
[1298/1437] Building CXX object broker/CMakeFiles/cas_cgw_lib.dir/__/src/broker/cas_cgw_execute.c.o
[1299/1437] Building CXX object broker/CMakeFiles/broker_tester.dir/__/src/broker/broker_config.c.o
[1300/1437] Building CXX object broker/CMakeFiles/cas_common_lib.dir/__/src/broker/cas_common_main.c.o
[1301/1437] Building CXX object broker/CMakeFiles/cas_cgw_lib.dir/__/src/broker/cas_cgw_function.c.o
[1302/1437] Building CXX object broker/CMakeFiles/brokeradmin.dir/__/src/broker/broker_config.c.o
[1303/1437] Building CXX object broker/CMakeFiles/broker_log_top.dir/__/src/broker/broker_config.c.o
[1304/1437] Building CXX object broker/CMakeFiles/cub_cas.dir/__/src/broker/cas_function.c.o
[1305/1437] Building CXX object broker/CMakeFiles/cub_cas_cgw.dir/__/src/broker/cas_cgw.c.o
[1306/1437] Building CXX object broker/CMakeFiles/brokeradmin.dir/__/src/broker/broker_admin_pub.c.o
/home/vimkim/gh/cb/CBRD-27398-pgbuf-inspector-contract/src/broker/broker_admin_pub.c: In function ‘int admin_getid_cmd(int, int, const char**)’:
/home/vimkim/gh/cb/CBRD-27398-pgbuf-inspector-contract/src/broker/broker_admin_pub.c:1575:49: warning: ‘%s’ directive writing up to 4095 bytes into a region of size 2033 [-Wformat-overflow=]
 1575 |         sprintf (buf + buf_len, "LIBRARY_NAME : %s, ",
      |                                                 ^~
/home/vimkim/gh/cb/CBRD-27398-pgbuf-inspector-contract/src/broker/broker_admin_pub.c:1575:17: note: ‘sprintf’ output between 18 and 4113 bytes into a destination of size 2048
 1575 |         sprintf (buf + buf_len, "LIBRARY_NAME : %s, ",
      |         ~~~~~~~~^~~~~~~~~~~~~~~~~~~~~~~~~~~~~~~~~~~~~~
 1576 |                  (shm_proxy_p->shard_key_library_name[0] == 0) ? "NOT DEFINED" : shm_proxy_p->shard_key_library_name);
      |                  ~~~~~~~~~~~~~~~~~~~~~~~~~~~~~~~~~~~~~~~~~~~~~~~~~~~~~~~~~~~~~~~~~~~~~~~~~~~~~~~~~~~~~~~~~~~~~~~~~~~~
/home/vimkim/gh/cb/CBRD-27398-pgbuf-inspector-contract/src/broker/broker_admin_pub.c:1578:50: warning: ‘%s’ directive writing up to 4095 bytes into a region of size 2032 [-Wformat-overflow=]
 1578 |         sprintf (buf + buf_len, "FUNCTION_NAME : %s ",
      |                                                  ^~
/home/vimkim/gh/cb/CBRD-27398-pgbuf-inspector-contract/src/broker/broker_admin_pub.c:1578:17: note: ‘sprintf’ output between 18 and 4113 bytes into a destination of size 2048
 1578 |         sprintf (buf + buf_len, "FUNCTION_NAME : %s ",
      |         ~~~~~~~~^~~~~~~~~~~~~~~~~~~~~~~~~~~~~~~~~~~~~~
 1579 |                  (shm_proxy_p->shard_key_function_name[0] == 0) ? "NOT DEFINED" : shm_proxy_p->shard_key_function_name);
      |                  ~~~~~~~~~~~~~~~~~~~~~~~~~~~~~~~~~~~~~~~~~~~~~~~~~~~~~~~~~~~~~~~~~~~~~~~~~~~~~~~~~~~~~~~~~~~~~~~~~~~~~~
[1307/1437] Building CXX object broker/CMakeFiles/cas_common_lib.dir/__/src/base/ddl_log.c.o
[1308/1437] Building CXX object unit_tests/oos/CMakeFiles/test_oos_record_flags.dir/test_oos_record_flags.cpp.o
[1309/1437] Building CXX object unit_tests/oos/CMakeFiles/test_oos_tde_gate.dir/test_oos_tde_gate.cpp.o
[1310/1437] Building CXX object cubrid/CMakeFiles/cubrid.dir/__/src/query/query_executor.c.o
[1311/1437] Building C object cs/CMakeFiles/cubridcs.dir/__/csql_grammar.c.o
/home/vimkim/gh/cb/CBRD-27398-pgbuf-inspector-contract/build_preset_release_gcc/csql_grammar.c: In function ‘yyuserAction’:
/home/vimkim/gh/cb/CBRD-27398-pgbuf-inspector-contract/build_preset_release_gcc/csql_grammar.c:41962:80: warning: implicit conversion from ‘enum pt_currency_types’ to ‘DB_CURRENCY’ [-Wenum-conversion]
41962 |                             pt_value_set_monetary (this_parser, val, str, txt, PT_CURRENCY_YEN);
      |                                                                                ^~~~~~~~~~~~~~~
/home/vimkim/gh/cb/CBRD-27398-pgbuf-inspector-contract/build_preset_release_gcc/csql_grammar.c:41982:80: warning: implicit conversion from ‘enum pt_currency_types’ to ‘DB_CURRENCY’ [-Wenum-conversion]
41982 |                             pt_value_set_monetary (this_parser, val, str, txt, PT_CURRENCY_DOLLAR);
      |                                                                                ^~~~~~~~~~~~~~~~~~
/home/vimkim/gh/cb/CBRD-27398-pgbuf-inspector-contract/build_preset_release_gcc/csql_grammar.c:42002:80: warning: implicit conversion from ‘enum pt_currency_types’ to ‘DB_CURRENCY’ [-Wenum-conversion]
42002 |                             pt_value_set_monetary (this_parser, val, str, txt, PT_CURRENCY_WON);
      |                                                                                ^~~~~~~~~~~~~~~
/home/vimkim/gh/cb/CBRD-27398-pgbuf-inspector-contract/build_preset_release_gcc/csql_grammar.c:42022:80: warning: implicit conversion from ‘enum pt_currency_types’ to ‘DB_CURRENCY’ [-Wenum-conversion]
42022 |                             pt_value_set_monetary (this_parser, val, str, txt, PT_CURRENCY_TL);
      |                                                                                ^~~~~~~~~~~~~~
/home/vimkim/gh/cb/CBRD-27398-pgbuf-inspector-contract/build_preset_release_gcc/csql_grammar.c:42042:80: warning: implicit conversion from ‘enum pt_currency_types’ to ‘DB_CURRENCY’ [-Wenum-conversion]
42042 |                             pt_value_set_monetary (this_parser, val, str, txt, PT_CURRENCY_BRITISH_POUND);
      |                                                                                ^~~~~~~~~~~~~~~~~~~~~~~~~
/home/vimkim/gh/cb/CBRD-27398-pgbuf-inspector-contract/build_preset_release_gcc/csql_grammar.c:42061:80: warning: implicit conversion from ‘enum pt_currency_types’ to ‘DB_CURRENCY’ [-Wenum-conversion]
42061 |                             pt_value_set_monetary (this_parser, val, str, txt, PT_CURRENCY_CAMBODIAN_RIEL);
      |                                                                                ^~~~~~~~~~~~~~~~~~~~~~~~~~
/home/vimkim/gh/cb/CBRD-27398-pgbuf-inspector-contract/build_preset_release_gcc/csql_grammar.c:42080:80: warning: implicit conversion from ‘enum pt_currency_types’ to ‘DB_CURRENCY’ [-Wenum-conversion]
42080 |                             pt_value_set_monetary (this_parser, val, str, txt, PT_CURRENCY_CHINESE_RENMINBI);
      |                                                                                ^~~~~~~~~~~~~~~~~~~~~~~~~~~~
/home/vimkim/gh/cb/CBRD-27398-pgbuf-inspector-contract/build_preset_release_gcc/csql_grammar.c:42099:80: warning: implicit conversion from ‘enum pt_currency_types’ to ‘DB_CURRENCY’ [-Wenum-conversion]
42099 |                             pt_value_set_monetary (this_parser, val, str, txt, PT_CURRENCY_INDIAN_RUPEE);
      |                                                                                ^~~~~~~~~~~~~~~~~~~~~~~~
/home/vimkim/gh/cb/CBRD-27398-pgbuf-inspector-contract/build_preset_release_gcc/csql_grammar.c:42118:80: warning: implicit conversion from ‘enum pt_currency_types’ to ‘DB_CURRENCY’ [-Wenum-conversion]
42118 |                             pt_value_set_monetary (this_parser, val, str, txt, PT_CURRENCY_RUSSIAN_RUBLE);
      |                                                                                ^~~~~~~~~~~~~~~~~~~~~~~~~
/home/vimkim/gh/cb/CBRD-27398-pgbuf-inspector-contract/build_preset_release_gcc/csql_grammar.c:42137:80: warning: implicit conversion from ‘enum pt_currency_types’ to ‘DB_CURRENCY’ [-Wenum-conversion]
42137 |                             pt_value_set_monetary (this_parser, val, str, txt, PT_CURRENCY_AUSTRALIAN_DOLLAR);
      |                                                                                ^~~~~~~~~~~~~~~~~~~~~~~~~~~~~
/home/vimkim/gh/cb/CBRD-27398-pgbuf-inspector-contract/build_preset_release_gcc/csql_grammar.c:42156:80: warning: implicit conversion from ‘enum pt_currency_types’ to ‘DB_CURRENCY’ [-Wenum-conversion]
42156 |                             pt_value_set_monetary (this_parser, val, str, txt, PT_CURRENCY_CANADIAN_DOLLAR);
      |                                                                                ^~~~~~~~~~~~~~~~~~~~~~~~~~~
/home/vimkim/gh/cb/CBRD-27398-pgbuf-inspector-contract/build_preset_release_gcc/csql_grammar.c:42175:80: warning: implicit conversion from ‘enum pt_currency_types’ to ‘DB_CURRENCY’ [-Wenum-conversion]
42175 |                             pt_value_set_monetary (this_parser, val, str, txt, PT_CURRENCY_BRASILIAN_REAL);
      |                                                                                ^~~~~~~~~~~~~~~~~~~~~~~~~~
/home/vimkim/gh/cb/CBRD-27398-pgbuf-inspector-contract/build_preset_release_gcc/csql_grammar.c:42194:80: warning: implicit conversion from ‘enum pt_currency_types’ to ‘DB_CURRENCY’ [-Wenum-conversion]
42194 |                             pt_value_set_monetary (this_parser, val, str, txt, PT_CURRENCY_ROMANIAN_LEU);
      |                                                                                ^~~~~~~~~~~~~~~~~~~~~~~~
/home/vimkim/gh/cb/CBRD-27398-pgbuf-inspector-contract/build_preset_release_gcc/csql_grammar.c:42213:80: warning: implicit conversion from ‘enum pt_currency_types’ to ‘DB_CURRENCY’ [-Wenum-conversion]
42213 |                             pt_value_set_monetary (this_parser, val, str, txt, PT_CURRENCY_EURO);
      |                                                                                ^~~~~~~~~~~~~~~~
/home/vimkim/gh/cb/CBRD-27398-pgbuf-inspector-contract/build_preset_release_gcc/csql_grammar.c:42232:80: warning: implicit conversion from ‘enum pt_currency_types’ to ‘DB_CURRENCY’ [-Wenum-conversion]
42232 |                             pt_value_set_monetary (this_parser, val, str, txt, PT_CURRENCY_SWISS_FRANC);
      |                                                                                ^~~~~~~~~~~~~~~~~~~~~~~
/home/vimkim/gh/cb/CBRD-27398-pgbuf-inspector-contract/build_preset_release_gcc/csql_grammar.c:42251:80: warning: implicit conversion from ‘enum pt_currency_types’ to ‘DB_CURRENCY’ [-Wenum-conversion]
42251 |                             pt_value_set_monetary (this_parser, val, str, txt, PT_CURRENCY_DANISH_KRONE);
      |                                                                                ^~~~~~~~~~~~~~~~~~~~~~~~
/home/vimkim/gh/cb/CBRD-27398-pgbuf-inspector-contract/build_preset_release_gcc/csql_grammar.c:42270:80: warning: implicit conversion from ‘enum pt_currency_types’ to ‘DB_CURRENCY’ [-Wenum-conversion]
42270 |                             pt_value_set_monetary (this_parser, val, str, txt, PT_CURRENCY_NORWEGIAN_KRONE);
      |                                                                                ^~~~~~~~~~~~~~~~~~~~~~~~~~~
/home/vimkim/gh/cb/CBRD-27398-pgbuf-inspector-contract/build_preset_release_gcc/csql_grammar.c:42289:80: warning: implicit conversion from ‘enum pt_currency_types’ to ‘DB_CURRENCY’ [-Wenum-conversion]
42289 |                             pt_value_set_monetary (this_parser, val, str, txt, PT_CURRENCY_BULGARIAN_LEV);
      |                                                                                ^~~~~~~~~~~~~~~~~~~~~~~~~
/home/vimkim/gh/cb/CBRD-27398-pgbuf-inspector-contract/build_preset_release_gcc/csql_grammar.c:42308:80: warning: implicit conversion from ‘enum pt_currency_types’ to ‘DB_CURRENCY’ [-Wenum-conversion]
42308 |                             pt_value_set_monetary (this_parser, val, str, txt, PT_CURRENCY_VIETNAMESE_DONG);
      |                                                                                ^~~~~~~~~~~~~~~~~~~~~~~~~~~
/home/vimkim/gh/cb/CBRD-27398-pgbuf-inspector-contract/build_preset_release_gcc/csql_grammar.c:42327:80: warning: implicit conversion from ‘enum pt_currency_types’ to ‘DB_CURRENCY’ [-Wenum-conversion]
42327 |                             pt_value_set_monetary (this_parser, val, str, txt, PT_CURRENCY_CZECH_KORUNA);
      |                                                                                ^~~~~~~~~~~~~~~~~~~~~~~~
/home/vimkim/gh/cb/CBRD-27398-pgbuf-inspector-contract/build_preset_release_gcc/csql_grammar.c:42346:80: warning: implicit conversion from ‘enum pt_currency_types’ to ‘DB_CURRENCY’ [-Wenum-conversion]
42346 |                             pt_value_set_monetary (this_parser, val, str, txt, PT_CURRENCY_POLISH_ZLOTY);
      |                                                                                ^~~~~~~~~~~~~~~~~~~~~~~~
/home/vimkim/gh/cb/CBRD-27398-pgbuf-inspector-contract/build_preset_release_gcc/csql_grammar.c:42365:80: warning: implicit conversion from ‘enum pt_currency_types’ to ‘DB_CURRENCY’ [-Wenum-conversion]
42365 |                             pt_value_set_monetary (this_parser, val, str, txt, PT_CURRENCY_SWEDISH_KRONA);
      |                                                                                ^~~~~~~~~~~~~~~~~~~~~~~~~
/home/vimkim/gh/cb/CBRD-27398-pgbuf-inspector-contract/build_preset_release_gcc/csql_grammar.c:42384:80: warning: implicit conversion from ‘enum pt_currency_types’ to ‘DB_CURRENCY’ [-Wenum-conversion]
42384 |                             pt_value_set_monetary (this_parser, val, str, txt, PT_CURRENCY_CROATIAN_KUNA);
      |                                                                                ^~~~~~~~~~~~~~~~~~~~~~~~~
/home/vimkim/gh/cb/CBRD-27398-pgbuf-inspector-contract/build_preset_release_gcc/csql_grammar.c:42403:80: warning: implicit conversion from ‘enum pt_currency_types’ to ‘DB_CURRENCY’ [-Wenum-conversion]
42403 |                             pt_value_set_monetary (this_parser, val, str, txt, PT_CURRENCY_SERBIAN_DINAR);
      |                                                                                ^~~~~~~~~~~~~~~~~~~~~~~~~
/home/vimkim/gh/cb/CBRD-27398-pgbuf-inspector-contract/build_preset_release_gcc/csql_grammar.c: In function ‘pt_value_set_monetary’:
/home/vimkim/gh/cb/CBRD-27398-pgbuf-inspector-contract/build_preset_release_gcc/csql_grammar.c:48415:42: warning: implicit conversion from ‘DB_CURRENCY’ to ‘PT_CURRENCY’ {aka ‘enum pt_currency_types’} [-Wenum-conversion]
48415 |   node->info.value.data_value.money.type = type;
      |                                          ^
[1312/1437] Building CXX object cubrid/CMakeFiles/cubrid.dir/__/src/storage/btree.c.o
[1313/1437] Building CXX object cubrid/CMakeFiles/cubrid.dir/__/src/transaction/log_manager.c.o
In file included from /home/vimkim/gh/cb/CBRD-27398-pgbuf-inspector-contract/src/base/memory_alloc.h:54,
                 from /home/vimkim/gh/cb/CBRD-27398-pgbuf-inspector-contract/src/base/memory_hash.h:30,
                 from /home/vimkim/gh/cb/CBRD-27398-pgbuf-inspector-contract/src/storage/file_io.h:33,
                 from /home/vimkim/gh/cb/CBRD-27398-pgbuf-inspector-contract/src/transaction/log_manager.h:37,
                 from /home/vimkim/gh/cb/CBRD-27398-pgbuf-inspector-contract/src/transaction/log_manager.c:47:
In function ‘void cub_free(void*)’,
    inlined from ‘void operator delete(void*, size_t)’ at /home/vimkim/gh/cb/CBRD-27398-pgbuf-inspector-contract/src/base/memory_wrapper.hpp:75:12,
    inlined from ‘void __gnu_cxx::new_allocator<_Tp>::deallocate(_Tp*, __gnu_cxx::new_allocator<_Tp>::size_type) [with _Tp = std::__detail::_Hash_node<std::pair<const int, int>, false>]’ at /usr/include/c++/11/ext/new_allocator.h:145:19,
    inlined from ‘static void std::allocator_traits<std::allocator<_Tp1> >::deallocate(std::allocator_traits<std::allocator<_Tp1> >::allocator_type&, std::allocator_traits<std::allocator<_Tp1> >::pointer, std::allocator_traits<std::allocator<_Tp1> >::size_type) [with _Tp = std::__detail::_Hash_node<std::pair<const int, int>, false>]’ at /usr/include/c++/11/bits/alloc_traits.h:496:23,
    inlined from ‘void std::__detail::_Hashtable_alloc<_NodeAlloc>::_M_deallocate_node_ptr(std::__detail::_Hashtable_alloc<_NodeAlloc>::__node_ptr) [with _NodeAlloc = std::allocator<std::__detail::_Hash_node<std::pair<const int, int>, false> >]’ at /usr/include/c++/11/bits/hashtable_policy.h:1909:38,
    inlined from ‘void std::__detail::_Hashtable_alloc<_NodeAlloc>::_M_deallocate_node(std::__detail::_Hashtable_alloc<_NodeAlloc>::__node_ptr) [with _NodeAlloc = std::allocator<std::__detail::_Hash_node<std::pair<const int, int>, false> >]’ at /usr/include/c++/11/bits/hashtable_policy.h:1899:29,
    inlined from ‘std::_Hashtable<_Key, _Value, _Alloc, _ExtractKey, _Equal, _Hash, _RangeHash, _Unused, _RehashPolicy, _Traits>::_Scoped_node::~_Scoped_node() [with _Key = int; _Value = std::pair<const int, int>; _Alloc = std::allocator<std::pair<const int, int> >; _ExtractKey = std::__detail::_Select1st; _Equal = std::equal_to<int>; _Hash = std::hash<int>; _RangeHash = std::__detail::_Mod_range_hashing; _Unused = std::__detail::_Default_ranged_hash; _RehashPolicy = std::__detail::_Prime_rehash_policy; _Traits = std::__detail::_Hashtable_traits<false, false, true>]’ at /usr/include/c++/11/bits/hashtable.h:308:57,
    inlined from ‘std::pair<typename std::__detail::_Insert<_Key, _Value, _Alloc, _ExtractKey, _Equal, _Hash, _RangeHash, _Unused, _RehashPolicy, _Traits>::iterator, bool> std::_Hashtable<_Key, _Value, _Alloc, _ExtractKey, _Equal, _Hash, _RangeHash, _Unused, _RehashPolicy, _Traits>::_M_emplace(std::true_type, _Args&& ...) [with _Args = {std::pair<int, int>}; _Key = int; _Value = std::pair<const int, int>; _Alloc = std::allocator<std::pair<const int, int> >; _ExtractKey = std::__detail::_Select1st; _Equal = std::equal_to<int>; _Hash = std::hash<int>; _RangeHash = std::__detail::_Mod_range_hashing; _Unused = std::__detail::_Default_ranged_hash; _RehashPolicy = std::__detail::_Prime_rehash_policy; _Traits = std::__detail::_Hashtable_traits<false, false, true>]’ at /usr/include/c++/11/bits/hashtable.h:1978:7,
    inlined from ‘std::_Hashtable<_Key, _Value, _Alloc, _ExtractKey, _Equal, _Hash, _RangeHash, _Unused, _RehashPolicy, _Traits>::__ireturn_type std::_Hashtable<_Key, _Value, _Alloc, _ExtractKey, _Equal, _Hash, _RangeHash, _Unused, _RehashPolicy, _Traits>::emplace(_Args&& ...) [with _Args = {std::pair<int, int>}; _Key = int; _Value = std::pair<const int, int>; _Alloc = std::allocator<std::pair<const int, int> >; _ExtractKey = std::__detail::_Select1st; _Equal = std::equal_to<int>; _Hash = std::hash<int>; _RangeHash = std::__detail::_Mod_range_hashing; _Unused = std::__detail::_Default_ranged_hash; _RehashPolicy = std::__detail::_Prime_rehash_policy; _Traits = std::__detail::_Hashtable_traits<false, false, true>]’ at /usr/include/c++/11/bits/hashtable.h:915:21,
    inlined from ‘std::__enable_if_t<std::is_constructible<typename std::_Hashtable<_Key, std::pair<const _Key, _Tp>, _Alloc, std::__detail::_Select1st, _Pred, _Hash, std::__detail::_Mod_range_hashing, std::__detail::_Default_ranged_hash, std::__detail::_Prime_rehash_policy, std::__detail::_Hashtable_traits<std::__not_<std::__and_<std::__is_fast_hash<_Hash>, std::__is_nothrow_invocable<const _Hash&, const _Key&> > >::value, false, true> >::value_type, _Pair&&>::value, std::pair<typename std::_Hashtable<_Key, std::pair<const _Key, _Tp>, _Alloc, std::__detail::_Select1st, _Pred, _Hash, std::__detail::_Mod_range_hashing, std::__detail::_Default_ranged_hash, std::__detail::_Prime_rehash_policy, std::__detail::_Hashtable_traits<std::__not_<std::__and_<std::__is_fast_hash<_Hash>, std::__is_nothrow_invocable<const _Hash&, const _Key&> > >::value, false, true> >::iterator, bool> > std::unordered_map<_Key, _Tp, _Hash, _Pred, _Alloc>::insert(_Pair&&) [with _Pair = std::pair<int, int>; _Key = int; _Tp = int; _Hash = std::hash<int>; _Pred = std::equal_to<int>; _Alloc = std::allocator<std::pair<const int, int> >]’ at /usr/include/c++/11/bits/unordered_map.h:564:30,
    inlined from ‘int cdc_log_extract(THREAD_ENTRY*, LOG_LSA*, CDC_LOGINFO_ENTRY*)’ at /home/vimkim/gh/cb/CBRD-27398-pgbuf-inspector-contract/src/transaction/log_manager.c:10904:42:
/home/vimkim/gh/cb/CBRD-27398-pgbuf-inspector-contract/src/base/memory_cwrapper.h:86:8: warning: ‘void free(void*)’ called on pointer returned from a mismatched allocation function [-Wmismatched-new-delete]
   86 |   free (ptr);
      |   ~~~~~^~~~~
In file included from /usr/include/c++/11/x86_64-redhat-linux/bits/c++allocator.h:33,
                 from /usr/include/c++/11/bits/allocator.h:46,
                 from /usr/include/c++/11/vector:64,
                 from /home/vimkim/gh/cb/CBRD-27398-pgbuf-inspector-contract/src/transaction/log_lsa.hpp:30,
                 from /home/vimkim/gh/cb/CBRD-27398-pgbuf-inspector-contract/src/storage/disk_manager.h:30,
                 from /home/vimkim/gh/cb/CBRD-27398-pgbuf-inspector-contract/src/transaction/log_manager.h:35,
                 from /home/vimkim/gh/cb/CBRD-27398-pgbuf-inspector-contract/src/transaction/log_manager.c:47:
/usr/include/c++/11/ext/new_allocator.h: In function ‘int cdc_log_extract(THREAD_ENTRY*, LOG_LSA*, CDC_LOGINFO_ENTRY*)’:
/usr/include/c++/11/ext/new_allocator.h:127:48: note: returned from ‘void* operator new(std::size_t)’
  127 |         return static_cast<_Tp*>(::operator new(__n * sizeof(_Tp)));
      |                                  ~~~~~~~~~~~~~~^~~~~~~~~~~~~~~~~~~
[1314/1437] Building CXX object unit_tests/oos/CMakeFiles/test_byte_span_writer.dir/test_byte_span_writer.cpp.o
[1315/1437] Building CXX object cm_common/CMakeFiles/cmdep.dir/__/src/cm_common/cm_dep_tasks.c.o
[1316/1437] Building CXX object util/CMakeFiles/loadjava.dir/__/src/executables/loadjava.cpp.o
[1317/1437] Building CXX object unit_tests/oos/CMakeFiles/test_oos_remove_file.dir/test_oos_remove_file.cpp.o
[1318/1437] Building CXX object unit_tests/pgbuf_inspector/CMakeFiles/pgbuf_inspector_corpus_generator.dir/pgbuf_inspector_corpus_generator.cpp.o
[1319/1437] Building CXX object cubrid/CMakeFiles/cubrid.dir/__/src/storage/heap_file.c.o
[1320/1437] Building CXX object broker/CMakeFiles/cub_cas.dir/__/src/broker/cas_execute.c.o
[1321/1437] Building CXX object cubrid-cci/cci/CMakeFiles/cascci.dir/__/src/cci/cci_util.c.o
[1322/1437] Building CXX object unit_tests/pgbuf_inspector/CMakeFiles/pgbuf_inspector_corpus_generator.dir/corpus_support.cpp.o
[1323/1437] Building CXX object unit_tests/oos/sql/CMakeFiles/test_oos_sql_bigone.dir/test_oos_sql_bigone.cpp.o
[1324/1437] Linking CXX shared library cubrid-cci/cci/libcascci.so.11.2
[1325/1437] Creating library symlink cubrid-cci/cci/libcascci.so
[1326/1437] Linking CXX executable bin/cci_applier
[1327/1437] Building CXX object unit_tests/oos/sql/CMakeFiles/test_oos_sql_ddl.dir/test_oos_sql_ddl.cpp.o
[1328/1437] Building CXX object unit_tests/oos/sql/CMakeFiles/test_oos_sql_delete.dir/test_oos_sql_delete.cpp.o
[1329/1437] Building CXX object unit_tests/oos/CMakeFiles/test_oos_delete.dir/test_oos_delete.cpp.o
[1330/1437] Building CXX object unit_tests/oos/sql/CMakeFiles/test_oos_sql_boundary.dir/test_oos_sql_boundary.cpp.o
[1331/1437] Building CXX object unit_tests/oos/sql/CMakeFiles/test_oos_sql_txn.dir/test_oos_sql_txn.cpp.o
[1332/1437] Building CXX object unit_tests/oos/sql/CMakeFiles/test_oos_sql_visible_version.dir/test_oos_sql_visible_version.cpp.o
[1333/1437] Building CXX object unit_tests/oos/sql/CMakeFiles/test_oos_sql_crud.dir/test_oos_sql_crud.cpp.o
[1334/1437] Building CXX object unit_tests/pgbuf_inspector/CMakeFiles/pgbuf_inspector_corpus_generator.dir/__/__/src/storage/pgbuf_inspector_protocol.cpp.o
[1335/1437] Building CXX object unit_tests/oos/sql/CMakeFiles/test_oos_sql_update_delete.dir/test_oos_sql_update_delete.cpp.o
[1336/1437] Linking CXX executable bin/pgbuf_inspector_corpus_generator
[1337/1437] Building CXX object unit_tests/oos/sql/CMakeFiles/test_oos_sql_show.dir/test_oos_sql_show.cpp.o
[1338/1437] Building CXX object unit_tests/oos/CMakeFiles/test_oos_remove_file_server.dir/test_oos_remove_file_server.cpp.o
[1339/1437] Building CXX object unit_tests/oos/CMakeFiles/test_oos.dir/test_oos.cpp.o
[1340/1437] Building CXX object unit_tests/oos/sql/CMakeFiles/test_oos_sql_eager_cleanup.dir/test_oos_sql_eager_cleanup.cpp.o
[1341/1437] Building CXX object cubrid/CMakeFiles/cubrid.dir/__/src/storage/page_buffer.c.o
[1342/1437] Building CXX object unit_tests/oos/sql/CMakeFiles/test_oos_sql_storage.dir/test_oos_sql_storage.cpp.o
[1343/1437] Building CXX object unit_tests/oos/CMakeFiles/test_oos_delete_server.dir/test_oos_delete_server.cpp.o
[1344/1437] Building CXX object unit_tests/oos/CMakeFiles/test_oos_mock_vacuum_server.dir/test_oos_mock_vacuum_server.cpp.o
[1345/1437] Linking CXX shared library cs/libcubridcs.so.11.5
[1346/1437] Creating library symlink cs/libcubridcs.so
[1347/1437] Linking CXX executable bin/broker_log_converter
[1348/1437] Linking CXX static library broker/libcas_common_lib.a
[1349/1437] Linking CXX executable bin/broker_log_runner
[1350/1437] Linking CXX executable bin/cubrid_replay
[1351/1437] Linking CXX executable bin/cub_commdb
[1352/1437] Linking CXX shared library cm_common/libcmdep.so.11.5
[1353/1437] Linking CXX executable bin/broker_tester
[1354/1437] Linking CXX executable bin/cub_master
[1355/1437] Linking CXX executable bin/broker_monitor
[1356/1437] Creating library symlink cm_common/libcmdep.so
[1357/1437] Linking CXX executable bin/gateway_monitor
[1358/1437] Linking CXX executable bin/cubrid_broker
[1359/1437] Linking CXX executable bin/cubrid_gateway
[1360/1437] Linking CXX executable bin/cub_gateway
[1361/1437] Linking CXX executable bin/cub_broker
[1362/1437] Linking CXX executable bin/broker_log_top
[1363/1437] Linking CXX executable bin/broker_changer
[1364/1437] Linking CXX shared library broker/libbrokeradmin.so.11.5
[1365/1437] Linking CXX static library broker/libcas_cgw_lib.a
[1366/1437] Creating library symlink broker/libbrokeradmin.so
[1367/1437] Linking CXX executable bin/cub_proxy
[1368/1437] Linking CXX shared library cm_common/libcmstat.so.11.5
[1369/1437] Creating library symlink cm_common/libcmstat.so
[1370/1437] Linking CXX executable bin/cub_cas
[1371/1437] Linking CXX executable bin/cub_cas_cgw
[1372/1437] Building CXX object unit_tests/oos/CMakeFiles/test_oos_vacuum_server.dir/test_oos_vacuum_server.cpp.o
[1373/1437] Building CXX object unit_tests/oos/CMakeFiles/test_oos_real_vacuum_server.dir/test_oos_real_vacuum_server.cpp.o
[1374/1437] Linking CXX shared library sa/libcubridsa.so.11.5
[1375/1437] Building CXX object cubrid/CMakeFiles/cubrid.dir/__/src/optimizer/histogram/histogram_sampler_sr.cpp.o
[1376/1437] Creating library symlink sa/libcubridsa.so
[1377/1437] Linking CXX executable bin/csql
[1378/1437] Linking CXX executable bin/cub_admin
[1379/1437] Linking CXX executable bin/cub_sainfo
[1380/1437] Linking CXX executable bin/cubrid_rel
[1381/1437] Linking CXX executable bin/cub_jobsa
[1382/1437] Linking CXX executable bin/gen_timezone
[1383/1437] Linking CXX executable bin/cubrid
[1384/1437] Linking CXX executable bin/cub_pl
[1385/1437] Linking CXX executable bin/loadjava
[1386/1437] generating tzlib/timezones.c from /home/vimkim/gh/cb/CBRD-27398-pgbuf-inspector-contract/timezones/tzdata
Ruleset AN , total changes : 133 (1971 - 2038)
Ruleset AQ , total changes : 8 (1971 - 2038)
Ruleset AS , total changes : 133 (1971 - 2038)
Ruleset AT , total changes : 141 (1967 - 2038)
Ruleset AV , total changes : 133 (1971 - 2038)
Ruleset AW , total changes : 13 (1974 - 2038)
Ruleset Albania , total changes : 25 (1940 - 2038)
Ruleset Algeria , total changes : 26 (1916 - 2038)
Ruleset Arg , total changes : 63 (1930 - 2038)
DS ruleset: Aus, Year: 1917, Change on : Jan 
DS ruleset: Aus, Year: 1941, Change on : Jan 
DS ruleset: Aus, Year: 1942, Change on : Jan 
DS ruleset: Aus, Year: 1942, found 3 matching rules
Ruleset Aus , total changes : 9 (1917 - 2038)
Ruleset Austria , total changes : 10 (1920 - 2038)
Ruleset Azer , total changes : 38 (1997 - 2038)
Ruleset Bahamas , total changes : 24 (1964 - 2038)
Ruleset Barb , total changes : 8 (1977 - 2038)
Ruleset Belgium , total changes : 50 (1918 - 2038)
Ruleset Belize , total changes : 56 (1918 - 2038)
DS ruleset: Brazil, Year: 1965, found 3 matching rules
Ruleset Brazil , total changes : 133 (1931 - 2038)
Ruleset Bulg , total changes : 7 (1979 - 2038)
Ruleset C-Eur , total changes : 136 (1916 - 2038)
DS ruleset: CA, Year: 1948, Change on : Jan 
DS ruleset: CA, Year: 1949, Change on : Jan 
Ruleset CA , total changes : 37 (1948 - 2038)
Ruleset CO , total changes : 2 (1992 - 2038)
Ruleset CR , total changes : 9 (1979 - 2038)
Ruleset Canada , total changes : 133 (1918 - 2038)
Ruleset Chatham , total changes : 127 (1974 - 2038)
Ruleset Chicago , total changes : 94 (1920 - 2038)
Ruleset Chile , total changes : 147 (1927 - 2038)
Ruleset Cook , total changes : 26 (1978 - 2038)
Ruleset Cuba , total changes : 154 (1928 - 2038)
Ruleset Cyprus , total changes : 47 (1975 - 2038)
Ruleset Czech , total changes : 10 (1945 - 2038)
Ruleset DR , total changes : 14 (1966 - 2038)
Ruleset Denmark , total changes : 11 (1916 - 2038)
Ruleset Denver , total changes : 8 (1920 - 2038)
Ruleset Detroit , total changes : 4 (1948 - 2038)
Ruleset Dhaka , total changes : 3 (2009 - 2038)
Ruleset E-Eur , total changes : 122 (1977 - 2038)
Ruleset E-EurAsia , total changes : 116 (1979 - 2038)
Ruleset EU , total changes : 122 (1977 - 2038)
Ruleset EUAsia , total changes : 116 (1979 - 2038)
Ruleset Ecuador , total changes : 2 (1992 - 2038)
Ruleset Edm , total changes : 71 (1918 - 2038)
DS ruleset: Egypt, Year: 2010, found 4 matching rules
DS ruleset: Egypt, Year: 2014, found 4 matching rules
Ruleset Egypt , total changes : 126 (1940 - 2038)
Ruleset EgyptAsia , total changes : 21 (1957 - 2038)
DS ruleset: Falk, Year: 1942, Change on : Jan 
DS ruleset: Falk, Year: 1943, Change on : Jan 
Ruleset Falk , total changes : 68 (1937 - 2038)
Ruleset Fiji , total changes : 64 (1998 - 2038)
Ruleset Finland , total changes : 6 (1942 - 2038)
Ruleset France , total changes : 61 (1916 - 2038)
DS ruleset: GB-Eire, Year: 1945, found 3 matching rules
DS ruleset: GB-Eire, Year: 1947, found 4 matching rules
Ruleset GB-Eire , total changes : 156 (1916 - 2038)
DS ruleset: Germany, Year: 1947, found 4 matching rules
Ruleset Germany , total changes : 10 (1946 - 2038)
Ruleset Ghana , total changes : 47 (1920 - 2038)
Ruleset Greece , total changes : 20 (1932 - 2038)
Ruleset Guat , total changes : 8 (1973 - 2038)
DS ruleset: HK, Year: 1973, found 3 matching rules
Ruleset HK , total changes : 70 (1941 - 2038)
Ruleset Haiti , total changes : 84 (1983 - 2038)
Ruleset Halifax , total changes : 94 (1916 - 2038)
Ruleset Holiday , total changes : 4 (1992 - 2038)
Ruleset Hond , total changes : 6 (1987 - 2038)
Ruleset Hungary , total changes : 25 (1918 - 2038)
Ruleset Iceland , total changes : 66 (1917 - 2038)
Ruleset Indianapolis , total changes : 24 (1941 - 2038)
Ruleset Iran , total changes : 96 (1978 - 2038)
Ruleset Iraq , total changes : 52 (1982 - 2038)
Ruleset Italy , total changes : 52 (1916 - 2038)
Ruleset Japan , total changes : 8 (1948 - 2038)
Ruleset Jordan , total changes : 117 (1973 - 2038)
Ruleset Kyrgyz , total changes : 27 (1992 - 2038)
Ruleset LH , total changes : 113 (1981 - 2038)
Ruleset Latvia , total changes : 16 (1989 - 2038)
Ruleset Lebanon , total changes : 140 (1920 - 2038)
DS ruleset: Libya, Year: 1951, Change on : Jan 
DS ruleset: Libya, Year: 1952, Change on : Jan 
DS ruleset: Libya, Year: 1953, Change on : Jan 
DS ruleset: Libya, Year: 1954, Change on : Jan 
DS ruleset: Libya, Year: 1955, Change on : Jan 
DS ruleset: Libya, Year: 1956, Change on : Jan 
Ruleset Libya , total changes : 29 (1951 - 2038)
Ruleset Louisville , total changes : 36 (1921 - 2038)
Ruleset Lux , total changes : 27 (1916 - 2038)
Ruleset Macau , total changes : 40 (1961 - 2038)
Ruleset Malta , total changes : 16 (1973 - 2038)
Ruleset Marengo , total changes : 16 (1951 - 2038)
Ruleset Mauritius , total changes : 4 (1982 - 2038)
Ruleset Menominee , total changes : 4 (1946 - 2038)
Ruleset Mexico , total changes : 94 (1939 - 2038)
Ruleset Moldova , total changes : 82 (1997 - 2038)
Ruleset Moncton , total changes : 100 (1933 - 2038)
Ruleset Mongol , total changes : 48 (1983 - 2038)
DS ruleset: Morocco, Year: 2012, found 4 matching rules
DS ruleset: Morocco, Year: 2013, found 4 matching rules
DS ruleset: Morocco, Year: 2014, found 4 matching rules
DS ruleset: Morocco, Year: 2015, found 4 matching rules
DS ruleset: Morocco, Year: 2016, found 4 matching rules
DS ruleset: Morocco, Year: 2017, found 4 matching rules
DS ruleset: Morocco, Year: 2018, found 4 matching rules
DS ruleset: Morocco, Year: 2019, found 4 matching rules
DS ruleset: Morocco, Year: 2020, found 4 matching rules
DS ruleset: Morocco, Year: 2021, found 4 matching rules
DS ruleset: Morocco, Year: 2036, found 3 matching rules
DS ruleset: Morocco, Year: 2037, found 3 matching rules
Ruleset Morocco , total changes : 98 (1939 - 2038)
Ruleset NBorneo , total changes : 15 (1935 - 2038)
Ruleset NC , total changes : 8 (1977 - 2038)
Ruleset NT_YK , total changes : 63 (1918 - 2038)
Ruleset NYC , total changes : 94 (1920 - 2038)
DS ruleset: NZ, Year: 1945, Change on : Jan 
DS ruleset: NZ, Year: 1946, Change on : Jan 
Ruleset NZ , total changes : 156 (1927 - 2038)
Ruleset Namibia , total changes : 87 (1994 - 2038)
DS ruleset: Neth, Year: 1937, found 3 matching rules
Ruleset Neth , total changes : 51 (1916 - 2038)
Ruleset Nic , total changes : 8 (1979 - 2038)
Ruleset Norway , total changes : 18 (1916 - 2038)
Ruleset PRC , total changes : 12 (1986 - 2038)
Ruleset Pakistan , total changes : 6 (2002 - 2038)
DS ruleset: Palestine, Year: 2011, found 4 matching rules
Ruleset Palestine , total changes : 80 (1999 - 2038)
Ruleset Para , total changes : 126 (1975 - 2038)
Ruleset Perry , total changes : 24 (1946 - 2038)
DS ruleset: Peru, Year: 1938, Change on : Jan 
DS ruleset: Peru, Year: 1938, found 3 matching rules
DS ruleset: Peru, Year: 1985, Change on : Jan 
DS ruleset: Peru, Year: 1986, Change on : Jan 
DS ruleset: Peru, Year: 1987, Change on : Jan 
DS ruleset: Peru, Year: 1989, Change on : Jan 
DS ruleset: Peru, Year: 1990, Change on : Jan 
DS ruleset: Peru, Year: 1993, Change on : Jan 
DS ruleset: Peru, Year: 1994, Change on : Jan 
Ruleset Peru , total changes : 17 (1938 - 2038)
Ruleset Phil , total changes : 6 (1936 - 2038)
Ruleset Pike , total changes : 20 (1955 - 2038)
Ruleset Poland , total changes : 31 (1918 - 2038)
DS ruleset: Port, Year: 1942, found 4 matching rules
DS ruleset: Port, Year: 1943, found 4 matching rules
DS ruleset: Port, Year: 1944, found 4 matching rules
DS ruleset: Port, Year: 1945, found 4 matching rules
Ruleset Port , total changes : 109 (1916 - 2038)
Ruleset Pulaski , total changes : 30 (1946 - 2038)
Ruleset ROK , total changes : 24 (1948 - 2038)
Ruleset Regina , total changes : 51 (1918 - 2038)
Ruleset Romania , total changes : 26 (1932 - 2038)
DS ruleset: Russia, Year: 1919, found 3 matching rules
DS ruleset: Russia, Year: 1921, found 4 matching rules
Ruleset Russia , total changes : 72 (1917 - 2038)
Ruleset RussiaAsia , total changes : 62 (1981 - 2038)
Ruleset SA , total changes : 4 (1942 - 2038)
Ruleset Salv , total changes : 4 (1987 - 2038)
Ruleset SanLuis , total changes : 4 (2007 - 2038)
Ruleset Shang , total changes : 4 (1940 - 2038)
DS ruleset: SovietZone, Year: 1945, found 3 matching rules
Ruleset SovietZone , total changes : 3 (1945 - 2038)
DS ruleset: Spain, Year: 1938, found 3 matching rules
Ruleset Spain , total changes : 42 (1918 - 2038)
Ruleset SpainAfrica , total changes : 10 (1967 - 2038)
Ruleset StJohns , total changes : 179 (1917 - 2038)
Ruleset Starke , total changes : 30 (1947 - 2038)
Ruleset Sudan , total changes : 32 (1970 - 2038)
Ruleset Swift , total changes : 8 (1957 - 2038)
Ruleset Swiss , total changes : 4 (1941 - 2038)
Ruleset Syria , total changes : 150 (1920 - 2038)
Ruleset Taiwan , total changes : 38 (1946 - 2038)
Ruleset Thule , total changes : 94 (1991 - 2038)
Ruleset Tonga , total changes : 51 (1999 - 2038)
Ruleset Toronto , total changes : 100 (1919 - 2038)
Ruleset Troll , total changes : 67 (2004 - 2038)
DS ruleset: Tunisia, Year: 1943, found 4 matching rules
Ruleset Tunisia , total changes : 32 (1939 - 2038)
DS ruleset: Turkey, Year: 1940, found 3 matching rules
Ruleset Turkey , total changes : 108 (1916 - 2038)
Ruleset US , total changes : 150 (1918 - 2038)
DS ruleset: Uruguay, Year: 1941, Change on : Jan 
DS ruleset: Uruguay, Year: 1942, Change on : Jan 
Ruleset Uruguay , total changes : 93 (1923 - 2038)
Ruleset Vanc , total changes : 107 (1918 - 2038)
Ruleset Vanuatu , total changes : 21 (1983 - 2038)
Ruleset Vincennes , total changes : 24 (1946 - 2038)
Ruleset W-Eur , total changes : 122 (1977 - 2038)
Ruleset WS , total changes : 55 (2010 - 2038)
Ruleset Winn , total changes : 121 (1916 - 2038)
DS ruleset: Zion, Year: 1948, found 3 matching rules
Ruleset Zion , total changes : 141 (1940 - 2038)
Total DS changes: 7690; maximum changes in a ruleset :179

 COUNTRY MAX NAME LEN: 42
 DS RULES & RULESETS
   DS RULESET MAX NAME LEN: 12
   DS RULE MAX LETTER_ABBREV LEN: 5

 TIMEZONE
   MAX NAME LEN: 30   MAX comments LEN: 73   MAX coordinates LEN: 15
 TZ_NAMES (timezone names and aliases) MAX NAME LEN: 32
 TZ_RW_LINKS : 
   MAX NAME LEN: 30   MAX ALIAS LEN: 32
 TZ_RAW_OFFSET_RULES : 
   MAX rules LEN: 12   MAX format LEN: 5
[1387/1437] Linking CXX executable bin/test_oos_record_flags
[1388/1437] Linking CXX executable bin/test_byte_span_writer
[1389/1437] Linking CXX executable bin/test_oos_remove_file
[1390/1437] Linking CXX executable bin/test_oos_sql_bigone
[1391/1437] Linking CXX executable bin/test_oos_sql_ddl
[1392/1437] Linking CXX executable bin/test_oos_sql_boundary
[1393/1437] Linking CXX executable bin/test_oos_sql_show
[1394/1437] Linking CXX executable bin/test_oos_sql_crud
[1395/1437] Linking CXX executable bin/test_oos_sql_update_delete
[1396/1437] Linking CXX executable bin/test_oos_tde_gate
[1397/1437] Linking CXX executable bin/test_oos_delete
[1398/1437] Linking CXX executable bin/test_oos
[1399/1437] Linking CXX executable bin/test_oos_sql_visible_version
[1400/1437] Linking CXX executable bin/test_oos_sql_delete
[1401/1437] Linking CXX executable bin/test_oos_sql_txn
[1402/1437] Linking CXX executable bin/test_oos_sql_eager_cleanup
[1403/1437] Linking CXX executable bin/test_oos_sql_storage
[1404/1437] Building CXX object unit_tests/oos/CMakeFiles/test_oos_bestspace.dir/test_oos_bestspace.cpp.o
[1405/1437] Building C object timezones/CMakeFiles/cubrid_timezones.dir/tzlib/timezones.c.o
[1406/1437] Linking C shared library timezones/libcubrid_timezones.so.11.5
[1407/1437] Creating library symlink timezones/libcubrid_timezones.so
[1408/1437] Linking CXX executable bin/test_oos_bestspace
[1409/1437] Linking CXX shared library cubrid/libcubrid.so.11.5
[1410/1437] Creating library symlink cubrid/libcubrid.so
[1411/1437] Building CXX object unit_tests/oos/CMakeFiles/test_oos_server.dir/test_oos_server.cpp.o
[1412/1437] Linking CXX executable bin/cub_server
[1413/1437] Linking CXX executable bin/unittests_lf
[1414/1437] Linking CXX executable bin/unittests_bit
[1415/1437] Linking CXX executable bin/unittests_area
[1416/1437] Linking CXX executable bin/unittests_snapshot
[1417/1437] Linking CXX executable bin/test_oos_mock_vacuum_server
[1418/1437] Linking CXX executable bin/test_oos_vacuum_server
[1419/1437] Linking CXX executable bin/test_oos_remove_file_server
[1420/1437] Linking CXX executable bin/test_oos_delete_server
[1421/1437] Linking CXX executable bin/test_oos_real_vacuum_server
[1422/1437] Linking CXX executable bin/test_oos_server
[1423/1437] Performing download step (git clone) for 'catch2'
FAILED: unit_tests/catch2-prefix/src/catch2-stamp/catch2-download /home/vimkim/gh/cb/CBRD-27398-pgbuf-inspector-contract/build_preset_release_gcc/unit_tests/catch2-prefix/src/catch2-stamp/catch2-download 
cd /home/vimkim/gh/cb/CBRD-27398-pgbuf-inspector-contract/build_preset_release_gcc/unit_tests/catch2-prefix/src && /usr/bin/cmake -P /home/vimkim/gh/cb/CBRD-27398-pgbuf-inspector-contract/build_preset_release_gcc/unit_tests/catch2-prefix/tmp/catch2-gitclone.cmake && /usr/bin/cmake -E touch /home/vimkim/gh/cb/CBRD-27398-pgbuf-inspector-contract/build_preset_release_gcc/unit_tests/catch2-prefix/src/catch2-stamp/catch2-download
Cloning into 'catch2'...
ninja: build stopped: subcommand failed.
error: recipe `build` failed with exit code 1
