[0mdirenv: loading ~/gh/cb/CBRD-27398-pgbuf-inspector-contract/.envrc
Preset Mode: debug_gcc
Install Dir: /home/vimkim/.cub/install/CBRD-27398-pgbuf-inspector-contract/debug_gcc
DB Dir: /home/vimkim/.cub/db/CBRD-27398-pgbuf-inspector-contract/commondb
Build Dir: /home/vimkim/gh/cb/CBRD-27398-pgbuf-inspector-contract/build_preset_debug_gcc
[0mdirenv: loading ~/gh/cb/CBRD-27398-pgbuf-inspector-contract/.envrc
Preset Mode: debug_gcc
Install Dir: /home/vimkim/.cub/install/CBRD-27398-pgbuf-inspector-contract/debug_gcc
DB Dir: /home/vimkim/.cub/db/CBRD-27398-pgbuf-inspector-contract/commondb
Build Dir: /home/vimkim/gh/cb/CBRD-27398-pgbuf-inspector-contract/build_preset_debug_gcc
[0mdirenv: loading ~/gh/cb/CBRD-27398-pgbuf-inspector-contract/.envrc
Preset Mode: debug_gcc
Install Dir: /home/vimkim/.cub/install/CBRD-27398-pgbuf-inspector-contract/debug_gcc
DB Dir: /home/vimkim/.cub/db/CBRD-27398-pgbuf-inspector-contract/commondb
Build Dir: /home/vimkim/gh/cb/CBRD-27398-pgbuf-inspector-contract/build_preset_debug_gcc
Using JAVA_HOME JDK: /home/vimkim/.local/share/mise/installs/java/temurin-8.0.462+8
[0mdirenv: loading ~/gh/cb/CBRD-27398-pgbuf-inspector-contract/.envrc
Preset Mode: debug_gcc
Install Dir: /home/vimkim/.cub/install/CBRD-27398-pgbuf-inspector-contract/debug_gcc
DB Dir: /home/vimkim/.cub/db/CBRD-27398-pgbuf-inspector-contract/commondb
Build Dir: /home/vimkim/gh/cb/CBRD-27398-pgbuf-inspector-contract/build_preset_debug_gcc
Logging build output to: /home/vimkim/gh/cb/CBRD-27398-pgbuf-inspector-contract/build_preset_debug_gcc/build.log
[0mdirenv: loading ~/gh/cb/CBRD-27398-pgbuf-inspector-contract/.envrc
Preset Mode: debug_gcc
Install Dir: /home/vimkim/.cub/install/CBRD-27398-pgbuf-inspector-contract/debug_gcc
DB Dir: /home/vimkim/.cub/db/CBRD-27398-pgbuf-inspector-contract/commondb
Build Dir: /home/vimkim/gh/cb/CBRD-27398-pgbuf-inspector-contract/build_preset_debug_gcc
[1/1273] Running utility command for pl_install_jdk
[INFO] Install JDK 8
[2/1273] Building CXX object sa/CMakeFiles/cubridsa.dir/__/src/base/chartype.c.o
[3/1273] Building CXX object sa/CMakeFiles/cubridsa.dir/__/src/base/get_clock_freq.c.o
[4/1273] Building CXX object sa/CMakeFiles/cubridsa.dir/__/src/base/dtoa.c.o
[5/1273] Building CXX object sa/CMakeFiles/cubridsa.dir/__/src/base/process_util.c.o
[6/1273] Building CXX object sa/CMakeFiles/cubridsa.dir/__/src/base/mprec.c.o
[7/1273] Building CXX object sa/CMakeFiles/cubridsa.dir/__/src/base/bit.c.o
[8/1273] Building CXX object sa/CMakeFiles/cubridsa.dir/__/src/base/sha1.c.o
[9/1273] Building CXX object sa/CMakeFiles/cubridsa.dir/__/src/base/ini_parser.c.o
[10/1273] Building CXX object sa/CMakeFiles/cubridsa.dir/__/src/base/environment_variable.c.o
[11/1273] Building CXX object sa/CMakeFiles/cubridsa.dir/__/src/base/misc_string.c.o
[12/1273] Building CXX object sa/CMakeFiles/cubridsa.dir/__/src/base/porting.c.o
[13/1273] Building CXX object sa/CMakeFiles/cubridsa.dir/__/src/base/release_string.c.o
[14/1273] Building CXX object sa/CMakeFiles/cubridsa.dir/__/src/base/hide_password.cpp.o
[15/1273] Building CXX object sa/CMakeFiles/cubridsa.dir/__/src/base/message_catalog.c.o
[16/1273] Building CXX object sa/CMakeFiles/cubridsa.dir/__/src/base/cubrid_getopt_long.c.o
[17/1273] Building CXX object sa/CMakeFiles/cubridsa.dir/__/src/base/tsc_timer.c.o
[18/1273] Building CXX object sa/CMakeFiles/cubridsa.dir/__/src/base/xml_parser.c.o
[19/1273] Building CXX object sa/CMakeFiles/cubridsa.dir/__/src/base/variable_string.c.o
[20/1273] Building CXX object sa/CMakeFiles/cubridsa.dir/__/src/base/util_func.c.o
[21/1273] Building CXX object sa/CMakeFiles/cubridsa.dir/__/src/base/unicode_support.c.o
[22/1273] Building CXX object sa/CMakeFiles/cubridsa.dir/__/src/base/fixed_alloc.c.o
[23/1273] Building CXX object sa/CMakeFiles/cubridsa.dir/__/src/base/uca_support.c.o
[24/1273] Building CXX object sa/CMakeFiles/cubridsa.dir/__/src/base/printer.cpp.o
[25/1273] Building CXX object sa/CMakeFiles/cubridsa.dir/__/src/base/perf.cpp.o
[26/1273] Building CXX object sa/CMakeFiles/cubridsa.dir/__/src/base/memory_private_allocator.cpp.o
[27/1273] Building CXX object sa/CMakeFiles/cubridsa.dir/__/src/base/lockfree_bitmap.cpp.o
[28/1273] Building C object sa/CMakeFiles/cubridsa.dir/__/src/compat/dbtype_function.c.o
[29/1273] Building CXX object sa/CMakeFiles/cubridsa.dir/__/src/base/mem_block.cpp.o
[30/1273] Building CXX object sa/CMakeFiles/cubridsa.dir/__/src/base/base64.c.o
[31/1273] Building CXX object sa/CMakeFiles/cubridsa.dir/__/src/base/error_context.cpp.o
[32/1273] Building CXX object sa/CMakeFiles/cubridsa.dir/__/src/base/lock_free.c.o
[33/1273] Building CXX object sa/CMakeFiles/cubridsa.dir/__/src/compat/cnv.c.o
[34/1273] Building CXX object sa/CMakeFiles/cubridsa.dir/__/src/executables/extract_schema.cpp.o
[35/1273] Building CXX object sa/CMakeFiles/cubridsa.dir/__/src/base/stack_dump.c.o
[36/1273] Building CXX object sa/CMakeFiles/cubridsa.dir/__/src/base/pinnable_buffer.cpp.o
[37/1273] Building CXX object sa/CMakeFiles/cubridsa.dir/__/src/base/fileline_location.cpp.o
[38/1273] Building CXX object sa/CMakeFiles/cubridsa.dir/__/src/base/intl_support.c.o
[39/1273] Building CXX object sa/CMakeFiles/cubridsa.dir/__/src/base/filesys_temp.cpp.o
[40/1273] Building CXX object sa/CMakeFiles/cubridsa.dir/__/src/base/string_buffer.cpp.o
[41/1273] Building CXX object sa/CMakeFiles/cubridsa.dir/__/src/base/dynamic_load.c.o
[42/1273] Building CXX object sa/CMakeFiles/cubridsa.dir/__/src/base/encryption.c.o
[43/1273] Building CXX object sa/CMakeFiles/cubridsa.dir/__/src/xasl/xasl_unpack_info.cpp.o
[44/1273] Building CXX object sa/CMakeFiles/cubridsa.dir/__/src/base/resource_tracker.cpp.o
[45/1273] Building CXX object sa/CMakeFiles/cubridsa.dir/__/src/base/binaryheap.c.o
[46/1273] Building CXX object sa/CMakeFiles/cubridsa.dir/__/src/base/databases_file.c.o
[47/1273] Building CXX object sa/CMakeFiles/cubridsa.dir/__/src/base/packer.cpp.o
[48/1273] Building CXX object sa/CMakeFiles/cubridsa.dir/__/src/executables/csql_result.c.o
[49/1273] Building CXX object sa/CMakeFiles/cubridsa.dir/__/src/base/locale_helper.cpp.o
[50/1273] Building CXX object sa/CMakeFiles/cubridsa.dir/__/src/executables/file_hash.c.o
[51/1273] Building CXX object sa/CMakeFiles/cubridsa.dir/__/src/base/error_manager.c.o
[52/1273] Building CXX object sa/CMakeFiles/cubridsa.dir/__/src/executables/util_common.c.o
[53/1273] Building CXX object sa/CMakeFiles/cubridsa.dir/__/src/sp/pl_file.c.o
[54/1273] Building CXX object sa/CMakeFiles/cubridsa.dir/__/src/base/fault_injection.c.o
[55/1273] Building CXX object sa/CMakeFiles/cubridsa.dir/__/src/compat/db_json_allocator.cpp.o
[56/1273] Building CXX object sa/CMakeFiles/cubridsa.dir/__/src/base/perf_monitor_trackers.cpp.o
[57/1273] Building CXX object sa/CMakeFiles/cubridsa.dir/__/src/heaplayers/lea_heap.c.o
[58/1273] Building CXX object sa/CMakeFiles/cubridsa.dir/__/src/connection/connection_less.cpp.o
[59/1273] Building CXX object sa/CMakeFiles/cubridsa.dir/__/src/heaplayers/customheaps.cpp.o
[60/1273] Building CXX object sa/CMakeFiles/cubridsa.dir/__/src/base/locale_support.c.o
[61/1273] Building CXX object sa/CMakeFiles/cubridsa.dir/__/src/base/filesys_parser.cpp.o
[62/1273] Building CXX object sa/CMakeFiles/cubridsa.dir/__/src/connection/host_lookup.c.o
[63/1273] Building CXX object sa/CMakeFiles/cubridsa.dir/__/src/connection/connection_list_cl.cpp.o
[64/1273] Building CXX object cs/CMakeFiles/cubridcs.dir/__/src/compat/db_json_allocator.cpp.o
[65/1273] Building CXX object sa/CMakeFiles/cubridsa.dir/__/src/base/lockfree_hashmap.cpp.o
[66/1273] Building CXX object sa/CMakeFiles/cubridsa.dir/__/src/method/method_struct_parameter_info.cpp.o
[67/1273] Building CXX object sa/CMakeFiles/cubridsa.dir/__/src/connection/tcp.c.o
[68/1273] Building CXX object sa/CMakeFiles/cubridsa.dir/__/src/sp/pl_signature.cpp.o
[69/1273] Building CXX object sa/CMakeFiles/cubridsa.dir/__/src/connection/connection_globals.c.o
[70/1273] Building CXX object sa/CMakeFiles/cubridsa.dir/__/src/base/memory_hash.c.o
[71/1273] Building CXX object sa/CMakeFiles/cubridsa.dir/__/src/communication/network_histogram.cpp.o
[72/1273] Building CXX object sa/CMakeFiles/cubridsa.dir/__/src/base/area_alloc.c.o
[73/1273] Building CXX object sa/CMakeFiles/cubridsa.dir/__/src/sp/pl_comm.c.o
[74/1273] Building CXX object sa/CMakeFiles/cubridsa.dir/__/src/base/memory_alloc.c.o
[75/1273] Building CXX object sa/CMakeFiles/cubridsa.dir/__/src/executables/csql_support.c.o
[76/1273] Building CXX object sa/CMakeFiles/cubridsa.dir/__/src/compat/db_set.c.o
[77/1273] Building CXX object sa/CMakeFiles/cubridsa.dir/__/src/executables/csql_result_format.c.o
[78/1273] Building CXX object sa/CMakeFiles/cubridsa.dir/__/src/method/method_error.cpp.o
[79/1273] Building CXX object sa/CMakeFiles/cubridsa.dir/__/src/compat/db_macro.c.o
[80/1273] Building CXX object sa/CMakeFiles/cubridsa.dir/__/src/base/cgroup.cpp.o
[81/1273] Building CXX object sa/CMakeFiles/cubridsa.dir/__/src/method/method_struct_invoke.cpp.o
[82/1273] Building CXX object sa/CMakeFiles/cubridsa.dir/__/src/compat/db_elo.c.o
[83/1273] Building CXX object sa/CMakeFiles/cubridsa.dir/__/src/compat/db_old.c.o
[84/1273] Building CXX object sa/CMakeFiles/cubridsa.dir/__/src/compat/db_date.c.o
[85/1273] Building CXX object sa/CMakeFiles/cubridsa.dir/__/src/connection/connection_cl.cpp.o
[86/1273] Building CXX object sa/CMakeFiles/cubridsa.dir/__/src/compat/db_virt.c.o
[87/1273] Building CXX object sa/CMakeFiles/cubridsa.dir/__/src/compat/db_class.c.o
[88/1273] Building CXX object sa/CMakeFiles/cubridsa.dir/__/src/sp/pl_compile_handler.cpp.o
[89/1273] Building CXX object sa/CMakeFiles/cubridsa.dir/__/src/compat/db_obj.c.o
[90/1273] Building CXX object sa/CMakeFiles/cubridsa.dir/__/src/sp/pl_connection.cpp.o
[91/1273] Building CXX object sa/CMakeFiles/cubridsa.dir/__/src/base/resources.cpp.o
[92/1273] Building CXX object sa/CMakeFiles/cubridsa.dir/__/src/connection/connection_support.cpp.o
[93/1273] Building CXX object sa/CMakeFiles/cubridsa.dir/__/src/compat/db_info.c.o
[94/1273] Building CXX object sa/CMakeFiles/cubridsa.dir/__/src/base/ddl_log.c.o
[95/1273] Building CXX object sa/CMakeFiles/cubridsa.dir/__/src/communication/network_callback_sr.cpp.o
[96/1273] Building CXX object sa/CMakeFiles/cubridsa.dir/__/src/executables/csql_session.c.o
[97/1273] Building CXX object sa/CMakeFiles/cubridsa.dir/__/src/compat/db_temp.c.o
[98/1273] Building CXX object sa/CMakeFiles/cubridsa.dir/__/src/executables/compactdb_common.c.o
[99/1273] Building CXX object sa/CMakeFiles/cubridsa.dir/__/src/sp/pl_struct_compile.cpp.o
[100/1273] Building CXX object sa/CMakeFiles/cubridsa.dir/__/src/base/language_support.c.o
[101/1273] Building CXX object sa/CMakeFiles/cubridsa.dir/__/src/compat/db_method_static.cpp.o
[102/1273] Building CXX object sa/CMakeFiles/cubridsa.dir/__/src/sp/pl_sr.cpp.o
[103/1273] Building CXX object sa/CMakeFiles/cubridsa.dir/__/src/method/method_struct_oid_info.cpp.o
[104/1273] Building CXX object sa/CMakeFiles/cubridsa.dir/__/src/executables/unloaddb.c.o
[105/1273] Building CXX object sa/CMakeFiles/cubridsa.dir/__/src/executables/unload_object_file.c.o
[106/1273] Building CXX object cs/CMakeFiles/cubridcs.dir/__/src/compat/db_info.c.o
[107/1273] Building CXX object sa/CMakeFiles/cubridsa.dir/__/src/executables/unload_object.c.o
[108/1273] Building CXX object sa/CMakeFiles/cubridsa.dir/__/src/compat/db_query.c.o
[109/1273] Building CXX object sa/CMakeFiles/cubridsa.dir/__/src/communication/network_callback_cl.cpp.o
[110/1273] Building CXX object sa/CMakeFiles/cubridsa.dir/__/src/method/method_struct_query.cpp.o
[111/1273] Building CXX object sa/CMakeFiles/cubridsa.dir/__/src/compat/db_json_path.cpp.o
[112/1273] Building CXX object sa/CMakeFiles/cubridsa.dir/__/src/object/lob_locator.cpp.o
[113/1273] Building CXX object sa/CMakeFiles/cubridsa.dir/__/src/compat/db_value_printer.cpp.o
[114/1273] Building CXX object sa/CMakeFiles/cubridsa.dir/__/src/method/method_query_util.cpp.o
[115/1273] Building CXX object sa/CMakeFiles/cubridsa.dir/__/src/method/method_oid_handler.cpp.o
[116/1273] Building CXX object sa/CMakeFiles/cubridsa.dir/__/src/executables/compactdb.c.o
[117/1273] Building CXX object sa/CMakeFiles/cubridsa.dir/__/src/base/tz_compile.c.o
[118/1273] Building CXX object sa/CMakeFiles/cubridsa.dir/__/src/executables/csql.c.o
[119/1273] Building CXX object sa/CMakeFiles/cubridsa.dir/__/src/object/object_print_util.cpp.o
[120/1273] Building CXX object sa/CMakeFiles/cubridsa.dir/__/src/connection/client_support.cpp.o
[121/1273] Building CXX object sa/CMakeFiles/cubridsa.dir/__/src/object/identifier_store.cpp.o
[122/1273] Building CXX object sa/CMakeFiles/cubridsa.dir/__/src/object/quick_fit.c.o
[123/1273] Building CXX object sa/CMakeFiles/cubridsa.dir/__/src/executables/util_sa.c.o
[124/1273] Building CXX object sa/CMakeFiles/cubridsa.dir/__/src/executables/util_cs.c.o
[125/1273] Building CXX object sa/CMakeFiles/cubridsa.dir/__/src/base/perf_monitor.c.o
[126/1273] Building CXX object sa/CMakeFiles/cubridsa.dir/__/src/monitor/monitor_transaction.cpp.o
[127/1273] Building CXX object sa/CMakeFiles/cubridsa.dir/__/src/object/elo.c.o
[128/1273] Building CXX object sa/CMakeFiles/cubridsa.dir/__/src/parser/method_transform.c.o
[129/1273] Building CXX object sa/CMakeFiles/cubridsa.dir/__/src/base/object_representation_sr.c.o
[130/1273] Building CXX object sa/CMakeFiles/cubridsa.dir/__/src/compat/db_vdb.c.o
[131/1273] Building CXX object sa/CMakeFiles/cubridsa.dir/__/src/compat/db_admin.c.o
[132/1273] Building CXX object sa/CMakeFiles/cubridsa.dir/__/src/executables/unload_schema.c.o
[133/1273] Building CXX object sa/CMakeFiles/cubridsa.dir/__/src/base/system_parameter.c.o
[134/1273] Building CXX object sa/CMakeFiles/cubridsa.dir/__/src/method/method_struct_value.cpp.o
[135/1273] Building CXX object sa/CMakeFiles/cubridsa.dir/__/src/base/tz_support.c.o
[136/1273] Building CXX object sa/CMakeFiles/cubridsa.dir/__/src/sp/method_invoke_group.cpp.o
[137/1273] Building CXX object sa/CMakeFiles/cubridsa.dir/__/src/sp/pl_query_cursor.cpp.o
[138/1273] Building CXX object sa/CMakeFiles/cubridsa.dir/__/src/optimizer/query_bitset.c.o
[139/1273] Building CXX object sa/CMakeFiles/cubridsa.dir/__/src/object/schema_information_schema.cpp.o
[140/1273] Building CXX object sa/CMakeFiles/cubridsa.dir/__/src/sp/sp_code.cpp.o
[141/1273] Building CXX object sa/CMakeFiles/cubridsa.dir/__/src/object/schema_information_schema_definition.cpp.o
[142/1273] Building CXX object sa/CMakeFiles/cubridsa.dir/__/src/communication/network_interface_cl.c.o
[143/1273] Building CXX object sa/CMakeFiles/cubridsa.dir/__/src/query/parallel/px_query_execute/px_query_checker.cpp.o
[144/1273] Building CXX object sa/CMakeFiles/cubridsa.dir/__/src/sp/jsp_cl.cpp.o
[145/1273] Building CXX object sa/CMakeFiles/cubridsa.dir/__/src/method/method_scan.cpp.o
[146/1273] Building CXX object sa/CMakeFiles/cubridsa.dir/__/src/query/parallel/px_scan/px_scan_checker.cpp.o
[147/1273] Building CXX object sa/CMakeFiles/cubridsa.dir/__/src/object/transform.c.o
[148/1273] Building CXX object sa/CMakeFiles/cubridsa.dir/__/src/object/authenticate_password.cpp.o
[149/1273] Building CXX object sa/CMakeFiles/cubridsa.dir/__/src/sp/pl_execution_stack_context.cpp.o
[150/1273] Building CXX object sa/CMakeFiles/cubridsa.dir/__/src/method/method_query_handler.cpp.o
[151/1273] Building CXX object sa/CMakeFiles/cubridsa.dir/__/src/object/authenticate.c.o
[152/1273] Building CXX object sa/CMakeFiles/cubridsa.dir/__/src/object/authenticate_access_class.cpp.o
[153/1273] Building CXX object sa/CMakeFiles/cubridsa.dir/__/src/sp/pl_executor.cpp.o
[154/1273] Building CXX object sa/CMakeFiles/cubridsa.dir/__/src/object/authenticate_owner.cpp.o
[155/1273] Building CXX object sa/CMakeFiles/cubridsa.dir/__/src/object/authenticate_access_auth.cpp.o
[156/1273] Building CXX object sa/CMakeFiles/cubridsa.dir/__/src/object/authenticate_migration.cpp.o
[157/1273] Building CXX object sa/CMakeFiles/cubridsa.dir/__/src/object/schema_system_catalog.cpp.o
[158/1273] Building CXX object sa/CMakeFiles/cubridsa.dir/__/src/object/deduplicate_key.c.o
[159/1273] Building CXX object sa/CMakeFiles/cubridsa.dir/__/src/object/authenticate_cache.cpp.o
[160/1273] Building CXX object sa/CMakeFiles/cubridsa.dir/__/src/query/crypt_opfunc.c.o
[161/1273] Building CXX object sa/CMakeFiles/cubridsa.dir/__/src/object/authenticate_grant.cpp.o
[162/1273] Building CXX object sa/CMakeFiles/cubridsa.dir/__/src/object/object_printer.cpp.o
[163/1273] Building CXX object sa/CMakeFiles/cubridsa.dir/__/src/object/schema_system_catalog_install_query_spec.cpp.o
[164/1273] Building CXX object sa/CMakeFiles/cubridsa.dir/__/src/object/class_description.cpp.o
[165/1273] Building CXX object sa/CMakeFiles/cubridsa.dir/__/src/object/object_description.cpp.o
[166/1273] Building CXX object sa/CMakeFiles/cubridsa.dir/__/src/optimizer/rewriter/query_rewrite_auto_parameterize.c.o
[167/1273] Building CXX object sa/CMakeFiles/cubridsa.dir/__/src/sp/pl_session.cpp.o
[168/1273] Building CXX object sa/CMakeFiles/cubridsa.dir/__/src/object/object_representation.c.o
[169/1273] Building CXX object sa/CMakeFiles/cubridsa.dir/__/src/object/schema_system_catalog_definition.cpp.o
[170/1273] Building CXX object sa/CMakeFiles/cubridsa.dir/__/src/method/query_method.cpp.o
[171/1273] Building CXX object sa/CMakeFiles/cubridsa.dir/__/src/object/authenticate_context.cpp.o
[172/1273] Building CXX object sa/CMakeFiles/cubridsa.dir/__/src/optimizer/rewriter/query_rewrite_subquery.c.o
[173/1273] Building CXX object sa/CMakeFiles/cubridsa.dir/__/src/object/authenticate_access_user.cpp.o
[174/1273] Building CXX object sa/CMakeFiles/cubridsa.dir/__/src/compat/db_json.cpp.o
[175/1273] Building CXX object sa/CMakeFiles/cubridsa.dir/__/src/object/object_print.c.o
[176/1273] Building CXX object sa/CMakeFiles/cubridsa.dir/__/src/object/schema_information_schema_install_query_spec.cpp.o
[177/1273] Building CXX object sa/CMakeFiles/cubridsa.dir/__/src/method/method_callback.cpp.o
[178/1273] Building CXX object sa/CMakeFiles/cubridsa.dir/__/src/object/class_object.c.o
[179/1273] Building CXX object sa/CMakeFiles/cubridsa.dir/__/src/object/schema_information_schema_builder.cpp.o
[180/1273] Building CXX object sa/CMakeFiles/cubridsa.dir/__/src/object/object_template.c.o
[181/1273] Building CXX object sa/CMakeFiles/cubridsa.dir/__/src/object/schema_system_catalog_builder.cpp.o
[182/1273] Building CXX object sa/CMakeFiles/cubridsa.dir/__/src/optimizer/rewriter/query_rewrite_set.c.o
[183/1273] Building CXX object sa/CMakeFiles/cubridsa.dir/__/src/object/object_accessor.c.o
[184/1273] Building CXX object sa/CMakeFiles/cubridsa.dir/__/src/object/trigger_description.cpp.o
[185/1273] Building CXX object sa/CMakeFiles/cubridsa.dir/__/src/query/numeric_opfunc.c.o
[186/1273] Building CXX object sa/CMakeFiles/cubridsa.dir/__/src/optimizer/rewriter/query_rewrite.c.o
[187/1273] Building CXX object sa/CMakeFiles/cubridsa.dir/__/src/object/schema_class_truncator.cpp.o
[188/1273] Building CXX object sa/CMakeFiles/cubridsa.dir/__/src/optimizer/rewriter/query_rewrite_select.c.o
[189/1273] Building CXX object sa/CMakeFiles/cubridsa.dir/__/src/object/virtual_object.c.o
[190/1273] Building CXX object cs/CMakeFiles/cubridcs.dir/__/src/compat/db_json.cpp.o
[191/1273] Building CXX object sa/CMakeFiles/cubridsa.dir/__/src/object/set_object.c.o
[192/1273] Building CXX object sa/CMakeFiles/cubridsa.dir/__/src/object/schema_template.c.o
[193/1273] Building CXX object sa/CMakeFiles/cubridsa.dir/__/src/object/transform_cl.c.o
[194/1273] Building CXX object sa/CMakeFiles/cubridsa.dir/__/src/object/object_domain.c.o
[195/1273] Building CXX object sa/CMakeFiles/cubridsa.dir/__/src/object/object_primitive.c.o
[196/1273] Building CXX object sa/CMakeFiles/cubridsa.dir/__/src/optimizer/rewriter/query_rewrite_term.c.o
[197/1273] Building C object sa/CMakeFiles/cubridsa.dir/__/csql_lexer.c.o
[198/1273] Building CXX object sa/CMakeFiles/cubridsa.dir/__/src/object/work_space.c.o
[199/1273] Building CXX object sa/CMakeFiles/cubridsa.dir/__/src/object/schema_information_schema_install.cpp.o
[200/1273] Building CXX object sa/CMakeFiles/cubridsa.dir/__/src/query/cursor.c.o
[201/1273] Building CXX object sa/CMakeFiles/cubridsa.dir/__/src/object/trigger_manager.c.o
[202/1273] Building CXX object sa/CMakeFiles/cubridsa.dir/__/src/object/schema_manager.c.o
[203/1273] Building CXX object sa/CMakeFiles/cubridsa.dir/__/src/query/string_regex_re2.cpp.o
[204/1273] Building CXX object sa/CMakeFiles/cubridsa.dir/__/src/query/dblink_2pc.c.o
[205/1273] Building CXX object sa/CMakeFiles/cubridsa.dir/__/src/query/vacuum_oos.cpp.o
[206/1273] Building CXX object sa/CMakeFiles/cubridsa.dir/__/src/query/arithmetic.c.o
[207/1273] Building CXX object sa/CMakeFiles/cubridsa.dir/__/src/query/dblink_scan.c.o
[208/1273] Building CXX object sa/CMakeFiles/cubridsa.dir/__/src/thread/critical_section_tracker.cpp.o
[209/1273] Building CXX object sa/CMakeFiles/cubridsa.dir/__/src/query/string_regex.cpp.o
[210/1273] Building CXX object sa/CMakeFiles/cubridsa.dir/__/src/optimizer/plan_generation.c.o
[211/1273] Building CXX object sa/CMakeFiles/cubridsa.dir/__/src/sp/sp_catalog.cpp.o
[212/1273] Building CXX object sa/CMakeFiles/cubridsa.dir/__/src/object/schema_system_catalog_install.cpp.o
[213/1273] Building CXX object sa/CMakeFiles/cubridsa.dir/__/src/transaction/client_credentials.cpp.o
[214/1273] Building CXX object sa/CMakeFiles/cubridsa.dir/__/src/query/partition.c.o
[215/1273] Building CXX object sa/CMakeFiles/cubridsa.dir/__/src/query/regu_var.cpp.o
[216/1273] Building CXX object sa/CMakeFiles/cubridsa.dir/__/src/transaction/locator.c.o
[217/1273] Building CXX object sa/CMakeFiles/cubridsa.dir/__/src/optimizer/query_graph.c.o
[218/1273] Building CXX object sa/CMakeFiles/cubridsa.dir/__/src/query/query_cl.c.o
[219/1273] Building CXX object sa/CMakeFiles/cubridsa.dir/__/src/query/filter_pred_cache.c.o
[220/1273] Building CXX object sa/CMakeFiles/cubridsa.dir/__/src/query/fetch.c.o
[221/1273] Building CXX object sa/CMakeFiles/cubridsa.dir/__/src/query/query_reevaluation.cpp.o
[222/1273] Building CXX object sa/CMakeFiles/cubridsa.dir/__/src/query/query_hash_scan.c.o
[223/1273] Building CXX object sa/CMakeFiles/cubridsa.dir/__/src/parser/cnf.c.o
[224/1273] Building CXX object sa/CMakeFiles/cubridsa.dir/__/src/query/query_aggregate.cpp.o
[225/1273] Building CXX object sa/CMakeFiles/cubridsa.dir/__/src/query/list_file.c.o
[226/1273] Building CXX object sa/CMakeFiles/cubridsa.dir/__/src/thread/thread_entry_task.cpp.o
[227/1273] Building CXX object sa/CMakeFiles/cubridsa.dir/__/src/parser/double_byte_support.c.o
[228/1273] Building CXX object sa/CMakeFiles/cubridsa.dir/__/src/query/query_hash_join.c.o
[229/1273] Building CXX object sa/CMakeFiles/cubridsa.dir/__/src/optimizer/query_planner.c.o
[230/1273] Building CXX object sa/CMakeFiles/cubridsa.dir/__/src/query/query_dump.c.o
[231/1273] Building CXX object sa/CMakeFiles/cubridsa.dir/__/src/query/query_evaluator.c.o
[232/1273] Building CXX object sa/CMakeFiles/cubridsa.dir/__/src/parser/keyword.c.o
[233/1273] Building CXX object sa/CMakeFiles/cubridsa.dir/__/src/query/scan_json_table.cpp.o
[234/1273] Building CXX object sa/CMakeFiles/cubridsa.dir/__/src/query/query_analytic.cpp.o
[235/1273] Building CXX object sa/CMakeFiles/cubridsa.dir/__/src/query/set_scan.c.o
[236/1273] Building CXX object sa/CMakeFiles/cubridsa.dir/__/src/parser/parse_tree.c.o
[237/1273] Building CXX object sa/CMakeFiles/cubridsa.dir/__/src/transaction/log_comm.c.o
[238/1273] Building CXX object sa/CMakeFiles/cubridsa.dir/__/src/parser/parse_type.cpp.o
[239/1273] Building CXX object sa/CMakeFiles/cubridsa.dir/__/src/query/subquery_cache.c.o
[240/1273] Building CXX object sa/CMakeFiles/cubridsa.dir/__/src/storage/byte_order.c.o
[241/1273] Building CXX object sa/CMakeFiles/cubridsa.dir/__/src/query/show_scan.c.o
[242/1273] Building CXX object sa/CMakeFiles/cubridsa.dir/__/src/thread/thread_manager.cpp.o
[243/1273] Building CXX object sa/CMakeFiles/cubridsa.dir/__/src/query/query_manager.c.o
[244/1273] Building CXX object sa/CMakeFiles/cubridsa.dir/__/src/query/execute_schema.c.o
[245/1273] Building CXX object sa/CMakeFiles/cubridsa.dir/__/src/thread/thread_lockfree_hash_map.cpp.o
[246/1273] Building CXX object sa/CMakeFiles/cubridsa.dir/__/src/storage/es_owfs.c.o
[247/1273] Building CXX object sa/CMakeFiles/cubridsa.dir/__/src/parser/scanner_support.c.o
[248/1273] Building CXX object sa/CMakeFiles/cubridsa.dir/__/src/parser/compile.c.o
[249/1273] Building CXX object sa/CMakeFiles/cubridsa.dir/__/src/transaction/log_2pc.c.o
[250/1273] Building CXX object sa/CMakeFiles/cubridsa.dir/__/src/transaction/log_compress.c.o
[251/1273] Building CXX object sa/CMakeFiles/cubridsa.dir/__/src/transaction/log_global.c.o
[252/1273] Building CXX object sa/CMakeFiles/cubridsa.dir/__/src/query/stream_to_xasl.c.o
[253/1273] Building CXX object sa/CMakeFiles/cubridsa.dir/__/src/storage/es_posix.c.o
[254/1273] Building CXX object sa/CMakeFiles/cubridsa.dir/__/src/parser/parser_allocator.cpp.o
[255/1273] Building CXX object sa/CMakeFiles/cubridsa.dir/__/src/parser/show_meta.c.o
[256/1273] Building CXX object sa/CMakeFiles/cubridsa.dir/__/src/transaction/log_append.cpp.o
[257/1273] Building CXX object sa/CMakeFiles/cubridsa.dir/__/src/parser/func_type.cpp.o
[258/1273] Building CXX object sa/CMakeFiles/cubridsa.dir/__/src/parser/parse_evaluate.c.o
[259/1273] Building CXX object sa/CMakeFiles/cubridsa.dir/__/src/storage/es_common.c.o
[260/1273] Building CXX object sa/CMakeFiles/cubridsa.dir/__/src/transaction/flashback.c.o
[261/1273] Building CXX object sa/CMakeFiles/cubridsa.dir/__/src/query/memoize.cpp.o
[262/1273] Building CXX object sa/CMakeFiles/cubridsa.dir/__/src/storage/btree_unique.cpp.o
[263/1273] Building CXX object sa/CMakeFiles/cubridsa.dir/__/src/query/xasl_to_stream.c.o
[264/1273] Building CXX object sa/CMakeFiles/cubridsa.dir/__/src/transaction/log_postpone_cache.cpp.o
[265/1273] Building CXX object sa/CMakeFiles/cubridsa.dir/__/src/transaction/log_recovery_redo.cpp.o
[266/1273] Building CXX object sa/CMakeFiles/cubridsa.dir/__/src/storage/oid.c.o
[267/1273] Building CXX object sa/CMakeFiles/cubridsa.dir/__/src/query/scan_manager.c.o
[268/1273] Building CXX object sa/CMakeFiles/cubridsa.dir/__/src/query/serial.c.o
[269/1273] Building CXX object sa/CMakeFiles/cubridsa.dir/__/src/query/query_opfunc.c.o
[270/1273] Building CXX object sa/CMakeFiles/cubridsa.dir/__/src/parser/parse_dbi.c.o
[271/1273] Building CXX object sa/CMakeFiles/cubridsa.dir/__/src/query/execute_statement.c.o
[272/1273] Building CXX object sa/CMakeFiles/cubridsa.dir/__/src/transaction/log_system_tran.cpp.o
[273/1273] Building CXX object sa/CMakeFiles/cubridsa.dir/__/src/transaction/mvcc_active_tran.cpp.o
[274/1273] Building CXX object sa/CMakeFiles/cubridsa.dir/__/src/storage/statistics_ndv.c.o
[275/1273] Building CXX object sa/CMakeFiles/cubridsa.dir/__/src/transaction/mvcc_table.cpp.o
[276/1273] Building CXX object sa/CMakeFiles/cubridsa.dir/__/src/parser/xasl_regu_alloc.cpp.o
[277/1273] Building CXX object sa/CMakeFiles/cubridsa.dir/__/src/storage/oos_util.cpp.o
[278/1273] Building CXX object sa/CMakeFiles/cubridsa.dir/__/src/transaction/mvcc.c.o
[279/1273] Building CXX object sa/CMakeFiles/cubridsa.dir/__/src/parser/query_result.c.o
[280/1273] Building CXX object sa/CMakeFiles/cubridsa.dir/__/src/xasl/xasl_iteration.cpp.o
[281/1273] Building CXX object sa/CMakeFiles/cubridsa.dir/__/src/transaction/replication.c.o
[282/1273] Building CXX object sa/CMakeFiles/cubridsa.dir/__/src/query/string_regex_std.cpp.o
[283/1273] Building CXX object sa/CMakeFiles/cubridsa.dir/__/src/query/xasl_cache.c.o
[284/1273] Building CXX object sa/CMakeFiles/cubridsa.dir/__/src/storage/storage_common.c.o
[285/1273] Building CXX object sa/CMakeFiles/cubridsa.dir/__/src/parser/name_resolution.c.o
[286/1273] Building CXX object sa/CMakeFiles/cubridsa.dir/__/src/transaction/transaction_transient.cpp.o
[287/1273] Building CXX object sa/CMakeFiles/cubridsa.dir/__/src/transaction/boot_cl.c.o
[288/1273] Building CXX object sa/CMakeFiles/cubridsa.dir/__/src/query/vacuum.c.o
[289/1273] Running utility command for pl_build
> Task :pl_server:generateGrammarSource UP-TO-DATE
> Task :pl_server:compileJava UP-TO-DATE
> Task :pl_server:processResources UP-TO-DATE
> Task :pl_server:classes UP-TO-DATE
> Task :pl_server:jar
> Task :pl_server:startScripts UP-TO-DATE
> Task :pl_server:distTar
> Task :pl_server:distZip
> Task :pl_server:assemble
> Task :pl_server:check
> Task :pl_server:build

BUILD SUCCESSFUL in 13s
7 actionable tasks: 3 executed, 4 up-to-date
[290/1273] Building CXX object sa/CMakeFiles/cubridsa.dir/__/src/query/string_opfunc.c.o
[291/1273] Building CXX object sa/CMakeFiles/cubridsa.dir/__/src/thread/thread_entry.cpp.o
[292/1273] Building CXX object sa/CMakeFiles/cubridsa.dir/__/src/parser/view_transform.c.o
[293/1273] Building CXX object sa/CMakeFiles/cubridsa.dir/__/src/parser/parser_support.c.o
[294/1273] Building CXX object sa/CMakeFiles/cubridsa.dir/__/src/xasl/access_json_table.cpp.o
[295/1273] Building CXX object sa/CMakeFiles/cubridsa.dir/__/src/storage/overflow_file.c.o
[296/1273] Building CXX object sa/CMakeFiles/cubridsa.dir/__/src/storage/record_descriptor.cpp.o
[297/1273] Building CXX object sa/CMakeFiles/cubridsa.dir/__/src/transaction/boot_sr.c.o
[298/1273] Building CXX object sa/CMakeFiles/cubridsa.dir/__/src/transaction/log_recovery.c.o
[299/1273] Building CXX object sa/CMakeFiles/cubridsa.dir/__/src/transaction/locator_cl.c.o
[300/1273] Building CXX object sa/CMakeFiles/cubridsa.dir/__/src/storage/ftab_set.cpp.o
[301/1273] Building CXX object sa/CMakeFiles/cubridsa.dir/__/src/transaction/log_writer.c.o
[302/1273] Building CXX object cs/CMakeFiles/cubridcs.dir/__/src/executables/extract_schema.cpp.o
[303/1273] Building CXX object sa/CMakeFiles/cubridsa.dir/__/load_lexer.cpp.o
[304/1273] Building CXX object sa/CMakeFiles/cubridsa.dir/__/src/loaddb/load_semantic_helper.cpp.o
[305/1273] Building CXX object sa/CMakeFiles/cubridsa.dir/__/src/loaddb/load_common.cpp.o
[306/1273] Building CXX object sa/CMakeFiles/cubridsa.dir/__/src/optimizer/histogram/histogram_reader.cpp.o
[307/1273] Building CXX object sa/CMakeFiles/cubridsa.dir/__/src/transaction/lock_manager.c.o
[308/1273] Building CXX object sa/CMakeFiles/cubridsa.dir/__/src/loaddb/load_driver.cpp.o
[309/1273] Building CXX object sa/CMakeFiles/cubridsa.dir/__/src/parser/parse_tree_cl.c.o
[310/1273] Building CXX object cs/CMakeFiles/cubridcs.dir/__/src/executables/csql_result.c.o
[311/1273] Building CXX object sa/CMakeFiles/cubridsa.dir/__/src/transaction/transaction_cl.c.o
[312/1273] Building CXX object sa/CMakeFiles/cubridsa.dir/__/src/parser/semantic_check.c.o
[313/1273] Building CXX object sa/CMakeFiles/cubridsa.dir/__/src/loaddb/load_error_handler.cpp.o
[314/1273] Building CXX object cs/CMakeFiles/cubridcs.dir/__/src/executables/file_hash.c.o
[315/1273] Building CXX object sa/CMakeFiles/cubridsa.dir/__/src/query/query_executor.c.o
[316/1273] Building CXX object sa/CMakeFiles/cubridsa.dir/__/src/transaction/recovery.c.o
[317/1273] Building CXX object sa/CMakeFiles/cubridsa.dir/__/src/storage/es.c.o
[318/1273] Building CXX object sa/CMakeFiles/cubridsa.dir/__/src/storage/double_write_buffer.cpp.o
[319/1273] Building CXX object sa/CMakeFiles/cubridsa.dir/__/src/transaction/transaction_sr.c.o
[320/1273] Building C object sa/CMakeFiles/cubridsa.dir/__/csql_grammar.c.o
/home/vimkim/gh/cb/CBRD-27398-pgbuf-inspector-contract/build_preset_debug_gcc/csql_grammar.c: In function ‘yyuserAction’:
/home/vimkim/gh/cb/CBRD-27398-pgbuf-inspector-contract/build_preset_debug_gcc/csql_grammar.c:41962:80: warning: implicit conversion from ‘enum pt_currency_types’ to ‘DB_CURRENCY’ [-Wenum-conversion]
41962 |                             pt_value_set_monetary (this_parser, val, str, txt, PT_CURRENCY_YEN);
      |                                                                                ^~~~~~~~~~~~~~~
/home/vimkim/gh/cb/CBRD-27398-pgbuf-inspector-contract/build_preset_debug_gcc/csql_grammar.c:41982:80: warning: implicit conversion from ‘enum pt_currency_types’ to ‘DB_CURRENCY’ [-Wenum-conversion]
41982 |                             pt_value_set_monetary (this_parser, val, str, txt, PT_CURRENCY_DOLLAR);
      |                                                                                ^~~~~~~~~~~~~~~~~~
/home/vimkim/gh/cb/CBRD-27398-pgbuf-inspector-contract/build_preset_debug_gcc/csql_grammar.c:42002:80: warning: implicit conversion from ‘enum pt_currency_types’ to ‘DB_CURRENCY’ [-Wenum-conversion]
42002 |                             pt_value_set_monetary (this_parser, val, str, txt, PT_CURRENCY_WON);
      |                                                                                ^~~~~~~~~~~~~~~
/home/vimkim/gh/cb/CBRD-27398-pgbuf-inspector-contract/build_preset_debug_gcc/csql_grammar.c:42022:80: warning: implicit conversion from ‘enum pt_currency_types’ to ‘DB_CURRENCY’ [-Wenum-conversion]
42022 |                             pt_value_set_monetary (this_parser, val, str, txt, PT_CURRENCY_TL);
      |                                                                                ^~~~~~~~~~~~~~
/home/vimkim/gh/cb/CBRD-27398-pgbuf-inspector-contract/build_preset_debug_gcc/csql_grammar.c:42042:80: warning: implicit conversion from ‘enum pt_currency_types’ to ‘DB_CURRENCY’ [-Wenum-conversion]
42042 |                             pt_value_set_monetary (this_parser, val, str, txt, PT_CURRENCY_BRITISH_POUND);
      |                                                                                ^~~~~~~~~~~~~~~~~~~~~~~~~
/home/vimkim/gh/cb/CBRD-27398-pgbuf-inspector-contract/build_preset_debug_gcc/csql_grammar.c:42061:80: warning: implicit conversion from ‘enum pt_currency_types’ to ‘DB_CURRENCY’ [-Wenum-conversion]
42061 |                             pt_value_set_monetary (this_parser, val, str, txt, PT_CURRENCY_CAMBODIAN_RIEL);
      |                                                                                ^~~~~~~~~~~~~~~~~~~~~~~~~~
/home/vimkim/gh/cb/CBRD-27398-pgbuf-inspector-contract/build_preset_debug_gcc/csql_grammar.c:42080:80: warning: implicit conversion from ‘enum pt_currency_types’ to ‘DB_CURRENCY’ [-Wenum-conversion]
42080 |                             pt_value_set_monetary (this_parser, val, str, txt, PT_CURRENCY_CHINESE_RENMINBI);
      |                                                                                ^~~~~~~~~~~~~~~~~~~~~~~~~~~~
/home/vimkim/gh/cb/CBRD-27398-pgbuf-inspector-contract/build_preset_debug_gcc/csql_grammar.c:42099:80: warning: implicit conversion from ‘enum pt_currency_types’ to ‘DB_CURRENCY’ [-Wenum-conversion]
42099 |                             pt_value_set_monetary (this_parser, val, str, txt, PT_CURRENCY_INDIAN_RUPEE);
      |                                                                                ^~~~~~~~~~~~~~~~~~~~~~~~
/home/vimkim/gh/cb/CBRD-27398-pgbuf-inspector-contract/build_preset_debug_gcc/csql_grammar.c:42118:80: warning: implicit conversion from ‘enum pt_currency_types’ to ‘DB_CURRENCY’ [-Wenum-conversion]
42118 |                             pt_value_set_monetary (this_parser, val, str, txt, PT_CURRENCY_RUSSIAN_RUBLE);
      |                                                                                ^~~~~~~~~~~~~~~~~~~~~~~~~
/home/vimkim/gh/cb/CBRD-27398-pgbuf-inspector-contract/build_preset_debug_gcc/csql_grammar.c:42137:80: warning: implicit conversion from ‘enum pt_currency_types’ to ‘DB_CURRENCY’ [-Wenum-conversion]
42137 |                             pt_value_set_monetary (this_parser, val, str, txt, PT_CURRENCY_AUSTRALIAN_DOLLAR);
      |                                                                                ^~~~~~~~~~~~~~~~~~~~~~~~~~~~~
/home/vimkim/gh/cb/CBRD-27398-pgbuf-inspector-contract/build_preset_debug_gcc/csql_grammar.c:42156:80: warning: implicit conversion from ‘enum pt_currency_types’ to ‘DB_CURRENCY’ [-Wenum-conversion]
42156 |                             pt_value_set_monetary (this_parser, val, str, txt, PT_CURRENCY_CANADIAN_DOLLAR);
      |                                                                                ^~~~~~~~~~~~~~~~~~~~~~~~~~~
/home/vimkim/gh/cb/CBRD-27398-pgbuf-inspector-contract/build_preset_debug_gcc/csql_grammar.c:42175:80: warning: implicit conversion from ‘enum pt_currency_types’ to ‘DB_CURRENCY’ [-Wenum-conversion]
42175 |                             pt_value_set_monetary (this_parser, val, str, txt, PT_CURRENCY_BRASILIAN_REAL);
      |                                                                                ^~~~~~~~~~~~~~~~~~~~~~~~~~
/home/vimkim/gh/cb/CBRD-27398-pgbuf-inspector-contract/build_preset_debug_gcc/csql_grammar.c:42194:80: warning: implicit conversion from ‘enum pt_currency_types’ to ‘DB_CURRENCY’ [-Wenum-conversion]
42194 |                             pt_value_set_monetary (this_parser, val, str, txt, PT_CURRENCY_ROMANIAN_LEU);
      |                                                                                ^~~~~~~~~~~~~~~~~~~~~~~~
/home/vimkim/gh/cb/CBRD-27398-pgbuf-inspector-contract/build_preset_debug_gcc/csql_grammar.c:42213:80: warning: implicit conversion from ‘enum pt_currency_types’ to ‘DB_CURRENCY’ [-Wenum-conversion]
42213 |                             pt_value_set_monetary (this_parser, val, str, txt, PT_CURRENCY_EURO);
      |                                                                                ^~~~~~~~~~~~~~~~
/home/vimkim/gh/cb/CBRD-27398-pgbuf-inspector-contract/build_preset_debug_gcc/csql_grammar.c:42232:80: warning: implicit conversion from ‘enum pt_currency_types’ to ‘DB_CURRENCY’ [-Wenum-conversion]
42232 |                             pt_value_set_monetary (this_parser, val, str, txt, PT_CURRENCY_SWISS_FRANC);
      |                                                                                ^~~~~~~~~~~~~~~~~~~~~~~
/home/vimkim/gh/cb/CBRD-27398-pgbuf-inspector-contract/build_preset_debug_gcc/csql_grammar.c:42251:80: warning: implicit conversion from ‘enum pt_currency_types’ to ‘DB_CURRENCY’ [-Wenum-conversion]
42251 |                             pt_value_set_monetary (this_parser, val, str, txt, PT_CURRENCY_DANISH_KRONE);
      |                                                                                ^~~~~~~~~~~~~~~~~~~~~~~~
/home/vimkim/gh/cb/CBRD-27398-pgbuf-inspector-contract/build_preset_debug_gcc/csql_grammar.c:42270:80: warning: implicit conversion from ‘enum pt_currency_types’ to ‘DB_CURRENCY’ [-Wenum-conversion]
42270 |                             pt_value_set_monetary (this_parser, val, str, txt, PT_CURRENCY_NORWEGIAN_KRONE);
      |                                                                                ^~~~~~~~~~~~~~~~~~~~~~~~~~~
/home/vimkim/gh/cb/CBRD-27398-pgbuf-inspector-contract/build_preset_debug_gcc/csql_grammar.c:42289:80: warning: implicit conversion from ‘enum pt_currency_types’ to ‘DB_CURRENCY’ [-Wenum-conversion]
42289 |                             pt_value_set_monetary (this_parser, val, str, txt, PT_CURRENCY_BULGARIAN_LEV);
      |                                                                                ^~~~~~~~~~~~~~~~~~~~~~~~~
/home/vimkim/gh/cb/CBRD-27398-pgbuf-inspector-contract/build_preset_debug_gcc/csql_grammar.c:42308:80: warning: implicit conversion from ‘enum pt_currency_types’ to ‘DB_CURRENCY’ [-Wenum-conversion]
42308 |                             pt_value_set_monetary (this_parser, val, str, txt, PT_CURRENCY_VIETNAMESE_DONG);
      |                                                                                ^~~~~~~~~~~~~~~~~~~~~~~~~~~
/home/vimkim/gh/cb/CBRD-27398-pgbuf-inspector-contract/build_preset_debug_gcc/csql_grammar.c:42327:80: warning: implicit conversion from ‘enum pt_currency_types’ to ‘DB_CURRENCY’ [-Wenum-conversion]
42327 |                             pt_value_set_monetary (this_parser, val, str, txt, PT_CURRENCY_CZECH_KORUNA);
      |                                                                                ^~~~~~~~~~~~~~~~~~~~~~~~
/home/vimkim/gh/cb/CBRD-27398-pgbuf-inspector-contract/build_preset_debug_gcc/csql_grammar.c:42346:80: warning: implicit conversion from ‘enum pt_currency_types’ to ‘DB_CURRENCY’ [-Wenum-conversion]
42346 |                             pt_value_set_monetary (this_parser, val, str, txt, PT_CURRENCY_POLISH_ZLOTY);
      |                                                                                ^~~~~~~~~~~~~~~~~~~~~~~~
/home/vimkim/gh/cb/CBRD-27398-pgbuf-inspector-contract/build_preset_debug_gcc/csql_grammar.c:42365:80: warning: implicit conversion from ‘enum pt_currency_types’ to ‘DB_CURRENCY’ [-Wenum-conversion]
42365 |                             pt_value_set_monetary (this_parser, val, str, txt, PT_CURRENCY_SWEDISH_KRONA);
      |                                                                                ^~~~~~~~~~~~~~~~~~~~~~~~~
/home/vimkim/gh/cb/CBRD-27398-pgbuf-inspector-contract/build_preset_debug_gcc/csql_grammar.c:42384:80: warning: implicit conversion from ‘enum pt_currency_types’ to ‘DB_CURRENCY’ [-Wenum-conversion]
42384 |                             pt_value_set_monetary (this_parser, val, str, txt, PT_CURRENCY_CROATIAN_KUNA);
      |                                                                                ^~~~~~~~~~~~~~~~~~~~~~~~~
/home/vimkim/gh/cb/CBRD-27398-pgbuf-inspector-contract/build_preset_debug_gcc/csql_grammar.c:42403:80: warning: implicit conversion from ‘enum pt_currency_types’ to ‘DB_CURRENCY’ [-Wenum-conversion]
42403 |                             pt_value_set_monetary (this_parser, val, str, txt, PT_CURRENCY_SERBIAN_DINAR);
      |                                                                                ^~~~~~~~~~~~~~~~~~~~~~~~~
/home/vimkim/gh/cb/CBRD-27398-pgbuf-inspector-contract/build_preset_debug_gcc/csql_grammar.c: In function ‘pt_value_set_monetary’:
/home/vimkim/gh/cb/CBRD-27398-pgbuf-inspector-contract/build_preset_debug_gcc/csql_grammar.c:48415:42: warning: implicit conversion from ‘DB_CURRENCY’ to ‘PT_CURRENCY’ {aka ‘enum pt_currency_types’} [-Wenum-conversion]
48415 |   node->info.value.data_value.money.type = type;
      |                                          ^
[321/1273] Building CXX object sa/CMakeFiles/cubridsa.dir/__/src/optimizer/histogram/histogram_builder.cpp.o
[322/1273] Building CXX object sa/CMakeFiles/cubridsa.dir/__/load_grammar.cpp.o
[323/1273] Building CXX object cs/CMakeFiles/cubridcs.dir/__/src/base/chartype.c.o
[324/1273] Building CXX object cs/CMakeFiles/cubridcs.dir/__/src/base/dtoa.c.o
[325/1273] Building CXX object cs/CMakeFiles/cubridcs.dir/__/src/base/environment_variable.c.o
[326/1273] Building CXX object cs/CMakeFiles/cubridcs.dir/__/src/executables/util_common.c.o
[327/1273] Building CXX object cs/CMakeFiles/cubridcs.dir/__/src/compat/cnv.c.o
[328/1273] Building CXX object sa/CMakeFiles/cubridsa.dir/__/src/storage/compactdb_sr.c.o
[329/1273] Building CXX object cs/CMakeFiles/cubridcs.dir/__/src/base/fault_injection.c.o
[330/1273] Building CXX object cs/CMakeFiles/cubridcs.dir/__/src/base/cubrid_getopt_long.c.o
[331/1273] Building CXX object sa/CMakeFiles/cubridsa.dir/__/src/transaction/log_page_buffer.c.o
[332/1273] Building CXX object sa/CMakeFiles/cubridsa.dir/__/src/transaction/locator_sr.c.o
[333/1273] Building CXX object cs/CMakeFiles/cubridcs.dir/__/src/base/ini_parser.c.o
[334/1273] Building CXX object cs/CMakeFiles/cubridcs.dir/__/src/base/encryption.c.o
[335/1273] Building CXX object sa/CMakeFiles/cubridsa.dir/__/src/xasl/xasl_predicate.cpp.o
[336/1273] Building CXX object sa/CMakeFiles/cubridsa.dir/__/src/xasl/xasl_analytic.cpp.o
[337/1273] Building CXX object sa/CMakeFiles/cubridsa.dir/__/src/transaction/log_tran_table.c.o
[338/1273] Building CXX object sa/CMakeFiles/cubridsa.dir/__/src/storage/disk_manager.c.o
[339/1273] Building CXX object cs/CMakeFiles/cubridcs.dir/__/src/base/base64.c.o
[340/1273] Building CXX object cs/CMakeFiles/cubridcs.dir/__/src/base/fixed_alloc.c.o
[341/1273] Building CXX object sa/CMakeFiles/cubridsa.dir/__/src/storage/statistics_cl.c.o
[342/1273] Building CXX object cs/CMakeFiles/cubridcs.dir/__/src/base/fileline_location.cpp.o
[343/1273] Building CXX object sa/CMakeFiles/cubridsa.dir/__/src/session/session_sr.c.o
[344/1273] Building CXX object sa/CMakeFiles/cubridsa.dir/__/src/storage/heap_oos.cpp.o
[345/1273] Building CXX object sa/CMakeFiles/cubridsa.dir/__/src/storage/extendible_hash.c.o
[346/1273] Building C object cs/CMakeFiles/cubridcs.dir/__/src/compat/dbtype_function.c.o
[347/1273] Building CXX object sa/CMakeFiles/cubridsa.dir/__/src/loaddb/load_object_table.c.o
[348/1273] Building CXX object cs/CMakeFiles/cubridcs.dir/__/src/base/locale_support.c.o
[349/1273] Building CXX object cs/CMakeFiles/cubridcs.dir/__/src/base/error_context.cpp.o
[350/1273] Building CXX object sa/CMakeFiles/cubridsa.dir/__/src/storage/bestspace.cpp.o
[351/1273] Building CXX object sa/CMakeFiles/cubridsa.dir/__/src/storage/catalog_class.c.o
[352/1273] Building CXX object sa/CMakeFiles/cubridsa.dir/__/src/storage/slotted_page.c.o
[353/1273] Building CXX object cs/CMakeFiles/cubridcs.dir/__/src/base/databases_file.c.o
[354/1273] Building CXX object cs/CMakeFiles/cubridcs.dir/__/src/base/misc_string.c.o
[355/1273] Building CXX object sa/CMakeFiles/cubridsa.dir/__/src/storage/external_sort.c.o
[356/1273] Building CXX object cs/CMakeFiles/cubridcs.dir/__/src/base/mprec.c.o
[357/1273] Building CXX object sa/CMakeFiles/cubridsa.dir/__/src/storage/tde.c.o
[358/1273] Building CXX object sa/CMakeFiles/cubridsa.dir/__/src/transaction/log_manager.c.o
[359/1273] Building CXX object cs/CMakeFiles/cubridcs.dir/__/src/base/get_clock_freq.c.o
[360/1273] Building CXX object cs/CMakeFiles/cubridcs.dir/__/src/base/message_catalog.c.o
[361/1273] Building CXX object cs/CMakeFiles/cubridcs.dir/__/src/base/lockfree_bitmap.cpp.o
[362/1273] Building CXX object cs/CMakeFiles/cubridcs.dir/__/src/base/intl_support.c.o
[363/1273] Building CXX object cs/CMakeFiles/cubridcs.dir/__/src/base/process_util.c.o
[364/1273] Building CXX object cs/CMakeFiles/cubridcs.dir/__/src/base/filesys_temp.cpp.o
[365/1273] Building CXX object cs/CMakeFiles/cubridcs.dir/__/src/base/hide_password.cpp.o
[366/1273] Building CXX object sa/CMakeFiles/cubridsa.dir/__/src/xasl/xasl_stream.cpp.o
[367/1273] Building CXX object cs/CMakeFiles/cubridcs.dir/__/src/base/porting.c.o
[368/1273] Building CXX object cs/CMakeFiles/cubridcs.dir/__/src/base/sha1.c.o
[369/1273] Building CXX object cs/CMakeFiles/cubridcs.dir/__/src/base/release_string.c.o
[370/1273] Building CXX object sa/CMakeFiles/cubridsa.dir/__/src/storage/statistics_sr.c.o
[371/1273] Building CXX object sa/CMakeFiles/cubridsa.dir/__/src/storage/oos_file.cpp.o
[372/1273] Building CXX object cs/CMakeFiles/cubridcs.dir/__/src/base/tsc_timer.c.o
[373/1273] Building CXX object cs/CMakeFiles/cubridcs.dir/__/src/base/locale_helper.cpp.o
[374/1273] Building CXX object sa/CMakeFiles/cubridsa.dir/__/src/parser/xasl_generation.c.o
[375/1273] Building CXX object cs/CMakeFiles/cubridcs.dir/__/src/base/error_manager.c.o
[376/1273] Building CXX object sa/CMakeFiles/cubridsa.dir/__/src/parser/type_checking.c.o
[377/1273] Building CXX object sa/CMakeFiles/cubridsa.dir/__/src/storage/btree_load.c.o
[378/1273] Building CXX object cs/CMakeFiles/cubridcs.dir/__/src/base/variable_string.c.o
[379/1273] Building CXX object cs/CMakeFiles/cubridcs.dir/__/src/base/memory_private_allocator.cpp.o
[380/1273] Building CXX object cs/CMakeFiles/cubridcs.dir/__/src/executables/csql_result_format.c.o
[381/1273] Building CXX object cs/CMakeFiles/cubridcs.dir/__/src/base/uca_support.c.o
[382/1273] Building CXX object cs/CMakeFiles/cubridcs.dir/__/src/base/mem_block.cpp.o
[383/1273] Building CXX object cs/CMakeFiles/cubridcs.dir/__/src/base/perf.cpp.o
[384/1273] Building CXX object cs/CMakeFiles/cubridcs.dir/__/src/executables/unload_object_file.c.o
[385/1273] Building CXX object cs/CMakeFiles/cubridcs.dir/__/src/executables/csql_support.c.o
[386/1273] Building CXX object cs/CMakeFiles/cubridcs.dir/__/src/base/unicode_support.c.o
[387/1273] Building CXX object cs/CMakeFiles/cubridcs.dir/__/src/executables/csql_session.c.o
[388/1273] Building CXX object cs/CMakeFiles/cubridcs.dir/__/src/executables/compactdb_common.c.o
[389/1273] Building CXX object cs/CMakeFiles/cubridcs.dir/__/src/base/printer.cpp.o
[390/1273] Building CXX object sa/CMakeFiles/cubridsa.dir/__/src/session/session.c.o
[391/1273] Building CXX object cs/CMakeFiles/cubridcs.dir/__/src/compat/db_method_static.cpp.o
[392/1273] Building CXX object cs/CMakeFiles/cubridcs.dir/__/src/base/xml_parser.c.o
[393/1273] Building CXX object sa/CMakeFiles/cubridsa.dir/__/src/loaddb/load_object.c.o
[394/1273] Building CXX object cs/CMakeFiles/cubridcs.dir/__/src/executables/csql.c.o
[395/1273] Building CXX object cs/CMakeFiles/cubridcs.dir/__/src/executables/unloaddb.c.o
[396/1273] Building CXX object cs/CMakeFiles/cubridcs.dir/__/src/base/util_func.c.o
[397/1273] Building CXX object cs/CMakeFiles/cubridcs.dir/__/src/base/resource_tracker.cpp.o
[398/1273] Building CXX object cs/CMakeFiles/cubridcs.dir/__/src/compat/db_macro.c.o
[399/1273] Building CXX object cs/CMakeFiles/cubridcs.dir/__/src/base/string_buffer.cpp.o
[400/1273] Building CXX object sa/CMakeFiles/cubridsa.dir/__/src/storage/file_io.c.o
[401/1273] Building CXX object cs/CMakeFiles/cubridcs.dir/__/src/base/pinnable_buffer.cpp.o
[402/1273] Building CXX object cs/CMakeFiles/cubridcs.dir/__/src/compat/db_elo.c.o
[403/1273] Building CXX object cs/CMakeFiles/cubridcs.dir/__/src/base/stack_dump.c.o
[404/1273] Building CXX object cs/CMakeFiles/cubridcs.dir/__/src/base/packer.cpp.o
[405/1273] Building CXX object sa/CMakeFiles/cubridsa.dir/__/src/loaddb/load_db.c.o
[406/1273] Building CXX object cs/CMakeFiles/cubridcs.dir/__/src/executables/compactdb_cl.c.o
[407/1273] Building CXX object cs/CMakeFiles/cubridcs.dir/__/src/compat/db_class.c.o
[408/1273] Building CXX object sa/CMakeFiles/cubridsa.dir/__/src/storage/page_buffer.c.o
[409/1273] Building CXX object cs/CMakeFiles/cubridcs.dir/__/src/communication/network_common.cpp.o
[410/1273] Building CXX object cs/CMakeFiles/cubridcs.dir/__/src/heaplayers/lea_heap.c.o
[411/1273] Building CXX object sa/CMakeFiles/cubridsa.dir/__/src/storage/file_manager.c.o
[412/1273] Building CXX object cs/CMakeFiles/cubridcs.dir/__/src/communication/network_histogram.cpp.o
[413/1273] Building CXX object cubrid/CMakeFiles/cubrid.dir/__/src/storage/compactdb_sr.c.o
[414/1273] Building CXX object cs/CMakeFiles/cubridcs.dir/__/src/base/area_alloc.c.o
[415/1273] Building CXX object cs/CMakeFiles/cubridcs.dir/__/src/compat/db_set.c.o
[416/1273] Building CXX object cs/CMakeFiles/cubridcs.dir/__/src/compat/db_date.c.o
[417/1273] Building CXX object cs/CMakeFiles/cubridcs.dir/__/src/compat/db_old.c.o
[418/1273] Building CXX object cs/CMakeFiles/cubridcs.dir/__/src/base/dynamic_load.c.o
[419/1273] Building CXX object sa/CMakeFiles/cubridsa.dir/__/src/loaddb/load_sa_loader.cpp.o
[420/1273] Building CXX object cs/CMakeFiles/cubridcs.dir/__/src/connection/connection_less.cpp.o
[421/1273] Building CXX object cs/CMakeFiles/cubridcs.dir/__/src/connection/connection_list_cl.cpp.o
[422/1273] Building CXX object cs/CMakeFiles/cubridcs.dir/__/src/heaplayers/customheaps.cpp.o
[423/1273] Building CXX object cs/CMakeFiles/cubridcs.dir/__/src/executables/unload_object.c.o
[424/1273] Building CXX object cs/CMakeFiles/cubridcs.dir/__/src/compat/db_obj.c.o
[425/1273] Building CXX object cs/CMakeFiles/cubridcs.dir/__/src/compat/db_query.c.o
[426/1273] Building CXX object cs/CMakeFiles/cubridcs.dir/__/src/compat/db_virt.c.o
[427/1273] Building CXX object sa/CMakeFiles/cubridsa.dir/__/src/optimizer/histogram/histogram_cl.cpp.o
[428/1273] Building CXX object cs/CMakeFiles/cubridcs.dir/__/src/executables/checksumdb.c.o
[429/1273] Building CXX object cs/CMakeFiles/cubridcs.dir/__/src/compat/db_admin.c.o
[430/1273] Building CXX object sa/CMakeFiles/cubridsa.dir/__/src/storage/system_catalog.c.o
[431/1273] Building CXX object cs/CMakeFiles/cubridcs.dir/__/src/compat/db_value_printer.cpp.o
[432/1273] Building CXX object cs/CMakeFiles/cubridcs.dir/__/src/base/filesys_parser.cpp.o
[433/1273] Building CXX object cs/CMakeFiles/cubridcs.dir/__/src/connection/tcp.c.o
[434/1273] Building CXX object cs/CMakeFiles/cubridcs.dir/__/src/connection/connection_globals.c.o
[435/1273] Building CXX object cs/CMakeFiles/cubridcs.dir/__/src/connection/heartbeat.c.o
[436/1273] Building CXX object cs/CMakeFiles/cubridcs.dir/__/src/connection/host_lookup.c.o
[437/1273] Building CXX object cs/CMakeFiles/cubridcs.dir/__/src/executables/util_cs.c.o
[438/1273] Building CXX object cs/CMakeFiles/cubridcs.dir/__/src/object/object_print_util.cpp.o
[439/1273] Building CXX object cs/CMakeFiles/cubridcs.dir/__/src/object/quick_fit.c.o
[440/1273] Building CXX object cs/CMakeFiles/cubridcs.dir/__/src/compat/db_temp.c.o
[441/1273] Building CXX object cs/CMakeFiles/cubridcs.dir/__/src/object/identifier_store.cpp.o
[442/1273] Building CXX object cs/CMakeFiles/cubridcs.dir/__/src/base/cgroup.cpp.o
[443/1273] Building CXX object cs/CMakeFiles/cubridcs.dir/__/src/object/elo.c.o
[444/1273] Building CXX object cs/CMakeFiles/cubridcs.dir/__/src/executables/unload_schema.c.o
[445/1273] Building CXX object cs/CMakeFiles/cubridcs.dir/__/src/connection/connection_cl.cpp.o
[446/1273] Building CXX object cs/CMakeFiles/cubridcs.dir/__/src/base/memory_alloc.c.o
[447/1273] Building CXX object cs/CMakeFiles/cubridcs.dir/__/src/compat/db_vdb.c.o
[448/1273] Building CXX object cs/CMakeFiles/cubridcs.dir/__/src/compat/db_json_path.cpp.o
[449/1273] Building CXX object cs/CMakeFiles/cubridcs.dir/__/src/base/memory_hash.c.o
[450/1273] Building CXX object cs/CMakeFiles/cubridcs.dir/__/src/object/schema_information_schema.cpp.o
[451/1273] Building CXX object cs/CMakeFiles/cubridcs.dir/__/src/object/transform.c.o
[452/1273] Building CXX object cs/CMakeFiles/cubridcs.dir/__/src/optimizer/query_bitset.c.o
[453/1273] Building CXX object cs/CMakeFiles/cubridcs.dir/__/src/base/resources.cpp.o
[454/1273] Building CXX object cs/CMakeFiles/cubridcs.dir/__/src/base/language_support.c.o
[455/1273] Building CXX object cs/CMakeFiles/cubridcs.dir/__/src/object/schema_information_schema_definition.cpp.o
[456/1273] Building CXX object cs/CMakeFiles/cubridcs.dir/__/src/base/ddl_log.c.o
[457/1273] Building CXX object cs/CMakeFiles/cubridcs.dir/__/src/communication/network_callback_cl.cpp.o
[458/1273] Building C object cs/CMakeFiles/cubridcs.dir/__/csql_lexer.c.o
[459/1273] Building CXX object cs/CMakeFiles/cubridcs.dir/__/src/base/tz_support.c.o
[460/1273] Building CXX object cs/CMakeFiles/cubridcs.dir/__/src/base/perf_monitor.c.o
[461/1273] Building CXX object cs/CMakeFiles/cubridcs.dir/__/src/object/authenticate_access_class.cpp.o
[462/1273] Building CXX object cs/CMakeFiles/cubridcs.dir/__/src/connection/client_support.cpp.o
[463/1273] Building CXX object cs/CMakeFiles/cubridcs.dir/__/src/object/authenticate_password.cpp.o
[464/1273] Building CXX object cs/CMakeFiles/cubridcs.dir/__/src/object/deduplicate_key.c.o
[465/1273] Building CXX object cs/CMakeFiles/cubridcs.dir/__/src/object/authenticate_owner.cpp.o
[466/1273] Building CXX object cs/CMakeFiles/cubridcs.dir/__/src/object/object_description.cpp.o
[467/1273] Building CXX object cs/CMakeFiles/cubridcs.dir/__/src/base/system_parameter.c.o
[468/1273] Building CXX object cs/CMakeFiles/cubridcs.dir/__/src/object/authenticate_grant.cpp.o
[469/1273] Building CXX object cs/CMakeFiles/cubridcs.dir/__/src/object/lob_locator.cpp.o
[470/1273] Building CXX object cs/CMakeFiles/cubridcs.dir/__/src/object/authenticate.c.o
[471/1273] Building CXX object cs/CMakeFiles/cubridcs.dir/__/src/object/class_description.cpp.o
[472/1273] Building CXX object cs/CMakeFiles/cubridcs.dir/__/src/object/authenticate_migration.cpp.o
[473/1273] Building CXX object cs/CMakeFiles/cubridcs.dir/__/src/object/authenticate_context.cpp.o
[474/1273] Building CXX object cs/CMakeFiles/cubridcs.dir/__/src/communication/network_cl.c.o
[475/1273] Building CXX object cs/CMakeFiles/cubridcs.dir/__/src/object/authenticate_access_user.cpp.o
[476/1273] Building CXX object cs/CMakeFiles/cubridcs.dir/__/src/connection/connection_support.cpp.o
[477/1273] Building CXX object cs/CMakeFiles/cubridcs.dir/__/src/object/schema_system_catalog_install_query_spec.cpp.o
[478/1273] Building CXX object cs/CMakeFiles/cubridcs.dir/__/src/object/schema_system_catalog.cpp.o
[479/1273] Building CXX object cs/CMakeFiles/cubridcs.dir/__/src/object/object_print.c.o
[480/1273] Building CXX object cubrid/CMakeFiles/cubrid.dir/__/src/storage/btree_load.c.o
[481/1273] Building CXX object cs/CMakeFiles/cubridcs.dir/__/src/query/parallel/px_scan/px_scan_checker.cpp.o
[482/1273] Building CXX object cs/CMakeFiles/cubridcs.dir/__/src/object/schema_system_catalog_definition.cpp.o
[483/1273] Building CXX object cs/CMakeFiles/cubridcs.dir/__/src/object/object_accessor.c.o
[484/1273] Building CXX object cs/CMakeFiles/cubridcs.dir/__/src/object/authenticate_access_auth.cpp.o
[485/1273] Building CXX object cs/CMakeFiles/cubridcs.dir/__/src/object/object_template.c.o
[486/1273] Building CXX object cs/CMakeFiles/cubridcs.dir/__/src/object/object_printer.cpp.o
[487/1273] Building CXX object cs/CMakeFiles/cubridcs.dir/__/src/object/schema_information_schema_builder.cpp.o
[488/1273] Building CXX object cs/CMakeFiles/cubridcs.dir/__/src/optimizer/rewriter/query_rewrite_subquery.c.o
[489/1273] Building CXX object cs/CMakeFiles/cubridcs.dir/__/src/object/schema_system_catalog_builder.cpp.o
[490/1273] Building CXX object sa/CMakeFiles/cubridsa.dir/__/src/storage/heap_file.c.o
[491/1273] Building CXX object cs/CMakeFiles/cubridcs.dir/__/src/object/trigger_description.cpp.o
[492/1273] Building CXX object cs/CMakeFiles/cubridcs.dir/__/src/object/authenticate_cache.cpp.o
[493/1273] Building CXX object sa/CMakeFiles/cubridsa.dir/__/src/storage/btree.c.o
[494/1273] Building CXX object sa/CMakeFiles/cubridsa.dir/__/src/optimizer/histogram/histogram_sampler_sr.cpp.o
[495/1273] Building CXX object cs/CMakeFiles/cubridcs.dir/__/src/object/schema_template.c.o
[496/1273] Building CXX object cs/CMakeFiles/cubridcs.dir/__/src/object/virtual_object.c.o
[497/1273] Building CXX object cs/CMakeFiles/cubridcs.dir/__/src/optimizer/rewriter/query_rewrite_auto_parameterize.c.o
[498/1273] Building CXX object cs/CMakeFiles/cubridcs.dir/__/src/object/class_object.c.o
[499/1273] Building CXX object cs/CMakeFiles/cubridcs.dir/__/src/object/schema_information_schema_install_query_spec.cpp.o
[500/1273] Building CXX object cs/CMakeFiles/cubridcs.dir/__/src/object/object_representation.c.o
[501/1273] Building CXX object cs/CMakeFiles/cubridcs.dir/__/src/optimizer/rewriter/query_rewrite_set.c.o
[502/1273] Building CXX object cs/CMakeFiles/cubridcs.dir/__/src/optimizer/rewriter/query_rewrite_select.c.o
[503/1273] Building CXX object cs/CMakeFiles/cubridcs.dir/__/src/object/work_space.c.o
[504/1273] Building CXX object cs/CMakeFiles/cubridcs.dir/__/src/object/trigger_manager.c.o
[505/1273] Building CXX object cs/CMakeFiles/cubridcs.dir/__/src/object/schema_class_truncator.cpp.o
[506/1273] Building CXX object cs/CMakeFiles/cubridcs.dir/__/src/optimizer/rewriter/query_rewrite.c.o
[507/1273] Building CXX object cs/CMakeFiles/cubridcs.dir/__/src/parser/cnf.c.o
[508/1273] Building CXX object cs/CMakeFiles/cubridcs.dir/__/src/object/set_object.c.o
[509/1273] Building CXX object cs/CMakeFiles/cubridcs.dir/__/src/communication/network_interface_cl.c.o
/home/vimkim/gh/cb/CBRD-27398-pgbuf-inspector-contract/src/communication/network_interface_cl.c: In function ‘int heap_create(HFID*, const OID*, bool)’:
/home/vimkim/gh/cb/CBRD-27398-pgbuf-inspector-contract/src/communication/network_interface_cl.c:1679:22: warning: ‘request’ may be used uninitialized [-Wmaybe-uninitialized]
 1679 |   ptr = or_pack_hfid (request, hfid);
      |         ~~~~~~~~~~~~~^~~~~~~~~~~~~~~
In file included from /home/vimkim/gh/cb/CBRD-27398-pgbuf-inspector-contract/src/communication/network_interface_cl.c:58:
/home/vimkim/gh/cb/CBRD-27398-pgbuf-inspector-contract/src/base/object_representation.h:1135:14: note: by argument 1 of type ‘const char*’ to ‘char* or_pack_hfid(const char*, const HFID*)’ declared here
 1135 | extern char *or_pack_hfid (const char *ptr, const HFID * hfid);
      |              ^~~~~~~~~~~~
/home/vimkim/gh/cb/CBRD-27398-pgbuf-inspector-contract/src/communication/network_interface_cl.c:1671:61: note: ‘a_request’ declared here
 1671 |   OR_ALIGNED_BUF (OR_HFID_SIZE + OR_OID_SIZE + OR_INT_SIZE) a_request;
      |                                                             ^~~~~~~~~
/home/vimkim/gh/cb/CBRD-27398-pgbuf-inspector-contract/src/communication/network_interface_cl.c: In function ‘int heap_destroy_newly_created(const HFID*, const OID*, bool)’:
/home/vimkim/gh/cb/CBRD-27398-pgbuf-inspector-contract/src/communication/network_interface_cl.c:1779:22: warning: ‘request’ may be used uninitialized [-Wmaybe-uninitialized]
 1779 |   ptr = or_pack_hfid (request, hfid);
      |         ~~~~~~~~~~~~~^~~~~~~~~~~~~~~
In file included from /home/vimkim/gh/cb/CBRD-27398-pgbuf-inspector-contract/src/communication/network_interface_cl.c:58:
/home/vimkim/gh/cb/CBRD-27398-pgbuf-inspector-contract/src/base/object_representation.h:1135:14: note: by argument 1 of type ‘const char*’ to ‘char* or_pack_hfid(const char*, const HFID*)’ declared here
 1135 | extern char *or_pack_hfid (const char *ptr, const HFID * hfid);
      |              ^~~~~~~~~~~~
/home/vimkim/gh/cb/CBRD-27398-pgbuf-inspector-contract/src/communication/network_interface_cl.c:1771:61: note: ‘a_request’ declared here
 1771 |   OR_ALIGNED_BUF (OR_HFID_SIZE + OR_OID_SIZE + OR_INT_SIZE) a_request;
      |                                                             ^~~~~~~~~
/home/vimkim/gh/cb/CBRD-27398-pgbuf-inspector-contract/src/communication/network_interface_cl.c: In function ‘int heap_get_class_num_objects_pages(HFID*, int, int*, int*)’:
/home/vimkim/gh/cb/CBRD-27398-pgbuf-inspector-contract/src/communication/network_interface_cl.c:1831:22: warning: ‘request’ may be used uninitialized [-Wmaybe-uninitialized]
 1831 |   ptr = or_pack_hfid (request, hfid);
      |         ~~~~~~~~~~~~~^~~~~~~~~~~~~~~
In file included from /home/vimkim/gh/cb/CBRD-27398-pgbuf-inspector-contract/src/communication/network_interface_cl.c:58:
/home/vimkim/gh/cb/CBRD-27398-pgbuf-inspector-contract/src/base/object_representation.h:1135:14: note: by argument 1 of type ‘const char*’ to ‘char* or_pack_hfid(const char*, const HFID*)’ declared here
 1135 | extern char *or_pack_hfid (const char *ptr, const HFID * hfid);
      |              ^~~~~~~~~~~~
/home/vimkim/gh/cb/CBRD-27398-pgbuf-inspector-contract/src/communication/network_interface_cl.c:1822:47: note: ‘a_request’ declared here
 1822 |   OR_ALIGNED_BUF (OR_HFID_SIZE + OR_INT_SIZE) a_request;
      |                                               ^~~~~~~~~
/home/vimkim/gh/cb/CBRD-27398-pgbuf-inspector-contract/src/communication/network_interface_cl.c: In function ‘int heap_has_instance(HFID*, OID*, int)’:
/home/vimkim/gh/cb/CBRD-27398-pgbuf-inspector-contract/src/communication/network_interface_cl.c:1885:22: warning: ‘request’ may be used uninitialized [-Wmaybe-uninitialized]
 1885 |   ptr = or_pack_hfid (request, hfid);
      |         ~~~~~~~~~~~~~^~~~~~~~~~~~~~~
In file included from /home/vimkim/gh/cb/CBRD-27398-pgbuf-inspector-contract/src/communication/network_interface_cl.c:58:
/home/vimkim/gh/cb/CBRD-27398-pgbuf-inspector-contract/src/base/object_representation.h:1135:14: note: by argument 1 of type ‘const char*’ to ‘char* or_pack_hfid(const char*, const HFID*)’ declared here
 1135 | extern char *or_pack_hfid (const char *ptr, const HFID * hfid);
      |              ^~~~~~~~~~~~
/home/vimkim/gh/cb/CBRD-27398-pgbuf-inspector-contract/src/communication/network_interface_cl.c:1876:61: note: ‘a_request’ declared here
 1876 |   OR_ALIGNED_BUF (OR_HFID_SIZE + OR_OID_SIZE + OR_INT_SIZE) a_request;
      |                                                             ^~~~~~~~~
/home/vimkim/gh/cb/CBRD-27398-pgbuf-inspector-contract/src/communication/network_interface_cl.c: In function ‘int heap_reclaim_addresses(const HFID*)’:
/home/vimkim/gh/cb/CBRD-27398-pgbuf-inspector-contract/src/communication/network_interface_cl.c:1934:22: warning: ‘request’ may be used uninitialized [-Wmaybe-uninitialized]
 1934 |   ptr = or_pack_hfid (request, hfid);
      |         ~~~~~~~~~~~~~^~~~~~~~~~~~~~~
In file included from /home/vimkim/gh/cb/CBRD-27398-pgbuf-inspector-contract/src/communication/network_interface_cl.c:58:
/home/vimkim/gh/cb/CBRD-27398-pgbuf-inspector-contract/src/base/object_representation.h:1135:14: note: by argument 1 of type ‘const char*’ to ‘char* or_pack_hfid(const char*, const HFID*)’ declared here
 1135 | extern char *or_pack_hfid (const char *ptr, const HFID * hfid);
      |              ^~~~~~~~~~~~
/home/vimkim/gh/cb/CBRD-27398-pgbuf-inspector-contract/src/communication/network_interface_cl.c:1926:47: note: ‘a_request’ declared here
 1926 |   OR_ALIGNED_BUF (OR_HFID_SIZE + OR_INT_SIZE) a_request;
      |                                               ^~~~~~~~~
/home/vimkim/gh/cb/CBRD-27398-pgbuf-inspector-contract/src/communication/network_interface_cl.c: In function ‘int lob_remove_dir(HFID*, int)’:
/home/vimkim/gh/cb/CBRD-27398-pgbuf-inspector-contract/src/communication/network_interface_cl.c:11893:22: warning: ‘request’ may be used uninitialized [-Wmaybe-uninitialized]
11893 |   ptr = or_pack_hfid (request, hfid);
      |         ~~~~~~~~~~~~~^~~~~~~~~~~~~~~
In file included from /home/vimkim/gh/cb/CBRD-27398-pgbuf-inspector-contract/src/communication/network_interface_cl.c:58:
/home/vimkim/gh/cb/CBRD-27398-pgbuf-inspector-contract/src/base/object_representation.h:1135:14: note: by argument 1 of type ‘const char*’ to ‘char* or_pack_hfid(const char*, const HFID*)’ declared here
 1135 | extern char *or_pack_hfid (const char *ptr, const HFID * hfid);
      |              ^~~~~~~~~~~~
/home/vimkim/gh/cb/CBRD-27398-pgbuf-inspector-contract/src/communication/network_interface_cl.c:11882:47: note: ‘a_request’ declared here
11882 |   OR_ALIGNED_BUF (OR_HFID_SIZE + OR_INT_SIZE) a_request;
      |                                               ^~~~~~~~~
At global scope:
cc1plus: note: unrecognized command-line option ‘-Wno-template-body’ may have been intended to silence earlier diagnostics
[510/1273] Building CXX object cs/CMakeFiles/cubridcs.dir/__/src/object/transform_cl.c.o
[511/1273] Building CXX object cs/CMakeFiles/cubridcs.dir/__/src/parser/keyword.c.o
[512/1273] Building CXX object cs/CMakeFiles/cubridcs.dir/__/src/storage/byte_order.c.o
[513/1273] Building CXX object cs/CMakeFiles/cubridcs.dir/__/src/optimizer/rewriter/query_rewrite_term.c.o
[514/1273] Building CXX object cs/CMakeFiles/cubridcs.dir/__/src/object/object_domain.c.o
[515/1273] Building CXX object cs/CMakeFiles/cubridcs.dir/__/src/method/method_error.cpp.o
[516/1273] Building CXX object cs/CMakeFiles/cubridcs.dir/__/src/parser/double_byte_support.c.o
[517/1273] Building CXX object cs/CMakeFiles/cubridcs.dir/__/src/sp/pl_signature.cpp.o
[518/1273] Building CXX object cs/CMakeFiles/cubridcs.dir/__/src/object/object_primitive.c.o
[519/1273] Building CXX object cs/CMakeFiles/cubridcs.dir/__/src/parser/parse_type.cpp.o
[520/1273] Building CXX object cs/CMakeFiles/cubridcs.dir/__/src/optimizer/plan_generation.c.o
[521/1273] Building CXX object cs/CMakeFiles/cubridcs.dir/__/src/parser/compile.c.o
[522/1273] Building CXX object cs/CMakeFiles/cubridcs.dir/__/src/storage/es_posix.c.o
[523/1273] Building CXX object cs/CMakeFiles/cubridcs.dir/__/src/storage/es_owfs.c.o
[524/1273] Building CXX object cs/CMakeFiles/cubridcs.dir/__/src/parser/parse_tree.c.o
[525/1273] Building CXX object cs/CMakeFiles/cubridcs.dir/__/src/method/method_struct_parameter_info.cpp.o
[526/1273] Building CXX object cs/CMakeFiles/cubridcs.dir/__/src/query/crypt_opfunc.c.o
[527/1273] Building CXX object cs/CMakeFiles/cubridcs.dir/__/src/object/schema_information_schema_install.cpp.o
[528/1273] Building CXX object cs/CMakeFiles/cubridcs.dir/__/src/parser/method_transform.c.o
[529/1273] Building CXX object cs/CMakeFiles/cubridcs.dir/__/src/storage/es_common.c.o
[530/1273] Building CXX object cs/CMakeFiles/cubridcs.dir/__/src/parser/parser_allocator.cpp.o
[531/1273] Building CXX object cs/CMakeFiles/cubridcs.dir/__/src/transaction/client_credentials.cpp.o
[532/1273] Building CXX object cs/CMakeFiles/cubridcs.dir/__/src/method/method_struct_invoke.cpp.o
[533/1273] Building CXX object cs/CMakeFiles/cubridcs.dir/__/src/transaction/log_compress.c.o
[534/1273] Building CXX object cs/CMakeFiles/cubridcs.dir/__/src/object/schema_manager.c.o
[535/1273] Building CXX object cs/CMakeFiles/cubridcs.dir/__/src/parser/func_type.cpp.o
[536/1273] Building CXX object cs/CMakeFiles/cubridcs.dir/__/src/method/method_struct_schema_info.cpp.o
[537/1273] Building CXX object cs/CMakeFiles/cubridcs.dir/__/src/method/method_query_util.cpp.o
[538/1273] Building CXX object cs/CMakeFiles/cubridcs.dir/__/src/parser/query_result.c.o
[539/1273] Building CXX object cs/CMakeFiles/cubridcs.dir/__/src/query/string_regex_re2.cpp.o
[540/1273] Building CXX object cs/CMakeFiles/cubridcs.dir/__/src/parser/parse_dbi.c.o
[541/1273] Building CXX object cs/CMakeFiles/cubridcs.dir/__/src/transaction/locator.c.o
[542/1273] Building CXX object cs/CMakeFiles/cubridcs.dir/__/src/method/method_struct_oid_info.cpp.o
[543/1273] Building CXX object cs/CMakeFiles/cubridcs.dir/__/src/parser/parse_evaluate.c.o
[544/1273] Building CXX object cs/CMakeFiles/cubridcs.dir/__/src/method/method_oid_handler.cpp.o
[545/1273] Building CXX object cs/CMakeFiles/cubridcs.dir/__/src/optimizer/query_graph.c.o
[546/1273] Building CXX object cs/CMakeFiles/cubridcs.dir/__/src/parser/scanner_support.c.o
[547/1273] Building CXX object cs/CMakeFiles/cubridcs.dir/__/src/storage/oid.c.o
[548/1273] Building CXX object cs/CMakeFiles/cubridcs.dir/__/src/query/numeric_opfunc.c.o
[549/1273] Building CXX object cs/CMakeFiles/cubridcs.dir/__/src/sp/pl_struct_compile.cpp.o
[550/1273] Building CXX object cs/CMakeFiles/cubridcs.dir/__/src/parser/show_meta.c.o
[551/1273] Building CXX object cs/CMakeFiles/cubridcs.dir/__/src/xasl/xasl_unpack_info.cpp.o
[552/1273] Building CXX object cs/CMakeFiles/cubridcs.dir/__/src/parser/xasl_regu_alloc.cpp.o
[553/1273] Building CXX object cs/CMakeFiles/cubridcs.dir/__/src/method/method_struct_query.cpp.o
[554/1273] Building CXX object cs/CMakeFiles/cubridcs.dir/__/src/storage/storage_common.c.o
[555/1273] Building CXX object cs/CMakeFiles/cubridcs.dir/__/src/optimizer/query_planner.c.o
[556/1273] Building CXX object cs/CMakeFiles/cubridcs.dir/__/src/storage/tde.c.o
[557/1273] Building CXX object cs/CMakeFiles/cubridcs.dir/__/src/query/string_regex.cpp.o
[558/1273] Building CXX object cs/CMakeFiles/cubridcs.dir/__/src/object/schema_system_catalog_install.cpp.o
[559/1273] Building CXX object cs/CMakeFiles/cubridcs.dir/__/src/parser/name_resolution.c.o
[560/1273] Building CXX object cs/CMakeFiles/cubridcs.dir/__/src/xasl/access_json_table.cpp.o
[561/1273] Building CXX object cs/CMakeFiles/cubridcs.dir/__/src/parser/parser_support.c.o
[562/1273] Building CXX object cs/CMakeFiles/cubridcs.dir/__/src/query/regu_var.cpp.o
[563/1273] Building CXX object cs/CMakeFiles/cubridcs.dir/__/src/sp/pl_comm.c.o
[564/1273] Building CXX object cs/CMakeFiles/cubridcs.dir/__/src/query/query_cl.c.o
[565/1273] Building CXX object cs/CMakeFiles/cubridcs.dir/__/src/query/cursor.c.o
[566/1273] Building CXX object cs/CMakeFiles/cubridcs.dir/__/src/optimizer/histogram/histogram_reader.cpp.o
[567/1273] Building CXX object cs/CMakeFiles/cubridcs.dir/__/src/loaddb/load_common.cpp.o
[568/1273] Building CXX object cs/CMakeFiles/cubridcs.dir/__/src/query/query_dump.c.o
[569/1273] Building CXX object cs/CMakeFiles/cubridcs.dir/__/src/optimizer/histogram/histogram_builder.cpp.o
[570/1273] Building CXX object cs/CMakeFiles/cubridcs.dir/__/src/storage/file_io.c.o
[571/1273] Building CXX object cs/CMakeFiles/cubridcs.dir/__/src/transaction/log_comm.c.o
[572/1273] Building CXX object cs/CMakeFiles/cubridcs.dir/__/src/query/arithmetic.c.o
[573/1273] Building CXX object cs/CMakeFiles/cubridcs.dir/__/src/method/method_struct_value.cpp.o
[574/1273] Building CXX object cs/CMakeFiles/cubridcs.dir/__/src/method/method_query_handler.cpp.o
[575/1273] Building CXX object cs/CMakeFiles/cubridcs.dir/__/src/query/xasl_to_stream.c.o
[576/1273] Building CXX object cs/CMakeFiles/cubridcs.dir/__/src/parser/view_transform.c.o
[577/1273] Building CXX object cs/CMakeFiles/cubridcs.dir/__/src/parser/parse_tree_cl.c.o
[578/1273] Building CXX object cubrid/CMakeFiles/cubrid.dir/__/src/base/chartype.c.o
[579/1273] Building CXX object cs/CMakeFiles/cubridcs.dir/__/src/storage/es.c.o
[580/1273] Building CXX object cs/CMakeFiles/cubridcs.dir/__/src/method/method_schema_info.cpp.o
[581/1273] Building CXX object cs/CMakeFiles/cubridcs.dir/__/src/transaction/log_applier_sql_log.c.o
[582/1273] Building CXX object cubrid/CMakeFiles/cubrid.dir/__/src/base/dtoa.c.o
[583/1273] Building CXX object cs/CMakeFiles/cubridcs.dir/__/src/parser/semantic_check.c.o
[584/1273] Building CXX object cs/CMakeFiles/cubridcs.dir/__/src/sp/jsp_cl.cpp.o
[585/1273] Building CXX object cs/CMakeFiles/cubridcs.dir/__/src/transaction/flashback_cl.c.o
[586/1273] Building CXX object cs/CMakeFiles/cubridcs.dir/__/src/transaction/transaction_cl.c.o
[587/1273] Building CXX object cs/CMakeFiles/cubridcs.dir/__/src/storage/statistics_cl.c.o
[588/1273] Building CXX object cs/CMakeFiles/cubridcs.dir/__/src/transaction/log_writer.c.o
[589/1273] Building CXX object cs/CMakeFiles/cubridcs.dir/__/src/xasl/xasl_analytic.cpp.o
[590/1273] Building CXX object cubrid/CMakeFiles/cubrid.dir/__/src/base/bit.c.o
[591/1273] Building CXX object cs/CMakeFiles/cubridcs.dir/__/src/xasl/xasl_predicate.cpp.o
[592/1273] Building CXX object cubrid/CMakeFiles/cubrid.dir/__/src/base/binaryheap.c.o
[593/1273] Building CXX object cubrid/CMakeFiles/cubrid.dir/__/src/base/base64.c.o
[594/1273] Building CXX object cubrid/CMakeFiles/cubrid.dir/__/src/base/fileline_location.cpp.o
[595/1273] Building CXX object cs/CMakeFiles/cubridcs.dir/__/src/query/execute_schema.c.o
[596/1273] Building CXX object cubrid/CMakeFiles/cubrid.dir/__/src/base/encryption.c.o
[597/1273] Building CXX object cs/CMakeFiles/cubridcs.dir/__/src/transaction/boot_cl.c.o
[598/1273] Building CXX object cs/CMakeFiles/cubridcs.dir/__/src/transaction/locator_cl.c.o
[599/1273] Building CXX object cubrid/CMakeFiles/cubrid.dir/__/src/base/environment_variable.c.o
[600/1273] Building CXX object cs/CMakeFiles/cubridcs.dir/__/src/xasl/xasl_stream.cpp.o
[601/1273] Building CXX object cubrid/CMakeFiles/cubrid.dir/__/src/base/ini_parser.c.o
[602/1273] Building CXX object cubrid/CMakeFiles/cubrid.dir/__/src/base/cubrid_getopt_long.c.o
[603/1273] Building CXX object cs/CMakeFiles/cubridcs.dir/__/src/method/query_method.cpp.o
[604/1273] Building CXX object cubrid/CMakeFiles/cubrid.dir/__/src/base/databases_file.c.o
[605/1273] Building CXX object cubrid/CMakeFiles/cubrid.dir/__/src/base/locale_helper.cpp.o
[606/1273] Building CXX object cs/CMakeFiles/cubridcs.dir/__/src/api/cubrid_log.c.o
[607/1273] Building C object cs/CMakeFiles/cubridcs.dir/__/csql_grammar.c.o
/home/vimkim/gh/cb/CBRD-27398-pgbuf-inspector-contract/build_preset_debug_gcc/csql_grammar.c: In function ‘yyuserAction’:
/home/vimkim/gh/cb/CBRD-27398-pgbuf-inspector-contract/build_preset_debug_gcc/csql_grammar.c:41962:80: warning: implicit conversion from ‘enum pt_currency_types’ to ‘DB_CURRENCY’ [-Wenum-conversion]
41962 |                             pt_value_set_monetary (this_parser, val, str, txt, PT_CURRENCY_YEN);
      |                                                                                ^~~~~~~~~~~~~~~
/home/vimkim/gh/cb/CBRD-27398-pgbuf-inspector-contract/build_preset_debug_gcc/csql_grammar.c:41982:80: warning: implicit conversion from ‘enum pt_currency_types’ to ‘DB_CURRENCY’ [-Wenum-conversion]
41982 |                             pt_value_set_monetary (this_parser, val, str, txt, PT_CURRENCY_DOLLAR);
      |                                                                                ^~~~~~~~~~~~~~~~~~
/home/vimkim/gh/cb/CBRD-27398-pgbuf-inspector-contract/build_preset_debug_gcc/csql_grammar.c:42002:80: warning: implicit conversion from ‘enum pt_currency_types’ to ‘DB_CURRENCY’ [-Wenum-conversion]
42002 |                             pt_value_set_monetary (this_parser, val, str, txt, PT_CURRENCY_WON);
      |                                                                                ^~~~~~~~~~~~~~~
/home/vimkim/gh/cb/CBRD-27398-pgbuf-inspector-contract/build_preset_debug_gcc/csql_grammar.c:42022:80: warning: implicit conversion from ‘enum pt_currency_types’ to ‘DB_CURRENCY’ [-Wenum-conversion]
42022 |                             pt_value_set_monetary (this_parser, val, str, txt, PT_CURRENCY_TL);
      |                                                                                ^~~~~~~~~~~~~~
/home/vimkim/gh/cb/CBRD-27398-pgbuf-inspector-contract/build_preset_debug_gcc/csql_grammar.c:42042:80: warning: implicit conversion from ‘enum pt_currency_types’ to ‘DB_CURRENCY’ [-Wenum-conversion]
42042 |                             pt_value_set_monetary (this_parser, val, str, txt, PT_CURRENCY_BRITISH_POUND);
      |                                                                                ^~~~~~~~~~~~~~~~~~~~~~~~~
/home/vimkim/gh/cb/CBRD-27398-pgbuf-inspector-contract/build_preset_debug_gcc/csql_grammar.c:42061:80: warning: implicit conversion from ‘enum pt_currency_types’ to ‘DB_CURRENCY’ [-Wenum-conversion]
42061 |                             pt_value_set_monetary (this_parser, val, str, txt, PT_CURRENCY_CAMBODIAN_RIEL);
      |                                                                                ^~~~~~~~~~~~~~~~~~~~~~~~~~
/home/vimkim/gh/cb/CBRD-27398-pgbuf-inspector-contract/build_preset_debug_gcc/csql_grammar.c:42080:80: warning: implicit conversion from ‘enum pt_currency_types’ to ‘DB_CURRENCY’ [-Wenum-conversion]
42080 |                             pt_value_set_monetary (this_parser, val, str, txt, PT_CURRENCY_CHINESE_RENMINBI);
      |                                                                                ^~~~~~~~~~~~~~~~~~~~~~~~~~~~
/home/vimkim/gh/cb/CBRD-27398-pgbuf-inspector-contract/build_preset_debug_gcc/csql_grammar.c:42099:80: warning: implicit conversion from ‘enum pt_currency_types’ to ‘DB_CURRENCY’ [-Wenum-conversion]
42099 |                             pt_value_set_monetary (this_parser, val, str, txt, PT_CURRENCY_INDIAN_RUPEE);
      |                                                                                ^~~~~~~~~~~~~~~~~~~~~~~~
/home/vimkim/gh/cb/CBRD-27398-pgbuf-inspector-contract/build_preset_debug_gcc/csql_grammar.c:42118:80: warning: implicit conversion from ‘enum pt_currency_types’ to ‘DB_CURRENCY’ [-Wenum-conversion]
42118 |                             pt_value_set_monetary (this_parser, val, str, txt, PT_CURRENCY_RUSSIAN_RUBLE);
      |                                                                                ^~~~~~~~~~~~~~~~~~~~~~~~~
/home/vimkim/gh/cb/CBRD-27398-pgbuf-inspector-contract/build_preset_debug_gcc/csql_grammar.c:42137:80: warning: implicit conversion from ‘enum pt_currency_types’ to ‘DB_CURRENCY’ [-Wenum-conversion]
42137 |                             pt_value_set_monetary (this_parser, val, str, txt, PT_CURRENCY_AUSTRALIAN_DOLLAR);
      |                                                                                ^~~~~~~~~~~~~~~~~~~~~~~~~~~~~
/home/vimkim/gh/cb/CBRD-27398-pgbuf-inspector-contract/build_preset_debug_gcc/csql_grammar.c:42156:80: warning: implicit conversion from ‘enum pt_currency_types’ to ‘DB_CURRENCY’ [-Wenum-conversion]
42156 |                             pt_value_set_monetary (this_parser, val, str, txt, PT_CURRENCY_CANADIAN_DOLLAR);
      |                                                                                ^~~~~~~~~~~~~~~~~~~~~~~~~~~
/home/vimkim/gh/cb/CBRD-27398-pgbuf-inspector-contract/build_preset_debug_gcc/csql_grammar.c:42175:80: warning: implicit conversion from ‘enum pt_currency_types’ to ‘DB_CURRENCY’ [-Wenum-conversion]
42175 |                             pt_value_set_monetary (this_parser, val, str, txt, PT_CURRENCY_BRASILIAN_REAL);
      |                                                                                ^~~~~~~~~~~~~~~~~~~~~~~~~~
/home/vimkim/gh/cb/CBRD-27398-pgbuf-inspector-contract/build_preset_debug_gcc/csql_grammar.c:42194:80: warning: implicit conversion from ‘enum pt_currency_types’ to ‘DB_CURRENCY’ [-Wenum-conversion]
42194 |                             pt_value_set_monetary (this_parser, val, str, txt, PT_CURRENCY_ROMANIAN_LEU);
      |                                                                                ^~~~~~~~~~~~~~~~~~~~~~~~
/home/vimkim/gh/cb/CBRD-27398-pgbuf-inspector-contract/build_preset_debug_gcc/csql_grammar.c:42213:80: warning: implicit conversion from ‘enum pt_currency_types’ to ‘DB_CURRENCY’ [-Wenum-conversion]
42213 |                             pt_value_set_monetary (this_parser, val, str, txt, PT_CURRENCY_EURO);
      |                                                                                ^~~~~~~~~~~~~~~~
/home/vimkim/gh/cb/CBRD-27398-pgbuf-inspector-contract/build_preset_debug_gcc/csql_grammar.c:42232:80: warning: implicit conversion from ‘enum pt_currency_types’ to ‘DB_CURRENCY’ [-Wenum-conversion]
42232 |                             pt_value_set_monetary (this_parser, val, str, txt, PT_CURRENCY_SWISS_FRANC);
      |                                                                                ^~~~~~~~~~~~~~~~~~~~~~~
/home/vimkim/gh/cb/CBRD-27398-pgbuf-inspector-contract/build_preset_debug_gcc/csql_grammar.c:42251:80: warning: implicit conversion from ‘enum pt_currency_types’ to ‘DB_CURRENCY’ [-Wenum-conversion]
42251 |                             pt_value_set_monetary (this_parser, val, str, txt, PT_CURRENCY_DANISH_KRONE);
      |                                                                                ^~~~~~~~~~~~~~~~~~~~~~~~
/home/vimkim/gh/cb/CBRD-27398-pgbuf-inspector-contract/build_preset_debug_gcc/csql_grammar.c:42270:80: warning: implicit conversion from ‘enum pt_currency_types’ to ‘DB_CURRENCY’ [-Wenum-conversion]
42270 |                             pt_value_set_monetary (this_parser, val, str, txt, PT_CURRENCY_NORWEGIAN_KRONE);
      |                                                                                ^~~~~~~~~~~~~~~~~~~~~~~~~~~
/home/vimkim/gh/cb/CBRD-27398-pgbuf-inspector-contract/build_preset_debug_gcc/csql_grammar.c:42289:80: warning: implicit conversion from ‘enum pt_currency_types’ to ‘DB_CURRENCY’ [-Wenum-conversion]
42289 |                             pt_value_set_monetary (this_parser, val, str, txt, PT_CURRENCY_BULGARIAN_LEV);
      |                                                                                ^~~~~~~~~~~~~~~~~~~~~~~~~
/home/vimkim/gh/cb/CBRD-27398-pgbuf-inspector-contract/build_preset_debug_gcc/csql_grammar.c:42308:80: warning: implicit conversion from ‘enum pt_currency_types’ to ‘DB_CURRENCY’ [-Wenum-conversion]
42308 |                             pt_value_set_monetary (this_parser, val, str, txt, PT_CURRENCY_VIETNAMESE_DONG);
      |                                                                                ^~~~~~~~~~~~~~~~~~~~~~~~~~~
/home/vimkim/gh/cb/CBRD-27398-pgbuf-inspector-contract/build_preset_debug_gcc/csql_grammar.c:42327:80: warning: implicit conversion from ‘enum pt_currency_types’ to ‘DB_CURRENCY’ [-Wenum-conversion]
42327 |                             pt_value_set_monetary (this_parser, val, str, txt, PT_CURRENCY_CZECH_KORUNA);
      |                                                                                ^~~~~~~~~~~~~~~~~~~~~~~~
/home/vimkim/gh/cb/CBRD-27398-pgbuf-inspector-contract/build_preset_debug_gcc/csql_grammar.c:42346:80: warning: implicit conversion from ‘enum pt_currency_types’ to ‘DB_CURRENCY’ [-Wenum-conversion]
42346 |                             pt_value_set_monetary (this_parser, val, str, txt, PT_CURRENCY_POLISH_ZLOTY);
      |                                                                                ^~~~~~~~~~~~~~~~~~~~~~~~
/home/vimkim/gh/cb/CBRD-27398-pgbuf-inspector-contract/build_preset_debug_gcc/csql_grammar.c:42365:80: warning: implicit conversion from ‘enum pt_currency_types’ to ‘DB_CURRENCY’ [-Wenum-conversion]
42365 |                             pt_value_set_monetary (this_parser, val, str, txt, PT_CURRENCY_SWEDISH_KRONA);
      |                                                                                ^~~~~~~~~~~~~~~~~~~~~~~~~
/home/vimkim/gh/cb/CBRD-27398-pgbuf-inspector-contract/build_preset_debug_gcc/csql_grammar.c:42384:80: warning: implicit conversion from ‘enum pt_currency_types’ to ‘DB_CURRENCY’ [-Wenum-conversion]
42384 |                             pt_value_set_monetary (this_parser, val, str, txt, PT_CURRENCY_CROATIAN_KUNA);
      |                                                                                ^~~~~~~~~~~~~~~~~~~~~~~~~
/home/vimkim/gh/cb/CBRD-27398-pgbuf-inspector-contract/build_preset_debug_gcc/csql_grammar.c:42403:80: warning: implicit conversion from ‘enum pt_currency_types’ to ‘DB_CURRENCY’ [-Wenum-conversion]
42403 |                             pt_value_set_monetary (this_parser, val, str, txt, PT_CURRENCY_SERBIAN_DINAR);
      |                                                                                ^~~~~~~~~~~~~~~~~~~~~~~~~
/home/vimkim/gh/cb/CBRD-27398-pgbuf-inspector-contract/build_preset_debug_gcc/csql_grammar.c: In function ‘pt_value_set_monetary’:
/home/vimkim/gh/cb/CBRD-27398-pgbuf-inspector-contract/build_preset_debug_gcc/csql_grammar.c:48415:42: warning: implicit conversion from ‘DB_CURRENCY’ to ‘PT_CURRENCY’ {aka ‘enum pt_currency_types’} [-Wenum-conversion]
48415 |   node->info.value.data_value.money.type = type;
      |                                          ^
[608/1273] Building CXX object cubrid/CMakeFiles/cubrid.dir/__/src/base/memory_monitor_api.cpp.o
[609/1273] Building CXX object cubrid/CMakeFiles/cubrid.dir/__/src/base/fixed_alloc.c.o
[610/1273] Building CXX object cubrid/CMakeFiles/cubrid.dir/__/src/base/lock_free.c.o
[611/1273] Building CXX object cs/CMakeFiles/cubridcs.dir/__/src/query/parallel/px_query_execute/px_query_checker.cpp.o
[612/1273] Building CXX object cubrid/CMakeFiles/cubrid.dir/__/src/base/filesys_temp.cpp.o
[613/1273] Building CXX object cubrid/CMakeFiles/cubrid.dir/__/src/base/lockfree_bitmap.cpp.o
[614/1273] Building CXX object cubrid/CMakeFiles/cubrid.dir/__/src/base/area_alloc.c.o
[615/1273] Building CXX object cubrid/CMakeFiles/cubrid.dir/__/src/base/misc_string.c.o
[616/1273] Building CXX object cs/CMakeFiles/cubridcs.dir/__/src/loaddb/load_object.c.o
[617/1273] Building CXX object cubrid/CMakeFiles/cubrid.dir/__/src/base/locale_support.c.o
[618/1273] Building CXX object cs/CMakeFiles/cubridcs.dir/__/src/parser/type_checking.c.o
[619/1273] Building CXX object cubrid/CMakeFiles/cubrid.dir/__/src/base/message_catalog.c.o
[620/1273] Building CXX object cubrid/CMakeFiles/cubrid.dir/__/src/base/intl_support.c.o
[621/1273] Building CXX object cs/CMakeFiles/cubridcs.dir/__/src/query/execute_statement.c.o
[622/1273] Building CXX object cubrid/CMakeFiles/cubrid.dir/__/src/base/mprec.c.o
[623/1273] Building CXX object cubrid/CMakeFiles/cubrid.dir/__/src/base/get_clock_freq.c.o
[624/1273] Building CXX object cs/CMakeFiles/cubridcs.dir/__/src/transaction/log_applier.c.o
/home/vimkim/gh/cb/CBRD-27398-pgbuf-inspector-contract/src/transaction/log_applier.c: In function ‘int la_get_copied_log_info(const char*, const char*, INT64, bool, LOG_LSA*, LOG_LSA*)’:
/home/vimkim/gh/cb/CBRD-27398-pgbuf-inspector-contract/src/transaction/log_applier.c:8374:35: warning: format ‘%ld’ expects argument of type ‘long int’, but argument 2 has type ‘int’ [-Wformat=]
 8374 |               printf ("offset:%04ld (tid:%d bck p:%lld,o:%ld frw p:%lld,o:%ld type:%d)\n", lsa.offset, lrec->trid,
      |                               ~~~~^                                                        ~~~~~~~~~~
      |                                   |                                                            |
      |                                   long int                                                     int
      |                               %04d
/home/vimkim/gh/cb/CBRD-27398-pgbuf-inspector-contract/src/transaction/log_applier.c:8374:60: warning: format ‘%ld’ expects argument of type ‘long int’, but argument 5 has type ‘int’ [-Wformat=]
 8374 |               printf ("offset:%04ld (tid:%d bck p:%lld,o:%ld frw p:%lld,o:%ld type:%d)\n", lsa.offset, lrec->trid,
      |                                                          ~~^
      |                                                            |
      |                                                            long int
      |                                                          %d
 8375 |                       (long long int) lrec->back_lsa.pageid, lrec->back_lsa.offset,
      |                                                              ~~~~~~~~~~~~~~~~~~~~~
      |                                                                             |
      |                                                                             int
/home/vimkim/gh/cb/CBRD-27398-pgbuf-inspector-contract/src/transaction/log_applier.c:8374:77: warning: format ‘%ld’ expects argument of type ‘long int’, but argument 7 has type ‘int’ [-Wformat=]
 8374 |               printf ("offset:%04ld (tid:%d bck p:%lld,o:%ld frw p:%lld,o:%ld type:%d)\n", lsa.offset, lrec->trid,
      |                                                                           ~~^
      |                                                                             |
      |                                                                             long int
      |                                                                           %d
 8375 |                       (long long int) lrec->back_lsa.pageid, lrec->back_lsa.offset,
 8376 |                       (long long int) lrec->forw_lsa.pageid, lrec->forw_lsa.offset, lrec->type);
      |                                                              ~~~~~~~~~~~~~~~~~~~~~
      |                                                                             |
      |                                                                             int
At global scope:
cc1plus: note: unrecognized command-line option ‘-Wno-template-body’ may have been intended to silence earlier diagnostics
[625/1273] Building CXX object cubrid/CMakeFiles/cubrid.dir/__/src/base/memory_hash.c.o
[626/1273] Building CXX object cs/CMakeFiles/cubridcs.dir/__/src/query/string_opfunc.c.o
[627/1273] Building CXX object cubrid/CMakeFiles/cubrid.dir/__/src/base/perf.cpp.o
[628/1273] Building CXX object cubrid/CMakeFiles/cubrid.dir/__/src/base/mem_block.cpp.o
[629/1273] Building CXX object cubrid/CMakeFiles/cubrid.dir/__/src/base/porting.c.o
[630/1273] Building CXX object cubrid/CMakeFiles/cubrid.dir/__/src/base/lockfree_hashmap.cpp.o
[631/1273] Building CXX object cubrid/CMakeFiles/cubrid.dir/__/src/base/packer.cpp.o
[632/1273] Building CXX object cubrid/CMakeFiles/cubrid.dir/__/src/base/process_util.c.o
[633/1273] Building CXX object cs/CMakeFiles/cubridcs.dir/__/src/parser/xasl_generation.c.o
[634/1273] Building CXX object cs/CMakeFiles/cubridcs.dir/__/src/loaddb/load_db.c.o
[635/1273] Building CXX object cubrid/CMakeFiles/cubrid.dir/__/src/base/release_string.c.o
[636/1273] Building CXX object cubrid/CMakeFiles/cubrid.dir/__/src/base/printer.cpp.o
[637/1273] Building CXX object cubrid/CMakeFiles/cubrid.dir/__/src/base/pinnable_buffer.cpp.o
[638/1273] Building CXX object cs/CMakeFiles/cubridcs.dir/__/src/method/method_callback.cpp.o
[639/1273] Building CXX object cubrid/CMakeFiles/cubrid.dir/__/src/base/fault_injection.c.o
[640/1273] Building CXX object cubrid/CMakeFiles/cubrid.dir/__/src/base/sha1.c.o
[641/1273] Building CXX object cs/CMakeFiles/cubridcs.dir/__/src/query/string_regex_std.cpp.o
[642/1273] Building CXX object cubrid/CMakeFiles/cubrid.dir/__/src/base/error_context.cpp.o
[643/1273] Building CXX object cs/CMakeFiles/cubridcs.dir/__/src/optimizer/histogram/histogram_cl.cpp.o
[644/1273] Building CXX object cubrid/CMakeFiles/cubrid.dir/__/src/base/memory_private_allocator.cpp.o
[645/1273] Building CXX object cubrid/CMakeFiles/cubrid.dir/__/src/base/resource_tracker.cpp.o
[646/1273] Building CXX object cubrid/CMakeFiles/cubrid.dir/__/src/base/error_manager.c.o
[647/1273] Building CXX object cubrid/CMakeFiles/cubrid.dir/__/src/base/language_support.c.o
[648/1273] Building CXX object cubrid/CMakeFiles/cubrid.dir/__/src/base/string_buffer.cpp.o
[649/1273] Building CXX object cubrid/CMakeFiles/cubrid.dir/__/src/base/tsc_timer.c.o
[650/1273] Building CXX object cubrid/CMakeFiles/cubrid.dir/__/src/base/stack_dump.c.o
[651/1273] Building CXX object cubrid/CMakeFiles/cubrid.dir/__/src/base/nonblocking.cpp.o
[652/1273] Building CXX object cubrid/CMakeFiles/cubrid.dir/__/src/base/memory_alloc.c.o
[653/1273] Building CXX object cubrid/CMakeFiles/cubrid.dir/__/src/base/unicode_support.c.o
[654/1273] Building CXX object cubrid/CMakeFiles/cubrid.dir/__/src/base/epoll.cpp.o
[655/1273] Building CXX object cubrid/CMakeFiles/cubrid.dir/__/src/base/packet_buffer.cpp.o
[656/1273] Building CXX object cubrid/CMakeFiles/cubrid.dir/__/src/base/DMRBMemoryPool.cpp.o
[657/1273] Building CXX object cubrid/CMakeFiles/cubrid.dir/__/src/base/variable_string.c.o
[658/1273] Building CXX object cubrid/CMakeFiles/cubrid.dir/__/src/base/trace_event_log.c.o
[659/1273] Building CXX object cubrid/CMakeFiles/cubrid.dir/__/src/base/uca_support.c.o
[660/1273] Building CXX object cubrid/CMakeFiles/cubrid.dir/__/src/base/util_func.c.o
[661/1273] Building CXX object cubrid/CMakeFiles/cubrid.dir/__/src/base/xml_parser.c.o
[662/1273] Building CXX object cubrid/CMakeFiles/cubrid.dir/__/src/compat/db_elo.c.o
[663/1273] Building CXX object cubrid/CMakeFiles/cubrid.dir/__/src/compat/cnv.c.o
[664/1273] Building CXX object cubrid/CMakeFiles/cubrid.dir/__/src/sp/pl_query_cursor.cpp.o
[665/1273] Building CXX object cubrid/CMakeFiles/cubrid.dir/__/src/compat/db_set.c.o
[666/1273] Building CXX object cubrid/CMakeFiles/cubrid.dir/__/src/base/filesys_parser.cpp.o
[667/1273] Building CXX object cubrid/CMakeFiles/cubrid.dir/__/src/compat/db_json_allocator.cpp.o
[668/1273] Building CXX object cubrid/CMakeFiles/cubrid.dir/__/src/base/perf_monitor_trackers.cpp.o
[669/1273] Building CXX object cs/CMakeFiles/cubridcs.dir/__/src/sp/sp_catalog.cpp.o
[670/1273] Building CXX object cubrid/CMakeFiles/cubrid.dir/__/src/connection/buffer.cpp.o
[671/1273] Building CXX object cubrid/CMakeFiles/cubrid.dir/__/src/connection/connection_list_sr.c.o
[672/1273] Building CXX object cubrid/CMakeFiles/cubrid.dir/__/src/base/cgroup.cpp.o
[673/1273] Building CXX object cubrid/CMakeFiles/cubrid.dir/__/src/connection/connection_context.cpp.o
[674/1273] Building CXX object cubrid/CMakeFiles/cubrid.dir/__/src/connection/connection_globals.c.o
[675/1273] Building CXX object cubrid/CMakeFiles/cubrid.dir/__/src/sp/pl_file.c.o
[676/1273] Building CXX object cubrid/CMakeFiles/cubrid.dir/__/src/compat/db_date.c.o
[677/1273] Building CXX object cubrid/CMakeFiles/cubrid.dir/__/load_lexer.cpp.o
[678/1273] Building CXX object cubrid/CMakeFiles/cubrid.dir/__/src/connection/transmitter.cpp.o
[679/1273] Building CXX object cubrid/CMakeFiles/cubrid.dir/__/src/compat/db_value_printer.cpp.o
[680/1273] Building CXX object cubrid/CMakeFiles/cubrid.dir/__/src/communication/network_common.cpp.o
[681/1273] Building CXX object cubrid/CMakeFiles/cubrid.dir/__/src/storage/byte_order.c.o
[682/1273] Building CXX object cubrid/CMakeFiles/cubrid.dir/__/src/connection/heartbeat.c.o
[683/1273] Building CXX object cubrid/CMakeFiles/cubrid.dir/__/src/method/method_error.cpp.o
[684/1273] Building CXX object cubrid/CMakeFiles/cubrid.dir/__/src/compat/db_macro.c.o
[685/1273] Building CXX object cubrid/CMakeFiles/cubrid.dir/__/src/heaplayers/customheaps.cpp.o
[686/1273] Building CXX object cubrid/CMakeFiles/cubrid.dir/__/src/connection/host_lookup.c.o
[687/1273] Building CXX object cubrid/CMakeFiles/cubrid.dir/__/src/base/resources.cpp.o
[688/1273] Building CXX object cubrid/CMakeFiles/cubrid.dir/__/src/connection/tcp.c.o
[689/1273] Building CXX object cubrid/CMakeFiles/cubrid.dir/__/src/method/method_query_util.cpp.o
[690/1273] Building CXX object cubrid/CMakeFiles/cubrid.dir/__/src/communication/network_callback_sr.cpp.o
[691/1273] Building CXX object cubrid/CMakeFiles/cubrid.dir/__/src/heaplayers/lea_heap.c.o
[692/1273] Building CXX object cubrid/CMakeFiles/cubrid.dir/__/src/method/method_struct_parameter_info.cpp.o
[693/1273] Building CXX object cubrid/CMakeFiles/cubrid.dir/__/src/sp/pl_comm.c.o
[694/1273] Building CXX object cubrid/CMakeFiles/cubrid.dir/__/src/executables/util_common.c.o
[695/1273] Building CXX object cubrid/CMakeFiles/cubrid.dir/__/src/connection/receiver.cpp.o
[696/1273] Building CXX object cubrid/CMakeFiles/cubrid.dir/__/src/method/method_struct_value.cpp.o
[697/1273] Building CXX object cubrid/CMakeFiles/cubrid.dir/__/src/method/method_struct_oid_info.cpp.o
[698/1273] Building CXX object cubrid/CMakeFiles/cubrid.dir/__/src/method/method_struct_schema_info.cpp.o
[699/1273] Building CXX object cubrid/CMakeFiles/cubrid.dir/__/src/sp/pl_session.cpp.o
[700/1273] Building CXX object cubrid/CMakeFiles/cubrid.dir/__/src/sp/pl_compile_handler.cpp.o
[701/1273] Building CXX object cubrid/CMakeFiles/cubrid.dir/__/src/method/query_method.cpp.o
[702/1273] Building CXX object cubrid/CMakeFiles/cubrid.dir/__/src/sp/pl_connection.cpp.o
[703/1273] Building CXX object cubrid/CMakeFiles/cubrid.dir/__/src/compat/db_json_path.cpp.o
[704/1273] Building CXX object cubrid/CMakeFiles/cubrid.dir/__/src/sp/pl_signature.cpp.o
[705/1273] Building CXX object cubrid/CMakeFiles/cubrid.dir/__/src/base/object_representation_sr.c.o
[706/1273] Building CXX object cubrid/CMakeFiles/cubrid.dir/__/src/method/method_struct_query.cpp.o
[707/1273] Building CXX object cubrid/CMakeFiles/cubrid.dir/__/src/object/elo.c.o
[708/1273] Building CXX object cubrid/CMakeFiles/cubrid.dir/__/src/object/lob_locator.cpp.o
[709/1273] Building CXX object cubrid/CMakeFiles/cubrid.dir/__/load_grammar.cpp.o
[710/1273] Building CXX object cubrid/CMakeFiles/cubrid.dir/__/src/base/perf_monitor.c.o
[711/1273] Building CXX object cubrid/CMakeFiles/cubrid.dir/__/src/connection/connection_support.cpp.o
[712/1273] Building CXX object cubrid/CMakeFiles/cubrid.dir/__/src/object/identifier_store.cpp.o
[713/1273] Building CXX object cubrid/CMakeFiles/cubrid.dir/__/src/loaddb/load_common.cpp.o
[714/1273] Building CXX object cubrid/CMakeFiles/cubrid.dir/__/src/loaddb/load_driver.cpp.o
[715/1273] Building CXX object cubrid/CMakeFiles/cubrid.dir/__/src/object/schema_information_schema.cpp.o
[716/1273] Building CXX object cubrid/CMakeFiles/cubrid.dir/__/src/connection/master_connector.cpp.o
[717/1273] Building CXX object cubrid/CMakeFiles/cubrid.dir/__/src/object/schema_system_catalog.cpp.o
[718/1273] Building CXX object cubrid/CMakeFiles/cubrid.dir/__/src/communication/network_sr.c.o
[719/1273] Building CXX object cubrid/CMakeFiles/cubrid.dir/__/src/method/method_struct_invoke.cpp.o
[720/1273] Building CXX object cubrid/CMakeFiles/cubrid.dir/__/src/loaddb/load_semantic_helper.cpp.o
[721/1273] Building CXX object cubrid/CMakeFiles/cubrid.dir/__/src/connection/connection_pool.cpp.o
[722/1273] Building CXX object cubrid/CMakeFiles/cubrid.dir/__/src/sp/pl_sr.cpp.o
[723/1273] Building CXX object cubrid/CMakeFiles/cubrid.dir/__/src/object/set_object.c.o
[724/1273] Building CXX object cubrid/CMakeFiles/cubrid.dir/__/src/base/tz_support.c.o
[725/1273] Building CXX object cubrid/CMakeFiles/cubrid.dir/__/src/base/system_parameter.c.o
[726/1273] Building CXX object cubrid/CMakeFiles/cubrid.dir/__/src/object/deduplicate_key.c.o
[727/1273] Building CXX object cubrid/CMakeFiles/cubrid.dir/__/src/monitor/monitor_transaction.cpp.o
[728/1273] Building CXX object cubrid/CMakeFiles/cubrid.dir/__/src/object/object_representation.c.o
[729/1273] Building CXX object cubrid/CMakeFiles/cubrid.dir/__/src/storage/btree_unique.cpp.o
[730/1273] Building CXX object cubrid/CMakeFiles/cubrid.dir/__/src/monitor/monitor_vacuum_ovfp_threshold.cpp.o
[731/1273] Building CXX object cubrid/CMakeFiles/cubrid.dir/__/src/sp/sp_code.cpp.o
[732/1273] Building CXX object cubrid/CMakeFiles/cubrid.dir/__/src/loaddb/load_class_registry.cpp.o
[733/1273] Building CXX object cubrid/CMakeFiles/cubrid.dir/__/src/query/numeric_opfunc.c.o
[734/1273] Building CXX object cubrid/CMakeFiles/cubrid.dir/__/src/loaddb/load_error_handler.cpp.o
[735/1273] Building CXX object cubrid/CMakeFiles/cubrid.dir/__/src/connection/connection_sr.c.o
[736/1273] Building CXX object cubrid/CMakeFiles/cubrid.dir/__/src/loaddb/load_db_value_converter.cpp.o
[737/1273] Building CXX object cubrid/CMakeFiles/cubrid.dir/__/src/object/object_domain.c.o
[738/1273] Building CXX object cubrid/CMakeFiles/cubrid.dir/__/src/connection/coordinator.cpp.o
[739/1273] Building CXX object cubrid/CMakeFiles/cubrid.dir/__/src/sp/method_invoke_group.cpp.o
[740/1273] Building CXX object cubrid/CMakeFiles/cubrid.dir/__/src/query/crypt_opfunc.c.o
[741/1273] Building CXX object cubrid/CMakeFiles/cubrid.dir/__/src/object/transform.c.o
[742/1273] Building CXX object cubrid/CMakeFiles/cubrid.dir/__/src/sp/pl_execution_stack_context.cpp.o
[743/1273] Building CXX object cubrid/CMakeFiles/cubrid.dir/__/src/query/string_regex.cpp.o
[744/1273] Building CXX object cubrid/CMakeFiles/cubrid.dir/__/src/storage/catalog_class.c.o
[745/1273] Building CXX object cubrid/CMakeFiles/cubrid.dir/__/src/method/method_scan.cpp.o
[746/1273] Building CXX object cubrid/CMakeFiles/cubrid.dir/__/src/storage/es.c.o
[747/1273] Building CXX object cubrid/CMakeFiles/cubrid.dir/__/src/storage/es_common.c.o
[748/1273] Building CXX object cubrid/CMakeFiles/cubrid.dir/__/src/query/string_regex_re2.cpp.o
[749/1273] Building CXX object cubrid/CMakeFiles/cubrid.dir/__/src/connection/connection_worker.cpp.o
[750/1273] Building CXX object cubrid/CMakeFiles/cubrid.dir/__/src/object/object_primitive.c.o
[751/1273] Building CXX object cubrid/CMakeFiles/cubrid.dir/__/src/query/regu_var.cpp.o
[752/1273] Building CXX object cubrid/CMakeFiles/cubrid.dir/__/src/storage/oos_util.cpp.o
[753/1273] Building CXX object cubrid/CMakeFiles/cubrid.dir/__/src/compat/db_json.cpp.o
[754/1273] Building CXX object cubrid/CMakeFiles/cubrid.dir/__/src/connection/server_support.c.o
[755/1273] Building CXX object cubrid/CMakeFiles/cubrid.dir/__/src/transaction/log_recovery_redo_parallel.cpp.o
[756/1273] Building CXX object cubrid/CMakeFiles/cubrid.dir/__/src/storage/oid.c.o
[757/1273] Building CXX object cubrid/CMakeFiles/cubrid.dir/__/src/sp/pl_executor.cpp.o
[758/1273] Building CXX object cubrid/CMakeFiles/cubrid.dir/__/src/query/query_reevaluation.cpp.o
[759/1273] Building CXX object cubrid/CMakeFiles/cubrid.dir/__/src/query/dblink_2pc.c.o
[760/1273] Building CXX object cubrid/CMakeFiles/cubrid.dir/__/src/query/set_scan.c.o
[761/1273] Building CXX object cubrid/CMakeFiles/cubrid.dir/__/src/loaddb/load_session.cpp.o
[762/1273] Building CXX object cubrid/CMakeFiles/cubrid.dir/__/src/storage/es_posix.c.o
[763/1273] Building CXX object cubrid/CMakeFiles/cubrid.dir/__/src/query/vacuum_oos.cpp.o
[764/1273] Building CXX object cubrid/CMakeFiles/cubrid.dir/__/src/query/subquery_cache.c.o
[765/1273] Building CXX object cubrid/CMakeFiles/cubrid.dir/__/src/loaddb/load_worker_manager.cpp.o
[766/1273] Building CXX object cubrid/CMakeFiles/cubrid.dir/__/src/loaddb/load_server_loader.cpp.o
[767/1273] Building CXX object cubrid/CMakeFiles/cubrid.dir/__/src/query/show_scan.c.o
[768/1273] Building CXX object cubrid/CMakeFiles/cubrid.dir/__/src/query/scan_json_table.cpp.o
[769/1273] Building CXX object cubrid/CMakeFiles/cubrid.dir/__/src/query/partition.c.o
[770/1273] Building CXX object cubrid/CMakeFiles/cubrid.dir/__/src/storage/statistics_ndv.c.o
[771/1273] Building CXX object cubrid/CMakeFiles/cubrid.dir/__/src/storage/storage_common.c.o
[772/1273] Building CXX object cubrid/CMakeFiles/cubrid.dir/__/src/storage/es_owfs.c.o
[773/1273] Building CXX object cubrid/CMakeFiles/cubrid.dir/__/src/query/dblink_scan.c.o
[774/1273] Building CXX object cubrid/CMakeFiles/cubrid.dir/__/src/query/query_evaluator.c.o
[775/1273] Building CXX object cubrid/CMakeFiles/cubrid.dir/__/src/query/query_aggregate.cpp.o
[776/1273] Building CXX object cubrid/CMakeFiles/cubrid.dir/__/src/query/arithmetic.c.o
[777/1273] Building CXX object cubrid/CMakeFiles/cubrid.dir/__/src/query/filter_pred_cache.c.o
[778/1273] Building CXX object cubrid/CMakeFiles/cubrid.dir/__/src/query/query_hash_scan.c.o
[779/1273] Building CXX object cubrid/CMakeFiles/cubrid.dir/__/src/storage/pgbuf_inspector_scan.cpp.o
[780/1273] Building CXX object cubrid/CMakeFiles/cubrid.dir/__/src/query/query_hash_join.c.o
[781/1273] Building CXX object cubrid/CMakeFiles/cubrid.dir/__/src/query/list_file.c.o
[782/1273] Building CXX object cubrid/CMakeFiles/cubrid.dir/__/src/query/query_manager.c.o
[783/1273] Building CXX object cubrid/CMakeFiles/cubrid.dir/__/src/query/fetch.c.o
[784/1273] Building CXX object cubrid/CMakeFiles/cubrid.dir/__/src/storage/overflow_file.c.o
[785/1273] Building CXX object cubrid/CMakeFiles/cubrid.dir/__/src/thread/critical_section_tracker.cpp.o
[786/1273] Building CXX object cubrid/CMakeFiles/cubrid.dir/__/src/storage/pgbuf_inspector_socket.cpp.o
[787/1273] Building CXX object cubrid/CMakeFiles/cubrid.dir/__/src/query/string_opfunc.c.o
[788/1273] Building CXX object cubrid/CMakeFiles/cubrid.dir/__/src/query/query_analytic.cpp.o
[789/1273] Building CXX object cubrid/CMakeFiles/cubrid.dir/__/src/communication/network_interface_sr.cpp.o
[790/1273] Building CXX object cubrid/CMakeFiles/cubrid.dir/__/src/storage/ftab_set.cpp.o
[791/1273] Building CXX object cubrid/CMakeFiles/cubrid.dir/__/src/thread/thread_worker_pool_impl.cpp.o
[792/1273] Building CXX object cubrid/CMakeFiles/cubrid.dir/__/src/thread/thread_daemon.cpp.o
[793/1273] Building CXX object cubrid/CMakeFiles/cubrid.dir/__/src/storage/record_descriptor.cpp.o
[794/1273] Building CXX object cubrid/CMakeFiles/cubrid.dir/__/src/query/query_dump.c.o
[795/1273] Building CXX object cubrid/CMakeFiles/cubrid.dir/__/src/query/stream_to_xasl.c.o
[796/1273] Building CXX object cubrid/CMakeFiles/cubrid.dir/__/src/storage/heap_oos.cpp.o
[797/1273] Building CXX object cubrid/CMakeFiles/cubrid.dir/__/src/transaction/client_credentials.cpp.o
[798/1273] Building CXX object cubrid/CMakeFiles/cubrid.dir/__/src/session/session_sr.c.o
[799/1273] Building CXX object cubrid/CMakeFiles/cubrid.dir/__/src/storage/pgbuf_inspector.cpp.o
[800/1273] Building CXX object cubrid/CMakeFiles/cubrid.dir/__/src/query/serial.c.o
[801/1273] Building CXX object cubrid/CMakeFiles/cubrid.dir/__/src/query/query_opfunc.c.o
[802/1273] Building CXX object cubrid/CMakeFiles/cubrid.dir/__/src/query/memoize.cpp.o
[803/1273] Building CXX object cubrid/CMakeFiles/cubrid.dir/__/src/storage/disk_manager.c.o
[804/1273] Building CXX object cubrid/CMakeFiles/cubrid.dir/__/src/storage/bestspace.cpp.o
[805/1273] Building CXX object cubrid/CMakeFiles/cubrid.dir/__/src/query/scan_manager.c.o
[806/1273] Building CXX object cubrid/CMakeFiles/cubrid.dir/__/src/storage/tde.c.o
[807/1273] Building CXX object cubrid/CMakeFiles/cubrid.dir/__/src/storage/extendible_hash.c.o
[808/1273] Building CXX object cubrid/CMakeFiles/cubrid.dir/__/src/thread/critical_section.c.o
[809/1273] Building CXX object cubrid/CMakeFiles/cubrid.dir/__/src/thread/thread_worker_pool_taskcap.cpp.o
[810/1273] Building CXX object cubrid/CMakeFiles/cubrid.dir/__/src/query/string_regex_std.cpp.o
[811/1273] Building CXX object cubrid/CMakeFiles/cubrid.dir/__/src/thread/thread_entry_task.cpp.o
[812/1273] Building CXX object cubrid/CMakeFiles/cubrid.dir/__/src/storage/double_write_buffer.cpp.o
[813/1273] Building CXX object cubrid/CMakeFiles/cubrid.dir/__/src/query/xasl_cache.c.o
[814/1273] Building CXX object cubrid/CMakeFiles/cubrid.dir/__/src/storage/pgbuf_inspector_protocol.cpp.o
[815/1273] Building CXX object cubrid/CMakeFiles/cubrid.dir/__/src/thread/thread_lockfree_hash_map.cpp.o
[816/1273] Building CXX object cubrid/CMakeFiles/cubrid.dir/__/src/xasl/xasl_unpack_info.cpp.o
[817/1273] Building CXX object cubrid/CMakeFiles/cubrid.dir/__/src/transaction/locator.c.o
[818/1273] Building CXX object util/CMakeFiles/csql.dir/__/src/base/cubrid_getopt_long.c.o
[819/1273] Building CXX object cubrid/CMakeFiles/cubrid.dir/__/src/transaction/log_global.c.o
[820/1273] Building CXX object util/CMakeFiles/csql.dir/__/src/base/porting.c.o
[821/1273] Building CXX object cubrid/CMakeFiles/cubrid.dir/__/src/storage/external_sort.c.o
[822/1273] Building CXX object cubrid/CMakeFiles/cubrid.dir/__/src/query/vacuum.c.o
[823/1273] Building CXX object cubrid/CMakeFiles/cubrid.dir/__/src/storage/oos_file.cpp.o
[824/1273] Building CXX object cubrid/CMakeFiles/cubrid.dir/__/src/thread/thread_manager.cpp.o
[825/1273] Building CXX object cubrid/CMakeFiles/cubrid.dir/__/src/xasl/access_json_table.cpp.o
[826/1273] Building CXX object cubrid/CMakeFiles/cubrid.dir/__/src/transaction/log_2pc.c.o
[827/1273] Building CXX object cubrid/CMakeFiles/cubrid.dir/__/src/transaction/log_comm.c.o
[828/1273] Building CXX object cubrid/CMakeFiles/cubrid.dir/__/src/storage/slotted_page.c.o
[829/1273] Building CXX object cubrid/CMakeFiles/cubrid.dir/__/src/storage/statistics_sr.c.o
[830/1273] Building CXX object cubrid/CMakeFiles/cubrid.dir/__/src/transaction/log_compress.c.o
[831/1273] Building CXX object cubrid/CMakeFiles/cubrid.dir/__/src/session/session.c.o
[832/1273] Building CXX object cubrid/CMakeFiles/cubrid.dir/__/src/transaction/log_append.cpp.o
[833/1273] Building CXX object util/CMakeFiles/csql.dir/__/src/executables/util_support.c.o
[834/1273] Building CXX object cubrid/CMakeFiles/cubrid.dir/__/src/storage/file_io.c.o
[835/1273] Building CXX object util/CMakeFiles/cubrid_rel.dir/__/src/executables/cubrid_version.c.o
[836/1273] Building CXX object cubrid/CMakeFiles/cubrid.dir/__/src/transaction/log_postpone_cache.cpp.o
[837/1273] Building CXX object util/CMakeFiles/cub_commdb.dir/__/src/executables/util_support.c.o
[838/1273] Building CXX object cubrid/CMakeFiles/cubrid.dir/__/src/storage/file_manager.c.o
[839/1273] Building C object util/CMakeFiles/gencat.dir/__/src/executables/gencat.c.o
[840/1273] Building CXX object cubrid/CMakeFiles/cubrid.dir/__/src/transaction/mvcc.c.o
[841/1273] Building CXX object cubrid/CMakeFiles/cubrid.dir/__/src/transaction/log_writer.c.o
[842/1273] Building CXX object util/CMakeFiles/cubrid-bin.dir/__/src/executables/util_support.c.o
[843/1273] Building CXX object util/CMakeFiles/cub_master.dir/__/src/executables/master_util.c.o
[844/1273] Building CXX object cubrid/CMakeFiles/cubrid.dir/__/src/query/query_executor.c.o
[845/1273] Building CXX object util/CMakeFiles/cub_admin.dir/__/src/base/cubrid_getopt_long.c.o
[846/1273] Building CXX object cubrid/CMakeFiles/cubrid.dir/__/src/transaction/log_recovery_redo.cpp.o
[847/1273] Building CXX object cubrid/CMakeFiles/cubrid.dir/__/src/transaction/mvcc_table.cpp.o
[848/1273] Building CXX object util/CMakeFiles/gencat.dir/__/src/base/porting.c.o
[849/1273] Building CXX object cubrid/CMakeFiles/cubrid.dir/__/src/thread/thread_entry.cpp.o
[850/1273] Building CXX object cubrid/CMakeFiles/cubrid.dir/__/src/transaction/mvcc_active_tran.cpp.o
[851/1273] Building CXX object cubrid/CMakeFiles/cubrid.dir/__/src/transaction/log_system_tran.cpp.o
[852/1273] Building CXX object cubrid/CMakeFiles/cubrid.dir/__/src/query/parallel/px_sort.c.o
[853/1273] Building CXX object util/CMakeFiles/cub_admin.dir/__/src/executables/util_support.c.o
[854/1273] Linking CXX executable bin/gencat
[855/1273] Building CXX object util/CMakeFiles/cub_admin.dir/__/src/base/porting.c.o
[856/1273] Building CXX object util/CMakeFiles/cub_commdb.dir/__/src/executables/master_util.c.o
[857/1273] Building CXX object util/CMakeFiles/unittests_bit.dir/__/src/executables/unittests_bit.c.o
[858/1273] Building CXX object cubrid/CMakeFiles/cubrid.dir/__/src/query/parallel/px_callable_task.cpp.o
[859/1273] Building CXX object util/CMakeFiles/csql.dir/__/src/executables/csql_launcher.c.o
[860/1273] Building CXX object cubrid/CMakeFiles/cubrid.dir/__/src/transaction/replication.c.o
[861/1273] Building CXX object util/CMakeFiles/unittests_lf.dir/__/src/executables/unittests_lf.c.o
[862/1273] Building CXX object util/CMakeFiles/cub_commdb.dir/__/src/executables/commdb.c.o
[863/1273] Building CXX object cubrid/CMakeFiles/cubrid.dir/__/src/transaction/transaction_transient.cpp.o
[864/1273] Building CXX object cubrid/CMakeFiles/cubrid.dir/__/src/transaction/recovery.c.o
[865/1273] Building CXX object cubrid-cci/cci/CMakeFiles/cascci.dir/__/src/cci/cci_net_buf.c.o
[866/1273] Building CXX object util/CMakeFiles/cub_master.dir/__/src/executables/master.c.o
[867/1273] Building CXX object cubrid/CMakeFiles/cubrid.dir/__/src/xasl/xasl_analytic.cpp.o
[868/1273] Building CXX object cubrid-cci/cci/CMakeFiles/cascci.dir/__/src/base/porting.c.o
[869/1273] Building CXX object cubrid/CMakeFiles/cubrid.dir/__/src/xasl/xasl_predicate.cpp.o
[870/1273] Building CXX object cubrid/CMakeFiles/cubrid.dir/__/src/storage/system_catalog.c.o
[871/1273] Building CXX object cubrid-cci/cci/CMakeFiles/cascci.dir/__/src/cci/cci_common.c.o
[872/1273] Building CXX object cubrid-cci/cci/CMakeFiles/cascci.dir/__/src/cci/cci_t_lob.c.o
[873/1273] Building CXX object cubrid/CMakeFiles/cubrid.dir/__/src/query/parallel/px_worker_manager.cpp.o
[874/1273] Building CXX object cubrid-cci/tools/CMakeFiles/cci_applier.dir/__/src/base/cubrid_getopt_long.c.o
[875/1273] Building CXX object util/CMakeFiles/cub_master.dir/__/src/executables/master_request.c.o
[876/1273] Building CXX object cubrid/CMakeFiles/cubrid.dir/__/src/transaction/transaction_sr.c.o
[877/1273] Building CXX object broker/CMakeFiles/cub_broker.dir/__/src/broker/broker_error.c.o
[878/1273] Building CXX object cubrid-cci/tools/CMakeFiles/cci_applier.dir/__/src/tools/cci_applier.c.o
[879/1273] Building CXX object cubrid-cci/cci/CMakeFiles/cascci.dir/__/src/cci/cci_properties.c.o
[880/1273] Building CXX object cubrid/CMakeFiles/cubrid.dir/__/src/xasl/xasl_stream.cpp.o
[881/1273] Building CXX object util/CMakeFiles/cub_admin.dir/__/src/executables/util_admin.c.o
[882/1273] Building CXX object cubrid/CMakeFiles/cubrid.dir/__/src/storage/page_buffer.c.o
[883/1273] Building CXX object cubrid/CMakeFiles/cubrid.dir/__/src/query/parallel/px_parallel.cpp.o
[884/1273] Building CXX object util/CMakeFiles/cub_pl.dir/__/src/sp/pl_sr_jvm.cpp.o
[885/1273] Building CXX object broker/CMakeFiles/cub_broker.dir/__/src/broker/broker_process_size.c.o
[886/1273] Building CXX object cubrid/CMakeFiles/cubrid.dir/__/src/query/parallel/px_hash_join/px_hash_join_spawn_manager.cpp.o
[887/1273] Building CXX object util/CMakeFiles/cubrid-bin.dir/__/src/executables/util_service.c.o
[888/1273] Building CXX object cubrid/CMakeFiles/cubrid.dir/__/src/transaction/boot_sr.c.o
[889/1273] Building CXX object cubrid/CMakeFiles/cubrid.dir/__/src/optimizer/histogram/histogram_reader.cpp.o
[890/1273] Building CXX object util/CMakeFiles/cub_master.dir/__/src/executables/master_heartbeat.c.o
[891/1273] Building CXX object cubrid-cci/cci/CMakeFiles/cascci.dir/__/src/cci/cci_network.c.o
[892/1273] Building CXX object cubrid-cci/cci/CMakeFiles/cascci.dir/__/src/cci/cci_ssl.c.o
[893/1273] Building CXX object broker/CMakeFiles/cub_broker.dir/__/src/broker/broker_max_heap.c.o
[894/1273] Building CXX object cubrid-cci/cci/CMakeFiles/cascci.dir/__/src/cci/cci_t_set.c.o
[895/1273] Building CXX object broker/CMakeFiles/cub_broker.dir/__/src/broker/broker_access_list.c.o
[896/1273] Building CXX object cubrid-cci/cci/CMakeFiles/cascci.dir/__/src/cci/cci_handle_mng.c.o
[897/1273] Building CXX object cubrid/CMakeFiles/cubrid.dir/__/src/transaction/flashback.c.o
[898/1273] Building CXX object cubrid-cci/cci/CMakeFiles/cascci.dir/__/src/cci/cas_cci.c.o
[899/1273] Building CXX object broker/CMakeFiles/cub_gateway.dir/__/src/broker/broker_access_list.c.o
[900/1273] Building CXX object broker/CMakeFiles/cub_broker.dir/__/src/broker/broker_send_fd.c.o
[901/1273] Building CXX object util/CMakeFiles/cub_pl.dir/__/src/executables/pl.cpp.o
[902/1273] Building CXX object broker/CMakeFiles/cub_gateway.dir/__/src/broker/broker_error.c.o
[903/1273] Building CXX object cubrid/CMakeFiles/cubrid.dir/__/src/query/parallel/px_scan/index/px_scan_index_overflow_chain_pool.cpp.o
[904/1273] Building CXX object broker/CMakeFiles/cub_broker.dir/__/src/broker/broker_util.c.o
[905/1273] Building CXX object cubrid-cci/cci/CMakeFiles/cascci.dir/__/src/cci/cci_map.cpp.o
[906/1273] Building CXX object broker/CMakeFiles/cub_gateway.dir/__/src/broker/broker_max_heap.c.o
[907/1273] Building CXX object broker/CMakeFiles/cub_gateway.dir/__/src/broker/broker_process_size.c.o
[908/1273] Building CXX object broker/CMakeFiles/cub_gateway.dir/__/src/broker/broker_send_fd.c.o
[909/1273] Building CXX object cubrid/CMakeFiles/cubrid.dir/__/src/optimizer/histogram/histogram_builder.cpp.o
[910/1273] Building CXX object util/CMakeFiles/cub_master.dir/__/src/executables/master_server_monitor.cpp.o
[911/1273] Building CXX object cubrid/CMakeFiles/cubrid.dir/__/src/query/parallel/px_scan/px_scan_input_handler_index.cpp.o
[912/1273] Building CXX object broker/CMakeFiles/cub_broker.dir/__/src/broker/broker_shm.c.o
[913/1273] Building CXX object broker/CMakeFiles/broker_monitor.dir/__/src/broker/broker_error.c.o
[914/1273] Building CXX object broker/CMakeFiles/broker_monitor.dir/__/src/broker/broker_max_heap.c.o
[915/1273] Building CXX object broker/CMakeFiles/broker_monitor.dir/__/src/broker/broker_process_info.c.o
[916/1273] Building CXX object broker/CMakeFiles/broker_monitor.dir/__/src/broker/broker_process_size.c.o
[917/1273] Building CXX object cubrid-cci/cci/CMakeFiles/cascci.dir/__/src/cci/cci_query_execute.c.o
[918/1273] Building CXX object cubrid/CMakeFiles/cubrid.dir/__/src/query/parallel/px_scan/px_scan_input_handler_list.cpp.o
[919/1273] Building CXX object cubrid/CMakeFiles/cubrid.dir/__/src/query/parallel/px_scan/index/px_scan_index_key_range_list.cpp.o
[920/1273] Building CXX object cubrid/CMakeFiles/cubrid.dir/__/src/query/parallel/px_scan/px_scan_slot_iterator.cpp.o
[921/1273] Building CXX object cubrid/CMakeFiles/cubrid.dir/__/src/storage/btree.c.o
[922/1273] Building CXX object broker/CMakeFiles/cub_gateway.dir/__/src/broker/broker_util.c.o
[923/1273] Building CXX object util/CMakeFiles/unittests_lf.dir/__/src/base/porting.c.o
[924/1273] Building CXX object broker/CMakeFiles/gateway_monitor.dir/__/src/broker/broker_process_size.c.o
[925/1273] Building CXX object util/CMakeFiles/unittests_lf.dir/__/src/base/memory_monitor_api.cpp.o
[926/1273] Building CXX object broker/CMakeFiles/broker_monitor.dir/__/src/broker/broker_util.c.o
[927/1273] Building CXX object broker/CMakeFiles/gateway_monitor.dir/__/src/broker/broker_process_info.c.o
[928/1273] Building CXX object broker/CMakeFiles/gateway_monitor.dir/__/src/broker/broker_error.c.o
[929/1273] Building CXX object broker/CMakeFiles/cub_broker.dir/__/src/broker/broker_proxy_conn.c.o
[930/1273] Building CXX object broker/CMakeFiles/gateway_monitor.dir/__/src/broker/broker_max_heap.c.o
[931/1273] Building CXX object broker/CMakeFiles/cub_broker.dir/__/src/broker/broker_filename.c.o
[932/1273] Building CXX object broker/CMakeFiles/cub_gateway.dir/__/src/broker/broker_shm.c.o
[933/1273] Building CXX object cubrid/CMakeFiles/cubrid.dir/__/src/query/parallel/px_worker_manager_global.cpp.o
[934/1273] Building CXX object cubrid/CMakeFiles/cubrid.dir/__/src/query/parallel/px_scan/px_scan_slot_iterator_index.cpp.o
[935/1273] Building CXX object broker/CMakeFiles/cub_broker.dir/__/src/broker/shard_shm.c.o
[936/1273] Building CXX object cubrid/CMakeFiles/cubrid.dir/__/src/transaction/log_recovery.c.o
[937/1273] Building CXX object cubrid/CMakeFiles/cubrid.dir/__/src/xasl/xasl_iteration.cpp.o
[938/1273] Building CXX object broker/CMakeFiles/broker_monitor.dir/__/src/broker/broker_shm.c.o
[939/1273] Building CXX object cubrid/CMakeFiles/cubrid.dir/__/src/transaction/locator_sr.c.o
[940/1273] Building CXX object cubrid-cci/cci/CMakeFiles/cascci.dir/__/src/cci/cci_log.cpp.o
[941/1273] Building CXX object broker/CMakeFiles/cub_broker.dir/__/src/broker/shard_metadata.c.o
[942/1273] Building CXX object broker/CMakeFiles/broker_changer.dir/__/src/broker/broker_error.c.o
[943/1273] Building CXX object broker/CMakeFiles/cub_gateway.dir/__/src/broker/broker_filename.c.o
[944/1273] Building CXX object broker/CMakeFiles/broker_changer.dir/__/src/broker/broker_process_size.c.o
[945/1273] Building CXX object cubrid/CMakeFiles/cubrid.dir/__/src/query/parallel/px_scan/px_scan_slot_iterator_list.cpp.o
[946/1273] Building CXX object cubrid/CMakeFiles/cubrid.dir/__/src/sp/pl_struct_compile.cpp.o
[947/1273] Building CXX object broker/CMakeFiles/cub_gateway.dir/__/src/broker/broker_proxy_conn.c.o
[948/1273] Building CXX object cubrid/CMakeFiles/cubrid.dir/__/src/query/parallel/px_scan/px_scan_input_handler_heap.cpp.o
[949/1273] Building CXX object cubrid/CMakeFiles/cubrid.dir/__/src/query/parallel/px_scan/index/px_scan_index_leaf_page_dispatcher.cpp.o
[950/1273] Building CXX object broker/CMakeFiles/broker_changer.dir/__/src/broker/broker_acl.c.o
[951/1273] Building CXX object broker/CMakeFiles/broker_changer.dir/__/src/broker/broker_max_heap.c.o
[952/1273] Building CXX object util/CMakeFiles/unittests_snapshot.dir/__/src/base/memory_monitor_api.cpp.o
[953/1273] Building CXX object broker/CMakeFiles/gateway_monitor.dir/__/src/broker/broker_util.c.o
[954/1273] Building CXX object broker/CMakeFiles/cubrid_broker.dir/__/src/broker/broker_error.c.o
[955/1273] Building CXX object broker/CMakeFiles/broker_changer.dir/__/src/broker/shard_key_func.c.o
[956/1273] Building CXX object broker/CMakeFiles/cub_gateway.dir/__/src/broker/shard_metadata.c.o
[957/1273] Building CXX object broker/CMakeFiles/cubrid_broker.dir/__/src/broker/broker_process_size.c.o
[958/1273] Building CXX object broker/CMakeFiles/gateway_monitor.dir/__/src/broker/broker_shm.c.o
[959/1273] Building CXX object broker/CMakeFiles/broker_monitor.dir/__/src/broker/shard_metadata.c.o
[960/1273] Building CXX object broker/CMakeFiles/broker_monitor.dir/__/src/base/util_func.c.o
[961/1273] Building CXX object broker/CMakeFiles/cubrid_broker.dir/__/src/broker/broker_max_heap.c.o
[962/1273] Building CXX object broker/CMakeFiles/cubrid_broker.dir/__/src/base/porting.c.o
[963/1273] Building CXX object broker/CMakeFiles/broker_monitor.dir/__/src/broker/broker_filename.c.o
[964/1273] Building CXX object broker/CMakeFiles/cub_gateway.dir/__/src/broker/shard_shm.c.o
[965/1273] Building CXX object broker/CMakeFiles/cub_broker.dir/__/src/broker/broker.c.o
[966/1273] Building CXX object broker/CMakeFiles/cubrid_broker.dir/__/src/broker/broker_acl.c.o
[967/1273] Building CXX object broker/CMakeFiles/cubrid_gateway.dir/__/src/broker/broker_process_size.c.o
[968/1273] Building CXX object broker/CMakeFiles/cub_gateway.dir/__/src/broker/broker.c.o
[969/1273] Building CXX object broker/CMakeFiles/broker_monitor.dir/__/src/broker/cas_util.c.o
[970/1273] Building CXX object util/CMakeFiles/unittests_area.dir/__/src/base/memory_monitor_api.cpp.o
[971/1273] Building CXX object broker/CMakeFiles/gateway_monitor.dir/__/src/base/util_func.c.o
[972/1273] Building CXX object cubrid/CMakeFiles/cubrid.dir/__/src/query/parallel/px_scan/px_scan_trace_handler.cpp.o
[973/1273] Building CXX object cubrid/CMakeFiles/cubrid.dir/__/src/transaction/lock_manager.c.o
[974/1273] Building CXX object util/CMakeFiles/unittests_area.dir/__/src/executables/unittests_area.c.o
[975/1273] Building CXX object broker/CMakeFiles/cubrid_broker.dir/__/src/broker/shard_key_func.c.o
[976/1273] Building CXX object broker/CMakeFiles/broker_changer.dir/__/src/broker/broker_util.c.o
[977/1273] Building CXX object cubrid/CMakeFiles/cubrid.dir/__/src/query/parallel/px_scan/index/px_scan_index_overflow_drain_fsm.cpp.o
[978/1273] Building CXX object broker/CMakeFiles/cubrid_gateway.dir/__/src/base/porting.c.o
[979/1273] Building CXX object broker/CMakeFiles/broker_changer.dir/__/src/broker/broker_shm.c.o
[980/1273] Building CXX object cubrid/CMakeFiles/cubrid.dir/__/src/query/parallel/px_hash_join/px_hash_join.cpp.o
[981/1273] Building CXX object broker/CMakeFiles/cubrid_gateway.dir/__/src/broker/broker_error.c.o
[982/1273] Building CXX object broker/CMakeFiles/cubrid_gateway.dir/__/src/broker/broker_max_heap.c.o
[983/1273] Building CXX object broker/CMakeFiles/broker_changer.dir/__/src/broker/broker_changer.c.o
[984/1273] Building CXX object broker/CMakeFiles/broker_monitor.dir/__/src/broker/shard_shm.c.o
[985/1273] Building CXX object util/CMakeFiles/unittests_bit.dir/__/src/base/memory_monitor_api.cpp.o
[986/1273] Building CXX object broker/CMakeFiles/gateway_monitor.dir/__/src/broker/cas_util.c.o
[987/1273] Building CXX object broker/CMakeFiles/broker_monitor.dir/__/src/broker/broker_config.c.o
[988/1273] Building CXX object broker/CMakeFiles/gateway_monitor.dir/__/src/broker/broker_filename.c.o
[989/1273] Building CXX object broker/CMakeFiles/cubrid_gateway.dir/__/src/broker/broker_acl.c.o
[990/1273] Building CXX object cubrid/CMakeFiles/cubrid.dir/__/src/storage/heap_file.c.o
[991/1273] Building CXX object util/CMakeFiles/unittests_lf.dir/__/src/base/lock_free.c.o
[992/1273] Building CXX object broker/CMakeFiles/cubrid_gateway.dir/__/src/broker/shard_key_func.c.o
[993/1273] Building CXX object broker/CMakeFiles/gateway_monitor.dir/__/src/broker/shard_shm.c.o
[994/1273] Building CXX object broker/CMakeFiles/cubrid_broker.dir/__/src/broker/broker_util.c.o
[995/1273] Building CXX object broker/CMakeFiles/gateway_monitor.dir/__/src/broker/shard_metadata.c.o
[996/1273] Building CXX object broker/CMakeFiles/broker_monitor.dir/__/src/broker/broker_monitor.c.o
[997/1273] Building CXX object broker/CMakeFiles/cas_common_lib.dir/__/src/broker/cas_sql_log2.c.o
[998/1273] Building CXX object cubrid/CMakeFiles/cubrid.dir/__/src/query/parallel/px_hash_join/px_hash_join_task_manager.cpp.o
[999/1273] Building CXX object broker/CMakeFiles/cas_common_lib.dir/__/src/broker/cas_meta.c.o
[1000/1273] Building CXX object cubrid/CMakeFiles/cubrid.dir/__/src/query/parallel/px_scan/px_scan_pre_execution_info.cpp.o
[1001/1273] Building CXX object cubrid/CMakeFiles/cubrid.dir/__/src/transaction/log_tran_table.c.o
[1002/1273] Building CXX object broker/CMakeFiles/cas_common_lib.dir/__/src/broker/cas_optimization.c.o
[1003/1273] Building CXX object cubrid/CMakeFiles/cubrid.dir/__/src/xasl/xasl_spawner.cpp.o
[1004/1273] Building CXX object broker/CMakeFiles/cas_common_lib.dir/__/src/broker/cas_network.c.o
[1005/1273] Building CXX object broker/CMakeFiles/cubrid_broker.dir/__/src/broker/broker_shm.c.o
[1006/1273] Building CXX object broker/CMakeFiles/cas_common_lib.dir/__/src/broker/cas_common_vars.c.o
[1007/1273] Building CXX object broker/CMakeFiles/broker_changer.dir/__/src/broker/broker_filename.c.o
[1008/1273] Building CXX object broker/CMakeFiles/cubrid_broker.dir/__/src/base/util_func.c.o
[1009/1273] Building CXX object broker/CMakeFiles/cubrid_gateway.dir/__/src/broker/broker_util.c.o
[1010/1273] Building CXX object cubrid/CMakeFiles/cubrid.dir/__/src/query/parallel/px_scan/index/px_scan_index_leaf_slot_walker.cpp.o
[1011/1273] Building CXX object broker/CMakeFiles/cub_cas.dir/__/src/broker/cas_schema_info.c.o
[1012/1273] Building CXX object broker/CMakeFiles/cas_common_lib.dir/__/src/broker/broker_acl.c.o
[1013/1273] Building CXX object broker/CMakeFiles/gateway_monitor.dir/__/src/broker/broker_config.c.o
[1014/1273] Building CXX object broker/CMakeFiles/broker_changer.dir/__/src/broker/shard_metadata.c.o
[1015/1273] Building CXX object broker/CMakeFiles/cub_cas.dir/__/src/broker/broker_process_size.c.o
[1016/1273] Building CXX object cubrid/CMakeFiles/cubrid.dir/__/src/query/parallel/px_query_execute/px_query_task.cpp.o
[1017/1273] Building CXX object broker/CMakeFiles/broker_changer.dir/__/src/broker/shard_shm.c.o
[1018/1273] Building CXX object broker/CMakeFiles/cubrid_gateway.dir/__/src/broker/broker_shm.c.o
[1019/1273] Building CXX object broker/CMakeFiles/cub_cas.dir/__/src/broker/broker_error.c.o
[1020/1273] Building CXX object broker/CMakeFiles/cubrid_broker.dir/__/src/broker/broker_filename.c.o
[1021/1273] Building CXX object broker/CMakeFiles/cub_cas_cgw.dir/__/src/broker/broker_error.c.o
[1022/1273] Building CXX object broker/CMakeFiles/cub_cas.dir/__/src/broker/broker_recv_fd.c.o
[1023/1273] Building CXX object broker/CMakeFiles/gateway_monitor.dir/__/src/broker/broker_monitor.c.o
[1024/1273] Building CXX object broker/CMakeFiles/cub_cas_cgw.dir/__/src/broker/broker_recv_fd.c.o
[1025/1273] Building CXX object broker/CMakeFiles/cub_cas_cgw.dir/__/src/broker/broker_process_size.c.o
[1026/1273] Building CXX object broker/CMakeFiles/cub_proxy.dir/__/src/broker/broker_error.c.o
[1027/1273] Building CXX object broker/CMakeFiles/cubrid_broker.dir/__/src/broker/shard_metadata.c.o
[1028/1273] Building CXX object broker/CMakeFiles/cubrid_gateway.dir/__/src/base/util_func.c.o
[1029/1273] Building CXX object broker/CMakeFiles/cub_proxy.dir/__/src/broker/broker_process_size.c.o
[1030/1273] Building CXX object broker/CMakeFiles/broker_changer.dir/__/src/broker/broker_config.c.o
[1031/1273] Building CXX object broker/CMakeFiles/cubrid_broker.dir/__/src/broker/broker_admin.c.o
[1032/1273] Building CXX object broker/CMakeFiles/cas_common_lib.dir/__/src/broker/broker_util.c.o
[1033/1273] Building CXX object broker/CMakeFiles/cas_common_lib.dir/__/src/broker/cas_ssl.c.o
[1034/1273] Building CXX object cubrid/CMakeFiles/cubrid.dir/__/src/transaction/log_page_buffer.c.o
[1035/1273] Building CXX object broker/CMakeFiles/cub_proxy.dir/__/src/broker/cas_meta.c.o
[1036/1273] Building CXX object broker/CMakeFiles/cubrid_broker.dir/__/src/broker/shard_shm.c.o
[1037/1273] Building CXX object broker/CMakeFiles/cub_proxy.dir/__/src/broker/shard_key_func.c.o
[1038/1273] Building CXX object broker/CMakeFiles/cubrid_gateway.dir/__/src/broker/broker_filename.c.o
[1039/1273] Building CXX object broker/CMakeFiles/cas_common_lib.dir/__/src/broker/broker_shm.c.o
[1040/1273] Building CXX object broker/CMakeFiles/cubrid_gateway.dir/__/src/broker/shard_shm.c.o
[1041/1273] Building CXX object broker/CMakeFiles/cub_proxy.dir/__/src/broker/broker_recv_fd.c.o
[1042/1273] Building CXX object broker/CMakeFiles/broker_log_runner.dir/__/src/broker/log_top_string.c.o
[1043/1273] Building CXX object broker/CMakeFiles/broker_log_converter.dir/__/src/broker/broker_log_converter.c.o
[1044/1273] Building CXX object broker/CMakeFiles/broker_log_converter.dir/__/src/broker/log_top_string.c.o
[1045/1273] Building CXX object broker/CMakeFiles/broker_log_converter.dir/__/src/broker/broker_log_util.c.o
[1046/1273] Building CXX object broker/CMakeFiles/cub_proxy.dir/__/src/broker/shard_parser.c.o
[1047/1273] Building CXX object broker/CMakeFiles/broker_tester.dir/__/src/broker/broker_error.c.o
[1048/1273] Building CXX object broker/CMakeFiles/cubrid_broker.dir/__/src/broker/broker_config.c.o
[1049/1273] Building CXX object broker/CMakeFiles/cub_proxy.dir/__/src/broker/broker_acl.c.o
[1050/1273] Building CXX object broker/CMakeFiles/cubrid_gateway.dir/__/src/broker/shard_metadata.c.o
[1051/1273] Building CXX object broker/CMakeFiles/cubrid_gateway.dir/__/src/broker/broker_admin.c.o
[1052/1273] Building CXX object broker/CMakeFiles/cas_common_lib.dir/__/src/broker/cas_util.c.o
[1053/1273] Building CXX object broker/CMakeFiles/cas_common_lib.dir/__/src/broker/cas_error.c.o
[1054/1273] Building CXX object broker/CMakeFiles/broker_log_runner.dir/__/src/broker/broker_log_util.c.o
[1055/1273] Building CXX object util/CMakeFiles/cub_server.dir/__/src/executables/server.c.o
[1056/1273] Building CXX object broker/CMakeFiles/broker_tester.dir/__/src/broker/log_top_string.c.o
[1057/1273] Building CXX object broker/CMakeFiles/cas_common_lib.dir/__/src/broker/cas_log.c.o
[1058/1273] Building CXX object broker/CMakeFiles/cub_proxy.dir/__/src/broker/broker_util.c.o
[1059/1273] Building CXX object broker/CMakeFiles/cas_common_lib.dir/__/src/broker/broker_filename.c.o
[1060/1273] Building CXX object broker/CMakeFiles/cub_proxy.dir/__/src/broker/broker_shm.c.o
[1061/1273] Building CXX object broker/CMakeFiles/cas_common_lib.dir/__/src/broker/cas_handle.c.o
[1062/1273] Building CXX object broker/CMakeFiles/broker_log_top.dir/__/src/broker/cas_query_info.c.o
[1063/1273] Building CXX object broker/CMakeFiles/broker_log_top.dir/__/src/broker/broker_log_time.c.o
[1064/1273] Building CXX object broker/CMakeFiles/cas_common_lib.dir/__/src/broker/cas_common_function.c.o
[1065/1273] Building CXX object broker/CMakeFiles/cas_common_lib.dir/__/src/broker/cas_net_buf.c.o
[1066/1273] Building CXX object broker/CMakeFiles/broker_log_top.dir/__/src/broker/broker_log_top.c.o
[1067/1273] Building CXX object broker/CMakeFiles/broker_log_top.dir/__/src/broker/broker_log_sql_list.c.o
[1068/1273] Building CXX object broker/CMakeFiles/cas_common_lib.dir/__/src/broker/cas_common_execute.c.o
[1069/1273] Building CXX object cubrid/CMakeFiles/cubrid.dir/__/src/query/parallel/px_thread_safe_queue.cpp.o
[1070/1273] Building CXX object broker/CMakeFiles/cubrid_gateway.dir/__/src/broker/broker_config.c.o
[1071/1273] Generating utils.cat for en_US.utf8
[1072/1273] Building CXX object broker/CMakeFiles/broker_log_top.dir/__/src/broker/broker_error.c.o
[1073/1273] Building CXX object broker/CMakeFiles/broker_changer.dir/__/src/broker/broker_admin_pub.c.o
[1074/1273] Building CXX object broker/CMakeFiles/broker_log_top.dir/__/src/broker/broker_log_util.c.o
[1075/1273] Generating csql.cat for en_US.utf8
[1076/1273] Building CXX object cubrid/CMakeFiles/cubrid.dir/__/src/transaction/log_manager.c.o
[1077/1273] Building CXX object broker/CMakeFiles/broker_log_top.dir/__/src/broker/broker_log_top_tran.c.o
[1078/1273] Generating cubrid.cat for en_US.utf8
[1079/1273] Generating csql.cat for en_US
[1080/1273] Building CXX object broker/CMakeFiles/broker_tester.dir/__/src/broker/broker_tester.c.o
[1081/1273] Generating utils.cat for en_US
[1082/1273] Building CXX object broker/CMakeFiles/cub_proxy.dir/__/src/broker/shard_proxy.c.o
[1083/1273] Building CXX object broker/CMakeFiles/broker_log_top.dir/__/src/broker/log_top_string.c.o
[1084/1273] Generating csql.cat for ko_KR.utf8
[1085/1273] Generating utils.cat for ko_KR.utf8
[1086/1273] Generating utils.cat for ko_KR.euckr
[1087/1273] Generating cubrid.cat for en_US
[1088/1273] Generating csql.cat for ko_KR.euckr
[1089/1273] Building CXX object cubrid/CMakeFiles/cubrid.dir/__/src/query/parallel/px_query_execute/px_query_executor.cpp.o
[1090/1273] Building CXX object broker/CMakeFiles/cubrid_replay.dir/__/src/broker/broker_log_util.c.o
[1091/1273] Generating cubrid.cat for ko_KR.utf8
[1092/1273] Building CXX object broker/CMakeFiles/brokeradmin.dir/__/src/broker/broker_max_heap.c.o
[1093/1273] Generating cubrid.cat for ko_KR.euckr
[1094/1273] Building CXX object broker/CMakeFiles/brokeradmin.dir/__/src/broker/broker_error.c.o
[1095/1273] Building CXX object broker/CMakeFiles/cubrid_replay.dir/__/src/broker/log_top_string.c.o
[1096/1273] Building CXX object broker/CMakeFiles/cub_cas.dir/__/src/broker/cas_str_like.c.o
[1097/1273] Building CXX object broker/CMakeFiles/cub_proxy.dir/__/src/broker/broker_filename.c.o
[1098/1273] Performing update step for 'catch2'
[1099/1273] Building CXX object broker/CMakeFiles/cub_cas.dir/__/src/broker/cas_xa.c.o
[1100/1273] Building CXX object broker/CMakeFiles/broker_tester.dir/__/src/broker/broker_util.c.o
[1101/1273] Building CXX object broker/CMakeFiles/brokeradmin.dir/__/src/broker/broker_process_size.c.o
[1102/1273] No patch step for 'catch2'
[1103/1273] Building CXX object broker/CMakeFiles/brokeradmin.dir/__/src/broker/broker_process_info.c.o
[1104/1273] Building CXX object broker/CMakeFiles/broker_log_runner.dir/__/src/broker/cas_runner.c.o
[1105/1273] Building CXX object broker/CMakeFiles/cub_proxy.dir/__/src/broker/shard_proxy_queue.c.o
[1106/1273] Building CXX object cm_common/CMakeFiles/cmstat.dir/__/src/cm_common/cm_errmsg.c.o
[1107/1273] Building CXX object cubrid/CMakeFiles/cubrid.dir/__/src/query/parallel/px_scan/px_scan_result_handler.cpp.o
[1108/1273] Building CXX object broker/CMakeFiles/brokeradmin.dir/__/src/broker/shard_key_func.c.o
[1109/1273] Building CXX object broker/CMakeFiles/broker_tester.dir/__/src/broker/broker_shm.c.o
[1110/1273] Building CXX object broker/CMakeFiles/cubrid_broker.dir/__/src/broker/broker_admin_pub.c.o
[1111/1273] Building CXX object broker/CMakeFiles/cub_proxy.dir/__/src/broker/shard_metadata.c.o
[1112/1273] Building CXX object broker/CMakeFiles/cub_proxy.dir/__/src/broker/shard_statement.c.o
[1113/1273] Performing configure step for 'catch2'
loading initial cache file /home/vimkim/gh/cb/CBRD-27398-pgbuf-inspector-contract/build_preset_debug_gcc/unit_tests/catch2-prefix/tmp/catch2-cache-Debug.cmake
-- Configuring done (0.1s)
-- Generating done (0.0s)
-- Build files have been written to: /home/vimkim/gh/cb/CBRD-27398-pgbuf-inspector-contract/build_preset_debug_gcc/unit_tests/catch2-prefix/src/catch2-build
[1114/1273] Building CXX object broker/CMakeFiles/broker_log_top.dir/__/src/broker/broker_util.c.o
[1115/1273] Building CXX object cubrid/CMakeFiles/cubrid.dir/__/src/query/parallel/px_scan/px_scan.cpp.o
[1116/1273] Building CXX object broker/CMakeFiles/brokeradmin.dir/__/src/broker/broker_acl.c.o
[1117/1273] Building CXX object broker/CMakeFiles/cub_proxy.dir/__/src/broker/shard_shm.c.o
[1118/1273] Performing build step for 'catch2'
ninja: no work to do.
[1119/1273] Building CXX object cubrid/CMakeFiles/cubrid.dir/__/src/query/parallel/px_scan/px_scan_task.cpp.o
[1120/1273] Building CXX object cm_common/CMakeFiles/cmstat.dir/__/src/cm_common/cm_broker_admin.c.o
[1121/1273] No install step for 'catch2'
[1122/1273] Building CXX object broker/CMakeFiles/cub_proxy.dir/__/src/broker/cas_util.c.o
[1123/1273] Building CXX object broker/CMakeFiles/cub_proxy.dir/__/src/broker/shard_proxy_log.c.o
[1124/1273] Building CXX object broker/CMakeFiles/broker_tester.dir/__/src/broker/broker_filename.c.o
[1125/1273] Building CXX object broker/CMakeFiles/cubrid_gateway.dir/__/src/broker/broker_admin_pub.c.o
[1126/1273] Building CXX object broker/CMakeFiles/cub_proxy.dir/__/src/broker/shard_proxy_handler.c.o
[1127/1273] Building CXX object broker/CMakeFiles/cub_proxy.dir/__/src/broker/cas_net_buf.c.o
[1128/1273] Completed 'catch2'
[1129/1273] Building CXX object broker/CMakeFiles/broker_log_top.dir/__/src/broker/broker_shm.c.o
[1130/1273] Building CXX object broker/CMakeFiles/brokeradmin.dir/__/src/broker/broker_util.c.o
[1131/1273] Building CXX object broker/CMakeFiles/cub_proxy.dir/__/src/broker/shard_proxy_io.c.o
[1132/1273] Building CXX object broker/CMakeFiles/cas_cgw_lib.dir/__/src/broker/cas_cgw_odbc.c.o
[1133/1273] Building CXX object broker/CMakeFiles/brokeradmin.dir/__/src/broker/broker_shm.c.o
[1134/1273] Building CXX object broker/CMakeFiles/broker_tester.dir/__/src/broker/shard_metadata.c.o
[1135/1273] Building CXX object broker/CMakeFiles/broker_tester.dir/__/src/broker/shard_shm.c.o
[1136/1273] Building CXX object cm_common/CMakeFiles/cmdep.dir/__/src/cm_common/cm_utils.c.o
[1137/1273] Building CXX object broker/CMakeFiles/cub_proxy.dir/__/src/broker/shard_proxy_function.c.o
[1138/1273] Building CXX object broker/CMakeFiles/broker_log_top.dir/__/src/broker/shard_metadata.c.o
[1139/1273] Building CXX object cm_common/CMakeFiles/cmstat.dir/__/src/cm_common/cm_utils.c.o
[1140/1273] Building CXX object cm_common/CMakeFiles/cmstat.dir/__/src/cm_common/cm_mem_cpu_stat.c.o
[1141/1273] Building CXX object broker/CMakeFiles/broker_log_top.dir/__/src/broker/broker_filename.c.o
[1142/1273] Building CXX object broker/CMakeFiles/cubrid_replay.dir/__/src/broker/broker_log_replay.c.o
[1143/1273] Building CXX object broker/CMakeFiles/broker_log_top.dir/__/src/broker/shard_shm.c.o
[1144/1273] Building CXX object broker/CMakeFiles/brokeradmin.dir/__/src/broker/broker_admin_so.c.o
[1145/1273] Building CXX object broker/CMakeFiles/broker_tester.dir/__/src/broker/broker_config.c.o
[1146/1273] Building CXX object broker/CMakeFiles/brokeradmin.dir/__/src/broker/broker_filename.c.o
[1147/1273] Building CXX object broker/CMakeFiles/brokeradmin.dir/__/src/broker/shard_shm.c.o
[1148/1273] Building CXX object timezones/CMakeFiles/gen_timezone.dir/__/src/executables/generate_timezone.cpp.o
[1149/1273] Building CXX object broker/CMakeFiles/brokeradmin.dir/__/src/broker/shard_metadata.c.o
[1150/1273] Building CXX object cm_common/CMakeFiles/cub_sainfo.dir/__/src/cm_common/cm_class_info_sa.c.o
[1151/1273] Building CXX object cm_common/CMakeFiles/cub_jobsa.dir/__/src/cm_common/cm_class_info_sa.c.o
[1152/1273] Building CXX object util/CMakeFiles/unittests_snapshot.dir/__/src/executables/unittests_snapshot.c.o
[1153/1273] Building CXX object broker/CMakeFiles/broker_log_top.dir/__/src/broker/broker_config.c.o
[1154/1273] Building CXX object broker/CMakeFiles/cubrid_replay.dir/__/src/base/filesys_temp.cpp.o
[1155/1273] Building CXX object broker/CMakeFiles/brokeradmin.dir/__/src/broker/broker_config.c.o
[1156/1273] Building CXX object unit_tests/common/CMakeFiles/test_common.dir/test_perf_compare.cpp.o
[1157/1273] Building CXX object broker/CMakeFiles/brokeradmin.dir/__/src/broker/broker_admin_pub.c.o
[1158/1273] Building CXX object util/CMakeFiles/loadjava.dir/__/src/executables/loadjava.cpp.o
[1159/1273] Linking CXX static library unit_tests/common/libtest_common.a
[1160/1273] Building CXX object unit_tests/pgbuf_inspector/CMakeFiles/test_pgbuf_inspector.dir/__/__/src/storage/pgbuf_inspector_scan.cpp.o
[1161/1273] Building CXX object broker/CMakeFiles/cub_cas.dir/__/src/broker/cas_function.c.o
[1162/1273] Building CXX object broker/CMakeFiles/cas_cgw_lib.dir/__/src/broker/cas_cgw_function.c.o
[1163/1273] Building CXX object cubrid-cci/cci/CMakeFiles/cascci.dir/__/src/cci/cci_util.c.o
[1164/1273] Building CXX object unit_tests/pgbuf_inspector/CMakeFiles/test_pgbuf_inspector.dir/__/__/src/storage/pgbuf_inspector_socket.cpp.o
[1165/1273] Building CXX object broker/CMakeFiles/cub_cas.dir/__/src/broker/cas.c.o
[1166/1273] Building CXX object broker/CMakeFiles/cas_cgw_lib.dir/__/src/broker/cas_cgw_execute.c.o
[1167/1273] Building CXX object broker/CMakeFiles/cub_cas_cgw.dir/__/src/broker/cas_cgw.c.o
[1168/1273] Building CXX object broker/CMakeFiles/cas_common_lib.dir/__/src/base/ddl_log.c.o
[1169/1273] Building CXX object broker/CMakeFiles/cas_common_lib.dir/__/src/broker/cas_common_main.c.o
[1170/1273] Building CXX object unit_tests/oos/CMakeFiles/test_oos_tde_gate.dir/test_oos_tde_gate.cpp.o
[1171/1273] Linking CXX shared library cubrid-cci/cci/libcascci.so.11.2
[1172/1273] Creating library symlink cubrid-cci/cci/libcascci.so
[1173/1273] Linking CXX executable bin/cci_applier
[1174/1273] Building CXX object unit_tests/oos/CMakeFiles/test_oos_record_flags.dir/test_oos_record_flags.cpp.o
[1175/1273] Building CXX object unit_tests/pgbuf_inspector/CMakeFiles/pgbuf_inspector_corpus_generator.dir/__/__/src/storage/pgbuf_inspector_protocol.cpp.o
[1176/1273] Building CXX object cm_common/CMakeFiles/cmdep.dir/__/src/cm_common/cm_dep_tasks.c.o
[1177/1273] Building CXX object unit_tests/oos/CMakeFiles/test_oos_remove_file.dir/test_oos_remove_file.cpp.o
[1178/1273] Building CXX object unit_tests/pgbuf_inspector/CMakeFiles/test_pgbuf_inspector.dir/__/__/src/storage/pgbuf_inspector_protocol.cpp.o
[1179/1273] Building CXX object broker/CMakeFiles/cub_cas.dir/__/src/broker/cas_execute.c.o
[1180/1273] Building CXX object unit_tests/oos/CMakeFiles/test_oos_delete.dir/test_oos_delete.cpp.o
[1181/1273] Linking CXX executable bin/pgbuf_inspector_corpus_generator
[1182/1273] Building CXX object unit_tests/pgbuf_inspector/CMakeFiles/pgbuf_inspector_fixture.dir/pgbuf_inspector_fixture.cpp.o
[1183/1273] Linking CXX executable bin/test_pgbuf_inspector
[1184/1273] Building CXX object unit_tests/oos/sql/CMakeFiles/test_oos_sql_bigone.dir/test_oos_sql_bigone.cpp.o
[1185/1273] Building CXX object unit_tests/oos/CMakeFiles/test_oos.dir/test_oos.cpp.o
[1186/1273] Building CXX object unit_tests/oos/sql/CMakeFiles/test_oos_sql_visible_version.dir/test_oos_sql_visible_version.cpp.o
[1187/1273] Building CXX object unit_tests/oos/sql/CMakeFiles/test_oos_sql_ddl.dir/test_oos_sql_ddl.cpp.o
[1188/1273] Building CXX object unit_tests/oos/sql/CMakeFiles/test_oos_sql_boundary.dir/test_oos_sql_boundary.cpp.o
[1189/1273] Building CXX object unit_tests/oos/sql/CMakeFiles/test_oos_sql_delete.dir/test_oos_sql_delete.cpp.o
[1190/1273] Building CXX object unit_tests/oos/sql/CMakeFiles/test_oos_sql_crud.dir/test_oos_sql_crud.cpp.o
[1191/1273] Building CXX object unit_tests/oos/sql/CMakeFiles/test_oos_sql_update_delete.dir/test_oos_sql_update_delete.cpp.o
[1192/1273] Building CXX object unit_tests/oos/sql/CMakeFiles/test_oos_sql_txn.dir/test_oos_sql_txn.cpp.o
[1193/1273] Building CXX object unit_tests/oos/sql/CMakeFiles/test_oos_sql_eager_cleanup.dir/test_oos_sql_eager_cleanup.cpp.o
[1194/1273] Building CXX object cubrid/CMakeFiles/cubrid.dir/__/src/optimizer/histogram/histogram_sampler_sr.cpp.o
[1195/1273] Building CXX object unit_tests/oos/CMakeFiles/test_oos_bestspace.dir/test_oos_bestspace.cpp.o
[1196/1273] Building CXX object unit_tests/oos/sql/CMakeFiles/test_oos_sql_show.dir/test_oos_sql_show.cpp.o
[1197/1273] Building CXX object unit_tests/oos/sql/CMakeFiles/test_oos_sql_storage.dir/test_oos_sql_storage.cpp.o
[1198/1273] Building CXX object unit_tests/oos/CMakeFiles/test_oos_remove_file_server.dir/test_oos_remove_file_server.cpp.o
[1199/1273] Building CXX object unit_tests/oos/CMakeFiles/test_oos_delete_server.dir/test_oos_delete_server.cpp.o
[1200/1273] Building CXX object unit_tests/oos/CMakeFiles/test_oos_mock_vacuum_server.dir/test_oos_mock_vacuum_server.cpp.o
[1201/1273] Linking CXX shared library cs/libcubridcs.so.11.5
[1202/1273] Creating library symlink cs/libcubridcs.so
[1203/1273] Linking CXX static library broker/libcas_common_lib.a
[1204/1273] Linking CXX executable bin/broker_log_converter
[1205/1273] Linking CXX executable bin/broker_log_runner
[1206/1273] Linking CXX executable bin/cub_commdb
[1207/1273] Building CXX object unit_tests/oos/CMakeFiles/test_oos_vacuum_server.dir/test_oos_vacuum_server.cpp.o
[1208/1273] Linking CXX executable bin/cubrid_replay
[1209/1273] Linking CXX executable bin/cub_broker
[1210/1273] Linking CXX executable bin/cub_gateway
[1211/1273] Linking CXX shared library cm_common/libcmdep.so.11.5
[1212/1273] Linking CXX executable bin/cub_master
[1213/1273] Linking CXX executable bin/broker_tester
[1214/1273] Linking CXX executable bin/cubrid_broker
[1215/1273] Creating library symlink cm_common/libcmdep.so
[1216/1273] Linking CXX executable bin/broker_log_top
[1217/1273] Linking CXX shared library broker/libbrokeradmin.so.11.5
[1218/1273] Linking CXX executable bin/broker_changer
[1219/1273] Linking CXX executable bin/broker_monitor
[1220/1273] Linking CXX static library broker/libcas_cgw_lib.a
[1221/1273] Linking CXX executable bin/cub_proxy
[1222/1273] Linking CXX executable bin/gateway_monitor
[1223/1273] Linking CXX executable bin/cubrid_gateway
[1224/1273] Creating library symlink broker/libbrokeradmin.so
[1225/1273] Linking CXX shared library cm_common/libcmstat.so.11.5
[1226/1273] Creating library symlink cm_common/libcmstat.so
[1227/1273] Linking CXX executable bin/cub_cas
[1228/1273] Linking CXX executable bin/cub_cas_cgw
[1229/1273] Building CXX object unit_tests/oos/CMakeFiles/test_oos_real_vacuum_server.dir/test_oos_real_vacuum_server.cpp.o
[1230/1273] Building CXX object unit_tests/oos/CMakeFiles/test_oos_server.dir/test_oos_server.cpp.o
[1231/1273] Linking CXX shared library sa/libcubridsa.so.11.5
[1232/1273] Creating library symlink sa/libcubridsa.so
[1233/1273] Linking CXX executable bin/cub_admin
[1234/1273] Linking CXX executable bin/csql
[1235/1273] Linking CXX executable bin/cubrid
[1236/1273] Linking CXX executable bin/cubrid_rel
[1237/1273] Linking CXX executable bin/gen_timezone
[1238/1273] Linking CXX executable bin/cub_jobsa
[1239/1273] Linking CXX executable bin/cub_sainfo
[1240/1273] Linking CXX executable bin/loadjava
[1241/1273] Linking CXX executable bin/cub_pl
[1242/1273] Linking CXX executable bin/test_oos_record_flags
[1243/1273] Linking CXX executable bin/test_oos_tde_gate
[1244/1273] Linking CXX executable bin/test_oos_sql_visible_version
[1245/1273] Linking CXX executable bin/test_byte_span_writer
[1246/1273] Linking CXX executable bin/test_oos_delete
[1247/1273] Linking CXX executable bin/test_oos_sql_show
[1248/1273] Linking CXX executable bin/test_oos_sql_bigone
[1249/1273] Linking CXX executable bin/test_oos_remove_file
[1250/1273] Linking CXX executable bin/test_oos_sql_ddl
[1251/1273] Linking CXX executable bin/test_oos_sql_txn
[1252/1273] Linking CXX executable bin/test_oos
[1253/1273] Linking CXX executable bin/test_oos_sql_update_delete
[1254/1273] Linking CXX executable bin/test_oos_sql_crud
[1255/1273] Linking CXX executable bin/test_oos_sql_boundary
[1256/1273] Linking CXX executable bin/test_oos_sql_eager_cleanup
[1257/1273] Linking CXX executable bin/test_oos_sql_delete
[1258/1273] Linking CXX executable bin/test_oos_bestspace
[1259/1273] Linking CXX executable bin/test_oos_sql_storage
[1260/1273] Linking CXX shared library cubrid/libcubrid.so.11.5
[1261/1273] Creating library symlink cubrid/libcubrid.so
[1262/1273] Linking CXX executable bin/cub_server
[1263/1273] Linking CXX executable bin/pgbuf_inspector_fixture
[1264/1273] Linking CXX executable bin/unittests_bit
[1265/1273] Linking CXX executable bin/unittests_area
[1266/1273] Linking CXX executable bin/unittests_lf
[1267/1273] Linking CXX executable bin/unittests_snapshot
[1268/1273] Linking CXX executable bin/test_oos_real_vacuum_server
[1269/1273] Linking CXX executable bin/test_oos_delete_server
[1270/1273] Linking CXX executable bin/test_oos_mock_vacuum_server
[1271/1273] Linking CXX executable bin/test_oos_remove_file_server
[1272/1273] Linking CXX executable bin/test_oos_server
[1273/1273] Linking CXX executable bin/test_oos_vacuum_server
-- Install configuration: "Debug"
-- Installing: /home/vimkim/.cub/install/CBRD-27398-pgbuf-inspector-contract/debug_gcc/vm/pl_server.jar
-- Up-to-date: /home/vimkim/.cub/install/CBRD-27398-pgbuf-inspector-contract/debug_gcc/vm/logging.properties
-- Installing: /home/vimkim/.cub/install/CBRD-27398-pgbuf-inspector-contract/debug_gcc/lib/libcubridsa.so.11.5
-- Set runtime path of "/home/vimkim/.cub/install/CBRD-27398-pgbuf-inspector-contract/debug_gcc/lib/libcubridsa.so.11.5" to "/home/vimkim/.cub/install/CBRD-27398-pgbuf-inspector-contract/debug_gcc/lib"
-- Up-to-date: /home/vimkim/.cub/install/CBRD-27398-pgbuf-inspector-contract/debug_gcc/lib/libcubridsa.so
-- Installing: /home/vimkim/.cub/install/CBRD-27398-pgbuf-inspector-contract/debug_gcc/lib/libcubridcs.so.11.5
-- Set runtime path of "/home/vimkim/.cub/install/CBRD-27398-pgbuf-inspector-contract/debug_gcc/lib/libcubridcs.so.11.5" to "/home/vimkim/.cub/install/CBRD-27398-pgbuf-inspector-contract/debug_gcc/lib"
-- Up-to-date: /home/vimkim/.cub/install/CBRD-27398-pgbuf-inspector-contract/debug_gcc/lib/libcubridcs.so
-- Installing: /home/vimkim/.cub/install/CBRD-27398-pgbuf-inspector-contract/debug_gcc/lib/libcubrid.so.11.5
-- Set runtime path of "/home/vimkim/.cub/install/CBRD-27398-pgbuf-inspector-contract/debug_gcc/lib/libcubrid.so.11.5" to "/home/vimkim/.cub/install/CBRD-27398-pgbuf-inspector-contract/debug_gcc/lib"
-- Up-to-date: /home/vimkim/.cub/install/CBRD-27398-pgbuf-inspector-contract/debug_gcc/lib/libcubrid.so
-- Up-to-date: /home/vimkim/.cub/install/CBRD-27398-pgbuf-inspector-contract/debug_gcc/include/dbi.h
-- Up-to-date: /home/vimkim/.cub/install/CBRD-27398-pgbuf-inspector-contract/debug_gcc/include/dbtran_def.h
-- Up-to-date: /home/vimkim/.cub/install/CBRD-27398-pgbuf-inspector-contract/debug_gcc/include/dbtype_def.h
-- Up-to-date: /home/vimkim/.cub/install/CBRD-27398-pgbuf-inspector-contract/debug_gcc/include/db_set_function.h
-- Up-to-date: /home/vimkim/.cub/install/CBRD-27398-pgbuf-inspector-contract/debug_gcc/include/dbtype_function.h
-- Up-to-date: /home/vimkim/.cub/install/CBRD-27398-pgbuf-inspector-contract/debug_gcc/include/db_date.h
-- Up-to-date: /home/vimkim/.cub/install/CBRD-27398-pgbuf-inspector-contract/debug_gcc/include/db_elo.h
-- Up-to-date: /home/vimkim/.cub/install/CBRD-27398-pgbuf-inspector-contract/debug_gcc/include/cache_time.h
-- Up-to-date: /home/vimkim/.cub/install/CBRD-27398-pgbuf-inspector-contract/debug_gcc/include/error_code.h
-- Up-to-date: /home/vimkim/.cub/install/CBRD-27398-pgbuf-inspector-contract/debug_gcc/include/cubrid_log.h
-- Up-to-date: /home/vimkim/.cub/install/CBRD-27398-pgbuf-inspector-contract/debug_gcc/include/cm_stat.h
-- Installing: /home/vimkim/.cub/install/CBRD-27398-pgbuf-inspector-contract/debug_gcc/bin/csql
-- Set runtime path of "/home/vimkim/.cub/install/CBRD-27398-pgbuf-inspector-contract/debug_gcc/bin/csql" to "/home/vimkim/.cub/install/CBRD-27398-pgbuf-inspector-contract/debug_gcc/lib"
-- Installing: /home/vimkim/.cub/install/CBRD-27398-pgbuf-inspector-contract/debug_gcc/bin/cub_master
-- Set runtime path of "/home/vimkim/.cub/install/CBRD-27398-pgbuf-inspector-contract/debug_gcc/bin/cub_master" to "/home/vimkim/.cub/install/CBRD-27398-pgbuf-inspector-contract/debug_gcc/lib"
-- Installing: /home/vimkim/.cub/install/CBRD-27398-pgbuf-inspector-contract/debug_gcc/bin/cub_server
-- Set runtime path of "/home/vimkim/.cub/install/CBRD-27398-pgbuf-inspector-contract/debug_gcc/bin/cub_server" to "/home/vimkim/.cub/install/CBRD-27398-pgbuf-inspector-contract/debug_gcc/lib"
-- Installing: /home/vimkim/.cub/install/CBRD-27398-pgbuf-inspector-contract/debug_gcc/bin/cubrid
-- Set runtime path of "/home/vimkim/.cub/install/CBRD-27398-pgbuf-inspector-contract/debug_gcc/bin/cubrid" to "/home/vimkim/.cub/install/CBRD-27398-pgbuf-inspector-contract/debug_gcc/lib"
-- Installing: /home/vimkim/.cub/install/CBRD-27398-pgbuf-inspector-contract/debug_gcc/bin/cub_commdb
-- Set runtime path of "/home/vimkim/.cub/install/CBRD-27398-pgbuf-inspector-contract/debug_gcc/bin/cub_commdb" to "/home/vimkim/.cub/install/CBRD-27398-pgbuf-inspector-contract/debug_gcc/lib"
-- Installing: /home/vimkim/.cub/install/CBRD-27398-pgbuf-inspector-contract/debug_gcc/bin/cubrid_rel
-- Set runtime path of "/home/vimkim/.cub/install/CBRD-27398-pgbuf-inspector-contract/debug_gcc/bin/cubrid_rel" to "/home/vimkim/.cub/install/CBRD-27398-pgbuf-inspector-contract/debug_gcc/lib"
-- Installing: /home/vimkim/.cub/install/CBRD-27398-pgbuf-inspector-contract/debug_gcc/bin/loadjava
-- Set runtime path of "/home/vimkim/.cub/install/CBRD-27398-pgbuf-inspector-contract/debug_gcc/bin/loadjava" to "/home/vimkim/.cub/install/CBRD-27398-pgbuf-inspector-contract/debug_gcc/lib"
-- Installing: /home/vimkim/.cub/install/CBRD-27398-pgbuf-inspector-contract/debug_gcc/bin/cub_pl
-- Set runtime path of "/home/vimkim/.cub/install/CBRD-27398-pgbuf-inspector-contract/debug_gcc/bin/cub_pl" to "/home/vimkim/.cub/install/CBRD-27398-pgbuf-inspector-contract/debug_gcc/lib"
-- Installing: /home/vimkim/.cub/install/CBRD-27398-pgbuf-inspector-contract/debug_gcc/bin/cub_admin
-- Set runtime path of "/home/vimkim/.cub/install/CBRD-27398-pgbuf-inspector-contract/debug_gcc/bin/cub_admin" to "/home/vimkim/.cub/install/CBRD-27398-pgbuf-inspector-contract/debug_gcc/lib"
-- Installing: /home/vimkim/.cub/install/CBRD-27398-pgbuf-inspector-contract/debug_gcc/cci/lib/libcascci.so.11.2
-- Set runtime path of "/home/vimkim/.cub/install/CBRD-27398-pgbuf-inspector-contract/debug_gcc/cci/lib/libcascci.so.11.2" to "/home/vimkim/.cub/install/CBRD-27398-pgbuf-inspector-contract/debug_gcc/lib"
-- Up-to-date: /home/vimkim/.cub/install/CBRD-27398-pgbuf-inspector-contract/debug_gcc/cci/lib/libcascci.so
-- Up-to-date: /home/vimkim/.cub/install/CBRD-27398-pgbuf-inspector-contract/debug_gcc/cci/include/cas_cci.h
-- Up-to-date: /home/vimkim/.cub/install/CBRD-27398-pgbuf-inspector-contract/debug_gcc/cci/include/compat_dbtran_def.h
-- Up-to-date: /home/vimkim/.cub/install/CBRD-27398-pgbuf-inspector-contract/debug_gcc/cci/include/broker_cas_error.h
-- Up-to-date: /home/vimkim/.cub/install/CBRD-27398-pgbuf-inspector-contract/debug_gcc/include/cas_cci.h
-- Up-to-date: /home/vimkim/.cub/install/CBRD-27398-pgbuf-inspector-contract/debug_gcc/include/broker_cas_error.h
-- Up-to-date: /home/vimkim/.cub/install/CBRD-27398-pgbuf-inspector-contract/debug_gcc/include/compat_dbtran_def.h
-- Up-to-date: /home/vimkim/.cub/install/CBRD-27398-pgbuf-inspector-contract/debug_gcc/lib/libcascci.so
-- Up-to-date: /home/vimkim/.cub/install/CBRD-27398-pgbuf-inspector-contract/debug_gcc/lib/libcascci.so.11.2
-- Installing: /home/vimkim/.cub/install/CBRD-27398-pgbuf-inspector-contract/debug_gcc/bin/cci_applier
-- Set runtime path of "/home/vimkim/.cub/install/CBRD-27398-pgbuf-inspector-contract/debug_gcc/bin/cci_applier" to "/home/vimkim/.cub/install/CBRD-27398-pgbuf-inspector-contract/debug_gcc/lib"
-- Installing: /home/vimkim/.cub/install/CBRD-27398-pgbuf-inspector-contract/debug_gcc/bin/broker_log_converter
-- Set runtime path of "/home/vimkim/.cub/install/CBRD-27398-pgbuf-inspector-contract/debug_gcc/bin/broker_log_converter" to "/home/vimkim/.cub/install/CBRD-27398-pgbuf-inspector-contract/debug_gcc/lib"
-- Installing: /home/vimkim/.cub/install/CBRD-27398-pgbuf-inspector-contract/debug_gcc/bin/broker_log_runner
-- Set runtime path of "/home/vimkim/.cub/install/CBRD-27398-pgbuf-inspector-contract/debug_gcc/bin/broker_log_runner" to "/home/vimkim/.cub/install/CBRD-27398-pgbuf-inspector-contract/debug_gcc/lib"
-- Installing: /home/vimkim/.cub/install/CBRD-27398-pgbuf-inspector-contract/debug_gcc/bin/broker_tester
-- Set runtime path of "/home/vimkim/.cub/install/CBRD-27398-pgbuf-inspector-contract/debug_gcc/bin/broker_tester" to "/home/vimkim/.cub/install/CBRD-27398-pgbuf-inspector-contract/debug_gcc/lib"
-- Installing: /home/vimkim/.cub/install/CBRD-27398-pgbuf-inspector-contract/debug_gcc/bin/cubrid_replay
-- Set runtime path of "/home/vimkim/.cub/install/CBRD-27398-pgbuf-inspector-contract/debug_gcc/bin/cubrid_replay" to "/home/vimkim/.cub/install/CBRD-27398-pgbuf-inspector-contract/debug_gcc/lib"
-- Installing: /home/vimkim/.cub/install/CBRD-27398-pgbuf-inspector-contract/debug_gcc/bin/cub_broker
-- Set runtime path of "/home/vimkim/.cub/install/CBRD-27398-pgbuf-inspector-contract/debug_gcc/bin/cub_broker" to "/home/vimkim/.cub/install/CBRD-27398-pgbuf-inspector-contract/debug_gcc/lib"
-- Installing: /home/vimkim/.cub/install/CBRD-27398-pgbuf-inspector-contract/debug_gcc/bin/cub_gateway
-- Set runtime path of "/home/vimkim/.cub/install/CBRD-27398-pgbuf-inspector-contract/debug_gcc/bin/cub_gateway" to "/home/vimkim/.cub/install/CBRD-27398-pgbuf-inspector-contract/debug_gcc/lib"
-- Installing: /home/vimkim/.cub/install/CBRD-27398-pgbuf-inspector-contract/debug_gcc/bin/broker_monitor
-- Set runtime path of "/home/vimkim/.cub/install/CBRD-27398-pgbuf-inspector-contract/debug_gcc/bin/broker_monitor" to "/home/vimkim/.cub/install/CBRD-27398-pgbuf-inspector-contract/debug_gcc/lib"
-- Installing: /home/vimkim/.cub/install/CBRD-27398-pgbuf-inspector-contract/debug_gcc/bin/gateway_monitor
-- Set runtime path of "/home/vimkim/.cub/install/CBRD-27398-pgbuf-inspector-contract/debug_gcc/bin/gateway_monitor" to "/home/vimkim/.cub/install/CBRD-27398-pgbuf-inspector-contract/debug_gcc/lib"
-- Installing: /home/vimkim/.cub/install/CBRD-27398-pgbuf-inspector-contract/debug_gcc/bin/broker_changer
-- Set runtime path of "/home/vimkim/.cub/install/CBRD-27398-pgbuf-inspector-contract/debug_gcc/bin/broker_changer" to "/home/vimkim/.cub/install/CBRD-27398-pgbuf-inspector-contract/debug_gcc/lib"
-- Installing: /home/vimkim/.cub/install/CBRD-27398-pgbuf-inspector-contract/debug_gcc/bin/cubrid_broker
-- Set runtime path of "/home/vimkim/.cub/install/CBRD-27398-pgbuf-inspector-contract/debug_gcc/bin/cubrid_broker" to "/home/vimkim/.cub/install/CBRD-27398-pgbuf-inspector-contract/debug_gcc/lib"
-- Installing: /home/vimkim/.cub/install/CBRD-27398-pgbuf-inspector-contract/debug_gcc/bin/cubrid_gateway
-- Set runtime path of "/home/vimkim/.cub/install/CBRD-27398-pgbuf-inspector-contract/debug_gcc/bin/cubrid_gateway" to "/home/vimkim/.cub/install/CBRD-27398-pgbuf-inspector-contract/debug_gcc/lib"
-- Installing: /home/vimkim/.cub/install/CBRD-27398-pgbuf-inspector-contract/debug_gcc/bin/cub_cas
-- Set runtime path of "/home/vimkim/.cub/install/CBRD-27398-pgbuf-inspector-contract/debug_gcc/bin/cub_cas" to "/home/vimkim/.cub/install/CBRD-27398-pgbuf-inspector-contract/debug_gcc/lib"
-- Installing: /home/vimkim/.cub/install/CBRD-27398-pgbuf-inspector-contract/debug_gcc/bin/cub_cas_cgw
-- Set runtime path of "/home/vimkim/.cub/install/CBRD-27398-pgbuf-inspector-contract/debug_gcc/bin/cub_cas_cgw" to "/home/vimkim/.cub/install/CBRD-27398-pgbuf-inspector-contract/debug_gcc/lib"
-- Installing: /home/vimkim/.cub/install/CBRD-27398-pgbuf-inspector-contract/debug_gcc/bin/cub_proxy
-- Set runtime path of "/home/vimkim/.cub/install/CBRD-27398-pgbuf-inspector-contract/debug_gcc/bin/cub_proxy" to "/home/vimkim/.cub/install/CBRD-27398-pgbuf-inspector-contract/debug_gcc/lib"
-- Up-to-date: /home/vimkim/.cub/install/CBRD-27398-pgbuf-inspector-contract/debug_gcc/include/shard_key.h
-- Installing: /home/vimkim/.cub/install/CBRD-27398-pgbuf-inspector-contract/debug_gcc/bin/broker_log_top
-- Set runtime path of "/home/vimkim/.cub/install/CBRD-27398-pgbuf-inspector-contract/debug_gcc/bin/broker_log_top" to "/home/vimkim/.cub/install/CBRD-27398-pgbuf-inspector-contract/debug_gcc/lib"
-- Installing: /home/vimkim/.cub/install/CBRD-27398-pgbuf-inspector-contract/debug_gcc/lib/libbrokeradmin.so.11.5
-- Set runtime path of "/home/vimkim/.cub/install/CBRD-27398-pgbuf-inspector-contract/debug_gcc/lib/libbrokeradmin.so.11.5" to "/home/vimkim/.cub/install/CBRD-27398-pgbuf-inspector-contract/debug_gcc/lib"
-- Up-to-date: /home/vimkim/.cub/install/CBRD-27398-pgbuf-inspector-contract/debug_gcc/lib/libbrokeradmin.so
-- Installing: /home/vimkim/.cub/install/CBRD-27398-pgbuf-inspector-contract/debug_gcc/lib/libcmstat.so.11.5
-- Set runtime path of "/home/vimkim/.cub/install/CBRD-27398-pgbuf-inspector-contract/debug_gcc/lib/libcmstat.so.11.5" to "/home/vimkim/.cub/install/CBRD-27398-pgbuf-inspector-contract/debug_gcc/lib"
-- Up-to-date: /home/vimkim/.cub/install/CBRD-27398-pgbuf-inspector-contract/debug_gcc/lib/libcmstat.so
-- Installing: /home/vimkim/.cub/install/CBRD-27398-pgbuf-inspector-contract/debug_gcc/lib/libcmdep.so.11.5
-- Set runtime path of "/home/vimkim/.cub/install/CBRD-27398-pgbuf-inspector-contract/debug_gcc/lib/libcmdep.so.11.5" to "/home/vimkim/.cub/install/CBRD-27398-pgbuf-inspector-contract/debug_gcc/lib"
-- Up-to-date: /home/vimkim/.cub/install/CBRD-27398-pgbuf-inspector-contract/debug_gcc/lib/libcmdep.so
-- Installing: /home/vimkim/.cub/install/CBRD-27398-pgbuf-inspector-contract/debug_gcc/bin/cub_jobsa
-- Set runtime path of "/home/vimkim/.cub/install/CBRD-27398-pgbuf-inspector-contract/debug_gcc/bin/cub_jobsa" to "/home/vimkim/.cub/install/CBRD-27398-pgbuf-inspector-contract/debug_gcc/lib"
-- Installing: /home/vimkim/.cub/install/CBRD-27398-pgbuf-inspector-contract/debug_gcc/bin/cub_sainfo
-- Set runtime path of "/home/vimkim/.cub/install/CBRD-27398-pgbuf-inspector-contract/debug_gcc/bin/cub_sainfo" to "/home/vimkim/.cub/install/CBRD-27398-pgbuf-inspector-contract/debug_gcc/lib"
-- Up-to-date: /home/vimkim/.cub/install/CBRD-27398-pgbuf-inspector-contract/debug_gcc/conf/cubrid.conf
-- Up-to-date: /home/vimkim/.cub/install/CBRD-27398-pgbuf-inspector-contract/debug_gcc/conf/cubrid.conf.large
-- Up-to-date: /home/vimkim/.cub/install/CBRD-27398-pgbuf-inspector-contract/debug_gcc/conf/cubrid.conf.small
-- Up-to-date: /home/vimkim/.cub/install/CBRD-27398-pgbuf-inspector-contract/debug_gcc/conf/cubrid_broker.conf
-- Up-to-date: /home/vimkim/.cub/install/CBRD-27398-pgbuf-inspector-contract/debug_gcc/conf/cubrid_broker.conf.shard
-- Up-to-date: /home/vimkim/.cub/install/CBRD-27398-pgbuf-inspector-contract/debug_gcc/conf/cubrid_gateway.conf
-- Up-to-date: /home/vimkim/.cub/install/CBRD-27398-pgbuf-inspector-contract/debug_gcc/conf/cubrid_ha.conf
-- Up-to-date: /home/vimkim/.cub/install/CBRD-27398-pgbuf-inspector-contract/debug_gcc/conf/cubrid_hosts.conf
-- Up-to-date: /home/vimkim/.cub/install/CBRD-27398-pgbuf-inspector-contract/debug_gcc/conf/shard_connection.txt
-- Up-to-date: /home/vimkim/.cub/install/CBRD-27398-pgbuf-inspector-contract/debug_gcc/conf/shard_key.txt
-- Up-to-date: /home/vimkim/.cub/install/CBRD-27398-pgbuf-inspector-contract/debug_gcc/conf/cubrid_locales.all.txt
-- Up-to-date: /home/vimkim/.cub/install/CBRD-27398-pgbuf-inspector-contract/debug_gcc/conf/cubrid_locales.txt
-- Up-to-date: /home/vimkim/.cub/install/CBRD-27398-pgbuf-inspector-contract/debug_gcc/conf/cas_ssl_cert.crt
-- Up-to-date: /home/vimkim/.cub/install/CBRD-27398-pgbuf-inspector-contract/debug_gcc/conf/cas_ssl_cert.key
-- Up-to-date: /home/vimkim/.cub/install/CBRD-27398-pgbuf-inspector-contract/debug_gcc/msg/en_US.utf8
-- Up-to-date: /home/vimkim/.cub/install/CBRD-27398-pgbuf-inspector-contract/debug_gcc/msg/en_US.utf8/utils.msg
-- Up-to-date: /home/vimkim/.cub/install/CBRD-27398-pgbuf-inspector-contract/debug_gcc/msg/en_US.utf8/cubrid.msg
-- Up-to-date: /home/vimkim/.cub/install/CBRD-27398-pgbuf-inspector-contract/debug_gcc/msg/en_US.utf8/csql.msg
-- Up-to-date: /home/vimkim/.cub/install/CBRD-27398-pgbuf-inspector-contract/debug_gcc/msg/en_US.utf8
-- Installing: /home/vimkim/.cub/install/CBRD-27398-pgbuf-inspector-contract/debug_gcc/msg/en_US.utf8/utils.cat
-- Installing: /home/vimkim/.cub/install/CBRD-27398-pgbuf-inspector-contract/debug_gcc/msg/en_US.utf8/csql.cat
-- Installing: /home/vimkim/.cub/install/CBRD-27398-pgbuf-inspector-contract/debug_gcc/msg/en_US.utf8/cubrid.cat
-- Up-to-date: /home/vimkim/.cub/install/CBRD-27398-pgbuf-inspector-contract/debug_gcc/msg/en_US
-- Up-to-date: /home/vimkim/.cub/install/CBRD-27398-pgbuf-inspector-contract/debug_gcc/msg/en_US/utils.msg
-- Up-to-date: /home/vimkim/.cub/install/CBRD-27398-pgbuf-inspector-contract/debug_gcc/msg/en_US/cubrid.msg
-- Up-to-date: /home/vimkim/.cub/install/CBRD-27398-pgbuf-inspector-contract/debug_gcc/msg/en_US/csql.msg
-- Up-to-date: /home/vimkim/.cub/install/CBRD-27398-pgbuf-inspector-contract/debug_gcc/msg/en_US
-- Installing: /home/vimkim/.cub/install/CBRD-27398-pgbuf-inspector-contract/debug_gcc/msg/en_US/utils.cat
-- Installing: /home/vimkim/.cub/install/CBRD-27398-pgbuf-inspector-contract/debug_gcc/msg/en_US/csql.cat
-- Installing: /home/vimkim/.cub/install/CBRD-27398-pgbuf-inspector-contract/debug_gcc/msg/en_US/cubrid.cat
-- Up-to-date: /home/vimkim/.cub/install/CBRD-27398-pgbuf-inspector-contract/debug_gcc/msg/ko_KR.utf8
-- Up-to-date: /home/vimkim/.cub/install/CBRD-27398-pgbuf-inspector-contract/debug_gcc/msg/ko_KR.utf8/csql.msg
-- Up-to-date: /home/vimkim/.cub/install/CBRD-27398-pgbuf-inspector-contract/debug_gcc/msg/ko_KR.utf8/utils.msg
-- Up-to-date: /home/vimkim/.cub/install/CBRD-27398-pgbuf-inspector-contract/debug_gcc/msg/ko_KR.utf8/cubrid.msg
-- Up-to-date: /home/vimkim/.cub/install/CBRD-27398-pgbuf-inspector-contract/debug_gcc/msg/ko_KR.utf8
-- Installing: /home/vimkim/.cub/install/CBRD-27398-pgbuf-inspector-contract/debug_gcc/msg/ko_KR.utf8/cubrid.cat
-- Installing: /home/vimkim/.cub/install/CBRD-27398-pgbuf-inspector-contract/debug_gcc/msg/ko_KR.utf8/utils.cat
-- Installing: /home/vimkim/.cub/install/CBRD-27398-pgbuf-inspector-contract/debug_gcc/msg/ko_KR.utf8/csql.cat
-- Up-to-date: /home/vimkim/.cub/install/CBRD-27398-pgbuf-inspector-contract/debug_gcc/msg/ko_KR.euckr
-- Up-to-date: /home/vimkim/.cub/install/CBRD-27398-pgbuf-inspector-contract/debug_gcc/msg/ko_KR.euckr/csql.msg
-- Up-to-date: /home/vimkim/.cub/install/CBRD-27398-pgbuf-inspector-contract/debug_gcc/msg/ko_KR.euckr/cubrid.msg
-- Up-to-date: /home/vimkim/.cub/install/CBRD-27398-pgbuf-inspector-contract/debug_gcc/msg/ko_KR.euckr/utils.msg
-- Up-to-date: /home/vimkim/.cub/install/CBRD-27398-pgbuf-inspector-contract/debug_gcc/msg/ko_KR.euckr
-- Installing: /home/vimkim/.cub/install/CBRD-27398-pgbuf-inspector-contract/debug_gcc/msg/ko_KR.euckr/csql.cat
-- Installing: /home/vimkim/.cub/install/CBRD-27398-pgbuf-inspector-contract/debug_gcc/msg/ko_KR.euckr/cubrid.cat
-- Installing: /home/vimkim/.cub/install/CBRD-27398-pgbuf-inspector-contract/debug_gcc/msg/ko_KR.euckr/utils.cat
-- Up-to-date: /home/vimkim/.cub/install/CBRD-27398-pgbuf-inspector-contract/debug_gcc/demo/demodb_objects
-- Up-to-date: /home/vimkim/.cub/install/CBRD-27398-pgbuf-inspector-contract/debug_gcc/demo/demodb_schema
-- Up-to-date: /home/vimkim/.cub/install/CBRD-27398-pgbuf-inspector-contract/debug_gcc/demo/make_cubrid_demo.sh
-- Up-to-date: /home/vimkim/.cub/install/CBRD-27398-pgbuf-inspector-contract/debug_gcc/share/init.d/cubrid-ha
-- Up-to-date: /home/vimkim/.cub/install/CBRD-27398-pgbuf-inspector-contract/debug_gcc/share/init.d/cubrid
-- Up-to-date: /home/vimkim/.cub/install/CBRD-27398-pgbuf-inspector-contract/debug_gcc/share/scripts/check_reserved.sql
-- Up-to-date: /home/vimkim/.cub/install/CBRD-27398-pgbuf-inspector-contract/debug_gcc/share/scripts/broker_log_top.py
-- Up-to-date: /home/vimkim/.cub/install/CBRD-27398-pgbuf-inspector-contract/debug_gcc/share/scripts/brokerstatus_to_csv.py
-- Up-to-date: /home/vimkim/.cub/install/CBRD-27398-pgbuf-inspector-contract/debug_gcc/share/scripts/statdump_to_csv.py
-- Up-to-date: /home/vimkim/.cub/install/CBRD-27398-pgbuf-inspector-contract/debug_gcc/share/scripts/ha/ha_make_slavedb.sh
-- Up-to-date: /home/vimkim/.cub/install/CBRD-27398-pgbuf-inspector-contract/debug_gcc/share/scripts/ha/VERSION
-- Up-to-date: /home/vimkim/.cub/install/CBRD-27398-pgbuf-inspector-contract/debug_gcc/share/scripts/ha/README
-- Up-to-date: /home/vimkim/.cub/install/CBRD-27398-pgbuf-inspector-contract/debug_gcc/share/scripts/ha/functions/ha_check_environment.sh
-- Up-to-date: /home/vimkim/.cub/install/CBRD-27398-pgbuf-inspector-contract/debug_gcc/share/scripts/ha/functions/ha_check_script.sh
-- Up-to-date: /home/vimkim/.cub/install/CBRD-27398-pgbuf-inspector-contract/debug_gcc/share/scripts/ha/expect/scp_from.exp
-- Up-to-date: /home/vimkim/.cub/install/CBRD-27398-pgbuf-inspector-contract/debug_gcc/share/scripts/ha/expect/scp_to.exp
-- Up-to-date: /home/vimkim/.cub/install/CBRD-27398-pgbuf-inspector-contract/debug_gcc/share/scripts/ha/expect/ssh.exp
-- Up-to-date: /home/vimkim/.cub/install/CBRD-27398-pgbuf-inspector-contract/debug_gcc/share/scripts/ha/common/common.sh
-- Up-to-date: /home/vimkim/.cub/install/CBRD-27398-pgbuf-inspector-contract/debug_gcc/share/systemtap/tapset/cubrid_func.stp
-- Up-to-date: /home/vimkim/.cub/install/CBRD-27398-pgbuf-inspector-contract/debug_gcc/share/systemtap/tapset/scripts/buffer_access.stp
-- Up-to-date: /home/vimkim/.cub/install/CBRD-27398-pgbuf-inspector-contract/debug_gcc/share/systemtap/tapset/scripts/global_time.stp
-- Up-to-date: /home/vimkim/.cub/install/CBRD-27398-pgbuf-inspector-contract/debug_gcc/share/systemtap/tapset/scripts/io_stat.stp
-- Up-to-date: /home/vimkim/.cub/install/CBRD-27398-pgbuf-inspector-contract/debug_gcc/share/systemtap/tapset/scripts/lock_time.stp
-- Up-to-date: /home/vimkim/.cub/install/CBRD-27398-pgbuf-inspector-contract/debug_gcc/share/systemtap/tapset/scripts/obj_access.stp
-- Up-to-date: /home/vimkim/.cub/install/CBRD-27398-pgbuf-inspector-contract/debug_gcc/share/systemtap/tapset/scripts/query_time.stp
-- Up-to-date: /home/vimkim/.cub/install/CBRD-27398-pgbuf-inspector-contract/debug_gcc/share/systemtap/tapset/scripts/transaction.stp
-- Up-to-date: /home/vimkim/.cub/install/CBRD-27398-pgbuf-inspector-contract/debug_gcc/share/systemtap/tapset/scripts/topcallstack_helper.stp
-- Up-to-date: /home/vimkim/.cub/install/CBRD-27398-pgbuf-inspector-contract/debug_gcc/share/systemtap/tapset/scripts/get_file_line.sh
-- Up-to-date: /home/vimkim/.cub/install/CBRD-27398-pgbuf-inspector-contract/debug_gcc/share/systemtap/tapset/scripts/topcallstack
-- Up-to-date: /home/vimkim/.cub/install/CBRD-27398-pgbuf-inspector-contract/debug_gcc/share/scripts/setup.sh
-- Up-to-date: /home/vimkim/.cub/install/CBRD-27398-pgbuf-inspector-contract/debug_gcc/share/scripts/cubrid.sh
-- Up-to-date: /home/vimkim/.cub/install/CBRD-27398-pgbuf-inspector-contract/debug_gcc/share/scripts/cubrid.csh
-- Up-to-date: /home/vimkim/.cub/install/CBRD-27398-pgbuf-inspector-contract/debug_gcc/share/scripts/unloaddb.sh
-- Up-to-date: /home/vimkim/.cub/install/CBRD-27398-pgbuf-inspector-contract/debug_gcc/share/scripts/restore_to_newdb.sh
-- Up-to-date: /home/vimkim/.cub/install/CBRD-27398-pgbuf-inspector-contract/debug_gcc/share/scripts/check_index_ovfps.sh
-- Up-to-date: /home/vimkim/.cub/install/CBRD-27398-pgbuf-inspector-contract/debug_gcc/bin/make_locale.sh
-- Up-to-date: /home/vimkim/.cub/install/CBRD-27398-pgbuf-inspector-contract/debug_gcc/locales/loclib/build_locale.sh
-- Up-to-date: /home/vimkim/.cub/install/CBRD-27398-pgbuf-inspector-contract/debug_gcc/locales/data
-- Up-to-date: /home/vimkim/.cub/install/CBRD-27398-pgbuf-inspector-contract/debug_gcc/locales/data/codepages
-- Up-to-date: /home/vimkim/.cub/install/CBRD-27398-pgbuf-inspector-contract/debug_gcc/locales/data/codepages/8859-1.TXT
-- Up-to-date: /home/vimkim/.cub/install/CBRD-27398-pgbuf-inspector-contract/debug_gcc/locales/data/codepages/8859-15.TXT
-- Up-to-date: /home/vimkim/.cub/install/CBRD-27398-pgbuf-inspector-contract/debug_gcc/locales/data/codepages/8859-9.TXT
-- Up-to-date: /home/vimkim/.cub/install/CBRD-27398-pgbuf-inspector-contract/debug_gcc/locales/data/codepages/CP1250.TXT
-- Up-to-date: /home/vimkim/.cub/install/CBRD-27398-pgbuf-inspector-contract/debug_gcc/locales/data/codepages/CP1258.TXT
-- Up-to-date: /home/vimkim/.cub/install/CBRD-27398-pgbuf-inspector-contract/debug_gcc/locales/data/codepages/CP932.TXT
-- Up-to-date: /home/vimkim/.cub/install/CBRD-27398-pgbuf-inspector-contract/debug_gcc/locales/data/codepages/CP936.TXT
-- Up-to-date: /home/vimkim/.cub/install/CBRD-27398-pgbuf-inspector-contract/debug_gcc/locales/data/codepages/CP949.TXT
-- Up-to-date: /home/vimkim/.cub/install/CBRD-27398-pgbuf-inspector-contract/debug_gcc/locales/data/ducet.txt
-- Up-to-date: /home/vimkim/.cub/install/CBRD-27398-pgbuf-inspector-contract/debug_gcc/locales/data/ldml
-- Up-to-date: /home/vimkim/.cub/install/CBRD-27398-pgbuf-inspector-contract/debug_gcc/locales/data/ldml/common_collations.xml
-- Up-to-date: /home/vimkim/.cub/install/CBRD-27398-pgbuf-inspector-contract/debug_gcc/locales/data/ldml/cubrid_de_DE.xml
-- Up-to-date: /home/vimkim/.cub/install/CBRD-27398-pgbuf-inspector-contract/debug_gcc/locales/data/ldml/cubrid_es_ES.xml
-- Up-to-date: /home/vimkim/.cub/install/CBRD-27398-pgbuf-inspector-contract/debug_gcc/locales/data/ldml/cubrid_fr_FR.xml
-- Up-to-date: /home/vimkim/.cub/install/CBRD-27398-pgbuf-inspector-contract/debug_gcc/locales/data/ldml/cubrid_it_IT.xml
-- Up-to-date: /home/vimkim/.cub/install/CBRD-27398-pgbuf-inspector-contract/debug_gcc/locales/data/ldml/cubrid_ja_JP.xml
-- Up-to-date: /home/vimkim/.cub/install/CBRD-27398-pgbuf-inspector-contract/debug_gcc/locales/data/ldml/cubrid_km_KH.xml
-- Up-to-date: /home/vimkim/.cub/install/CBRD-27398-pgbuf-inspector-contract/debug_gcc/locales/data/ldml/cubrid_ko_KR.xml
-- Up-to-date: /home/vimkim/.cub/install/CBRD-27398-pgbuf-inspector-contract/debug_gcc/locales/data/ldml/cubrid_ro_RO.xml
-- Up-to-date: /home/vimkim/.cub/install/CBRD-27398-pgbuf-inspector-contract/debug_gcc/locales/data/ldml/cubrid_tr_TR.xml
-- Up-to-date: /home/vimkim/.cub/install/CBRD-27398-pgbuf-inspector-contract/debug_gcc/locales/data/ldml/cubrid_vi_VN.xml
-- Up-to-date: /home/vimkim/.cub/install/CBRD-27398-pgbuf-inspector-contract/debug_gcc/locales/data/ldml/cubrid_zh_CN.xml
-- Up-to-date: /home/vimkim/.cub/install/CBRD-27398-pgbuf-inspector-contract/debug_gcc/locales/data/unicodedata.txt
-- Up-to-date: /home/vimkim/.cub/install/CBRD-27398-pgbuf-inspector-contract/debug_gcc/locales/loclib/locale_lib_common.h
-- Up-to-date: /home/vimkim/.cub/install/CBRD-27398-pgbuf-inspector-contract/debug_gcc/lib/libcubrid_timezones.so.11.5
-- Up-to-date: /home/vimkim/.cub/install/CBRD-27398-pgbuf-inspector-contract/debug_gcc/lib/libcubrid_timezones.so
-- Up-to-date: /home/vimkim/.cub/install/CBRD-27398-pgbuf-inspector-contract/debug_gcc/bin/make_tz.sh
-- Up-to-date: /home/vimkim/.cub/install/CBRD-27398-pgbuf-inspector-contract/debug_gcc/timezones/tzlib/build_tz.sh
-- Up-to-date: /home/vimkim/.cub/install/CBRD-27398-pgbuf-inspector-contract/debug_gcc/timezones/tzdata
-- Up-to-date: /home/vimkim/.cub/install/CBRD-27398-pgbuf-inspector-contract/debug_gcc/timezones/tzdata/africa
-- Up-to-date: /home/vimkim/.cub/install/CBRD-27398-pgbuf-inspector-contract/debug_gcc/timezones/tzdata/antarctica
-- Up-to-date: /home/vimkim/.cub/install/CBRD-27398-pgbuf-inspector-contract/debug_gcc/timezones/tzdata/asia
-- Up-to-date: /home/vimkim/.cub/install/CBRD-27398-pgbuf-inspector-contract/debug_gcc/timezones/tzdata/australasia
-- Up-to-date: /home/vimkim/.cub/install/CBRD-27398-pgbuf-inspector-contract/debug_gcc/timezones/tzdata/backward
-- Up-to-date: /home/vimkim/.cub/install/CBRD-27398-pgbuf-inspector-contract/debug_gcc/timezones/tzdata/etcetera
-- Up-to-date: /home/vimkim/.cub/install/CBRD-27398-pgbuf-inspector-contract/debug_gcc/timezones/tzdata/europe
-- Up-to-date: /home/vimkim/.cub/install/CBRD-27398-pgbuf-inspector-contract/debug_gcc/timezones/tzdata/iso3166.tab
-- Up-to-date: /home/vimkim/.cub/install/CBRD-27398-pgbuf-inspector-contract/debug_gcc/timezones/tzdata/leapseconds
-- Up-to-date: /home/vimkim/.cub/install/CBRD-27398-pgbuf-inspector-contract/debug_gcc/timezones/tzdata/northamerica
-- Up-to-date: /home/vimkim/.cub/install/CBRD-27398-pgbuf-inspector-contract/debug_gcc/timezones/tzdata/pacificnew
-- Up-to-date: /home/vimkim/.cub/install/CBRD-27398-pgbuf-inspector-contract/debug_gcc/timezones/tzdata/southamerica
-- Up-to-date: /home/vimkim/.cub/install/CBRD-27398-pgbuf-inspector-contract/debug_gcc/timezones/tzdata/windowsZones.xml
-- Up-to-date: /home/vimkim/.cub/install/CBRD-27398-pgbuf-inspector-contract/debug_gcc/timezones/tzdata/zone.tab
-- Up-to-date: /home/vimkim/.cub/install/CBRD-27398-pgbuf-inspector-contract/debug_gcc/timezones/tzlib/timezone_lib_common.h
-- Up-to-date: /home/vimkim/.cub/install/CBRD-27398-pgbuf-inspector-contract/debug_gcc/include
-- Up-to-date: /home/vimkim/.cub/install/CBRD-27398-pgbuf-inspector-contract/debug_gcc/include/gmock
-- Up-to-date: /home/vimkim/.cub/install/CBRD-27398-pgbuf-inspector-contract/debug_gcc/include/gmock/gmock-actions.h
-- Up-to-date: /home/vimkim/.cub/install/CBRD-27398-pgbuf-inspector-contract/debug_gcc/include/gmock/gmock-cardinalities.h
-- Up-to-date: /home/vimkim/.cub/install/CBRD-27398-pgbuf-inspector-contract/debug_gcc/include/gmock/gmock-function-mocker.h
-- Up-to-date: /home/vimkim/.cub/install/CBRD-27398-pgbuf-inspector-contract/debug_gcc/include/gmock/gmock-matchers.h
-- Up-to-date: /home/vimkim/.cub/install/CBRD-27398-pgbuf-inspector-contract/debug_gcc/include/gmock/gmock-more-actions.h
-- Up-to-date: /home/vimkim/.cub/install/CBRD-27398-pgbuf-inspector-contract/debug_gcc/include/gmock/gmock-more-matchers.h
-- Up-to-date: /home/vimkim/.cub/install/CBRD-27398-pgbuf-inspector-contract/debug_gcc/include/gmock/gmock-nice-strict.h
-- Up-to-date: /home/vimkim/.cub/install/CBRD-27398-pgbuf-inspector-contract/debug_gcc/include/gmock/gmock-spec-builders.h
-- Up-to-date: /home/vimkim/.cub/install/CBRD-27398-pgbuf-inspector-contract/debug_gcc/include/gmock/gmock.h
-- Up-to-date: /home/vimkim/.cub/install/CBRD-27398-pgbuf-inspector-contract/debug_gcc/include/gmock/internal
-- Up-to-date: /home/vimkim/.cub/install/CBRD-27398-pgbuf-inspector-contract/debug_gcc/include/gmock/internal/custom
-- Up-to-date: /home/vimkim/.cub/install/CBRD-27398-pgbuf-inspector-contract/debug_gcc/include/gmock/internal/custom/README.md
-- Up-to-date: /home/vimkim/.cub/install/CBRD-27398-pgbuf-inspector-contract/debug_gcc/include/gmock/internal/custom/gmock-generated-actions.h
-- Up-to-date: /home/vimkim/.cub/install/CBRD-27398-pgbuf-inspector-contract/debug_gcc/include/gmock/internal/custom/gmock-matchers.h
-- Up-to-date: /home/vimkim/.cub/install/CBRD-27398-pgbuf-inspector-contract/debug_gcc/include/gmock/internal/custom/gmock-port.h
-- Up-to-date: /home/vimkim/.cub/install/CBRD-27398-pgbuf-inspector-contract/debug_gcc/include/gmock/internal/gmock-internal-utils.h
-- Up-to-date: /home/vimkim/.cub/install/CBRD-27398-pgbuf-inspector-contract/debug_gcc/include/gmock/internal/gmock-port.h
-- Up-to-date: /home/vimkim/.cub/install/CBRD-27398-pgbuf-inspector-contract/debug_gcc/include/gmock/internal/gmock-pp.h
-- Up-to-date: /home/vimkim/.cub/install/CBRD-27398-pgbuf-inspector-contract/debug_gcc/lib64/libgmock.a
-- Up-to-date: /home/vimkim/.cub/install/CBRD-27398-pgbuf-inspector-contract/debug_gcc/lib64/libgmock_main.a
-- Up-to-date: /home/vimkim/.cub/install/CBRD-27398-pgbuf-inspector-contract/debug_gcc/lib64/pkgconfig/gmock.pc
-- Up-to-date: /home/vimkim/.cub/install/CBRD-27398-pgbuf-inspector-contract/debug_gcc/lib64/pkgconfig/gmock_main.pc
-- Up-to-date: /home/vimkim/.cub/install/CBRD-27398-pgbuf-inspector-contract/debug_gcc/lib64/cmake/GTest/GTestTargets.cmake
-- Up-to-date: /home/vimkim/.cub/install/CBRD-27398-pgbuf-inspector-contract/debug_gcc/lib64/cmake/GTest/GTestTargets-debug.cmake
-- Up-to-date: /home/vimkim/.cub/install/CBRD-27398-pgbuf-inspector-contract/debug_gcc/lib64/cmake/GTest/GTestConfigVersion.cmake
-- Up-to-date: /home/vimkim/.cub/install/CBRD-27398-pgbuf-inspector-contract/debug_gcc/lib64/cmake/GTest/GTestConfig.cmake
-- Up-to-date: /home/vimkim/.cub/install/CBRD-27398-pgbuf-inspector-contract/debug_gcc/include
-- Up-to-date: /home/vimkim/.cub/install/CBRD-27398-pgbuf-inspector-contract/debug_gcc/include/gtest
-- Up-to-date: /home/vimkim/.cub/install/CBRD-27398-pgbuf-inspector-contract/debug_gcc/include/gtest/gtest-assertion-result.h
-- Up-to-date: /home/vimkim/.cub/install/CBRD-27398-pgbuf-inspector-contract/debug_gcc/include/gtest/gtest-death-test.h
-- Up-to-date: /home/vimkim/.cub/install/CBRD-27398-pgbuf-inspector-contract/debug_gcc/include/gtest/gtest-matchers.h
-- Up-to-date: /home/vimkim/.cub/install/CBRD-27398-pgbuf-inspector-contract/debug_gcc/include/gtest/gtest-message.h
-- Up-to-date: /home/vimkim/.cub/install/CBRD-27398-pgbuf-inspector-contract/debug_gcc/include/gtest/gtest-param-test.h
-- Up-to-date: /home/vimkim/.cub/install/CBRD-27398-pgbuf-inspector-contract/debug_gcc/include/gtest/gtest-printers.h
-- Up-to-date: /home/vimkim/.cub/install/CBRD-27398-pgbuf-inspector-contract/debug_gcc/include/gtest/gtest-spi.h
-- Up-to-date: /home/vimkim/.cub/install/CBRD-27398-pgbuf-inspector-contract/debug_gcc/include/gtest/gtest-test-part.h
-- Up-to-date: /home/vimkim/.cub/install/CBRD-27398-pgbuf-inspector-contract/debug_gcc/include/gtest/gtest-typed-test.h
-- Up-to-date: /home/vimkim/.cub/install/CBRD-27398-pgbuf-inspector-contract/debug_gcc/include/gtest/gtest.h
-- Up-to-date: /home/vimkim/.cub/install/CBRD-27398-pgbuf-inspector-contract/debug_gcc/include/gtest/gtest_pred_impl.h
-- Up-to-date: /home/vimkim/.cub/install/CBRD-27398-pgbuf-inspector-contract/debug_gcc/include/gtest/gtest_prod.h
-- Up-to-date: /home/vimkim/.cub/install/CBRD-27398-pgbuf-inspector-contract/debug_gcc/include/gtest/internal
-- Up-to-date: /home/vimkim/.cub/install/CBRD-27398-pgbuf-inspector-contract/debug_gcc/include/gtest/internal/custom
-- Up-to-date: /home/vimkim/.cub/install/CBRD-27398-pgbuf-inspector-contract/debug_gcc/include/gtest/internal/custom/README.md
-- Up-to-date: /home/vimkim/.cub/install/CBRD-27398-pgbuf-inspector-contract/debug_gcc/include/gtest/internal/custom/gtest-port.h
-- Up-to-date: /home/vimkim/.cub/install/CBRD-27398-pgbuf-inspector-contract/debug_gcc/include/gtest/internal/custom/gtest-printers.h
-- Up-to-date: /home/vimkim/.cub/install/CBRD-27398-pgbuf-inspector-contract/debug_gcc/include/gtest/internal/custom/gtest.h
-- Up-to-date: /home/vimkim/.cub/install/CBRD-27398-pgbuf-inspector-contract/debug_gcc/include/gtest/internal/gtest-death-test-internal.h
-- Up-to-date: /home/vimkim/.cub/install/CBRD-27398-pgbuf-inspector-contract/debug_gcc/include/gtest/internal/gtest-filepath.h
-- Up-to-date: /home/vimkim/.cub/install/CBRD-27398-pgbuf-inspector-contract/debug_gcc/include/gtest/internal/gtest-internal.h
-- Up-to-date: /home/vimkim/.cub/install/CBRD-27398-pgbuf-inspector-contract/debug_gcc/include/gtest/internal/gtest-param-util.h
-- Up-to-date: /home/vimkim/.cub/install/CBRD-27398-pgbuf-inspector-contract/debug_gcc/include/gtest/internal/gtest-port-arch.h
-- Up-to-date: /home/vimkim/.cub/install/CBRD-27398-pgbuf-inspector-contract/debug_gcc/include/gtest/internal/gtest-port.h
-- Up-to-date: /home/vimkim/.cub/install/CBRD-27398-pgbuf-inspector-contract/debug_gcc/include/gtest/internal/gtest-string.h
-- Up-to-date: /home/vimkim/.cub/install/CBRD-27398-pgbuf-inspector-contract/debug_gcc/include/gtest/internal/gtest-type-util.h
-- Up-to-date: /home/vimkim/.cub/install/CBRD-27398-pgbuf-inspector-contract/debug_gcc/lib64/libgtest.a
-- Up-to-date: /home/vimkim/.cub/install/CBRD-27398-pgbuf-inspector-contract/debug_gcc/lib64/libgtest_main.a
-- Up-to-date: /home/vimkim/.cub/install/CBRD-27398-pgbuf-inspector-contract/debug_gcc/lib64/pkgconfig/gtest.pc
-- Up-to-date: /home/vimkim/.cub/install/CBRD-27398-pgbuf-inspector-contract/debug_gcc/lib64/pkgconfig/gtest_main.pc
-- Up-to-date: /home/vimkim/.cub/install/CBRD-27398-pgbuf-inspector-contract/debug_gcc/log
-- Up-to-date: /home/vimkim/.cub/install/CBRD-27398-pgbuf-inspector-contract/debug_gcc/var
-- Up-to-date: /home/vimkim/.cub/install/CBRD-27398-pgbuf-inspector-contract/debug_gcc/tmp
-- Up-to-date: /home/vimkim/.cub/install/CBRD-27398-pgbuf-inspector-contract/debug_gcc/databases
-- Up-to-date: /home/vimkim/.cub/install/CBRD-27398-pgbuf-inspector-contract/debug_gcc/var/CUBRID_SOCK
-- Up-to-date: /home/vimkim/.cub/install/CBRD-27398-pgbuf-inspector-contract/debug_gcc/3rdparty
-- Up-to-date: /home/vimkim/.cub/install/CBRD-27398-pgbuf-inspector-contract/debug_gcc/3rdparty/adoptium.temurin_license.txt
-- Up-to-date: /home/vimkim/.cub/install/CBRD-27398-pgbuf-inspector-contract/debug_gcc/3rdparty/adoptium.temurin_license_assembly_exception.txt
-- Up-to-date: /home/vimkim/.cub/install/CBRD-27398-pgbuf-inspector-contract/debug_gcc/3rdparty/libedit_license.txt
-- Up-to-date: /home/vimkim/.cub/install/CBRD-27398-pgbuf-inspector-contract/debug_gcc/3rdparty/libexpat_license.txt
-- Up-to-date: /home/vimkim/.cub/install/CBRD-27398-pgbuf-inspector-contract/debug_gcc/3rdparty/libjansson_license.txt
-- Up-to-date: /home/vimkim/.cub/install/CBRD-27398-pgbuf-inspector-contract/debug_gcc/3rdparty/libodbc_license.txt
-- Up-to-date: /home/vimkim/.cub/install/CBRD-27398-pgbuf-inspector-contract/debug_gcc/3rdparty/libopenssl_license.txt
-- Up-to-date: /home/vimkim/.cub/install/CBRD-27398-pgbuf-inspector-contract/debug_gcc/3rdparty/libtbb_license.txt
-- Up-to-date: /home/vimkim/.cub/install/CBRD-27398-pgbuf-inspector-contract/debug_gcc/3rdparty/lz4_license.txt
-- Up-to-date: /home/vimkim/.cub/install/CBRD-27398-pgbuf-inspector-contract/debug_gcc/3rdparty/rapidjson_license.txt
-- Up-to-date: /home/vimkim/.cub/install/CBRD-27398-pgbuf-inspector-contract/debug_gcc/3rdparty/re2_license.txt
-- Up-to-date: /home/vimkim/.cub/install/CBRD-27398-pgbuf-inspector-contract/debug_gcc/./COPYING
-- Up-to-date: /home/vimkim/.cub/install/CBRD-27398-pgbuf-inspector-contract/debug_gcc/./CREDITS
-- Up-to-date: /home/vimkim/.cub/install/CBRD-27398-pgbuf-inspector-contract/debug_gcc/./README.md
-- Up-to-date: /home/vimkim/.cub/install/CBRD-27398-pgbuf-inspector-contract/debug_gcc/./README_TAR_INSTALL
-- Up-to-date: /home/vimkim/.cub/install/CBRD-27398-pgbuf-inspector-contract/debug_gcc/databases/databases.txt.sample
-- Up-to-date: /home/vimkim/.cub/install/CBRD-27398-pgbuf-inspector-contract/debug_gcc/var/CUBRID_SOCK/README.txt
-- Up-to-date: /home/vimkim/.cub/install/CBRD-27398-pgbuf-inspector-contract/debug_gcc/tmp/README.txt
Build and install completed successfully!
