[cubrid-bootstrap] Worktree preparation files already exist
[cubrid-bootstrap] Selected preset: release_gcc
[0mdirenv: loading ~/gh/cb/CBRD-27398-pgbuf-inspector-contract/.envrc
Preset Mode: release_gcc
Install Dir: /home/vimkim/.cub/install/CBRD-27398-pgbuf-inspector-contract/release_gcc
DB Dir: /home/vimkim/.cub/db/CBRD-27398-pgbuf-inspector-contract/commondb
Build Dir: /home/vimkim/gh/cb/CBRD-27398-pgbuf-inspector-contract/build_preset_release_gcc
[cubrid-bootstrap] Configuring preset: release_gcc
[0mdirenv: loading ~/gh/cb/CBRD-27398-pgbuf-inspector-contract/.envrc
Preset Mode: release_gcc
Install Dir: /home/vimkim/.cub/install/CBRD-27398-pgbuf-inspector-contract/release_gcc
DB Dir: /home/vimkim/.cub/db/CBRD-27398-pgbuf-inspector-contract/commondb
Build Dir: /home/vimkim/gh/cb/CBRD-27398-pgbuf-inspector-contract/build_preset_release_gcc
[0mdirenv: loading ~/gh/cb/CBRD-27398-pgbuf-inspector-contract/.envrc
Preset Mode: release_gcc
Install Dir: /home/vimkim/.cub/install/CBRD-27398-pgbuf-inspector-contract/release_gcc
DB Dir: /home/vimkim/.cub/db/CBRD-27398-pgbuf-inspector-contract/commondb
Build Dir: /home/vimkim/gh/cb/CBRD-27398-pgbuf-inspector-contract/build_preset_release_gcc
[0mdirenv: loading ~/gh/cb/CBRD-27398-pgbuf-inspector-contract/.envrc
Preset Mode: release_gcc
Install Dir: /home/vimkim/.cub/install/CBRD-27398-pgbuf-inspector-contract/release_gcc
DB Dir: /home/vimkim/.cub/db/CBRD-27398-pgbuf-inspector-contract/commondb
Build Dir: /home/vimkim/gh/cb/CBRD-27398-pgbuf-inspector-contract/build_preset_release_gcc
Using JAVA_HOME JDK: /home/vimkim/.local/share/mise/installs/java/temurin-8.0.462+8
[0mdirenv: loading ~/gh/cb/CBRD-27398-pgbuf-inspector-contract/.envrc
Preset Mode: release_gcc
Install Dir: /home/vimkim/.cub/install/CBRD-27398-pgbuf-inspector-contract/release_gcc
DB Dir: /home/vimkim/.cub/db/CBRD-27398-pgbuf-inspector-contract/commondb
Build Dir: /home/vimkim/gh/cb/CBRD-27398-pgbuf-inspector-contract/build_preset_release_gcc
Preset CMake variables:

  CMAKE_BUILD_TYPE="RelWithDebInfo"
  CMAKE_COLOR_DIAGNOSTICS="ON"
  CMAKE_CXX_COMPILER="g++"
  CMAKE_CXX_COMPILER_LAUNCHER="ccache"
  CMAKE_CXX_FLAGS="-fdiagnostics-color=always -Wno-error=maybe-uninitialized"
  CMAKE_CXX_FLAGS_RELWITHDEBINFO="-O2 -ggdb3 -DNDEBUG -finline-functions -Wno-error=mismatched-new-delete -Wno-error=enum-conversion -Wno-error=stringop-truncation -Wno-error=format-overflow= -Wno-error=format= -Wno-error=format-truncation"
  CMAKE_CXX_STANDARD="17"
  CMAKE_CXX_STANDARD_REQUIRED="ON"
  CMAKE_C_COMPILER="gcc"
  CMAKE_C_COMPILER_LAUNCHER="ccache"
  CMAKE_C_FLAGS="-fdiagnostics-color=always -Wno-int-conversion -Wno-incompatible-pointer-types -Wno-implicit-function-declaration -Wno-error=maybe-uninitialized"
  CMAKE_C_FLAGS_RELWITHDEBINFO="-O2 -ggdb3 -DNDEBUG -finline-functions -Wno-error=mismatched-new-delete -Wno-error=enum-conversion -Wno-error=stringop-truncation -Wno-error=format-overflow= -Wno-error=format= -Wno-error=format-truncation"
  CMAKE_EXPORT_COMPILE_COMMANDS="ON"
  CMAKE_INSTALL_PREFIX="/home/vimkim/.cub/install/CBRD-27398-pgbuf-inspector-contract/release_gcc"
  CUBVEC_TEAM_BUILD="ON"
  ENABLE_CUBVEC_LOG="ON"
  UNIT_TEST_OOS="ON"
  UNIT_TEST_PAGE_BUFFER="ON"
  UNIT_TEST_PGBUF_INSPECTOR="ON"
  UNIT_TEST_SPAGE="ON"
  VIMKIM_BUILD="ON"
  WITH_CCI="true"

-- ======== CMakeLists.txt
--   OS = UNIX
--   CMAKE_RUNTIME_OUTPUT_DIRECTORY=/home/vimkim/gh/cb/CBRD-27398-pgbuf-inspector-contract/build_preset_release_gcc/bin
    ==== with_unit_tests() = 1
-- Get version information from VERSION
-- Build CUBRID 11.5.0.2545-e5f3cdf 64bit RelWithDebInfo on Linux x86_64
Including Third Party Libraries
-- Build with flex and bison library: SYSTEM
-- Build with expat library: EXTERNAL
-- Build with jansson library: EXTERNAL
-- Build with editline library: EXTERNAL
-- Build with openssl library: EXTERNAL
-- Build with unixODBC library: EXTERNAL
-- Build with RE2 library: EXTERNAL
-- Build with LZ4 library: EXTERNAL
-- Build with TBB library: EXTERNAL
CMake Warning (dev) at /usr/share/cmake/Modules/ExternalProject.cmake:3091 (message):
  The DOWNLOAD_EXTRACT_TIMESTAMP option was not given and policy CMP0135 is
  not set.  The policy's OLD behavior will be used.  When using a URL
  download, the timestamps of extracted files should preferably be that of
  the time of extraction, otherwise code that depends on the extracted
  contents might not be rebuilt if the URL changes.  The OLD behavior
  preserves the timestamps from the archive instead, but this is usually not
  what you want.  Update your project to the NEW behavior or specify the
  DOWNLOAD_EXTRACT_TIMESTAMP option with a value of true to avoid this
  robustness issue.
Call Stack (most recent call first):
  /usr/share/cmake/Modules/ExternalProject.cmake:4208 (_ep_add_download_command)
  3rdparty/CMakeLists.txt:201 (externalproject_add)
This warning is for project developers.  Use -Wno-dev to suppress it.

CMake Warning (dev) at /usr/share/cmake/Modules/ExternalProject.cmake:3091 (message):
  The DOWNLOAD_EXTRACT_TIMESTAMP option was not given and policy CMP0135 is
  not set.  The policy's OLD behavior will be used.  When using a URL
  download, the timestamps of extracted files should preferably be that of
  the time of extraction, otherwise code that depends on the extracted
  contents might not be rebuilt if the URL changes.  The OLD behavior
  preserves the timestamps from the archive instead, but this is usually not
  what you want.  Update your project to the NEW behavior or specify the
  DOWNLOAD_EXTRACT_TIMESTAMP option with a value of true to avoid this
  robustness issue.
Call Stack (most recent call first):
  /usr/share/cmake/Modules/ExternalProject.cmake:4208 (_ep_add_download_command)
  3rdparty/CMakeLists.txt:253 (externalproject_add)
This warning is for project developers.  Use -Wno-dev to suppress it.

CMake Warning (dev) at /usr/share/cmake/Modules/ExternalProject.cmake:3091 (message):
  The DOWNLOAD_EXTRACT_TIMESTAMP option was not given and policy CMP0135 is
  not set.  The policy's OLD behavior will be used.  When using a URL
  download, the timestamps of extracted files should preferably be that of
  the time of extraction, otherwise code that depends on the extracted
  contents might not be rebuilt if the URL changes.  The OLD behavior
  preserves the timestamps from the archive instead, but this is usually not
  what you want.  Update your project to the NEW behavior or specify the
  DOWNLOAD_EXTRACT_TIMESTAMP option with a value of true to avoid this
  robustness issue.
Call Stack (most recent call first):
  /usr/share/cmake/Modules/ExternalProject.cmake:4208 (_ep_add_download_command)
  3rdparty/CMakeLists.txt:303 (externalproject_add)
This warning is for project developers.  Use -Wno-dev to suppress it.

CMake Warning (dev) at /usr/share/cmake/Modules/ExternalProject.cmake:3091 (message):
  The DOWNLOAD_EXTRACT_TIMESTAMP option was not given and policy CMP0135 is
  not set.  The policy's OLD behavior will be used.  When using a URL
  download, the timestamps of extracted files should preferably be that of
  the time of extraction, otherwise code that depends on the extracted
  contents might not be rebuilt if the URL changes.  The OLD behavior
  preserves the timestamps from the archive instead, but this is usually not
  what you want.  Update your project to the NEW behavior or specify the
  DOWNLOAD_EXTRACT_TIMESTAMP option with a value of true to avoid this
  robustness issue.
Call Stack (most recent call first):
  /usr/share/cmake/Modules/ExternalProject.cmake:4208 (_ep_add_download_command)
  3rdparty/CMakeLists.txt:346 (externalproject_add)
This warning is for project developers.  Use -Wno-dev to suppress it.

CMake Warning (dev) at /usr/share/cmake/Modules/ExternalProject.cmake:3091 (message):
  The DOWNLOAD_EXTRACT_TIMESTAMP option was not given and policy CMP0135 is
  not set.  The policy's OLD behavior will be used.  When using a URL
  download, the timestamps of extracted files should preferably be that of
  the time of extraction, otherwise code that depends on the extracted
  contents might not be rebuilt if the URL changes.  The OLD behavior
  preserves the timestamps from the archive instead, but this is usually not
  what you want.  Update your project to the NEW behavior or specify the
  DOWNLOAD_EXTRACT_TIMESTAMP option with a value of true to avoid this
  robustness issue.
Call Stack (most recent call first):
  /usr/share/cmake/Modules/ExternalProject.cmake:4208 (_ep_add_download_command)
  3rdparty/CMakeLists.txt:383 (externalproject_add)
This warning is for project developers.  Use -Wno-dev to suppress it.

CMake Warning (dev) at /usr/share/cmake/Modules/ExternalProject.cmake:3091 (message):
  The DOWNLOAD_EXTRACT_TIMESTAMP option was not given and policy CMP0135 is
  not set.  The policy's OLD behavior will be used.  When using a URL
  download, the timestamps of extracted files should preferably be that of
  the time of extraction, otherwise code that depends on the extracted
  contents might not be rebuilt if the URL changes.  The OLD behavior
  preserves the timestamps from the archive instead, but this is usually not
  what you want.  Update your project to the NEW behavior or specify the
  DOWNLOAD_EXTRACT_TIMESTAMP option with a value of true to avoid this
  robustness issue.
Call Stack (most recent call first):
  /usr/share/cmake/Modules/ExternalProject.cmake:4208 (_ep_add_download_command)
  3rdparty/CMakeLists.txt:426 (externalproject_add)
This warning is for project developers.  Use -Wno-dev to suppress it.

CMake Warning (dev) at /usr/share/cmake/Modules/ExternalProject.cmake:3091 (message):
  The DOWNLOAD_EXTRACT_TIMESTAMP option was not given and policy CMP0135 is
  not set.  The policy's OLD behavior will be used.  When using a URL
  download, the timestamps of extracted files should preferably be that of
  the time of extraction, otherwise code that depends on the extracted
  contents might not be rebuilt if the URL changes.  The OLD behavior
  preserves the timestamps from the archive instead, but this is usually not
  what you want.  Update your project to the NEW behavior or specify the
  DOWNLOAD_EXTRACT_TIMESTAMP option with a value of true to avoid this
  robustness issue.
Call Stack (most recent call first):
  /usr/share/cmake/Modules/ExternalProject.cmake:4208 (_ep_add_download_command)
  3rdparty/CMakeLists.txt:452 (externalproject_add)
This warning is for project developers.  Use -Wno-dev to suppress it.

CMake Warning (dev) at /usr/share/cmake/Modules/ExternalProject.cmake:3091 (message):
  The DOWNLOAD_EXTRACT_TIMESTAMP option was not given and policy CMP0135 is
  not set.  The policy's OLD behavior will be used.  When using a URL
  download, the timestamps of extracted files should preferably be that of
  the time of extraction, otherwise code that depends on the extracted
  contents might not be rebuilt if the URL changes.  The OLD behavior
  preserves the timestamps from the archive instead, but this is usually not
  what you want.  Update your project to the NEW behavior or specify the
  DOWNLOAD_EXTRACT_TIMESTAMP option with a value of true to avoid this
  robustness issue.
Call Stack (most recent call first):
  /usr/share/cmake/Modules/ExternalProject.cmake:4208 (_ep_add_download_command)
  3rdparty/CMakeLists.txt:481 (externalproject_add)
This warning is for project developers.  Use -Wno-dev to suppress it.

CMake Warning (dev) at /usr/share/cmake/Modules/ExternalProject.cmake:3091 (message):
  The DOWNLOAD_EXTRACT_TIMESTAMP option was not given and policy CMP0135 is
  not set.  The policy's OLD behavior will be used.  When using a URL
  download, the timestamps of extracted files should preferably be that of
  the time of extraction, otherwise code that depends on the extracted
  contents might not be rebuilt if the URL changes.  The OLD behavior
  preserves the timestamps from the archive instead, but this is usually not
  what you want.  Update your project to the NEW behavior or specify the
  DOWNLOAD_EXTRACT_TIMESTAMP option with a value of true to avoid this
  robustness issue.
Call Stack (most recent call first):
  /usr/share/cmake/Modules/ExternalProject.cmake:4208 (_ep_add_download_command)
  3rdparty/CMakeLists.txt:522 (externalproject_add)
This warning is for project developers.  Use -Wno-dev to suppress it.

-- Default install prefix: /home/vimkim/.cub/install/CBRD-27398-pgbuf-inspector-contract/release_gcc
Build JDBC Driver from cubird-jdbc submodule
-- =========== JDBC ===========
-- Found Java: /home/vimkim/gh/cb/CBRD-27398-pgbuf-inspector-contract/build_preset_release_gcc/vm/jdk8/bin/java (found suitable version "1.8.0.462", minimum required is "1.8") found components: Development 
-- [INFO] CUBRID_JDBC_SOURCE_DIR = /home/vimkim/gh/cb/CBRD-27398-pgbuf-inspector-contract/cubrid-jdbc
-- [INFO] CUBRID_JDBC_OUTPUT_DIR = /home/vimkim/gh/cb/CBRD-27398-pgbuf-inspector-contract/cubrid-jdbc/output
Add cubrid jdbc dependency from cubrid-jdbc submodule path: -PcubridJdbcPath=/home/vimkim/gh/cb/CBRD-27398-pgbuf-inspector-contract/build_preset_release_gcc/pl_engine/lib
-- JAVA_HOME: /home/vimkim/gh/cb/CBRD-27398-pgbuf-inspector-contract/build_preset_release_gcc/vm/jdk8
-- Found Java: /home/vimkim/gh/cb/CBRD-27398-pgbuf-inspector-contract/build_preset_release_gcc/vm/jdk8/bin/java (found version "1.8.0.462") 
-- Found Java: /home/vimkim/gh/cb/CBRD-27398-pgbuf-inspector-contract/build_preset_release_gcc/vm/jdk8/bin/java
-- Found JNI: /home/vimkim/gh/cb/CBRD-27398-pgbuf-inspector-contract/build_preset_release_gcc/vm/jdk8/include;/home/vimkim/gh/cb/CBRD-27398-pgbuf-inspector-contract/build_preset_release_gcc/vm/jdk8/include/linux;/home/vimkim/gh/cb/CBRD-27398-pgbuf-inspector-contract/build_preset_release_gcc/vm/jdk8/include
-- ======== WITH_CCI ==========
-- Get version information from /home/vimkim/gh/cb/CBRD-27398-pgbuf-inspector-contract/cubrid-cci/BUILD_NUMBER
-- CCI_BUILD_NUMBER:[11.2.0.0043-2fb8d6d]
-- Building CGW libraries.
CMake Warning (dev) at cm_common/CMakeLists.txt:104 (install):
  Target cmstat has PUBLIC_HEADER files but no PUBLIC_HEADER DESTINATION.
This warning is for project developers.  Use -Wno-dev to suppress it.

CMake Warning (dev) at cm_common/CMakeLists.txt:104 (install):
  Target cmdep has PUBLIC_HEADER files but no PUBLIC_HEADER DESTINATION.
This warning is for project developers.  Use -Wno-dev to suppress it.

-- .. timezone shared library
-- .... gen_timezone executable
-- ...... source files: /home/vimkim/gh/cb/CBRD-27398-pgbuf-inspector-contract/src/executables/generate_timezone.cpp
-- .... generate timezone command
-- .... cubrid_timezones lib
  unit_tests/...
CMake Warning (dev) at /usr/share/cmake/Modules/FetchContent.cmake:1282 (message):
  The DOWNLOAD_EXTRACT_TIMESTAMP option was not given and policy CMP0135 is
  not set.  The policy's OLD behavior will be used.  When using a URL
  download, the timestamps of extracted files should preferably be that of
  the time of extraction, otherwise code that depends on the extracted
  contents might not be rebuilt if the URL changes.  The OLD behavior
  preserves the timestamps from the archive instead, but this is usually not
  what you want.  Update your project to the NEW behavior or specify the
  DOWNLOAD_EXTRACT_TIMESTAMP option with a value of true to avoid this
  robustness issue.
Call Stack (most recent call first):
  unit_tests/CMakeLists.txt:65 (FetchContent_Declare)
This warning is for project developers.  Use -Wno-dev to suppress it.

   common
    oos
    pgbuf_inspector
-- Found Python3: /home/vimkim/.local/share/mise/shims/python3 (found version "3.14.3") found components: Interpreter 
-- Get version information CCI_VERSION: 11.2.0.0043-2fb8d6d
-- Configuring done (1.4s)
-- Generating done (0.2s)
-- Build files have been written to: /home/vimkim/gh/cb/CBRD-27398-pgbuf-inspector-contract/build_preset_release_gcc
[cubrid-bootstrap] Building and installing preset: release_gcc
[0mdirenv: loading ~/gh/cb/CBRD-27398-pgbuf-inspector-contract/.envrc
Preset Mode: release_gcc
Install Dir: /home/vimkim/.cub/install/CBRD-27398-pgbuf-inspector-contract/release_gcc
DB Dir: /home/vimkim/.cub/db/CBRD-27398-pgbuf-inspector-contract/commondb
Build Dir: /home/vimkim/gh/cb/CBRD-27398-pgbuf-inspector-contract/build_preset_release_gcc
[0mdirenv: loading ~/gh/cb/CBRD-27398-pgbuf-inspector-contract/.envrc
Preset Mode: release_gcc
Install Dir: /home/vimkim/.cub/install/CBRD-27398-pgbuf-inspector-contract/release_gcc
DB Dir: /home/vimkim/.cub/db/CBRD-27398-pgbuf-inspector-contract/commondb
Build Dir: /home/vimkim/gh/cb/CBRD-27398-pgbuf-inspector-contract/build_preset_release_gcc
[0mdirenv: loading ~/gh/cb/CBRD-27398-pgbuf-inspector-contract/.envrc
Preset Mode: release_gcc
Install Dir: /home/vimkim/.cub/install/CBRD-27398-pgbuf-inspector-contract/release_gcc
DB Dir: /home/vimkim/.cub/db/CBRD-27398-pgbuf-inspector-contract/commondb
Build Dir: /home/vimkim/gh/cb/CBRD-27398-pgbuf-inspector-contract/build_preset_release_gcc
Using JAVA_HOME JDK: /home/vimkim/.local/share/mise/installs/java/temurin-8.0.462+8
[0mdirenv: loading ~/gh/cb/CBRD-27398-pgbuf-inspector-contract/.envrc
Preset Mode: release_gcc
Install Dir: /home/vimkim/.cub/install/CBRD-27398-pgbuf-inspector-contract/release_gcc
DB Dir: /home/vimkim/.cub/db/CBRD-27398-pgbuf-inspector-contract/commondb
Build Dir: /home/vimkim/gh/cb/CBRD-27398-pgbuf-inspector-contract/build_preset_release_gcc
Logging build output to: /home/vimkim/gh/cb/CBRD-27398-pgbuf-inspector-contract/build_preset_release_gcc/build.log
[0mdirenv: loading ~/gh/cb/CBRD-27398-pgbuf-inspector-contract/.envrc
Preset Mode: release_gcc
Install Dir: /home/vimkim/.cub/install/CBRD-27398-pgbuf-inspector-contract/release_gcc
DB Dir: /home/vimkim/.cub/db/CBRD-27398-pgbuf-inspector-contract/commondb
Build Dir: /home/vimkim/gh/cb/CBRD-27398-pgbuf-inspector-contract/build_preset_release_gcc
[1/1274] Running utility command for pl_install_jdk
[INFO] Install JDK 8
[2/1274] Building CXX object sa/CMakeFiles/cubridsa.dir/__/src/base/chartype.c.o
[3/1274] Building CXX object sa/CMakeFiles/cubridsa.dir/__/src/base/process_util.c.o
[4/1274] Building CXX object sa/CMakeFiles/cubridsa.dir/__/src/base/get_clock_freq.c.o
[5/1274] Building CXX object sa/CMakeFiles/cubridsa.dir/__/src/base/bit.c.o
[6/1274] Building CXX object sa/CMakeFiles/cubridsa.dir/__/src/base/misc_string.c.o
[7/1274] Building CXX object sa/CMakeFiles/cubridsa.dir/__/src/base/sha1.c.o
[8/1274] Building CXX object sa/CMakeFiles/cubridsa.dir/__/src/base/mprec.c.o
[9/1274] Building CXX object sa/CMakeFiles/cubridsa.dir/__/src/base/porting.c.o
[10/1274] Building CXX object sa/CMakeFiles/cubridsa.dir/__/src/base/release_string.c.o
[11/1274] Building CXX object sa/CMakeFiles/cubridsa.dir/__/src/base/message_catalog.c.o
[12/1274] Building CXX object sa/CMakeFiles/cubridsa.dir/__/src/base/ini_parser.c.o
[13/1274] Building CXX object sa/CMakeFiles/cubridsa.dir/__/src/base/dtoa.c.o
[14/1274] Building CXX object sa/CMakeFiles/cubridsa.dir/__/src/base/hide_password.cpp.o
[15/1274] Building CXX object sa/CMakeFiles/cubridsa.dir/__/src/base/cubrid_getopt_long.c.o
[16/1274] Building CXX object sa/CMakeFiles/cubridsa.dir/__/src/base/variable_string.c.o
[17/1274] Building CXX object sa/CMakeFiles/cubridsa.dir/__/src/base/environment_variable.c.o
[18/1274] Building CXX object sa/CMakeFiles/cubridsa.dir/__/src/base/tsc_timer.c.o
[19/1274] Building CXX object sa/CMakeFiles/cubridsa.dir/__/src/base/fileline_location.cpp.o
[20/1274] Building CXX object sa/CMakeFiles/cubridsa.dir/__/src/base/util_func.c.o
[21/1274] Building CXX object sa/CMakeFiles/cubridsa.dir/__/src/base/xml_parser.c.o
[22/1274] Building CXX object sa/CMakeFiles/cubridsa.dir/__/src/base/fixed_alloc.c.o
[23/1274] Building CXX object sa/CMakeFiles/cubridsa.dir/__/src/base/perf.cpp.o
[24/1274] Building CXX object sa/CMakeFiles/cubridsa.dir/__/src/base/memory_private_allocator.cpp.o
[25/1274] Building CXX object sa/CMakeFiles/cubridsa.dir/__/src/base/printer.cpp.o
[26/1274] Building CXX object sa/CMakeFiles/cubridsa.dir/__/src/base/unicode_support.c.o
[27/1274] Building CXX object sa/CMakeFiles/cubridsa.dir/__/src/base/stack_dump.c.o
[28/1274] Building CXX object sa/CMakeFiles/cubridsa.dir/__/src/base/error_context.cpp.o
[29/1274] Building CXX object sa/CMakeFiles/cubridsa.dir/__/src/compat/cnv.c.o
[30/1274] Building CXX object sa/CMakeFiles/cubridsa.dir/__/src/base/mem_block.cpp.o
[31/1274] Building CXX object sa/CMakeFiles/cubridsa.dir/__/src/base/encryption.c.o
[32/1274] Building CXX object sa/CMakeFiles/cubridsa.dir/__/src/base/pinnable_buffer.cpp.o
[33/1274] Building CXX object sa/CMakeFiles/cubridsa.dir/__/src/executables/extract_schema.cpp.o
[34/1274] Building CXX object sa/CMakeFiles/cubridsa.dir/__/src/base/base64.c.o
[35/1274] Building CXX object sa/CMakeFiles/cubridsa.dir/__/src/base/string_buffer.cpp.o
[36/1274] Building C object sa/CMakeFiles/cubridsa.dir/__/src/compat/dbtype_function.c.o
[37/1274] Building CXX object sa/CMakeFiles/cubridsa.dir/__/src/base/binaryheap.c.o
[38/1274] Building CXX object sa/CMakeFiles/cubridsa.dir/__/src/base/lockfree_bitmap.cpp.o
[39/1274] Building CXX object sa/CMakeFiles/cubridsa.dir/__/src/base/filesys_temp.cpp.o
[40/1274] Building CXX object sa/CMakeFiles/cubridsa.dir/__/src/compat/db_json_allocator.cpp.o
[41/1274] Building CXX object sa/CMakeFiles/cubridsa.dir/__/src/executables/file_hash.c.o
[42/1274] Building CXX object sa/CMakeFiles/cubridsa.dir/__/src/base/databases_file.c.o
[43/1274] Building CXX object sa/CMakeFiles/cubridsa.dir/__/src/base/perf_monitor_trackers.cpp.o
[44/1274] Building CXX object sa/CMakeFiles/cubridsa.dir/__/src/base/packer.cpp.o
[45/1274] Building CXX object sa/CMakeFiles/cubridsa.dir/__/src/executables/csql_result.c.o
[46/1274] Building CXX object sa/CMakeFiles/cubridsa.dir/__/src/base/fault_injection.c.o
[47/1274] Building CXX object sa/CMakeFiles/cubridsa.dir/__/src/base/uca_support.c.o
[48/1274] Building CXX object sa/CMakeFiles/cubridsa.dir/__/src/base/resource_tracker.cpp.o
[49/1274] Building CXX object sa/CMakeFiles/cubridsa.dir/__/src/base/lock_free.c.o
[50/1274] Building CXX object sa/CMakeFiles/cubridsa.dir/__/src/base/intl_support.c.o
[51/1274] Building CXX object sa/CMakeFiles/cubridsa.dir/__/src/base/locale_helper.cpp.o
[52/1274] Building CXX object sa/CMakeFiles/cubridsa.dir/__/src/executables/util_common.c.o
[53/1274] Building CXX object sa/CMakeFiles/cubridsa.dir/__/src/base/error_manager.c.o
[54/1274] Building CXX object cs/CMakeFiles/cubridcs.dir/__/src/executables/file_hash.c.o
[55/1274] Building CXX object cs/CMakeFiles/cubridcs.dir/__/src/executables/csql_result.c.o
[56/1274] Building CXX object sa/CMakeFiles/cubridsa.dir/__/src/storage/ftab_set.cpp.o
[57/1274] Building CXX object sa/CMakeFiles/cubridsa.dir/__/src/sp/pl_file.c.o
[58/1274] Building CXX object sa/CMakeFiles/cubridsa.dir/__/src/base/dynamic_load.c.o
[59/1274] Building CXX object sa/CMakeFiles/cubridsa.dir/__/src/heaplayers/customheaps.cpp.o
[60/1274] Building CXX object sa/CMakeFiles/cubridsa.dir/__/src/connection/connection_list_cl.cpp.o
[61/1274] Building CXX object sa/CMakeFiles/cubridsa.dir/__/src/base/filesys_parser.cpp.o
[62/1274] Building CXX object sa/CMakeFiles/cubridsa.dir/__/src/compat/db_elo.c.o
[63/1274] Building CXX object sa/CMakeFiles/cubridsa.dir/__/src/connection/connection_less.cpp.o
[64/1274] Building CXX object sa/CMakeFiles/cubridsa.dir/__/src/base/area_alloc.c.o
[65/1274] Building CXX object sa/CMakeFiles/cubridsa.dir/__/src/heaplayers/lea_heap.c.o
[66/1274] Building CXX object sa/CMakeFiles/cubridsa.dir/__/src/connection/connection_globals.c.o
[67/1274] Building CXX object sa/CMakeFiles/cubridsa.dir/__/src/communication/network_histogram.cpp.o
[68/1274] Building CXX object sa/CMakeFiles/cubridsa.dir/__/src/connection/tcp.c.o
[69/1274] Building CXX object sa/CMakeFiles/cubridsa.dir/__/src/sp/pl_signature.cpp.o
[70/1274] Building CXX object sa/CMakeFiles/cubridsa.dir/__/src/compat/db_set.c.o
[71/1274] Building CXX object sa/CMakeFiles/cubridsa.dir/__/src/connection/host_lookup.c.o
[72/1274] Building CXX object sa/CMakeFiles/cubridsa.dir/__/src/sp/pl_comm.c.o
[73/1274] Building CXX object sa/CMakeFiles/cubridsa.dir/__/src/method/method_error.cpp.o
[74/1274] Building CXX object sa/CMakeFiles/cubridsa.dir/__/src/method/method_struct_parameter_info.cpp.o
[75/1274] Building CXX object sa/CMakeFiles/cubridsa.dir/__/src/base/memory_alloc.c.o
[76/1274] Building CXX object sa/CMakeFiles/cubridsa.dir/__/src/executables/csql_result_format.c.o
[77/1274] Building CXX object sa/CMakeFiles/cubridsa.dir/__/src/base/memory_hash.c.o
[78/1274] Building CXX object sa/CMakeFiles/cubridsa.dir/__/src/communication/network_callback_sr.cpp.o
[79/1274] Building CXX object sa/CMakeFiles/cubridsa.dir/__/src/compat/db_virt.c.o
[80/1274] Building CXX object sa/CMakeFiles/cubridsa.dir/__/src/base/lockfree_hashmap.cpp.o
[81/1274] Building CXX object sa/CMakeFiles/cubridsa.dir/__/src/executables/csql_support.c.o
[82/1274] Building CXX object sa/CMakeFiles/cubridsa.dir/__/src/method/method_struct_invoke.cpp.o
[83/1274] Building CXX object sa/CMakeFiles/cubridsa.dir/__/src/compat/db_old.c.o
[84/1274] Building CXX object sa/CMakeFiles/cubridsa.dir/__/src/compat/db_temp.c.o
[85/1274] Building CXX object sa/CMakeFiles/cubridsa.dir/__/src/compat/db_macro.c.o
[86/1274] Building CXX object sa/CMakeFiles/cubridsa.dir/__/src/connection/connection_cl.cpp.o
[87/1274] Building CXX object sa/CMakeFiles/cubridsa.dir/__/src/executables/unloaddb.c.o
[88/1274] Building CXX object sa/CMakeFiles/cubridsa.dir/__/src/executables/compactdb_common.c.o
[89/1274] Building CXX object sa/CMakeFiles/cubridsa.dir/__/src/base/cgroup.cpp.o
[90/1274] Building CXX object sa/CMakeFiles/cubridsa.dir/__/src/compat/db_class.c.o
[91/1274] Building CXX object sa/CMakeFiles/cubridsa.dir/__/src/executables/csql_session.c.o
[92/1274] Building CXX object sa/CMakeFiles/cubridsa.dir/__/src/compat/db_obj.c.o
[93/1274] Building CXX object sa/CMakeFiles/cubridsa.dir/__/src/sp/pl_connection.cpp.o
[94/1274] Building CXX object sa/CMakeFiles/cubridsa.dir/__/src/compat/db_info.c.o
[95/1274] Building CXX object sa/CMakeFiles/cubridsa.dir/__/src/base/resources.cpp.o
[96/1274] Building CXX object sa/CMakeFiles/cubridsa.dir/__/src/sp/pl_compile_handler.cpp.o
[97/1274] Building CXX object sa/CMakeFiles/cubridsa.dir/__/src/storage/heap_oos.cpp.o
[98/1274] Building CXX object sa/CMakeFiles/cubridsa.dir/__/src/compat/db_method_static.cpp.o
[99/1274] Building CXX object sa/CMakeFiles/cubridsa.dir/__/src/executables/unload_object_file.c.o
[100/1274] Building CXX object sa/CMakeFiles/cubridsa.dir/__/src/connection/connection_support.cpp.o
[101/1274] Building CXX object cs/CMakeFiles/cubridcs.dir/__/src/executables/csql_support.c.o
[102/1274] Building CXX object sa/CMakeFiles/cubridsa.dir/__/src/base/ddl_log.c.o
[103/1274] Building CXX object sa/CMakeFiles/cubridsa.dir/__/src/compat/db_date.c.o
[104/1274] Building CXX object sa/CMakeFiles/cubridsa.dir/__/src/communication/network_callback_cl.cpp.o
[105/1274] Building CXX object sa/CMakeFiles/cubridsa.dir/__/src/sp/pl_sr.cpp.o
[106/1274] Building CXX object sa/CMakeFiles/cubridsa.dir/__/src/executables/compactdb.c.o
[107/1274] Building CXX object sa/CMakeFiles/cubridsa.dir/__/src/method/method_struct_oid_info.cpp.o
[108/1274] Building CXX object sa/CMakeFiles/cubridsa.dir/__/src/compat/db_query.c.o
[109/1274] Building CXX object sa/CMakeFiles/cubridsa.dir/__/src/base/locale_support.c.o
[110/1274] Building CXX object sa/CMakeFiles/cubridsa.dir/__/src/compat/db_value_printer.cpp.o
[111/1274] Building CXX object sa/CMakeFiles/cubridsa.dir/__/src/object/lob_locator.cpp.o
[112/1274] Building CXX object sa/CMakeFiles/cubridsa.dir/__/src/object/object_print_util.cpp.o
[113/1274] Building CXX object sa/CMakeFiles/cubridsa.dir/__/src/method/method_query_util.cpp.o
[114/1274] Building CXX object sa/CMakeFiles/cubridsa.dir/__/src/executables/unload_object.c.o
[115/1274] Building CXX object sa/CMakeFiles/cubridsa.dir/__/src/object/quick_fit.c.o
[116/1274] Building CXX object sa/CMakeFiles/cubridsa.dir/__/src/connection/client_support.cpp.o
[117/1274] Building CXX object sa/CMakeFiles/cubridsa.dir/__/src/sp/pl_struct_compile.cpp.o
[118/1274] Building CXX object sa/CMakeFiles/cubridsa.dir/__/src/object/identifier_store.cpp.o
[119/1274] Building CXX object sa/CMakeFiles/cubridsa.dir/__/src/method/method_oid_handler.cpp.o
[120/1274] Building CXX object sa/CMakeFiles/cubridsa.dir/__/src/executables/util_cs.c.o
[121/1274] Building CXX object sa/CMakeFiles/cubridsa.dir/__/src/base/language_support.c.o
[122/1274] Building CXX object sa/CMakeFiles/cubridsa.dir/__/src/method/method_struct_query.cpp.o
[123/1274] Building CXX object sa/CMakeFiles/cubridsa.dir/__/src/executables/csql.c.o
[124/1274] Building CXX object sa/CMakeFiles/cubridsa.dir/__/src/compat/db_admin.c.o
[125/1274] Building CXX object sa/CMakeFiles/cubridsa.dir/__/src/object/elo.c.o
[126/1274] Building CXX object sa/CMakeFiles/cubridsa.dir/__/src/monitor/monitor_transaction.cpp.o
[127/1274] Building CXX object sa/CMakeFiles/cubridsa.dir/__/src/base/perf_monitor.c.o
[128/1274] Building CXX object sa/CMakeFiles/cubridsa.dir/__/src/compat/db_vdb.c.o
[129/1274] Building CXX object sa/CMakeFiles/cubridsa.dir/__/src/sp/pl_query_cursor.cpp.o
[130/1274] Building CXX object sa/CMakeFiles/cubridsa.dir/__/src/sp/method_invoke_group.cpp.o
[131/1274] Building CXX object sa/CMakeFiles/cubridsa.dir/__/src/method/method_struct_value.cpp.o
[132/1274] Building CXX object sa/CMakeFiles/cubridsa.dir/__/src/method/method_scan.cpp.o
[133/1274] Building CXX object sa/CMakeFiles/cubridsa.dir/__/src/base/object_representation_sr.c.o
[134/1274] Building CXX object sa/CMakeFiles/cubridsa.dir/__/src/base/system_parameter.c.o
[135/1274] Building CXX object sa/CMakeFiles/cubridsa.dir/__/src/sp/sp_code.cpp.o
[136/1274] Building CXX object sa/CMakeFiles/cubridsa.dir/__/src/parser/method_transform.c.o
[137/1274] Building CXX object sa/CMakeFiles/cubridsa.dir/__/src/optimizer/query_bitset.c.o
[138/1274] Building CXX object sa/CMakeFiles/cubridsa.dir/__/src/object/schema_information_schema_definition.cpp.o
[139/1274] Building CXX object sa/CMakeFiles/cubridsa.dir/__/src/compat/db_json_path.cpp.o
[140/1274] Building CXX object sa/CMakeFiles/cubridsa.dir/__/src/query/parallel/px_scan/px_scan_checker.cpp.o
[141/1274] Building CXX object sa/CMakeFiles/cubridsa.dir/__/src/object/authenticate_password.cpp.o
[142/1274] Building CXX object sa/CMakeFiles/cubridsa.dir/__/src/object/transform.c.o
[143/1274] Building CXX object sa/CMakeFiles/cubridsa.dir/__/src/object/schema_information_schema.cpp.o
[144/1274] Building CXX object sa/CMakeFiles/cubridsa.dir/__/src/object/authenticate.c.o
[145/1274] Building CXX object sa/CMakeFiles/cubridsa.dir/__/src/sp/pl_execution_stack_context.cpp.o
[146/1274] Building CXX object sa/CMakeFiles/cubridsa.dir/__/src/executables/util_sa.c.o
[147/1274] Building CXX object sa/CMakeFiles/cubridsa.dir/__/src/object/authenticate_cache.cpp.o
[148/1274] Building CXX object sa/CMakeFiles/cubridsa.dir/__/src/query/parallel/px_query_execute/px_query_checker.cpp.o
[149/1274] Building CXX object sa/CMakeFiles/cubridsa.dir/__/src/object/authenticate_owner.cpp.o
[150/1274] Building CXX object sa/CMakeFiles/cubridsa.dir/__/src/object/object_description.cpp.o
[151/1274] Building CXX object sa/CMakeFiles/cubridsa.dir/__/src/object/schema_system_catalog_install_query_spec.cpp.o
[152/1274] Building CXX object sa/CMakeFiles/cubridsa.dir/__/src/base/tz_support.c.o
[153/1274] Building CXX object sa/CMakeFiles/cubridsa.dir/__/src/object/authenticate_migration.cpp.o
[154/1274] Building CXX object sa/CMakeFiles/cubridsa.dir/__/src/object/schema_system_catalog.cpp.o
[155/1274] Building CXX object sa/CMakeFiles/cubridsa.dir/__/src/object/authenticate_context.cpp.o
[156/1274] Building CXX object sa/CMakeFiles/cubridsa.dir/__/src/object/authenticate_access_class.cpp.o
[157/1274] Building CXX object sa/CMakeFiles/cubridsa.dir/__/src/object/authenticate_access_auth.cpp.o
[158/1274] Building CXX object sa/CMakeFiles/cubridsa.dir/__/src/object/deduplicate_key.c.o
[159/1274] Building CXX object sa/CMakeFiles/cubridsa.dir/__/src/communication/network_interface_cl.c.o
[160/1274] Building CXX object sa/CMakeFiles/cubridsa.dir/__/src/sp/jsp_cl.cpp.o
[161/1274] Building CXX object sa/CMakeFiles/cubridsa.dir/__/src/object/class_description.cpp.o
[162/1274] Building CXX object sa/CMakeFiles/cubridsa.dir/__/src/base/tz_compile.c.o
[163/1274] Building CXX object sa/CMakeFiles/cubridsa.dir/__/src/method/method_query_handler.cpp.o
[164/1274] Building CXX object sa/CMakeFiles/cubridsa.dir/__/src/query/crypt_opfunc.c.o
[165/1274] Building CXX object sa/CMakeFiles/cubridsa.dir/__/src/object/object_template.c.o
[166/1274] Building CXX object sa/CMakeFiles/cubridsa.dir/__/src/object/trigger_description.cpp.o
[167/1274] Building CXX object sa/CMakeFiles/cubridsa.dir/__/src/sp/pl_executor.cpp.o
[168/1274] Building CXX object sa/CMakeFiles/cubridsa.dir/__/src/object/schema_system_catalog_definition.cpp.o
[169/1274] Building CXX object sa/CMakeFiles/cubridsa.dir/__/src/method/query_method.cpp.o
[170/1274] Building CXX object sa/CMakeFiles/cubridsa.dir/__/src/optimizer/rewriter/query_rewrite_auto_parameterize.c.o
[171/1274] Building CXX object sa/CMakeFiles/cubridsa.dir/__/src/object/schema_information_schema_builder.cpp.o
[172/1274] Building CXX object sa/CMakeFiles/cubridsa.dir/__/src/object/authenticate_grant.cpp.o
[173/1274] Building CXX object sa/CMakeFiles/cubridsa.dir/__/src/object/object_print.c.o
[174/1274] Building CXX object sa/CMakeFiles/cubridsa.dir/__/src/object/authenticate_access_user.cpp.o
[175/1274] Building CXX object sa/CMakeFiles/cubridsa.dir/__/src/object/schema_system_catalog_builder.cpp.o
[176/1274] Building CXX object sa/CMakeFiles/cubridsa.dir/__/src/object/object_representation.c.o
/home/vimkim/gh/cb/CBRD-27398-pgbuf-inspector-contract/src/object/object_representation.c: In function ‘char* or_unpack_spacedb(char*, SPACEDB_ALL*, SPACEDB_ONEVOL**, SPACEDB_FILES*)’:
/home/vimkim/gh/cb/CBRD-27398-pgbuf-inspector-contract/src/object/object_representation.c:6261:19: warning: ‘char* strncpy(char*, const char*, size_t)’ specified bound 4096 equals destination size [-Wstringop-truncation]
 6261 |           strncpy ((*vols)[iter_vol].name, volname, DB_MAX_PATH_LENGTH);
      |           ~~~~~~~~^~~~~~~~~~~~~~~~~~~~~~~~~~~~~~~~~~~~~~~~~~~~~~~~~~~~~
[177/1274] Building CXX object sa/CMakeFiles/cubridsa.dir/__/src/object/schema_information_schema_install_query_spec.cpp.o
[178/1274] Building CXX object sa/CMakeFiles/cubridsa.dir/__/src/object/virtual_object.c.o
[179/1274] Building CXX object sa/CMakeFiles/cubridsa.dir/__/src/object/object_accessor.c.o
[180/1274] Building CXX object sa/CMakeFiles/cubridsa.dir/__/src/object/object_printer.cpp.o
[181/1274] Building CXX object sa/CMakeFiles/cubridsa.dir/__/src/optimizer/rewriter/query_rewrite_subquery.c.o
[182/1274] Building CXX object sa/CMakeFiles/cubridsa.dir/__/src/sp/pl_session.cpp.o
[183/1274] Building CXX object sa/CMakeFiles/cubridsa.dir/__/src/optimizer/rewriter/query_rewrite_set.c.o
[184/1274] Building CXX object sa/CMakeFiles/cubridsa.dir/__/src/object/schema_class_truncator.cpp.o
[185/1274] Building CXX object sa/CMakeFiles/cubridsa.dir/__/src/optimizer/rewriter/query_rewrite.c.o
[186/1274] Building CXX object sa/CMakeFiles/cubridsa.dir/__/src/object/set_object.c.o
[187/1274] Building CXX object sa/CMakeFiles/cubridsa.dir/__/src/object/schema_template.c.o
[188/1274] Building CXX object sa/CMakeFiles/cubridsa.dir/__/src/object/work_space.c.o
[189/1274] Building CXX object sa/CMakeFiles/cubridsa.dir/__/src/query/string_regex_re2.cpp.o
[190/1274] Building CXX object sa/CMakeFiles/cubridsa.dir/__/src/executables/unload_schema.c.o
[191/1274] Building CXX object sa/CMakeFiles/cubridsa.dir/__/src/query/cursor.c.o
[192/1274] Building CXX object sa/CMakeFiles/cubridsa.dir/__/src/query/dblink_2pc.c.o
[193/1274] Building CXX object sa/CMakeFiles/cubridsa.dir/__/src/query/string_regex.cpp.o
[194/1274] Building CXX object sa/CMakeFiles/cubridsa.dir/__/src/query/vacuum_oos.cpp.o
[195/1274] Building CXX object sa/CMakeFiles/cubridsa.dir/__/src/optimizer/rewriter/query_rewrite_select.c.o
[196/1274] Building CXX object sa/CMakeFiles/cubridsa.dir/__/src/object/class_object.c.o
[197/1274] Building CXX object sa/CMakeFiles/cubridsa.dir/__/src/query/dblink_scan.c.o
[198/1274] Building CXX object sa/CMakeFiles/cubridsa.dir/__/src/method/method_callback.cpp.o
[199/1274] Building CXX object sa/CMakeFiles/cubridsa.dir/__/src/object/transform_cl.c.o
[200/1274] Building CXX object sa/CMakeFiles/cubridsa.dir/__/src/object/trigger_manager.c.o
[201/1274] Building CXX object sa/CMakeFiles/cubridsa.dir/__/src/query/query_cl.c.o
[202/1274] Building CXX object sa/CMakeFiles/cubridsa.dir/__/src/thread/critical_section_tracker.cpp.o
[203/1274] Building CXX object sa/CMakeFiles/cubridsa.dir/__/src/optimizer/rewriter/query_rewrite_term.c.o
[204/1274] Building CXX object sa/CMakeFiles/cubridsa.dir/__/src/query/regu_var.cpp.o
[205/1274] Building CXX object sa/CMakeFiles/cubridsa.dir/__/src/query/partition.c.o
[206/1274] Building CXX object sa/CMakeFiles/cubridsa.dir/__/src/query/scan_json_table.cpp.o
[207/1274] Building C object sa/CMakeFiles/cubridsa.dir/__/csql_lexer.c.o
[208/1274] Building CXX object sa/CMakeFiles/cubridsa.dir/__/src/parser/keyword.c.o
[209/1274] Building CXX object sa/CMakeFiles/cubridsa.dir/__/src/query/query_hash_join.c.o
[210/1274] Building CXX object sa/CMakeFiles/cubridsa.dir/__/src/query/numeric_opfunc.c.o
[211/1274] Building CXX object sa/CMakeFiles/cubridsa.dir/__/src/optimizer/plan_generation.c.o
[212/1274] Building CXX object sa/CMakeFiles/cubridsa.dir/__/src/query/query_aggregate.cpp.o
[213/1274] Building CXX object sa/CMakeFiles/cubridsa.dir/__/src/query/query_dump.c.o
[214/1274] Building CXX object sa/CMakeFiles/cubridsa.dir/__/src/parser/double_byte_support.c.o
[215/1274] Building CXX object sa/CMakeFiles/cubridsa.dir/__/src/query/subquery_cache.c.o
[216/1274] Building CXX object sa/CMakeFiles/cubridsa.dir/__/src/parser/parse_type.cpp.o
[217/1274] Building CXX object sa/CMakeFiles/cubridsa.dir/__/src/parser/cnf.c.o
[218/1274] Building CXX object sa/CMakeFiles/cubridsa.dir/__/src/query/query_reevaluation.cpp.o
[219/1274] Building CXX object sa/CMakeFiles/cubridsa.dir/__/src/query/query_hash_scan.c.o
[220/1274] Building CXX object sa/CMakeFiles/cubridsa.dir/__/src/transaction/client_credentials.cpp.o
[221/1274] Building CXX object sa/CMakeFiles/cubridsa.dir/__/src/parser/parser_allocator.cpp.o
[222/1274] Building CXX object sa/CMakeFiles/cubridsa.dir/__/src/query/query_analytic.cpp.o
[223/1274] Building CXX object sa/CMakeFiles/cubridsa.dir/__/src/query/show_scan.c.o
[224/1274] Building CXX object sa/CMakeFiles/cubridsa.dir/__/src/thread/thread_entry_task.cpp.o
[225/1274] Building CXX object sa/CMakeFiles/cubridsa.dir/__/src/query/query_evaluator.c.o
[226/1274] Building CXX object sa/CMakeFiles/cubridsa.dir/__/src/query/list_file.c.o
[227/1274] Building CXX object sa/CMakeFiles/cubridsa.dir/__/src/query/set_scan.c.o
[228/1274] Building CXX object sa/CMakeFiles/cubridsa.dir/__/src/parser/parse_tree.c.o
[229/1274] Building CXX object sa/CMakeFiles/cubridsa.dir/__/src/transaction/locator.c.o
[230/1274] Building CXX object sa/CMakeFiles/cubridsa.dir/__/src/query/query_manager.c.o
[231/1274] Building CXX object sa/CMakeFiles/cubridsa.dir/__/src/thread/thread_manager.cpp.o
[232/1274] Building CXX object sa/CMakeFiles/cubridsa.dir/__/src/storage/byte_order.c.o
[233/1274] Building CXX object sa/CMakeFiles/cubridsa.dir/__/src/parser/compile.c.o
[234/1274] Building CXX object sa/CMakeFiles/cubridsa.dir/__/src/transaction/log_comm.c.o
[235/1274] Building CXX object sa/CMakeFiles/cubridsa.dir/__/src/query/arithmetic.c.o
[236/1274] Building CXX object sa/CMakeFiles/cubridsa.dir/__/src/parser/scanner_support.c.o
[237/1274] Building CXX object sa/CMakeFiles/cubridsa.dir/__/src/query/filter_pred_cache.c.o
[238/1274] Building CXX object sa/CMakeFiles/cubridsa.dir/__/src/transaction/replication.c.o
[239/1274] Building CXX object sa/CMakeFiles/cubridsa.dir/__/src/parser/show_meta.c.o
[240/1274] Building CXX object sa/CMakeFiles/cubridsa.dir/__/src/transaction/log_compress.c.o
[241/1274] Building CXX object sa/CMakeFiles/cubridsa.dir/__/src/storage/es_owfs.c.o
[242/1274] Building CXX object sa/CMakeFiles/cubridsa.dir/__/src/parser/parse_evaluate.c.o
[243/1274] Building CXX object sa/CMakeFiles/cubridsa.dir/__/src/transaction/log_global.c.o
[244/1274] Building CXX object sa/CMakeFiles/cubridsa.dir/__/src/query/memoize.cpp.o
[245/1274] Building CXX object sa/CMakeFiles/cubridsa.dir/__/src/storage/btree_unique.cpp.o
[246/1274] Building CXX object sa/CMakeFiles/cubridsa.dir/__/src/transaction/log_recovery_redo.cpp.o
[247/1274] Building CXX object sa/CMakeFiles/cubridsa.dir/__/src/object/schema_manager.c.o
[248/1274] Building CXX object sa/CMakeFiles/cubridsa.dir/__/src/storage/es_posix.c.o
[249/1274] Building CXX object sa/CMakeFiles/cubridsa.dir/__/src/transaction/log_postpone_cache.cpp.o
[250/1274] Building CXX object sa/CMakeFiles/cubridsa.dir/__/src/thread/thread_lockfree_hash_map.cpp.o
[251/1274] Building CXX object sa/CMakeFiles/cubridsa.dir/__/src/storage/es_common.c.o
[252/1274] Building CXX object sa/CMakeFiles/cubridsa.dir/__/src/transaction/log_append.cpp.o
[253/1274] Building CXX object sa/CMakeFiles/cubridsa.dir/__/src/parser/xasl_regu_alloc.cpp.o
[254/1274] Building CXX object sa/CMakeFiles/cubridsa.dir/__/src/object/object_primitive.c.o
[255/1274] Building CXX object sa/CMakeFiles/cubridsa.dir/__/src/transaction/log_2pc.c.o
[256/1274] Building CXX object sa/CMakeFiles/cubridsa.dir/__/src/object/object_domain.c.o
[257/1274] Building CXX object sa/CMakeFiles/cubridsa.dir/__/src/transaction/mvcc_active_tran.cpp.o
[258/1274] Building CXX object sa/CMakeFiles/cubridsa.dir/__/src/parser/parse_dbi.c.o
[259/1274] Building CXX object sa/CMakeFiles/cubridsa.dir/__/src/transaction/mvcc.c.o
[260/1274] Building CXX object sa/CMakeFiles/cubridsa.dir/__/src/storage/oid.c.o
[261/1274] Building CXX object sa/CMakeFiles/cubridsa.dir/__/src/object/schema_information_schema_install.cpp.o
[262/1274] Building CXX object sa/CMakeFiles/cubridsa.dir/__/src/thread/thread_entry.cpp.o
[263/1274] Building CXX object sa/CMakeFiles/cubridsa.dir/__/src/transaction/log_system_tran.cpp.o
[264/1274] Building CXX object sa/CMakeFiles/cubridsa.dir/__/src/transaction/flashback.c.o
[265/1274] Building CXX object sa/CMakeFiles/cubridsa.dir/__/src/parser/query_result.c.o
[266/1274] Building CXX object sa/CMakeFiles/cubridsa.dir/__/src/query/serial.c.o
[267/1274] Building CXX object sa/CMakeFiles/cubridsa.dir/__/src/transaction/mvcc_table.cpp.o
[268/1274] Building CXX object sa/CMakeFiles/cubridsa.dir/__/src/transaction/transaction_transient.cpp.o
[269/1274] Building CXX object sa/CMakeFiles/cubridsa.dir/__/src/query/stream_to_xasl.c.o
[270/1274] Building CXX object sa/CMakeFiles/cubridsa.dir/__/src/storage/statistics_ndv.c.o
[271/1274] Building CXX object sa/CMakeFiles/cubridsa.dir/__/src/storage/oos_util.cpp.o
[272/1274] Building CXX object sa/CMakeFiles/cubridsa.dir/__/src/parser/func_type.cpp.o
[273/1274] Building CXX object sa/CMakeFiles/cubridsa.dir/__/src/optimizer/query_graph.c.o
[274/1274] Building CXX object sa/CMakeFiles/cubridsa.dir/__/src/transaction/boot_cl.c.o
[275/1274] Building CXX object sa/CMakeFiles/cubridsa.dir/__/src/query/xasl_to_stream.c.o
[276/1274] Building CXX object sa/CMakeFiles/cubridsa.dir/__/src/transaction/log_writer.c.o
[277/1274] Building CXX object sa/CMakeFiles/cubridsa.dir/__/src/optimizer/query_planner.c.o
[278/1274] Building CXX object sa/CMakeFiles/cubridsa.dir/__/src/xasl/xasl_unpack_info.cpp.o
[279/1274] Building CXX object sa/CMakeFiles/cubridsa.dir/__/src/query/scan_manager.c.o
[280/1274] Building CXX object sa/CMakeFiles/cubridsa.dir/__/src/transaction/transaction_cl.c.o
[281/1274] Building CXX object sa/CMakeFiles/cubridsa.dir/__/src/storage/storage_common.c.o
[282/1274] Building CXX object sa/CMakeFiles/cubridsa.dir/__/src/parser/parser_support.c.o
[283/1274] Building CXX object sa/CMakeFiles/cubridsa.dir/__/src/query/fetch.c.o
[284/1274] Building CXX object sa/CMakeFiles/cubridsa.dir/__/src/storage/record_descriptor.cpp.o
[285/1274] Building CXX object sa/CMakeFiles/cubridsa.dir/__/src/storage/overflow_file.c.o
[286/1274] Building CXX object sa/CMakeFiles/cubridsa.dir/__/src/transaction/recovery.c.o
[287/1274] Running utility command for jdbc_build
-- Found Git: /usr/bin/git (found version "2.47.3") 
[INFO] JDBC VERSION = 11.4.0.0072
Buildfile: /home/vimkim/gh/cb/CBRD-27398-pgbuf-inspector-contract/cubrid-jdbc/build.xml

clean:

src-jar-cubrid:
    [mkdir] Created dir: /home/vimkim/gh/cb/CBRD-27398-pgbuf-inspector-contract/cubrid-jdbc/output/bin-cubrid
    [mkdir] Created dir: /home/vimkim/gh/cb/CBRD-27398-pgbuf-inspector-contract/cubrid-jdbc/output/src-cubrid
     [copy] Copying 1 file to /home/vimkim/gh/cb/CBRD-27398-pgbuf-inspector-contract/cubrid-jdbc/output/src-cubrid
     [copy] Copying 99 files to /home/vimkim/gh/cb/CBRD-27398-pgbuf-inspector-contract/cubrid-jdbc/output/src-cubrid
      [jar] Building jar: /home/vimkim/gh/cb/CBRD-27398-pgbuf-inspector-contract/cubrid-jdbc/cubrid-jdbc-11.4.0.0072-sources.jar

compile-cubrid:
    [javac] Compiling 99 source files to /home/vimkim/gh/cb/CBRD-27398-pgbuf-inspector-contract/cubrid-jdbc/output/bin-cubrid

doc-jar-cubrid:
  [javadoc] Generating Javadoc
  [javadoc] Javadoc execution
  [javadoc] Loading source files for package cubrid.jdbc.driver...
  [javadoc] Loading source files for package cubrid.jdbc.jci...
  [javadoc] Loading source files for package cubrid.jdbc.log...
  [javadoc] Loading source files for package cubrid.jdbc.net...
  [javadoc] Loading source files for package cubrid.jdbc.util...
  [javadoc] Loading source files for package cubrid.sql...
  [javadoc] Constructing Javadoc information...
  [javadoc] Standard Doclet version 1.8.0_462
  [javadoc] Building tree for all the packages and classes...
  [javadoc] Building index for all the packages and classes...
  [javadoc] Building index for all classes...
      [jar] Building jar: /home/vimkim/gh/cb/CBRD-27398-pgbuf-inspector-contract/cubrid-jdbc/cubrid-jdbc-11.4.0.0072-javadoc.jar

dist-cubrid:
      [jar] Building jar: /home/vimkim/gh/cb/CBRD-27398-pgbuf-inspector-contract/cubrid-jdbc/cubrid-jdbc-11.4.0.0072.jar

BUILD SUCCESSFUL
Total time: 17 seconds
[INFO] Generating cubrid_jdbc.jar finished
[288/1274] Building CXX object sa/CMakeFiles/cubridsa.dir/__/src/query/query_opfunc.c.o
[289/1274] Building CXX object sa/CMakeFiles/cubridsa.dir/__/src/transaction/transaction_sr.c.o
[290/1274] Building CXX object sa/CMakeFiles/cubridsa.dir/__/src/query/xasl_cache.c.o
[291/1274] Building CXX object sa/CMakeFiles/cubridsa.dir/__/src/xasl/access_json_table.cpp.o
[292/1274] Building CXX object sa/CMakeFiles/cubridsa.dir/__/src/transaction/locator_cl.c.o
[293/1274] Building CXX object sa/CMakeFiles/cubridsa.dir/__/src/loaddb/load_driver.cpp.o
[294/1274] Building CXX object sa/CMakeFiles/cubridsa.dir/__/load_lexer.cpp.o
[295/1274] Building CXX object sa/CMakeFiles/cubridsa.dir/__/src/session/session_sr.c.o
[296/1274] Building CXX object sa/CMakeFiles/cubridsa.dir/__/src/query/vacuum.c.o
[297/1274] Building CXX object sa/CMakeFiles/cubridsa.dir/__/src/storage/compactdb_sr.c.o
[298/1274] Building CXX object sa/CMakeFiles/cubridsa.dir/__/src/transaction/boot_sr.c.o
[299/1274] Building CXX object sa/CMakeFiles/cubridsa.dir/__/src/optimizer/histogram/histogram_reader.cpp.o
[300/1274] Building CXX object sa/CMakeFiles/cubridsa.dir/__/src/storage/es.c.o
[301/1274] Building CXX object sa/CMakeFiles/cubridsa.dir/__/load_grammar.cpp.o
[302/1274] Building CXX object sa/CMakeFiles/cubridsa.dir/__/src/parser/name_resolution.c.o
[303/1274] Building CXX object sa/CMakeFiles/cubridsa.dir/__/src/loaddb/load_error_handler.cpp.o
[304/1274] Building CXX object cs/CMakeFiles/cubridcs.dir/__/src/executables/extract_schema.cpp.o
[305/1274] Building CXX object sa/CMakeFiles/cubridsa.dir/__/src/loaddb/load_common.cpp.o
[306/1274] Building CXX object cs/CMakeFiles/cubridcs.dir/__/src/compat/cnv.c.o
[307/1274] Building CXX object sa/CMakeFiles/cubridsa.dir/__/src/transaction/lock_manager.c.o
[308/1274] Building CXX object sa/CMakeFiles/cubridsa.dir/__/src/storage/bestspace.cpp.o
[309/1274] Building CXX object sa/CMakeFiles/cubridsa.dir/__/src/optimizer/histogram/histogram_builder.cpp.o
[310/1274] Building CXX object sa/CMakeFiles/cubridsa.dir/__/src/query/execute_schema.c.o
[311/1274] Building CXX object sa/CMakeFiles/cubridsa.dir/__/src/parser/view_transform.c.o
[312/1274] Building CXX object sa/CMakeFiles/cubridsa.dir/__/src/storage/statistics_cl.c.o
[313/1274] Building CXX object sa/CMakeFiles/cubridsa.dir/__/src/xasl/xasl_analytic.cpp.o
[314/1274] Building CXX object sa/CMakeFiles/cubridsa.dir/__/src/loaddb/load_object_table.c.o
[315/1274] Building CXX object cs/CMakeFiles/cubridcs.dir/__/src/executables/util_common.c.o
[316/1274] Building CXX object sa/CMakeFiles/cubridsa.dir/__/src/compat/db_json.cpp.o
[317/1274] Building CXX object sa/CMakeFiles/cubridsa.dir/__/src/sp/sp_catalog.cpp.o
[318/1274] Building CXX object cs/CMakeFiles/cubridcs.dir/__/src/base/chartype.c.o
[319/1274] Building CXX object sa/CMakeFiles/cubridsa.dir/__/src/xasl/xasl_predicate.cpp.o
[320/1274] Building CXX object cs/CMakeFiles/cubridcs.dir/__/src/compat/db_json_allocator.cpp.o
[321/1274] Building CXX object sa/CMakeFiles/cubridsa.dir/__/src/xasl/xasl_stream.cpp.o
[322/1274] Building CXX object sa/CMakeFiles/cubridsa.dir/__/src/storage/oos_file.cpp.o
[323/1274] Building CXX object sa/CMakeFiles/cubridsa.dir/__/src/storage/tde.c.o
[324/1274] Building CXX object sa/CMakeFiles/cubridsa.dir/__/src/query/execute_statement.c.o
[325/1274] Building CXX object sa/CMakeFiles/cubridsa.dir/__/src/storage/extendible_hash.c.o
[326/1274] Building CXX object cs/CMakeFiles/cubridcs.dir/__/src/base/dtoa.c.o
[327/1274] Building CXX object cs/CMakeFiles/cubridcs.dir/__/src/base/environment_variable.c.o
[328/1274] Building CXX object cs/CMakeFiles/cubridcs.dir/__/src/base/fault_injection.c.o
[329/1274] Building CXX object sa/CMakeFiles/cubridsa.dir/__/src/storage/statistics_sr.c.o
[330/1274] Building CXX object sa/CMakeFiles/cubridsa.dir/__/src/storage/catalog_class.c.o
[331/1274] Building CXX object cs/CMakeFiles/cubridcs.dir/__/src/base/encryption.c.o
[332/1274] Building CXX object sa/CMakeFiles/cubridsa.dir/__/src/storage/double_write_buffer.cpp.o
[333/1274] Building CXX object sa/CMakeFiles/cubridsa.dir/__/src/transaction/log_tran_table.c.o
[334/1274] Building CXX object cs/CMakeFiles/cubridcs.dir/__/src/base/cubrid_getopt_long.c.o
[335/1274] Building CXX object cs/CMakeFiles/cubridcs.dir/__/src/base/base64.c.o
[336/1274] Building CXX object sa/CMakeFiles/cubridsa.dir/__/src/loaddb/load_semantic_helper.cpp.o
[337/1274] Building CXX object sa/CMakeFiles/cubridsa.dir/__/src/storage/disk_manager.c.o
/home/vimkim/gh/cb/CBRD-27398-pgbuf-inspector-contract/src/storage/disk_manager.c: In function ‘int disk_spacedb(THREAD_ENTRY*, SPACEDB_ALL*, SPACEDB_ONEVOL**)’:
/home/vimkim/gh/cb/CBRD-27398-pgbuf-inspector-contract/src/storage/disk_manager.c:6160:19: warning: ‘char* strncpy(char*, const char*, size_t)’ specified bound 4096 equals destination size [-Wstringop-truncation]
 6160 |           strncpy ((*spacevols)[iter_spacevols].name, disk_vhdr_get_vol_fullname (volheader), DB_MAX_PATH_LENGTH);
      |           ~~~~~~~~^~~~~~~~~~~~~~~~~~~~~~~~~~~~~~~~~~~~~~~~~~~~~~~~~~~~~~~~~~~~~~~~~~~~~~~~~~~~~~~~~~~~~~~~~~~~~~~
[338/1274] Building CXX object cs/CMakeFiles/cubridcs.dir/__/src/executables/csql_result_format.c.o
[339/1274] Building C object cs/CMakeFiles/cubridcs.dir/__/src/compat/dbtype_function.c.o
[340/1274] Building CXX object sa/CMakeFiles/cubridsa.dir/__/src/xasl/xasl_iteration.cpp.o
[341/1274] Building CXX object sa/CMakeFiles/cubridsa.dir/__/src/transaction/log_page_buffer.c.o
/home/vimkim/gh/cb/CBRD-27398-pgbuf-inspector-contract/src/transaction/log_page_buffer.c: In function ‘void logpb_checkpoint_trans(LOG_INFO_CHKPT_TRANS*, log_tdes*, int&, int&, LOG_LSA&)’:
/home/vimkim/gh/cb/CBRD-27398-pgbuf-inspector-contract/src/transaction/log_page_buffer.c:6842:15: warning: ‘char* strncpy(char*, const char*, size_t)’ specified bound 33 equals destination size [-Wstringop-truncation]
 6842 |       strncpy (chkpt_entry->user_name, tdes->client.get_db_user (), LOG_USERNAME_MAX);
      |       ~~~~~~~~^~~~~~~~~~~~~~~~~~~~~~~~~~~~~~~~~~~~~~~~~~~~~~~~~~~~~~~~~~~~~~~~~~~~~~~
[342/1274] Building CXX object sa/CMakeFiles/cubridsa.dir/__/src/storage/external_sort.c.o
[343/1274] Building CXX object sa/CMakeFiles/cubridsa.dir/__/src/storage/btree_load.c.o
[344/1274] Building CXX object cs/CMakeFiles/cubridcs.dir/__/src/base/fixed_alloc.c.o
[345/1274] Building CXX object sa/CMakeFiles/cubridsa.dir/__/src/loaddb/load_object.c.o
[346/1274] Building CXX object cs/CMakeFiles/cubridcs.dir/__/src/executables/csql_session.c.o
[347/1274] Building CXX object cs/CMakeFiles/cubridcs.dir/__/src/base/fileline_location.cpp.o
[348/1274] Building CXX object cs/CMakeFiles/cubridcs.dir/__/src/base/ini_parser.c.o
[349/1274] Building CXX object cs/CMakeFiles/cubridcs.dir/__/src/base/error_context.cpp.o
[350/1274] Building CXX object cs/CMakeFiles/cubridcs.dir/__/src/base/misc_string.c.o
[351/1274] Building CXX object cs/CMakeFiles/cubridcs.dir/__/src/executables/compactdb_common.c.o
[352/1274] Building CXX object cs/CMakeFiles/cubridcs.dir/__/src/base/databases_file.c.o
[353/1274] Building CXX object cs/CMakeFiles/cubridcs.dir/__/src/base/get_clock_freq.c.o
[354/1274] Building CXX object cs/CMakeFiles/cubridcs.dir/__/src/compat/db_elo.c.o
[355/1274] Building CXX object cs/CMakeFiles/cubridcs.dir/__/src/executables/unloaddb.c.o
[356/1274] Building CXX object cs/CMakeFiles/cubridcs.dir/__/src/base/locale_support.c.o
[357/1274] Building CXX object cs/CMakeFiles/cubridcs.dir/__/src/base/mprec.c.o
[358/1274] Building CXX object cs/CMakeFiles/cubridcs.dir/__/src/base/sha1.c.o
[359/1274] Building CXX object cs/CMakeFiles/cubridcs.dir/__/src/base/message_catalog.c.o
[360/1274] Building CXX object cs/CMakeFiles/cubridcs.dir/__/src/base/process_util.c.o
[361/1274] Building CXX object cs/CMakeFiles/cubridcs.dir/__/src/executables/compactdb_cl.c.o
[362/1274] Building CXX object cs/CMakeFiles/cubridcs.dir/__/src/base/filesys_temp.cpp.o
[363/1274] Building CXX object cs/CMakeFiles/cubridcs.dir/__/src/base/lockfree_bitmap.cpp.o
[364/1274] Building CXX object cs/CMakeFiles/cubridcs.dir/__/src/executables/unload_object_file.c.o
[365/1274] Building CXX object cs/CMakeFiles/cubridcs.dir/__/src/base/release_string.c.o
[366/1274] Building CXX object cs/CMakeFiles/cubridcs.dir/__/src/base/tsc_timer.c.o
[367/1274] Building CXX object cs/CMakeFiles/cubridcs.dir/__/src/base/porting.c.o
[368/1274] Building CXX object cs/CMakeFiles/cubridcs.dir/__/src/base/memory_private_allocator.cpp.o
[369/1274] Building CXX object cs/CMakeFiles/cubridcs.dir/__/src/base/hide_password.cpp.o
[370/1274] Building CXX object sa/CMakeFiles/cubridsa.dir/__/src/transaction/log_recovery.c.o
[371/1274] Building CXX object cs/CMakeFiles/cubridcs.dir/__/src/compat/db_old.c.o
[372/1274] Building CXX object cs/CMakeFiles/cubridcs.dir/__/src/base/uca_support.c.o
[373/1274] Building CXX object cs/CMakeFiles/cubridcs.dir/__/src/base/variable_string.c.o
[374/1274] Building CXX object cs/CMakeFiles/cubridcs.dir/__/src/compat/db_class.c.o
[375/1274] Building CXX object cs/CMakeFiles/cubridcs.dir/__/src/base/mem_block.cpp.o
[376/1274] Building CXX object sa/CMakeFiles/cubridsa.dir/__/src/storage/slotted_page.c.o
[377/1274] Building CXX object cs/CMakeFiles/cubridcs.dir/__/src/base/perf.cpp.o
[378/1274] Building CXX object cs/CMakeFiles/cubridcs.dir/__/src/compat/db_admin.c.o
[379/1274] Building CXX object cs/CMakeFiles/cubridcs.dir/__/src/executables/unload_object.c.o
[380/1274] Building CXX object cs/CMakeFiles/cubridcs.dir/__/src/base/locale_helper.cpp.o
[381/1274] Building CXX object cs/CMakeFiles/cubridcs.dir/__/src/base/pinnable_buffer.cpp.o
[382/1274] Building CXX object cs/CMakeFiles/cubridcs.dir/__/src/compat/db_info.c.o
[383/1274] Building CXX object sa/CMakeFiles/cubridsa.dir/__/src/query/string_regex_std.cpp.o
[384/1274] Building CXX object cs/CMakeFiles/cubridcs.dir/__/src/base/error_manager.c.o
[385/1274] Building CXX object sa/CMakeFiles/cubridsa.dir/__/src/parser/semantic_check.c.o
[386/1274] Building CXX object cs/CMakeFiles/cubridcs.dir/__/src/base/unicode_support.c.o
[387/1274] Building CXX object cubrid/CMakeFiles/cubrid.dir/__/src/query/scan_json_table.cpp.o
[388/1274] Building CXX object cs/CMakeFiles/cubridcs.dir/__/src/base/resource_tracker.cpp.o
[389/1274] Building CXX object sa/CMakeFiles/cubridsa.dir/__/src/object/schema_system_catalog_install.cpp.o
[390/1274] Building CXX object cs/CMakeFiles/cubridcs.dir/__/src/base/xml_parser.c.o
[391/1274] Building CXX object sa/CMakeFiles/cubridsa.dir/__/src/transaction/locator_sr.c.o
[392/1274] Building CXX object cs/CMakeFiles/cubridcs.dir/__/src/base/intl_support.c.o
[393/1274] Building CXX object sa/CMakeFiles/cubridsa.dir/__/src/parser/parse_tree_cl.c.o
[394/1274] Building CXX object cs/CMakeFiles/cubridcs.dir/__/src/base/printer.cpp.o
[395/1274] Building CXX object cs/CMakeFiles/cubridcs.dir/__/src/base/string_buffer.cpp.o
[396/1274] Building CXX object cs/CMakeFiles/cubridcs.dir/__/src/compat/db_obj.c.o
[397/1274] Building CXX object cs/CMakeFiles/cubridcs.dir/__/src/base/area_alloc.c.o
[398/1274] Building CXX object cs/CMakeFiles/cubridcs.dir/__/src/executables/checksumdb.c.o
[399/1274] Building CXX object cs/CMakeFiles/cubridcs.dir/__/src/executables/csql.c.o
[400/1274] Building CXX object sa/CMakeFiles/cubridsa.dir/__/src/loaddb/load_db.c.o
[401/1274] Building CXX object sa/CMakeFiles/cubridsa.dir/__/src/session/session.c.o
[402/1274] Building CXX object sa/CMakeFiles/cubridsa.dir/__/src/storage/file_io.c.o
/home/vimkim/gh/cb/CBRD-27398-pgbuf-inspector-contract/src/storage/file_io.c: In function ‘int fileio_cache(VOLID, const char*, int, FILEIO_LOCKF_TYPE)’:
/home/vimkim/gh/cb/CBRD-27398-pgbuf-inspector-contract/src/storage/file_io.c:5987:15: warning: ‘char* strncpy(char*, const char*, size_t)’ specified bound 4096 equals destination size [-Wstringop-truncation]
 5987 |       strncpy (vol_info_p->vlabel, vol_label_p, PATH_MAX);
      |       ~~~~~~~~^~~~~~~~~~~~~~~~~~~~~~~~~~~~~~~~~~~~~~~~~~~
/home/vimkim/gh/cb/CBRD-27398-pgbuf-inspector-contract/src/storage/file_io.c:5987:15: warning: ‘char* strncpy(char*, const char*, size_t)’ specified bound 4096 equals destination size [-Wstringop-truncation]
/home/vimkim/gh/cb/CBRD-27398-pgbuf-inspector-contract/src/storage/file_io.c: In function ‘int fileio_backup_volume(THREAD_ENTRY*, FILEIO_BACKUP_SESSION*, const char*, VOLID, PAGEID, bool)’:
/home/vimkim/gh/cb/CBRD-27398-pgbuf-inspector-contract/src/storage/file_io.c:8369:11: warning: ‘char* strncpy(char*, const char*, size_t)’ specified bound 4096 equals destination size [-Wstringop-truncation]
 8369 |   strncpy (file_header_p->vlabel, session_p->dbfile.vlabel, PATH_MAX);
      |   ~~~~~~~~^~~~~~~~~~~~~~~~~~~~~~~~~~~~~~~~~~~~~~~~~~~~~~~~~~~~~~~~~~~
[403/1274] Building CXX object cs/CMakeFiles/cubridcs.dir/__/src/base/stack_dump.c.o
[404/1274] Building CXX object cs/CMakeFiles/cubridcs.dir/__/src/compat/db_method_static.cpp.o
[405/1274] Building CXX object cs/CMakeFiles/cubridcs.dir/__/src/base/packer.cpp.o
[406/1274] Building CXX object cs/CMakeFiles/cubridcs.dir/__/src/base/util_func.c.o
[407/1274] Building CXX object cs/CMakeFiles/cubridcs.dir/__/src/compat/db_set.c.o
[408/1274] Building CXX object cs/CMakeFiles/cubridcs.dir/__/src/communication/network_common.cpp.o
[409/1274] Building CXX object sa/CMakeFiles/cubridsa.dir/__/src/optimizer/histogram/histogram_cl.cpp.o
[410/1274] Building CXX object cs/CMakeFiles/cubridcs.dir/__/src/compat/db_virt.c.o
[411/1274] Building CXX object cs/CMakeFiles/cubridcs.dir/__/src/compat/db_temp.c.o
[412/1274] Building CXX object cs/CMakeFiles/cubridcs.dir/__/src/compat/db_macro.c.o
[413/1274] Building CXX object cs/CMakeFiles/cubridcs.dir/__/src/communication/network_histogram.cpp.o
[414/1274] Building CXX object cs/CMakeFiles/cubridcs.dir/__/src/compat/db_query.c.o
[415/1274] Building CXX object cs/CMakeFiles/cubridcs.dir/__/src/compat/db_date.c.o
[416/1274] Building CXX object cs/CMakeFiles/cubridcs.dir/__/src/connection/connection_less.cpp.o
[417/1274] Building CXX object cs/CMakeFiles/cubridcs.dir/__/src/heaplayers/customheaps.cpp.o
[418/1274] Building CXX object cs/CMakeFiles/cubridcs.dir/__/src/compat/db_value_printer.cpp.o
[419/1274] Building CXX object cs/CMakeFiles/cubridcs.dir/__/src/base/dynamic_load.c.o
[420/1274] Building CXX object cs/CMakeFiles/cubridcs.dir/__/src/connection/connection_list_cl.cpp.o
[421/1274] Building CXX object cs/CMakeFiles/cubridcs.dir/__/src/base/filesys_parser.cpp.o
[422/1274] Building CXX object sa/CMakeFiles/cubridsa.dir/__/src/loaddb/load_sa_loader.cpp.o
[423/1274] Building CXX object cs/CMakeFiles/cubridcs.dir/__/src/heaplayers/lea_heap.c.o
[424/1274] Building CXX object cs/CMakeFiles/cubridcs.dir/__/src/object/quick_fit.c.o
[425/1274] Building CXX object cs/CMakeFiles/cubridcs.dir/__/src/object/object_print_util.cpp.o
[426/1274] Building CXX object cs/CMakeFiles/cubridcs.dir/__/src/connection/tcp.c.o
[427/1274] Building CXX object cs/CMakeFiles/cubridcs.dir/__/src/executables/util_cs.c.o
[428/1274] Building CXX object cs/CMakeFiles/cubridcs.dir/__/src/connection/host_lookup.c.o
[429/1274] Building CXX object cs/CMakeFiles/cubridcs.dir/__/src/object/elo.c.o
[430/1274] Building CXX object cs/CMakeFiles/cubridcs.dir/__/src/connection/connection_globals.c.o
[431/1274] Building CXX object cs/CMakeFiles/cubridcs.dir/__/src/connection/heartbeat.c.o
[432/1274] Building CXX object cs/CMakeFiles/cubridcs.dir/__/src/object/identifier_store.cpp.o
[433/1274] Building CXX object sa/CMakeFiles/cubridsa.dir/__/src/transaction/log_manager.c.o
[434/1274] Building CXX object cs/CMakeFiles/cubridcs.dir/__/src/object/transform.c.o
[435/1274] Building CXX object cs/CMakeFiles/cubridcs.dir/__/src/base/memory_alloc.c.o
[436/1274] Building CXX object cs/CMakeFiles/cubridcs.dir/__/src/compat/db_vdb.c.o
[437/1274] Building CXX object sa/CMakeFiles/cubridsa.dir/__/src/storage/file_manager.c.o
[438/1274] Building CXX object sa/CMakeFiles/cubridsa.dir/__/src/storage/system_catalog.c.o
[439/1274] Building CXX object cs/CMakeFiles/cubridcs.dir/__/src/connection/connection_cl.cpp.o
[440/1274] Building CXX object cs/CMakeFiles/cubridcs.dir/__/src/base/memory_hash.c.o
[441/1274] Building CXX object cs/CMakeFiles/cubridcs.dir/__/src/optimizer/query_bitset.c.o
[442/1274] Building CXX object cs/CMakeFiles/cubridcs.dir/__/src/compat/db_json_path.cpp.o
[443/1274] Building CXX object cs/CMakeFiles/cubridcs.dir/__/src/base/cgroup.cpp.o
[444/1274] Building CXX object cubrid/CMakeFiles/cubrid.dir/__/src/query/scan_manager.c.o
[445/1274] Building CXX object cs/CMakeFiles/cubridcs.dir/__/src/base/resources.cpp.o
[446/1274] Building CXX object cs/CMakeFiles/cubridcs.dir/__/src/object/schema_information_schema.cpp.o
[447/1274] Building CXX object cs/CMakeFiles/cubridcs.dir/__/src/base/perf_monitor.c.o
[448/1274] Building CXX object cs/CMakeFiles/cubridcs.dir/__/src/object/schema_information_schema_definition.cpp.o
[449/1274] Building CXX object cs/CMakeFiles/cubridcs.dir/__/src/connection/client_support.cpp.o
[450/1274] Building CXX object cs/CMakeFiles/cubridcs.dir/__/src/object/deduplicate_key.c.o
[451/1274] Building CXX object cs/CMakeFiles/cubridcs.dir/__/src/base/ddl_log.c.o
[452/1274] Building CXX object cs/CMakeFiles/cubridcs.dir/__/src/object/authenticate_password.cpp.o
[453/1274] Building CXX object cs/CMakeFiles/cubridcs.dir/__/src/object/lob_locator.cpp.o
[454/1274] Building CXX object cs/CMakeFiles/cubridcs.dir/__/src/communication/network_callback_cl.cpp.o
[455/1274] Building CXX object cs/CMakeFiles/cubridcs.dir/__/src/object/authenticate_access_class.cpp.o
[456/1274] Building CXX object cs/CMakeFiles/cubridcs.dir/__/src/object/authenticate_owner.cpp.o
[457/1274] Building CXX object cs/CMakeFiles/cubridcs.dir/__/src/connection/connection_support.cpp.o
[458/1274] Building CXX object cs/CMakeFiles/cubridcs.dir/__/src/object/authenticate.c.o
[459/1274] Building CXX object cs/CMakeFiles/cubridcs.dir/__/src/base/language_support.c.o
[460/1274] Building CXX object cs/CMakeFiles/cubridcs.dir/__/src/object/object_description.cpp.o
[461/1274] Building CXX object cs/CMakeFiles/cubridcs.dir/__/src/object/schema_system_catalog_install_query_spec.cpp.o
[462/1274] Building CXX object cs/CMakeFiles/cubridcs.dir/__/src/object/schema_system_catalog_definition.cpp.o
[463/1274] Building CXX object cs/CMakeFiles/cubridcs.dir/__/src/object/class_description.cpp.o
[464/1274] Building CXX object cs/CMakeFiles/cubridcs.dir/__/src/object/authenticate_context.cpp.o
[465/1274] Building CXX object cs/CMakeFiles/cubridcs.dir/__/src/object/schema_system_catalog_builder.cpp.o
[466/1274] Building CXX object cs/CMakeFiles/cubridcs.dir/__/src/object/authenticate_migration.cpp.o
[467/1274] Building CXX object cs/CMakeFiles/cubridcs.dir/__/src/object/schema_system_catalog.cpp.o
[468/1274] Building CXX object cs/CMakeFiles/cubridcs.dir/__/src/object/authenticate_access_user.cpp.o
[469/1274] Building CXX object cs/CMakeFiles/cubridcs.dir/__/src/base/tz_support.c.o
[470/1274] Building CXX object cs/CMakeFiles/cubridcs.dir/__/src/object/authenticate_grant.cpp.o
[471/1274] Building CXX object sa/CMakeFiles/cubridsa.dir/__/src/query/string_opfunc.c.o
[472/1274] Building CXX object cs/CMakeFiles/cubridcs.dir/__/src/object/object_print.c.o
[473/1274] Building CXX object cs/CMakeFiles/cubridcs.dir/__/src/object/object_template.c.o
[474/1274] Building CXX object cs/CMakeFiles/cubridcs.dir/__/src/object/schema_class_truncator.cpp.o
[475/1274] Building CXX object cs/CMakeFiles/cubridcs.dir/__/src/base/system_parameter.c.o
[476/1274] Building CXX object cs/CMakeFiles/cubridcs.dir/__/src/query/parallel/px_scan/px_scan_checker.cpp.o
[477/1274] Building CXX object cs/CMakeFiles/cubridcs.dir/__/src/object/authenticate_cache.cpp.o
[478/1274] Building CXX object cs/CMakeFiles/cubridcs.dir/__/src/communication/network_cl.c.o
[479/1274] Building CXX object cs/CMakeFiles/cubridcs.dir/__/src/object/authenticate_access_auth.cpp.o
[480/1274] Building CXX object cs/CMakeFiles/cubridcs.dir/__/src/optimizer/rewriter/query_rewrite_auto_parameterize.c.o
[481/1274] Building CXX object cs/CMakeFiles/cubridcs.dir/__/src/optimizer/rewriter/query_rewrite_subquery.c.o
[482/1274] Building CXX object cs/CMakeFiles/cubridcs.dir/__/src/object/object_accessor.c.o
[483/1274] Building CXX object cs/CMakeFiles/cubridcs.dir/__/src/object/virtual_object.c.o
[484/1274] Building CXX object cs/CMakeFiles/cubridcs.dir/__/src/object/trigger_description.cpp.o
[485/1274] Building CXX object cs/CMakeFiles/cubridcs.dir/__/src/optimizer/rewriter/query_rewrite_set.c.o
[486/1274] Building CXX object cs/CMakeFiles/cubridcs.dir/__/src/object/schema_information_schema_install_query_spec.cpp.o
[487/1274] Building CXX object cs/CMakeFiles/cubridcs.dir/__/src/executables/unload_schema.c.o
[488/1274] Building CXX object cs/CMakeFiles/cubridcs.dir/__/src/object/schema_information_schema_builder.cpp.o
[489/1274] Building CXX object cs/CMakeFiles/cubridcs.dir/__/src/object/object_printer.cpp.o
[490/1274] Building CXX object cs/CMakeFiles/cubridcs.dir/__/src/object/object_representation.c.o
/home/vimkim/gh/cb/CBRD-27398-pgbuf-inspector-contract/src/object/object_representation.c: In function ‘char* or_unpack_spacedb(char*, SPACEDB_ALL*, SPACEDB_ONEVOL**, SPACEDB_FILES*)’:
/home/vimkim/gh/cb/CBRD-27398-pgbuf-inspector-contract/src/object/object_representation.c:6261:19: warning: ‘char* strncpy(char*, const char*, size_t)’ specified bound 4096 equals destination size [-Wstringop-truncation]
 6261 |           strncpy ((*vols)[iter_vol].name, volname, DB_MAX_PATH_LENGTH);
      |           ~~~~~~~~^~~~~~~~~~~~~~~~~~~~~~~~~~~~~~~~~~~~~~~~~~~~~~~~~~~~~
[491/1274] Building C object cs/CMakeFiles/cubridcs.dir/__/csql_lexer.c.o
[492/1274] Building CXX object cs/CMakeFiles/cubridcs.dir/__/src/object/schema_template.c.o
[493/1274] Building CXX object cs/CMakeFiles/cubridcs.dir/__/src/parser/double_byte_support.c.o
[494/1274] Building CXX object cs/CMakeFiles/cubridcs.dir/__/src/object/set_object.c.o
[495/1274] Building CXX object sa/CMakeFiles/cubridsa.dir/__/src/parser/xasl_generation.c.o
[496/1274] Building CXX object sa/CMakeFiles/cubridsa.dir/__/src/parser/type_checking.c.o
[497/1274] Building CXX object cs/CMakeFiles/cubridcs.dir/__/src/method/method_error.cpp.o
[498/1274] Building CXX object cs/CMakeFiles/cubridcs.dir/__/src/optimizer/rewriter/query_rewrite.c.o
[499/1274] Building CXX object cs/CMakeFiles/cubridcs.dir/__/src/object/work_space.c.o
[500/1274] Building CXX object cs/CMakeFiles/cubridcs.dir/__/src/sp/pl_signature.cpp.o
[501/1274] Building CXX object cs/CMakeFiles/cubridcs.dir/__/src/parser/cnf.c.o
[502/1274] Building CXX object cs/CMakeFiles/cubridcs.dir/__/src/parser/parse_type.cpp.o
[503/1274] Building CXX object cs/CMakeFiles/cubridcs.dir/__/src/object/trigger_manager.c.o
[504/1274] Building CXX object cs/CMakeFiles/cubridcs.dir/__/src/method/method_struct_parameter_info.cpp.o
[505/1274] Building CXX object cs/CMakeFiles/cubridcs.dir/__/src/object/transform_cl.c.o
[506/1274] Building CXX object cs/CMakeFiles/cubridcs.dir/__/src/query/crypt_opfunc.c.o
[507/1274] Building CXX object cs/CMakeFiles/cubridcs.dir/__/src/object/class_object.c.o
[508/1274] Building CXX object sa/CMakeFiles/cubridsa.dir/__/src/query/query_executor.c.o
[509/1274] Building CXX object cs/CMakeFiles/cubridcs.dir/__/src/parser/keyword.c.o
[510/1274] Building CXX object cs/CMakeFiles/cubridcs.dir/__/src/parser/parse_tree.c.o
[511/1274] Building CXX object cs/CMakeFiles/cubridcs.dir/__/src/method/method_struct_invoke.cpp.o
[512/1274] Building CXX object cs/CMakeFiles/cubridcs.dir/__/src/parser/parser_allocator.cpp.o
[513/1274] Building CXX object cs/CMakeFiles/cubridcs.dir/__/src/communication/network_interface_cl.c.o
/home/vimkim/gh/cb/CBRD-27398-pgbuf-inspector-contract/src/communication/network_interface_cl.c: In function ‘int locator_fetch_all(const HFID*, LOCK*, LC_FETCH_VERSION_TYPE, OID*, int*, int*, OID*, LC_COPYAREA**, int, int, int)’:
/home/vimkim/gh/cb/CBRD-27398-pgbuf-inspector-contract/src/communication/network_interface_cl.c:434:22: warning: ‘a_request’ may be used uninitialized [-Wmaybe-uninitialized]
  434 |   ptr = or_pack_hfid (request, hfid);
      |         ~~~~~~~~~~~~~^~~~~~~~~~~~~~~
In file included from /home/vimkim/gh/cb/CBRD-27398-pgbuf-inspector-contract/src/communication/network_interface_cl.c:58:
/home/vimkim/gh/cb/CBRD-27398-pgbuf-inspector-contract/src/base/object_representation.h:1135:14: note: by argument 1 of type ‘const char*’ to ‘char* or_pack_hfid(const char*, const HFID*)’ declared here
 1135 | extern char *or_pack_hfid (const char *ptr, const HFID * hfid);
      |              ^~~~~~~~~~~~
/home/vimkim/gh/cb/CBRD-27398-pgbuf-inspector-contract/src/communication/network_interface_cl.c:426:73: note: ‘a_request’ declared here
  426 |   OR_ALIGNED_BUF (OR_HFID_SIZE + (OR_INT_SIZE * 8) + (OR_OID_SIZE * 2)) a_request;
      |                                                                         ^~~~~~~~~
/home/vimkim/gh/cb/CBRD-27398-pgbuf-inspector-contract/src/communication/network_interface_cl.c: In function ‘int heap_create(HFID*, const OID*, bool)’:
/home/vimkim/gh/cb/CBRD-27398-pgbuf-inspector-contract/src/communication/network_interface_cl.c:1679:22: warning: ‘a_request’ may be used uninitialized [-Wmaybe-uninitialized]
 1679 |   ptr = or_pack_hfid (request, hfid);
      |         ~~~~~~~~~~~~~^~~~~~~~~~~~~~~
In file included from /home/vimkim/gh/cb/CBRD-27398-pgbuf-inspector-contract/src/communication/network_interface_cl.c:58:
/home/vimkim/gh/cb/CBRD-27398-pgbuf-inspector-contract/src/base/object_representation.h:1135:14: note: by argument 1 of type ‘const char*’ to ‘char* or_pack_hfid(const char*, const HFID*)’ declared here
 1135 | extern char *or_pack_hfid (const char *ptr, const HFID * hfid);
      |              ^~~~~~~~~~~~
/home/vimkim/gh/cb/CBRD-27398-pgbuf-inspector-contract/src/communication/network_interface_cl.c:1671:61: note: ‘a_request’ declared here
 1671 |   OR_ALIGNED_BUF (OR_HFID_SIZE + OR_OID_SIZE + OR_INT_SIZE) a_request;
      |                                                             ^~~~~~~~~
/home/vimkim/gh/cb/CBRD-27398-pgbuf-inspector-contract/src/communication/network_interface_cl.c: In function ‘int heap_destroy_newly_created(const HFID*, const OID*, bool)’:
/home/vimkim/gh/cb/CBRD-27398-pgbuf-inspector-contract/src/communication/network_interface_cl.c:1779:22: warning: ‘a_request’ may be used uninitialized [-Wmaybe-uninitialized]
 1779 |   ptr = or_pack_hfid (request, hfid);
      |         ~~~~~~~~~~~~~^~~~~~~~~~~~~~~
In file included from /home/vimkim/gh/cb/CBRD-27398-pgbuf-inspector-contract/src/communication/network_interface_cl.c:58:
/home/vimkim/gh/cb/CBRD-27398-pgbuf-inspector-contract/src/base/object_representation.h:1135:14: note: by argument 1 of type ‘const char*’ to ‘char* or_pack_hfid(const char*, const HFID*)’ declared here
 1135 | extern char *or_pack_hfid (const char *ptr, const HFID * hfid);
      |              ^~~~~~~~~~~~
/home/vimkim/gh/cb/CBRD-27398-pgbuf-inspector-contract/src/communication/network_interface_cl.c:1771:61: note: ‘a_request’ declared here
 1771 |   OR_ALIGNED_BUF (OR_HFID_SIZE + OR_OID_SIZE + OR_INT_SIZE) a_request;
      |                                                             ^~~~~~~~~
/home/vimkim/gh/cb/CBRD-27398-pgbuf-inspector-contract/src/communication/network_interface_cl.c: In function ‘int heap_get_class_num_objects_pages(HFID*, int, int*, int*)’:
/home/vimkim/gh/cb/CBRD-27398-pgbuf-inspector-contract/src/communication/network_interface_cl.c:1831:22: warning: ‘a_request’ may be used uninitialized [-Wmaybe-uninitialized]
 1831 |   ptr = or_pack_hfid (request, hfid);
      |         ~~~~~~~~~~~~~^~~~~~~~~~~~~~~
In file included from /home/vimkim/gh/cb/CBRD-27398-pgbuf-inspector-contract/src/communication/network_interface_cl.c:58:
/home/vimkim/gh/cb/CBRD-27398-pgbuf-inspector-contract/src/base/object_representation.h:1135:14: note: by argument 1 of type ‘const char*’ to ‘char* or_pack_hfid(const char*, const HFID*)’ declared here
 1135 | extern char *or_pack_hfid (const char *ptr, const HFID * hfid);
      |              ^~~~~~~~~~~~
/home/vimkim/gh/cb/CBRD-27398-pgbuf-inspector-contract/src/communication/network_interface_cl.c:1822:47: note: ‘a_request’ declared here
 1822 |   OR_ALIGNED_BUF (OR_HFID_SIZE + OR_INT_SIZE) a_request;
      |                                               ^~~~~~~~~
/home/vimkim/gh/cb/CBRD-27398-pgbuf-inspector-contract/src/communication/network_interface_cl.c: In function ‘int heap_has_instance(HFID*, OID*, int)’:
/home/vimkim/gh/cb/CBRD-27398-pgbuf-inspector-contract/src/communication/network_interface_cl.c:1885:22: warning: ‘a_request’ may be used uninitialized [-Wmaybe-uninitialized]
 1885 |   ptr = or_pack_hfid (request, hfid);
      |         ~~~~~~~~~~~~~^~~~~~~~~~~~~~~
In file included from /home/vimkim/gh/cb/CBRD-27398-pgbuf-inspector-contract/src/communication/network_interface_cl.c:58:
/home/vimkim/gh/cb/CBRD-27398-pgbuf-inspector-contract/src/base/object_representation.h:1135:14: note: by argument 1 of type ‘const char*’ to ‘char* or_pack_hfid(const char*, const HFID*)’ declared here
 1135 | extern char *or_pack_hfid (const char *ptr, const HFID * hfid);
      |              ^~~~~~~~~~~~
/home/vimkim/gh/cb/CBRD-27398-pgbuf-inspector-contract/src/communication/network_interface_cl.c:1876:61: note: ‘a_request’ declared here
 1876 |   OR_ALIGNED_BUF (OR_HFID_SIZE + OR_OID_SIZE + OR_INT_SIZE) a_request;
      |                                                             ^~~~~~~~~
/home/vimkim/gh/cb/CBRD-27398-pgbuf-inspector-contract/src/communication/network_interface_cl.c: In function ‘int heap_reclaim_addresses(const HFID*)’:
/home/vimkim/gh/cb/CBRD-27398-pgbuf-inspector-contract/src/communication/network_interface_cl.c:1934:22: warning: ‘a_request’ may be used uninitialized [-Wmaybe-uninitialized]
 1934 |   ptr = or_pack_hfid (request, hfid);
      |         ~~~~~~~~~~~~~^~~~~~~~~~~~~~~
In file included from /home/vimkim/gh/cb/CBRD-27398-pgbuf-inspector-contract/src/communication/network_interface_cl.c:58:
/home/vimkim/gh/cb/CBRD-27398-pgbuf-inspector-contract/src/base/object_representation.h:1135:14: note: by argument 1 of type ‘const char*’ to ‘char* or_pack_hfid(const char*, const HFID*)’ declared here
 1135 | extern char *or_pack_hfid (const char *ptr, const HFID * hfid);
      |              ^~~~~~~~~~~~
/home/vimkim/gh/cb/CBRD-27398-pgbuf-inspector-contract/src/communication/network_interface_cl.c:1926:47: note: ‘a_request’ declared here
 1926 |   OR_ALIGNED_BUF (OR_HFID_SIZE + OR_INT_SIZE) a_request;
      |                                               ^~~~~~~~~
/home/vimkim/gh/cb/CBRD-27398-pgbuf-inspector-contract/src/communication/network_interface_cl.c: In function ‘int lob_create_dir(HFID*, int*, int)’:
/home/vimkim/gh/cb/CBRD-27398-pgbuf-inspector-contract/src/communication/network_interface_cl.c:11840:22: warning: ‘request’ may be used uninitialized [-Wmaybe-uninitialized]
11840 |   ptr = or_pack_hfid (request, hfid);
      |         ~~~~~~~~~~~~~^~~~~~~~~~~~~~~
In file included from /home/vimkim/gh/cb/CBRD-27398-pgbuf-inspector-contract/src/communication/network_interface_cl.c:58:
/home/vimkim/gh/cb/CBRD-27398-pgbuf-inspector-contract/src/base/object_representation.h:1135:14: note: by argument 1 of type ‘const char*’ to ‘char* or_pack_hfid(const char*, const HFID*)’ declared here
 1135 | extern char *or_pack_hfid (const char *ptr, const HFID * hfid);
      |              ^~~~~~~~~~~~
/home/vimkim/gh/cb/CBRD-27398-pgbuf-inspector-contract/src/communication/network_interface_cl.c:11840:22: warning: ‘request_local’ may be used uninitialized [-Wmaybe-uninitialized]
11840 |   ptr = or_pack_hfid (request, hfid);
      |         ~~~~~~~~~~~~~^~~~~~~~~~~~~~~
In file included from /home/vimkim/gh/cb/CBRD-27398-pgbuf-inspector-contract/src/communication/network_interface_cl.c:58:
/home/vimkim/gh/cb/CBRD-27398-pgbuf-inspector-contract/src/base/object_representation.h:1135:14: note: by argument 1 of type ‘const char*’ to ‘char* or_pack_hfid(const char*, const HFID*)’ declared here
 1135 | extern char *or_pack_hfid (const char *ptr, const HFID * hfid);
      |              ^~~~~~~~~~~~
/home/vimkim/gh/cb/CBRD-27398-pgbuf-inspector-contract/src/communication/network_interface_cl.c:11817:8: note: ‘request_local’ declared here
11817 |   char request_local[OR_HFID_SIZE + OR_INT_SIZE + (OR_INT_SIZE * 2)];
      |        ^~~~~~~~~~~~~
/home/vimkim/gh/cb/CBRD-27398-pgbuf-inspector-contract/src/communication/network_interface_cl.c: In function ‘int lob_remove_dir(HFID*, int)’:
/home/vimkim/gh/cb/CBRD-27398-pgbuf-inspector-contract/src/communication/network_interface_cl.c:11893:22: warning: ‘a_request’ may be used uninitialized [-Wmaybe-uninitialized]
11893 |   ptr = or_pack_hfid (request, hfid);
      |         ~~~~~~~~~~~~~^~~~~~~~~~~~~~~
In file included from /home/vimkim/gh/cb/CBRD-27398-pgbuf-inspector-contract/src/communication/network_interface_cl.c:58:
/home/vimkim/gh/cb/CBRD-27398-pgbuf-inspector-contract/src/base/object_representation.h:1135:14: note: by argument 1 of type ‘const char*’ to ‘char* or_pack_hfid(const char*, const HFID*)’ declared here
 1135 | extern char *or_pack_hfid (const char *ptr, const HFID * hfid);
      |              ^~~~~~~~~~~~
/home/vimkim/gh/cb/CBRD-27398-pgbuf-inspector-contract/src/communication/network_interface_cl.c:11882:47: note: ‘a_request’ declared here
11882 |   OR_ALIGNED_BUF (OR_HFID_SIZE + OR_INT_SIZE) a_request;
      |                                               ^~~~~~~~~
[514/1274] Building CXX object cs/CMakeFiles/cubridcs.dir/__/src/parser/compile.c.o
[515/1274] Building CXX object cs/CMakeFiles/cubridcs.dir/__/src/query/string_regex_re2.cpp.o
[516/1274] Building CXX object cs/CMakeFiles/cubridcs.dir/__/src/optimizer/rewriter/query_rewrite_select.c.o
[517/1274] Building CXX object sa/CMakeFiles/cubridsa.dir/__/src/storage/page_buffer.c.o
[518/1274] Building CXX object cs/CMakeFiles/cubridcs.dir/__/src/storage/byte_order.c.o
[519/1274] Building CXX object cs/CMakeFiles/cubridcs.dir/__/src/parser/method_transform.c.o
[520/1274] Building CXX object cs/CMakeFiles/cubridcs.dir/__/src/storage/es_posix.c.o
[521/1274] Building CXX object cs/CMakeFiles/cubridcs.dir/__/src/parser/parse_evaluate.c.o
[522/1274] Building CXX object cs/CMakeFiles/cubridcs.dir/__/src/storage/es_owfs.c.o
[523/1274] Building CXX object cs/CMakeFiles/cubridcs.dir/__/src/query/query_cl.c.o
[524/1274] Building CXX object cs/CMakeFiles/cubridcs.dir/__/src/parser/show_meta.c.o
[525/1274] Building CXX object cs/CMakeFiles/cubridcs.dir/__/src/method/method_oid_handler.cpp.o
[526/1274] Building CXX object cs/CMakeFiles/cubridcs.dir/__/src/transaction/log_compress.c.o
[527/1274] Building CXX object cs/CMakeFiles/cubridcs.dir/__/src/method/method_struct_oid_info.cpp.o
[528/1274] Building CXX object cs/CMakeFiles/cubridcs.dir/__/src/parser/xasl_regu_alloc.cpp.o
[529/1274] Building CXX object cs/CMakeFiles/cubridcs.dir/__/src/transaction/client_credentials.cpp.o
[530/1274] Building CXX object cs/CMakeFiles/cubridcs.dir/__/src/method/method_query_util.cpp.o
[531/1274] Building CXX object cs/CMakeFiles/cubridcs.dir/__/src/storage/es_common.c.o
[532/1274] Building CXX object cs/CMakeFiles/cubridcs.dir/__/src/query/regu_var.cpp.o
[533/1274] Building CXX object cs/CMakeFiles/cubridcs.dir/__/src/storage/oid.c.o
[534/1274] Building CXX object cs/CMakeFiles/cubridcs.dir/__/src/parser/parse_dbi.c.o
[535/1274] Building CXX object cs/CMakeFiles/cubridcs.dir/__/src/optimizer/plan_generation.c.o
[536/1274] Building CXX object cs/CMakeFiles/cubridcs.dir/__/src/transaction/locator.c.o
[537/1274] Building CXX object cs/CMakeFiles/cubridcs.dir/__/src/parser/query_result.c.o
[538/1274] Building CXX object cs/CMakeFiles/cubridcs.dir/__/src/parser/scanner_support.c.o
[539/1274] Building CXX object cs/CMakeFiles/cubridcs.dir/__/src/optimizer/rewriter/query_rewrite_term.c.o
[540/1274] Building CXX object cs/CMakeFiles/cubridcs.dir/__/src/xasl/xasl_unpack_info.cpp.o
[541/1274] Building CXX object cs/CMakeFiles/cubridcs.dir/__/src/query/string_regex.cpp.o
[542/1274] Building CXX object cs/CMakeFiles/cubridcs.dir/__/src/storage/tde.c.o
[543/1274] Building CXX object cs/CMakeFiles/cubridcs.dir/__/src/storage/storage_common.c.o
[544/1274] Building CXX object cs/CMakeFiles/cubridcs.dir/__/src/sp/pl_comm.c.o
[545/1274] Building CXX object cs/CMakeFiles/cubridcs.dir/__/src/method/method_struct_query.cpp.o
[546/1274] Building CXX object cs/CMakeFiles/cubridcs.dir/__/src/query/cursor.c.o
[547/1274] Building CXX object cs/CMakeFiles/cubridcs.dir/__/src/sp/pl_struct_compile.cpp.o
[548/1274] Building CXX object cs/CMakeFiles/cubridcs.dir/__/src/query/query_dump.c.o
[549/1274] Building CXX object cs/CMakeFiles/cubridcs.dir/__/src/xasl/access_json_table.cpp.o
[550/1274] Building CXX object cs/CMakeFiles/cubridcs.dir/__/src/object/schema_manager.c.o
[551/1274] Building CXX object cs/CMakeFiles/cubridcs.dir/__/src/object/object_domain.c.o
[552/1274] Building CXX object cs/CMakeFiles/cubridcs.dir/__/src/transaction/log_comm.c.o
[553/1274] Building CXX object cs/CMakeFiles/cubridcs.dir/__/src/query/numeric_opfunc.c.o
[554/1274] Building CXX object cs/CMakeFiles/cubridcs.dir/__/src/optimizer/histogram/histogram_reader.cpp.o
[555/1274] Building CXX object cs/CMakeFiles/cubridcs.dir/__/src/method/method_struct_value.cpp.o
[556/1274] Building CXX object cs/CMakeFiles/cubridcs.dir/__/src/parser/func_type.cpp.o
[557/1274] Building CXX object cs/CMakeFiles/cubridcs.dir/__/src/optimizer/histogram/histogram_builder.cpp.o
[558/1274] Building CXX object cs/CMakeFiles/cubridcs.dir/__/src/parser/parser_support.c.o
[559/1274] Building CXX object sa/CMakeFiles/cubridsa.dir/__/src/storage/heap_file.c.o
[560/1274] Building CXX object cs/CMakeFiles/cubridcs.dir/__/src/object/object_primitive.c.o
[561/1274] Building CXX object cs/CMakeFiles/cubridcs.dir/__/src/storage/es.c.o
[562/1274] Building CXX object cs/CMakeFiles/cubridcs.dir/__/src/optimizer/query_graph.c.o
[563/1274] Building CXX object cs/CMakeFiles/cubridcs.dir/__/src/method/method_query_handler.cpp.o
[564/1274] Building CXX object cubrid/CMakeFiles/cubrid.dir/__/src/base/encryption.c.o
[565/1274] Building CXX object cubrid/CMakeFiles/cubrid.dir/__/src/base/bit.c.o
[566/1274] Building CXX object cs/CMakeFiles/cubridcs.dir/__/src/loaddb/load_common.cpp.o
[567/1274] Building CXX object cs/CMakeFiles/cubridcs.dir/__/src/xasl/xasl_predicate.cpp.o
[568/1274] Building CXX object cs/CMakeFiles/cubridcs.dir/__/src/storage/statistics_cl.c.o
[569/1274] Building CXX object cs/CMakeFiles/cubridcs.dir/__/src/query/xasl_to_stream.c.o
[570/1274] Building CXX object cubrid/CMakeFiles/cubrid.dir/__/src/base/chartype.c.o
[571/1274] Building CXX object cs/CMakeFiles/cubridcs.dir/__/src/transaction/transaction_cl.c.o
[572/1274] Building CXX object cs/CMakeFiles/cubridcs.dir/__/src/xasl/xasl_analytic.cpp.o
[573/1274] Building CXX object cs/CMakeFiles/cubridcs.dir/__/src/optimizer/query_planner.c.o
[574/1274] Building CXX object cubrid/CMakeFiles/cubrid.dir/__/src/base/binaryheap.c.o
[575/1274] Building CXX object cs/CMakeFiles/cubridcs.dir/__/src/xasl/xasl_stream.cpp.o
[576/1274] Building CXX object cs/CMakeFiles/cubridcs.dir/__/src/transaction/log_applier_sql_log.c.o
[577/1274] Building CXX object cs/CMakeFiles/cubridcs.dir/__/src/sp/jsp_cl.cpp.o
[578/1274] Building CXX object cubrid/CMakeFiles/cubrid.dir/__/src/base/dtoa.c.o
[579/1274] Building CXX object cubrid/CMakeFiles/cubrid.dir/__/src/base/fileline_location.cpp.o
[580/1274] Building CXX object cubrid/CMakeFiles/cubrid.dir/__/src/base/base64.c.o
[581/1274] Building CXX object cs/CMakeFiles/cubridcs.dir/__/src/transaction/flashback_cl.c.o
[582/1274] Building CXX object sa/CMakeFiles/cubridsa.dir/__/src/storage/btree.c.o
[583/1274] Building CXX object cs/CMakeFiles/cubridcs.dir/__/src/transaction/log_writer.c.o
/home/vimkim/gh/cb/CBRD-27398-pgbuf-inspector-contract/src/transaction/log_writer.c: In function ‘int logwr_copy_log_file(const char*, const char*, int, INT64)’:
/home/vimkim/gh/cb/CBRD-27398-pgbuf-inspector-contract/src/transaction/log_writer.c:1813:39: warning: ‘%s’ directive writing up to 16543 bytes into a region of size 8192 [-Wformat-overflow=]
 1813 |           sprintf (log_archive_path, "%s%s%s", logwr_Gl.log_path, FILEIO_PATH_SEPARATOR (logwr_Gl.log_path),
      |                                       ^~       ~~~~~~~~~~~~~~~~~
/home/vimkim/gh/cb/CBRD-27398-pgbuf-inspector-contract/src/transaction/log_writer.c:1813:19: note: ‘sprintf’ output between 1 and 16800 bytes into a destination of size 8192
 1813 |           sprintf (log_archive_path, "%s%s%s", logwr_Gl.log_path, FILEIO_PATH_SEPARATOR (logwr_Gl.log_path),
      |           ~~~~~~~~^~~~~~~~~~~~~~~~~~~~~~~~~~~~~~~~~~~~~~~~~~~~~~~~~~~~~~~~~~~~~~~~~~~~~~~~~~~~~~~~~~~~~~~~~~
 1814 |                    dp->d_name);
      |                    ~~~~~~~~~~~
[584/1274] Building CXX object cubrid/CMakeFiles/cubrid.dir/__/src/base/misc_string.c.o
[585/1274] Building CXX object cs/CMakeFiles/cubridcs.dir/__/src/method/query_method.cpp.o
[586/1274] Building CXX object sa/CMakeFiles/cubridsa.dir/__/src/optimizer/histogram/histogram_sampler_sr.cpp.o
[587/1274] Building CXX object cubrid/CMakeFiles/cubrid.dir/__/src/base/environment_variable.c.o
[588/1274] Building CXX object cs/CMakeFiles/cubridcs.dir/__/src/parser/name_resolution.c.o
[589/1274] Building CXX object cs/CMakeFiles/cubridcs.dir/__/src/transaction/boot_cl.c.o
[590/1274] Building CXX object cs/CMakeFiles/cubridcs.dir/__/src/storage/file_io.c.o
[591/1274] Building CXX object cs/CMakeFiles/cubridcs.dir/__/src/query/arithmetic.c.o
[592/1274] Building CXX object cs/CMakeFiles/cubridcs.dir/__/src/loaddb/load_object.c.o
[593/1274] Building CXX object cs/CMakeFiles/cubridcs.dir/__/src/method/method_struct_schema_info.cpp.o
[594/1274] Building CXX object cs/CMakeFiles/cubridcs.dir/__/src/object/schema_information_schema_install.cpp.o
[595/1274] Building CXX object cubrid/CMakeFiles/cubrid.dir/__/src/base/cubrid_getopt_long.c.o
[596/1274] Building CXX object cubrid/CMakeFiles/cubrid.dir/__/src/base/filesys_temp.cpp.o
[597/1274] Building CXX object cubrid/CMakeFiles/cubrid.dir/__/src/base/message_catalog.c.o
[598/1274] Building CXX object cubrid/CMakeFiles/cubrid.dir/__/src/base/fixed_alloc.c.o
[599/1274] Building CXX object cs/CMakeFiles/cubridcs.dir/__/src/api/cubrid_log.c.o
[600/1274] Building CXX object cs/CMakeFiles/cubridcs.dir/__/src/transaction/locator_cl.c.o
[601/1274] Building CXX object cs/CMakeFiles/cubridcs.dir/__/src/query/parallel/px_query_execute/px_query_checker.cpp.o
[602/1274] Building CXX object cubrid/CMakeFiles/cubrid.dir/__/src/base/area_alloc.c.o
[603/1274] Building CXX object cubrid/CMakeFiles/cubrid.dir/__/src/base/ini_parser.c.o
[604/1274] Building CXX object cubrid/CMakeFiles/cubrid.dir/__/src/base/locale_helper.cpp.o
[605/1274] Building CXX object cubrid/CMakeFiles/cubrid.dir/__/src/base/memory_monitor_api.cpp.o
[606/1274] Building CXX object cubrid/CMakeFiles/cubrid.dir/__/src/base/fault_injection.c.o
[607/1274] Building CXX object cubrid/CMakeFiles/cubrid.dir/__/src/base/databases_file.c.o
[608/1274] Building CXX object cs/CMakeFiles/cubridcs.dir/__/src/parser/semantic_check.c.o
[609/1274] Building CXX object cubrid/CMakeFiles/cubrid.dir/__/src/base/lockfree_bitmap.cpp.o
[610/1274] Building CXX object cs/CMakeFiles/cubridcs.dir/__/src/parser/view_transform.c.o
[611/1274] Building CXX object cubrid/CMakeFiles/cubrid.dir/__/src/base/get_clock_freq.c.o
[612/1274] Building CXX object cubrid/CMakeFiles/cubrid.dir/__/src/base/pinnable_buffer.cpp.o
[613/1274] Building CXX object cubrid/CMakeFiles/cubrid.dir/__/src/base/printer.cpp.o
[614/1274] Building CXX object cubrid/CMakeFiles/cubrid.dir/__/src/base/error_context.cpp.o
[615/1274] Building CXX object cubrid/CMakeFiles/cubrid.dir/__/src/base/sha1.c.o
[616/1274] Building CXX object cubrid/CMakeFiles/cubrid.dir/__/src/base/lock_free.c.o
[617/1274] Building CXX object cubrid/CMakeFiles/cubrid.dir/__/src/base/release_string.c.o
[618/1274] Building CXX object cubrid/CMakeFiles/cubrid.dir/__/src/base/process_util.c.o
[619/1274] Building CXX object cubrid/CMakeFiles/cubrid.dir/__/src/base/locale_support.c.o
[620/1274] Building CXX object cubrid/CMakeFiles/cubrid.dir/__/src/base/string_buffer.cpp.o
[621/1274] Building CXX object cubrid/CMakeFiles/cubrid.dir/__/src/base/packer.cpp.o
[622/1274] Building CXX object cubrid/CMakeFiles/cubrid.dir/__/src/base/tsc_timer.c.o
[623/1274] Building CXX object cubrid/CMakeFiles/cubrid.dir/__/src/base/mem_block.cpp.o
[624/1274] Building CXX object cubrid/CMakeFiles/cubrid.dir/__/src/base/porting.c.o
[625/1274] Building CXX object cubrid/CMakeFiles/cubrid.dir/__/src/base/uca_support.c.o
[626/1274] Building CXX object cubrid/CMakeFiles/cubrid.dir/__/src/base/resource_tracker.cpp.o
[627/1274] Building CXX object cubrid/CMakeFiles/cubrid.dir/__/src/base/unicode_support.c.o
[628/1274] Building CXX object cubrid/CMakeFiles/cubrid.dir/__/src/base/perf.cpp.o
[629/1274] Building CXX object cubrid/CMakeFiles/cubrid.dir/__/src/base/mprec.c.o
[630/1274] Building CXX object cs/CMakeFiles/cubridcs.dir/__/src/compat/db_json.cpp.o
[631/1274] Building CXX object cubrid/CMakeFiles/cubrid.dir/__/src/base/nonblocking.cpp.o
[632/1274] Building CXX object cubrid/CMakeFiles/cubrid.dir/__/src/base/memory_hash.c.o
[633/1274] Building CXX object cubrid/CMakeFiles/cubrid.dir/__/src/base/memory_private_allocator.cpp.o
[634/1274] Building CXX object cubrid/CMakeFiles/cubrid.dir/__/src/base/intl_support.c.o
[635/1274] Running utility command for pl_build
[INFO] JDBC Driver built at cubrid-jdbc submodule
> Task :pl_server:generateGrammarSource UP-TO-DATE

> Task :pl_server:compileJava
Note: Some input files use or override a deprecated API.
Note: Recompile with -Xlint:deprecation for details.
Note: Some input files use unchecked or unsafe operations.
Note: Recompile with -Xlint:unchecked for details.

> Task :pl_server:processResources UP-TO-DATE
> Task :pl_server:classes
> Task :pl_server:jar
> Task :pl_server:startScripts
> Task :pl_server:distTar
> Task :pl_server:distZip
> Task :pl_server:assemble
> Task :pl_server:check
> Task :pl_server:build

BUILD SUCCESSFUL in 19s
7 actionable tasks: 5 executed, 2 up-to-date
[636/1274] Building CXX object cs/CMakeFiles/cubridcs.dir/__/src/optimizer/histogram/histogram_cl.cpp.o
[637/1274] Building CXX object cubrid/CMakeFiles/cubrid.dir/__/src/base/epoll.cpp.o
[638/1274] Building CXX object cubrid/CMakeFiles/cubrid.dir/__/src/base/DMRBMemoryPool.cpp.o
[639/1274] Building CXX object cs/CMakeFiles/cubridcs.dir/__/src/loaddb/load_db.c.o
[640/1274] Building CXX object cubrid/CMakeFiles/cubrid.dir/__/src/base/stack_dump.c.o
[641/1274] Building CXX object cubrid/CMakeFiles/cubrid.dir/__/src/base/packet_buffer.cpp.o
[642/1274] Building CXX object cubrid/CMakeFiles/cubrid.dir/__/src/base/error_manager.c.o
[643/1274] Building CXX object cs/CMakeFiles/cubridcs.dir/__/src/parser/parse_tree_cl.c.o
[644/1274] Building CXX object cubrid/CMakeFiles/cubrid.dir/__/src/base/memory_alloc.c.o
[645/1274] Building CXX object cs/CMakeFiles/cubridcs.dir/__/src/query/execute_schema.c.o
[646/1274] Building CXX object cubrid/CMakeFiles/cubrid.dir/__/src/base/lockfree_hashmap.cpp.o
[647/1274] Building CXX object cs/CMakeFiles/cubridcs.dir/__/src/method/method_schema_info.cpp.o
[648/1274] Building CXX object cubrid/CMakeFiles/cubrid.dir/__/src/base/filesys_parser.cpp.o
[649/1274] Building CXX object cubrid/CMakeFiles/cubrid.dir/__/src/compat/db_elo.c.o
[650/1274] Building CXX object cubrid/CMakeFiles/cubrid.dir/__/src/base/variable_string.c.o
[651/1274] Building CXX object cubrid/CMakeFiles/cubrid.dir/__/src/base/util_func.c.o
[652/1274] Building CXX object cubrid/CMakeFiles/cubrid.dir/__/src/base/xml_parser.c.o
[653/1274] Building CXX object cubrid/CMakeFiles/cubrid.dir/__/src/compat/cnv.c.o
[654/1274] Building CXX object cubrid/CMakeFiles/cubrid.dir/__/src/base/trace_event_log.c.o
[655/1274] Building CXX object cubrid/CMakeFiles/cubrid.dir/__/src/base/perf_monitor_trackers.cpp.o
[656/1274] Building CXX object cs/CMakeFiles/cubridcs.dir/__/src/method/method_callback.cpp.o
[657/1274] Building CXX object cubrid/CMakeFiles/cubrid.dir/__/src/compat/db_json_allocator.cpp.o
[658/1274] Building CXX object cubrid/CMakeFiles/cubrid.dir/__/src/base/language_support.c.o
[659/1274] Building CXX object cubrid/CMakeFiles/cubrid.dir/__/src/compat/db_set.c.o
[660/1274] Building CXX object cubrid/CMakeFiles/cubrid.dir/__/src/loaddb/load_common.cpp.o
[661/1274] Building CXX object cubrid/CMakeFiles/cubrid.dir/__/src/loaddb/load_error_handler.cpp.o
In file included from /home/vimkim/gh/cb/CBRD-27398-pgbuf-inspector-contract/src/base/memory_alloc.h:54,
                 from /home/vimkim/gh/cb/CBRD-27398-pgbuf-inspector-contract/src/base/memory_hash.h:30,
                 from /home/vimkim/gh/cb/CBRD-27398-pgbuf-inspector-contract/src/storage/file_io.h:33,
                 from /home/vimkim/gh/cb/CBRD-27398-pgbuf-inspector-contract/src/transaction/log_manager.h:37,
                 from /home/vimkim/gh/cb/CBRD-27398-pgbuf-inspector-contract/src/storage/system_catalog.h:36,
                 from /home/vimkim/gh/cb/CBRD-27398-pgbuf-inspector-contract/src/base/object_representation_sr.h:42,
                 from /home/vimkim/gh/cb/CBRD-27398-pgbuf-inspector-contract/src/loaddb/load_class_registry.hpp:27,
                 from /home/vimkim/gh/cb/CBRD-27398-pgbuf-inspector-contract/src/loaddb/load_session.hpp:27,
                 from /home/vimkim/gh/cb/CBRD-27398-pgbuf-inspector-contract/src/loaddb/load_error_handler.cpp:28:
In function ‘void cub_free(void*)’,
    inlined from ‘void operator delete [](void*)’ at /home/vimkim/gh/cb/CBRD-27398-pgbuf-inspector-contract/src/base/memory_wrapper.hpp:80:12,
    inlined from ‘typename std::enable_if<std::is_convertible<_Up (*)[], _Tp (*)[]>::value>::type std::default_delete<_Tp []>::operator()(_Up*) const [with _Up = char; _Tp = char]’ at /usr/include/c++/11/bits/unique_ptr.h:120:4,
    inlined from ‘std::unique_ptr<_Tp [], _Dp>::~unique_ptr() [with _Tp = char; _Dp = std::default_delete<char []>]’ at /usr/include/c++/11/bits/unique_ptr.h:612:17,
    inlined from ‘static std::string cubload::error_handler::format(const char*, Args&& ...) [with Args = {int&}]’ at /home/vimkim/gh/cb/CBRD-27398-pgbuf-inspector-contract/src/loaddb/load_error_handler.hpp:205:3:
/home/vimkim/gh/cb/CBRD-27398-pgbuf-inspector-contract/src/base/memory_cwrapper.h:86:8: warning: ‘void free(void*)’ called on pointer returned from a mismatched allocation function [-Wmismatched-new-delete]
   86 |   free (ptr);
      |   ~~~~~^~~~~
In file included from /home/vimkim/gh/cb/CBRD-27398-pgbuf-inspector-contract/src/loaddb/load_error_handler.cpp:23:
/home/vimkim/gh/cb/CBRD-27398-pgbuf-inspector-contract/src/loaddb/load_error_handler.hpp: In static member function ‘static std::string cubload::error_handler::format(const char*, Args&& ...) [with Args = {int&}]’:
/home/vimkim/gh/cb/CBRD-27398-pgbuf-inspector-contract/src/loaddb/load_error_handler.hpp:199:34: note: returned from ‘void* operator new [](std::size_t)’
  199 |     std::unique_ptr<char[]> msg (new char[size]);
      |                                  ^~~~~~~~~~~~~~
[662/1274] Building CXX object cubrid/CMakeFiles/cubrid.dir/__/src/communication/network_common.cpp.o
[663/1274] Building CXX object cubrid/CMakeFiles/cubrid.dir/__/src/connection/buffer.cpp.o
[664/1274] Building CXX object cs/CMakeFiles/cubridcs.dir/__/src/transaction/log_applier.c.o
/home/vimkim/gh/cb/CBRD-27398-pgbuf-inspector-contract/src/transaction/log_applier.c: In function ‘int la_get_copied_log_info(const char*, const char*, INT64, bool, LOG_LSA*, LOG_LSA*)’:
/home/vimkim/gh/cb/CBRD-27398-pgbuf-inspector-contract/src/transaction/log_applier.c:8374:35: warning: format ‘%ld’ expects argument of type ‘long int’, but argument 2 has type ‘int’ [-Wformat=]
 8374 |               printf ("offset:%04ld (tid:%d bck p:%lld,o:%ld frw p:%lld,o:%ld type:%d)\n", lsa.offset, lrec->trid,
      |                               ~~~~^                                                        ~~~~~~~~~~
      |                                   |                                                            |
      |                                   long int                                                     int
      |                               %04d
/home/vimkim/gh/cb/CBRD-27398-pgbuf-inspector-contract/src/transaction/log_applier.c:8374:60: warning: format ‘%ld’ expects argument of type ‘long int’, but argument 5 has type ‘int’ [-Wformat=]
 8374 |               printf ("offset:%04ld (tid:%d bck p:%lld,o:%ld frw p:%lld,o:%ld type:%d)\n", lsa.offset, lrec->trid,
      |                                                          ~~^
      |                                                            |
      |                                                            long int
      |                                                          %d
 8375 |                       (long long int) lrec->back_lsa.pageid, lrec->back_lsa.offset,
      |                                                              ~~~~~~~~~~~~~~~~~~~~~
      |                                                                             |
      |                                                                             int
/home/vimkim/gh/cb/CBRD-27398-pgbuf-inspector-contract/src/transaction/log_applier.c:8374:77: warning: format ‘%ld’ expects argument of type ‘long int’, but argument 7 has type ‘int’ [-Wformat=]
 8374 |               printf ("offset:%04ld (tid:%d bck p:%lld,o:%ld frw p:%lld,o:%ld type:%d)\n", lsa.offset, lrec->trid,
      |                                                                           ~~^
      |                                                                             |
      |                                                                             long int
      |                                                                           %d
 8375 |                       (long long int) lrec->back_lsa.pageid, lrec->back_lsa.offset,
 8376 |                       (long long int) lrec->forw_lsa.pageid, lrec->forw_lsa.offset, lrec->type);
      |                                                              ~~~~~~~~~~~~~~~~~~~~~
      |                                                                             |
      |                                                                             int
[665/1274] Building CXX object cubrid/CMakeFiles/cubrid.dir/__/src/base/resources.cpp.o
[666/1274] Building CXX object cubrid/CMakeFiles/cubrid.dir/__/src/communication/network_callback_sr.cpp.o
[667/1274] Building CXX object cubrid/CMakeFiles/cubrid.dir/__/src/connection/connection_globals.c.o
[668/1274] Building CXX object cubrid/CMakeFiles/cubrid.dir/__/src/connection/connection_list_sr.c.o
[669/1274] Building CXX object cubrid/CMakeFiles/cubrid.dir/__/src/sp/pl_file.c.o
[670/1274] Building CXX object cubrid/CMakeFiles/cubrid.dir/__/src/connection/connection_context.cpp.o
[671/1274] Building CXX object cs/CMakeFiles/cubridcs.dir/__/src/query/execute_statement.c.o
[672/1274] Building CXX object cubrid/CMakeFiles/cubrid.dir/__/src/method/method_error.cpp.o
[673/1274] Building CXX object cubrid/CMakeFiles/cubrid.dir/__/src/base/cgroup.cpp.o
[674/1274] Building CXX object cubrid/CMakeFiles/cubrid.dir/__/src/connection/transmitter.cpp.o
[675/1274] Building CXX object cubrid/CMakeFiles/cubrid.dir/__/src/compat/db_date.c.o
[676/1274] Building CXX object cubrid/CMakeFiles/cubrid.dir/__/src/heaplayers/customheaps.cpp.o
[677/1274] Building CXX object cubrid/CMakeFiles/cubrid.dir/__/src/method/method_struct_value.cpp.o
[678/1274] Building CXX object cubrid/CMakeFiles/cubrid.dir/__/src/method/method_query_util.cpp.o
[679/1274] Building CXX object cubrid/CMakeFiles/cubrid.dir/__/src/method/method_struct_parameter_info.cpp.o
[680/1274] Building CXX object cubrid/CMakeFiles/cubrid.dir/__/src/sp/pl_comm.c.o
[681/1274] Building CXX object cubrid/CMakeFiles/cubrid.dir/__/load_lexer.cpp.o
[682/1274] Building CXX object cubrid/CMakeFiles/cubrid.dir/__/src/connection/heartbeat.c.o
[683/1274] Building CXX object cubrid/CMakeFiles/cubrid.dir/__/src/connection/host_lookup.c.o
[684/1274] Building CXX object cubrid/CMakeFiles/cubrid.dir/__/src/heaplayers/lea_heap.c.o
[685/1274] Building CXX object cubrid/CMakeFiles/cubrid.dir/__/src/method/query_method.cpp.o
[686/1274] Building CXX object cubrid/CMakeFiles/cubrid.dir/__/src/compat/db_macro.c.o
[687/1274] Building CXX object cubrid/CMakeFiles/cubrid.dir/__/src/connection/tcp.c.o
[688/1274] Building CXX object cubrid/CMakeFiles/cubrid.dir/__/src/object/lob_locator.cpp.o
[689/1274] Building CXX object cubrid/CMakeFiles/cubrid.dir/__/src/method/method_struct_oid_info.cpp.o
[690/1274] Building CXX object cubrid/CMakeFiles/cubrid.dir/__/src/executables/util_common.c.o
[691/1274] Building CXX object cubrid/CMakeFiles/cubrid.dir/__/src/compat/db_value_printer.cpp.o
[692/1274] Building CXX object cubrid/CMakeFiles/cubrid.dir/__/src/sp/pl_compile_handler.cpp.o
[693/1274] Building CXX object cubrid/CMakeFiles/cubrid.dir/__/src/connection/receiver.cpp.o
[694/1274] Building CXX object cubrid/CMakeFiles/cubrid.dir/__/src/sp/pl_signature.cpp.o
[695/1274] Building CXX object cubrid/CMakeFiles/cubrid.dir/__/src/object/elo.c.o
[696/1274] Building CXX object cubrid/CMakeFiles/cubrid.dir/__/src/sp/pl_connection.cpp.o
[697/1274] Building CXX object cs/CMakeFiles/cubridcs.dir/__/src/query/string_regex_std.cpp.o
[698/1274] Building CXX object cubrid/CMakeFiles/cubrid.dir/__/src/loaddb/load_driver.cpp.o
[699/1274] Building CXX object cubrid/CMakeFiles/cubrid.dir/__/src/base/tz_support.c.o
[700/1274] Building CXX object cs/CMakeFiles/cubridcs.dir/__/src/parser/type_checking.c.o
[701/1274] Building CXX object cubrid/CMakeFiles/cubrid.dir/__/src/communication/network_sr.c.o
[702/1274] Building CXX object cubrid/CMakeFiles/cubrid.dir/__/src/object/schema_information_schema.cpp.o
[703/1274] Building CXX object cubrid/CMakeFiles/cubrid.dir/__/src/connection/connection_support.cpp.o
[704/1274] Building CXX object cubrid/CMakeFiles/cubrid.dir/__/load_grammar.cpp.o
[705/1274] Building CXX object cubrid/CMakeFiles/cubrid.dir/__/src/method/method_struct_invoke.cpp.o
[706/1274] Building CXX object cubrid/CMakeFiles/cubrid.dir/__/src/object/schema_system_catalog.cpp.o
[707/1274] Building CXX object cubrid/CMakeFiles/cubrid.dir/__/src/object/identifier_store.cpp.o
[708/1274] Building CXX object cubrid/CMakeFiles/cubrid.dir/__/src/base/perf_monitor.c.o
[709/1274] Building CXX object cubrid/CMakeFiles/cubrid.dir/__/src/method/method_struct_query.cpp.o
[710/1274] Building CXX object cubrid/CMakeFiles/cubrid.dir/__/src/base/system_parameter.c.o
[711/1274] Building CXX object cubrid/CMakeFiles/cubrid.dir/__/src/sp/pl_sr.cpp.o
[712/1274] Building CXX object cubrid/CMakeFiles/cubrid.dir/__/src/sp/method_invoke_group.cpp.o
[713/1274] Building CXX object cubrid/CMakeFiles/cubrid.dir/__/src/sp/pl_query_cursor.cpp.o
[714/1274] Building CXX object cubrid/CMakeFiles/cubrid.dir/__/src/compat/db_json_path.cpp.o
[715/1274] Building CXX object cs/CMakeFiles/cubridcs.dir/__/src/object/schema_system_catalog_install.cpp.o
[716/1274] Building CXX object cubrid/CMakeFiles/cubrid.dir/__/src/base/object_representation_sr.c.o
[717/1274] Building CXX object cs/CMakeFiles/cubridcs.dir/__/src/parser/xasl_generation.c.o
[718/1274] Building CXX object cubrid/CMakeFiles/cubrid.dir/__/src/loaddb/load_db_value_converter.cpp.o
[719/1274] Building CXX object cubrid/CMakeFiles/cubrid.dir/__/src/object/set_object.c.o
[720/1274] Building CXX object cubrid/CMakeFiles/cubrid.dir/__/src/monitor/monitor_transaction.cpp.o
[721/1274] Building CXX object cubrid/CMakeFiles/cubrid.dir/__/src/loaddb/load_class_registry.cpp.o
In file included from /home/vimkim/gh/cb/CBRD-27398-pgbuf-inspector-contract/src/base/memory_alloc.h:54,
                 from /home/vimkim/gh/cb/CBRD-27398-pgbuf-inspector-contract/src/base/memory_hash.h:30,
                 from /home/vimkim/gh/cb/CBRD-27398-pgbuf-inspector-contract/src/storage/file_io.h:33,
                 from /home/vimkim/gh/cb/CBRD-27398-pgbuf-inspector-contract/src/transaction/log_manager.h:37,
                 from /home/vimkim/gh/cb/CBRD-27398-pgbuf-inspector-contract/src/storage/system_catalog.h:36,
                 from /home/vimkim/gh/cb/CBRD-27398-pgbuf-inspector-contract/src/base/object_representation_sr.h:42,
                 from /home/vimkim/gh/cb/CBRD-27398-pgbuf-inspector-contract/src/loaddb/load_class_registry.hpp:27,
                 from /home/vimkim/gh/cb/CBRD-27398-pgbuf-inspector-contract/src/loaddb/load_class_registry.cpp:23:
In function ‘void cub_free(void*)’,
    inlined from ‘void operator delete(void*, size_t)’ at /home/vimkim/gh/cb/CBRD-27398-pgbuf-inspector-contract/src/base/memory_wrapper.hpp:75:12,
    inlined from ‘void __gnu_cxx::new_allocator<_Tp>::deallocate(_Tp*, __gnu_cxx::new_allocator<_Tp>::size_type) [with _Tp = std::_Rb_tree_node<std::pair<const int, const cubload::class_entry*> >]’ at /usr/include/c++/11/ext/new_allocator.h:145:19,
    inlined from ‘static void std::allocator_traits<std::allocator<_Tp1> >::deallocate(std::allocator_traits<std::allocator<_Tp1> >::allocator_type&, std::allocator_traits<std::allocator<_Tp1> >::pointer, std::allocator_traits<std::allocator<_Tp1> >::size_type) [with _Tp = std::_Rb_tree_node<std::pair<const int, const cubload::class_entry*> >]’ at /usr/include/c++/11/bits/alloc_traits.h:496:23,
    inlined from ‘void std::_Rb_tree<_Key, _Val, _KeyOfValue, _Compare, _Alloc>::_M_put_node(std::_Rb_tree<_Key, _Val, _KeyOfValue, _Compare, _Alloc>::_Link_type) [with _Key = int; _Val = std::pair<const int, const cubload::class_entry*>; _KeyOfValue = std::_Select1st<std::pair<const int, const cubload::class_entry*> >; _Compare = std::greater<int>; _Alloc = std::allocator<std::pair<const int, const cubload::class_entry*> >]’ at /usr/include/c++/11/bits/stl_tree.h:565:34,
    inlined from ‘void std::_Rb_tree<_Key, _Val, _KeyOfValue, _Compare, _Alloc>::_M_drop_node(std::_Rb_tree<_Key, _Val, _KeyOfValue, _Compare, _Alloc>::_Link_type) [with _Key = int; _Val = std::pair<const int, const cubload::class_entry*>; _KeyOfValue = std::_Select1st<std::pair<const int, const cubload::class_entry*> >; _Compare = std::greater<int>; _Alloc = std::allocator<std::pair<const int, const cubload::class_entry*> >]’ at /usr/include/c++/11/bits/stl_tree.h:632:13,
    inlined from ‘std::pair<std::_Rb_tree_iterator<_Val>, bool> std::_Rb_tree<_Key, _Val, _KeyOfValue, _Compare, _Alloc>::_M_emplace_unique(_Args&& ...) [with _Args = {std::pair<int, cubload::class_entry*>}; _Key = int; _Val = std::pair<const int, const cubload::class_entry*>; _KeyOfValue = std::_Select1st<std::pair<const int, const cubload::class_entry*> >; _Compare = std::greater<int>; _Alloc = std::allocator<std::pair<const int, const cubload::class_entry*> >]’ at /usr/include/c++/11/bits/stl_tree.h:2393:18,
    inlined from ‘std::__enable_if_t<std::is_constructible<std::pair<const _Key, _Tp>, _Pair>::value, std::pair<typename std::_Rb_tree<_Key, std::pair<const _Key, _Tp>, std::_Select1st<std::pair<const _Key, _Tp> >, _Compare, typename __gnu_cxx::__alloc_traits<_Allocator>::rebind<std::pair<const _Key, _Tp> >::other>::iterator, bool> > std::map<_Key, _Tp, _Compare, _Alloc>::insert(_Pair&&) [with _Pair = std::pair<int, cubload::class_entry*>; _Key = int; _Tp = const cubload::class_entry*; _Compare = std::greater<int>; _Alloc = std::allocator<std::pair<const int, const cubload::class_entry*> >]’ at /usr/include/c++/11/bits/stl_map.h:817:33,
    inlined from ‘void cubload::class_registry::register_ignored_class(cubload::class_entry*, cubload::class_id)’ at /home/vimkim/gh/cb/CBRD-27398-pgbuf-inspector-contract/src/loaddb/load_class_registry.cpp:172:26:
/home/vimkim/gh/cb/CBRD-27398-pgbuf-inspector-contract/src/base/memory_cwrapper.h:86:8: warning: ‘void free(void*)’ called on pointer returned from a mismatched allocation function [-Wmismatched-new-delete]
   86 |   free (ptr);
      |   ~~~~~^~~~~
In file included from /usr/include/c++/11/x86_64-redhat-linux/bits/c++allocator.h:33,
                 from /usr/include/c++/11/bits/allocator.h:46,
                 from /usr/include/c++/11/unordered_map:40,
                 from /usr/include/c++/11/functional:61,
                 from /home/vimkim/gh/cb/CBRD-27398-pgbuf-inspector-contract/src/base/mem_block.hpp:39,
                 from /home/vimkim/gh/cb/CBRD-27398-pgbuf-inspector-contract/src/base/packer.hpp:29,
                 from /home/vimkim/gh/cb/CBRD-27398-pgbuf-inspector-contract/src/base/packable_object.hpp:28,
                 from /home/vimkim/gh/cb/CBRD-27398-pgbuf-inspector-contract/src/loaddb/load_common.hpp:26,
                 from /home/vimkim/gh/cb/CBRD-27398-pgbuf-inspector-contract/src/loaddb/load_class_registry.hpp:26,
                 from /home/vimkim/gh/cb/CBRD-27398-pgbuf-inspector-contract/src/loaddb/load_class_registry.cpp:23:
/usr/include/c++/11/ext/new_allocator.h: In member function ‘void cubload::class_registry::register_ignored_class(cubload::class_entry*, cubload::class_id)’:
/usr/include/c++/11/ext/new_allocator.h:127:48: note: returned from ‘void* operator new(std::size_t)’
  127 |         return static_cast<_Tp*>(::operator new(__n * sizeof(_Tp)));
      |                                  ~~~~~~~~~~~~~~^~~~~~~~~~~~~~~~~~~
In file included from /home/vimkim/gh/cb/CBRD-27398-pgbuf-inspector-contract/src/base/memory_alloc.h:54,
                 from /home/vimkim/gh/cb/CBRD-27398-pgbuf-inspector-contract/src/base/memory_hash.h:30,
                 from /home/vimkim/gh/cb/CBRD-27398-pgbuf-inspector-contract/src/storage/file_io.h:33,
                 from /home/vimkim/gh/cb/CBRD-27398-pgbuf-inspector-contract/src/transaction/log_manager.h:37,
                 from /home/vimkim/gh/cb/CBRD-27398-pgbuf-inspector-contract/src/storage/system_catalog.h:36,
                 from /home/vimkim/gh/cb/CBRD-27398-pgbuf-inspector-contract/src/base/object_representation_sr.h:42,
                 from /home/vimkim/gh/cb/CBRD-27398-pgbuf-inspector-contract/src/loaddb/load_class_registry.hpp:27,
                 from /home/vimkim/gh/cb/CBRD-27398-pgbuf-inspector-contract/src/loaddb/load_class_registry.cpp:23:
In function ‘void cub_free(void*)’,
    inlined from ‘void operator delete(void*, size_t)’ at /home/vimkim/gh/cb/CBRD-27398-pgbuf-inspector-contract/src/base/memory_wrapper.hpp:75:12,
    inlined from ‘void __gnu_cxx::new_allocator<_Tp>::deallocate(_Tp*, __gnu_cxx::new_allocator<_Tp>::size_type) [with _Tp = std::_Rb_tree_node<std::pair<const int, const cubload::class_entry*> >]’ at /usr/include/c++/11/ext/new_allocator.h:145:19,
    inlined from ‘static void std::allocator_traits<std::allocator<_Tp1> >::deallocate(std::allocator_traits<std::allocator<_Tp1> >::allocator_type&, std::allocator_traits<std::allocator<_Tp1> >::pointer, std::allocator_traits<std::allocator<_Tp1> >::size_type) [with _Tp = std::_Rb_tree_node<std::pair<const int, const cubload::class_entry*> >]’ at /usr/include/c++/11/bits/alloc_traits.h:496:23,
    inlined from ‘void std::_Rb_tree<_Key, _Val, _KeyOfValue, _Compare, _Alloc>::_M_put_node(std::_Rb_tree<_Key, _Val, _KeyOfValue, _Compare, _Alloc>::_Link_type) [with _Key = int; _Val = std::pair<const int, const cubload::class_entry*>; _KeyOfValue = std::_Select1st<std::pair<const int, const cubload::class_entry*> >; _Compare = std::greater<int>; _Alloc = std::allocator<std::pair<const int, const cubload::class_entry*> >]’ at /usr/include/c++/11/bits/stl_tree.h:565:34,
    inlined from ‘void std::_Rb_tree<_Key, _Val, _KeyOfValue, _Compare, _Alloc>::_M_drop_node(std::_Rb_tree<_Key, _Val, _KeyOfValue, _Compare, _Alloc>::_Link_type) [with _Key = int; _Val = std::pair<const int, const cubload::class_entry*>; _KeyOfValue = std::_Select1st<std::pair<const int, const cubload::class_entry*> >; _Compare = std::greater<int>; _Alloc = std::allocator<std::pair<const int, const cubload::class_entry*> >]’ at /usr/include/c++/11/bits/stl_tree.h:632:13,
    inlined from ‘std::pair<std::_Rb_tree_iterator<_Val>, bool> std::_Rb_tree<_Key, _Val, _KeyOfValue, _Compare, _Alloc>::_M_emplace_unique(_Args&& ...) [with _Args = {std::pair<int, const cubload::class_entry*>}; _Key = int; _Val = std::pair<const int, const cubload::class_entry*>; _KeyOfValue = std::_Select1st<std::pair<const int, const cubload::class_entry*> >; _Compare = std::greater<int>; _Alloc = std::allocator<std::pair<const int, const cubload::class_entry*> >]’ at /usr/include/c++/11/bits/stl_tree.h:2393:18,
    inlined from ‘std::__enable_if_t<std::is_constructible<std::pair<const _Key, _Tp>, _Pair>::value, std::pair<typename std::_Rb_tree<_Key, std::pair<const _Key, _Tp>, std::_Select1st<std::pair<const _Key, _Tp> >, _Compare, typename __gnu_cxx::__alloc_traits<_Allocator>::rebind<std::pair<const _Key, _Tp> >::other>::iterator, bool> > std::map<_Key, _Tp, _Compare, _Alloc>::insert(_Pair&&) [with _Pair = std::pair<int, const cubload::class_entry*>; _Key = int; _Tp = const cubload::class_entry*; _Compare = std::greater<int>; _Alloc = std::allocator<std::pair<const int, const cubload::class_entry*> >]’ at /usr/include/c++/11/bits/stl_map.h:817:33,
    inlined from ‘void cubload::class_registry::register_class(const char*, cubload::class_id, OID, std::vector<const cubload::attribute*>&)’ at /home/vimkim/gh/cb/CBRD-27398-pgbuf-inspector-contract/src/loaddb/load_class_registry.cpp:161:26:
/home/vimkim/gh/cb/CBRD-27398-pgbuf-inspector-contract/src/base/memory_cwrapper.h:86:8: warning: ‘void free(void*)’ called on pointer returned from a mismatched allocation function [-Wmismatched-new-delete]
   86 |   free (ptr);
      |   ~~~~~^~~~~
In file included from /usr/include/c++/11/x86_64-redhat-linux/bits/c++allocator.h:33,
                 from /usr/include/c++/11/bits/allocator.h:46,
                 from /usr/include/c++/11/unordered_map:40,
                 from /usr/include/c++/11/functional:61,
                 from /home/vimkim/gh/cb/CBRD-27398-pgbuf-inspector-contract/src/base/mem_block.hpp:39,
                 from /home/vimkim/gh/cb/CBRD-27398-pgbuf-inspector-contract/src/base/packer.hpp:29,
                 from /home/vimkim/gh/cb/CBRD-27398-pgbuf-inspector-contract/src/base/packable_object.hpp:28,
                 from /home/vimkim/gh/cb/CBRD-27398-pgbuf-inspector-contract/src/loaddb/load_common.hpp:26,
                 from /home/vimkim/gh/cb/CBRD-27398-pgbuf-inspector-contract/src/loaddb/load_class_registry.hpp:26,
                 from /home/vimkim/gh/cb/CBRD-27398-pgbuf-inspector-contract/src/loaddb/load_class_registry.cpp:23:
/usr/include/c++/11/ext/new_allocator.h: In member function ‘void cubload::class_registry::register_class(const char*, cubload::class_id, OID, std::vector<const cubload::attribute*>&)’:
/usr/include/c++/11/ext/new_allocator.h:127:48: note: returned from ‘void* operator new(std::size_t)’
  127 |         return static_cast<_Tp*>(::operator new(__n * sizeof(_Tp)));
      |                                  ~~~~~~~~~~~~~~^~~~~~~~~~~~~~~~~~~
[722/1274] Building CXX object cubrid/CMakeFiles/cubrid.dir/__/src/object/deduplicate_key.c.o
[723/1274] Building CXX object cubrid/CMakeFiles/cubrid.dir/__/src/connection/master_connector.cpp.o
[724/1274] Building CXX object cs/CMakeFiles/cubridcs.dir/__/src/sp/sp_catalog.cpp.o
[725/1274] Building CXX object cubrid/CMakeFiles/cubrid.dir/__/src/connection/connection_pool.cpp.o
[726/1274] Building CXX object cubrid/CMakeFiles/cubrid.dir/__/src/sp/sp_code.cpp.o
[727/1274] Building CXX object cubrid/CMakeFiles/cubrid.dir/__/src/query/crypt_opfunc.c.o
[728/1274] Building CXX object cubrid/CMakeFiles/cubrid.dir/__/src/object/transform.c.o
[729/1274] Building CXX object cubrid/CMakeFiles/cubrid.dir/__/src/storage/btree_unique.cpp.o
[730/1274] Building CXX object cubrid/CMakeFiles/cubrid.dir/__/src/loaddb/load_semantic_helper.cpp.o
[731/1274] Building CXX object cubrid/CMakeFiles/cubrid.dir/__/src/method/method_scan.cpp.o
[732/1274] Building CXX object cubrid/CMakeFiles/cubrid.dir/__/src/monitor/monitor_vacuum_ovfp_threshold.cpp.o
[733/1274] Building CXX object cubrid/CMakeFiles/cubrid.dir/__/src/connection/connection_sr.c.o
[734/1274] Building CXX object cubrid/CMakeFiles/cubrid.dir/__/src/sp/pl_execution_stack_context.cpp.o
[735/1274] Building CXX object cubrid/CMakeFiles/cubrid.dir/__/src/storage/byte_order.c.o
[736/1274] Building CXX object cs/CMakeFiles/cubridcs.dir/__/src/query/string_opfunc.c.o
[737/1274] Building CXX object cubrid/CMakeFiles/cubrid.dir/__/src/connection/coordinator.cpp.o
In file included from /home/vimkim/gh/cb/CBRD-27398-pgbuf-inspector-contract/src/base/memory_alloc.h:54,
                 from /home/vimkim/gh/cb/CBRD-27398-pgbuf-inspector-contract/src/connection/connection_defs.h:38,
                 from /home/vimkim/gh/cb/CBRD-27398-pgbuf-inspector-contract/src/connection/connection_globals.h:29,
                 from /home/vimkim/gh/cb/CBRD-27398-pgbuf-inspector-contract/src/connection/connection_context.hpp:26,
                 from /home/vimkim/gh/cb/CBRD-27398-pgbuf-inspector-contract/src/connection/connection_pool.hpp:33,
                 from /home/vimkim/gh/cb/CBRD-27398-pgbuf-inspector-contract/src/connection/coordinator.cpp:33:
In function ‘void cub_free(void*)’,
    inlined from ‘void operator delete(void*, size_t)’ at /home/vimkim/gh/cb/CBRD-27398-pgbuf-inspector-contract/src/base/memory_wrapper.hpp:75:12,
    inlined from ‘void __gnu_cxx::new_allocator<_Tp>::deallocate(_Tp*, __gnu_cxx::new_allocator<_Tp>::size_type) [with _Tp = std::__detail::_Hash_node<std::pair<const long unsigned int, std::pair<cubconn::statistics::metrics<cubconn::statistics::context, double>, cubconn::statistics::metrics<cubconn::statistics::context> > >, false>]’ at /usr/include/c++/11/ext/new_allocator.h:145:19,
    inlined from ‘static void std::allocator_traits<std::allocator<_CharT> >::deallocate(std::allocator_traits<std::allocator<_CharT> >::allocator_type&, std::allocator_traits<std::allocator<_CharT> >::pointer, std::allocator_traits<std::allocator<_CharT> >::size_type) [with _Tp = std::__detail::_Hash_node<std::pair<const long unsigned int, std::pair<cubconn::statistics::metrics<cubconn::statistics::context, double>, cubconn::statistics::metrics<cubconn::statistics::context> > >, false>]’ at /usr/include/c++/11/bits/alloc_traits.h:496:23,
    inlined from ‘void std::__detail::_Hashtable_alloc<_NodeAlloc>::_M_deallocate_node_ptr(std::__detail::_Hashtable_alloc<_NodeAlloc>::__node_ptr) [with _NodeAlloc = std::allocator<std::__detail::_Hash_node<std::pair<const long unsigned int, std::pair<cubconn::statistics::metrics<cubconn::statistics::context, double>, cubconn::statistics::metrics<cubconn::statistics::context> > >, false> >]’ at /usr/include/c++/11/bits/hashtable_policy.h:1909:38,
    inlined from ‘void std::__detail::_Hashtable_alloc<_NodeAlloc>::_M_deallocate_node(std::__detail::_Hashtable_alloc<_NodeAlloc>::__node_ptr) [with _NodeAlloc = std::allocator<std::__detail::_Hash_node<std::pair<const long unsigned int, std::pair<cubconn::statistics::metrics<cubconn::statistics::context, double>, cubconn::statistics::metrics<cubconn::statistics::context> > >, false> >]’ at /usr/include/c++/11/bits/hashtable_policy.h:1899:29,
    inlined from ‘std::_Hashtable<_Key, _Value, _Alloc, _ExtractKey, _Equal, _Hash, _RangeHash, _Unused, _RehashPolicy, _Traits>::_Scoped_node::~_Scoped_node() [with _Key = long unsigned int; _Value = std::pair<const long unsigned int, std::pair<cubconn::statistics::metrics<cubconn::statistics::context, double>, cubconn::statistics::metrics<cubconn::statistics::context> > >; _Alloc = std::allocator<std::pair<const long unsigned int, std::pair<cubconn::statistics::metrics<cubconn::statistics::context, double>, cubconn::statistics::metrics<cubconn::statistics::context> > > >; _ExtractKey = std::__detail::_Select1st; _Equal = std::equal_to<long unsigned int>; _Hash = std::hash<long unsigned int>; _RangeHash = std::__detail::_Mod_range_hashing; _Unused = std::__detail::_Default_ranged_hash; _RehashPolicy = std::__detail::_Prime_rehash_policy; _Traits = std::__detail::_Hashtable_traits<false, false, true>]’ at /usr/include/c++/11/bits/hashtable.h:308:57,
    inlined from ‘std::pair<typename std::__detail::_Insert<_Key, _Value, _Alloc, _ExtractKey, _Equal, _Hash, _RangeHash, _Unused, _RehashPolicy, _Traits>::iterator, bool> std::_Hashtable<_Key, _Value, _Alloc, _ExtractKey, _Equal, _Hash, _RangeHash, _Unused, _RehashPolicy, _Traits>::_M_emplace(std::true_type, _Args&& ...) [with _Args = {long unsigned int&, std::pair<cubconn::statistics::metrics<cubconn::statistics::context, double>, cubconn::statistics::metrics<cubconn::statistics::context, long unsigned int> >}; _Key = long unsigned int; _Value = std::pair<const long unsigned int, std::pair<cubconn::statistics::metrics<cubconn::statistics::context, double>, cubconn::statistics::metrics<cubconn::statistics::context> > >; _Alloc = std::allocator<std::pair<const long unsigned int, std::pair<cubconn::statistics::metrics<cubconn::statistics::context, double>, cubconn::statistics::metrics<cubconn::statistics::context> > > >; _ExtractKey = std::__detail::_Select1st; _Equal = std::equal_to<long unsigned int>; _Hash = std::hash<long unsigned int>; _RangeHash = std::__detail::_Mod_range_hashing; _Unused = std::__detail::_Default_ranged_hash; _RehashPolicy = std::__detail::_Prime_rehash_policy; _Traits = std::__detail::_Hashtable_traits<false, false, true>]’ at /usr/include/c++/11/bits/hashtable.h:1978:7,
    inlined from ‘std::_Hashtable<_Key, _Value, _Alloc, _ExtractKey, _Equal, _Hash, _RangeHash, _Unused, _RehashPolicy, _Traits>::__ireturn_type std::_Hashtable<_Key, _Value, _Alloc, _ExtractKey, _Equal, _Hash, _RangeHash, _Unused, _RehashPolicy, _Traits>::emplace(_Args&& ...) [with _Args = {long unsigned int&, std::pair<cubconn::statistics::metrics<cubconn::statistics::context, double>, cubconn::statistics::metrics<cubconn::statistics::context, long unsigned int> >}; _Key = long unsigned int; _Value = std::pair<const long unsigned int, std::pair<cubconn::statistics::metrics<cubconn::statistics::context, double>, cubconn::statistics::metrics<cubconn::statistics::context> > >; _Alloc = std::allocator<std::pair<const long unsigned int, std::pair<cubconn::statistics::metrics<cubconn::statistics::context, double>, cubconn::statistics::metrics<cubconn::statistics::context> > > >; _ExtractKey = std::__detail::_Select1st; _Equal = std::equal_to<long unsigned int>; _Hash = std::hash<long unsigned int>; _RangeHash = std::__detail::_Mod_range_hashing; _Unused = std::__detail::_Default_ranged_hash; _RehashPolicy = std::__detail::_Prime_rehash_policy; _Traits = std::__detail::_Hashtable_traits<false, false, true>]’ at /usr/include/c++/11/bits/hashtable.h:915:21,
    inlined from ‘std::pair<typename std::_Hashtable<_Key, std::pair<const _Key, _Tp>, _Alloc, std::__detail::_Select1st, _Pred, _Hash, std::__detail::_Mod_range_hashing, std::__detail::_Default_ranged_hash, std::__detail::_Prime_rehash_policy, std::__detail::_Hashtable_traits<std::__not_<std::__and_<std::__is_fast_hash<_Hash>, std::__is_nothrow_invocable<const _Hash&, const _Key&> > >::value, false, true> >::iterator, bool> std::unordered_map<_Key, _Tp, _Hash, _Pred, _Alloc>::emplace(_Args&& ...) [with _Args = {long unsigned int&, std::pair<cubconn::statistics::metrics<cubconn::statistics::context, double>, cubconn::statistics::metrics<cubconn::statistics::context, long unsigned int> >}; _Key = long unsigned int; _Tp = std::pair<cubconn::statistics::metrics<cubconn::statistics::context, double>, cubconn::statistics::metrics<cubconn::statistics::context> >; _Hash = std::hash<long unsigned int>; _Pred = std::equal_to<long unsigned int>; _Alloc = std::allocator<std::pair<const long unsigned int, std::pair<cubconn::statistics::metrics<cubconn::statistics::context, double>, cubconn::statistics::metrics<cubconn::statistics::context> > > >]’ at /usr/include/c++/11/bits/unordered_map.h:389:23,
    inlined from ‘bool cubconn::connection::coordinator::handle_message_queue_new_client(cubconn::connection::coordinator::message&)’ at /home/vimkim/gh/cb/CBRD-27398-pgbuf-inspector-contract/src/connection/coordinator.cpp:967:45:
/home/vimkim/gh/cb/CBRD-27398-pgbuf-inspector-contract/src/base/memory_cwrapper.h:86:8: warning: ‘void free(void*)’ called on pointer returned from a mismatched allocation function [-Wmismatched-new-delete]
   86 |   free (ptr);
      |   ~~~~~^~~~~
In file included from /usr/include/c++/11/x86_64-redhat-linux/bits/c++allocator.h:33,
                 from /usr/include/c++/11/bits/allocator.h:46,
                 from /usr/include/c++/11/string:41,
                 from /usr/include/c++/11/random:40,
                 from /home/vimkim/gh/cb/CBRD-27398-pgbuf-inspector-contract/src/connection/coordinator.cpp:23:
/usr/include/c++/11/ext/new_allocator.h: In member function ‘bool cubconn::connection::coordinator::handle_message_queue_new_client(cubconn::connection::coordinator::message&)’:
/usr/include/c++/11/ext/new_allocator.h:127:48: note: returned from ‘void* operator new(std::size_t)’
  127 |         return static_cast<_Tp*>(::operator new(__n * sizeof(_Tp)));
      |                                  ~~~~~~~~~~~~~~^~~~~~~~~~~~~~~~~~~
In file included from /home/vimkim/gh/cb/CBRD-27398-pgbuf-inspector-contract/src/base/memory_alloc.h:54,
                 from /home/vimkim/gh/cb/CBRD-27398-pgbuf-inspector-contract/src/connection/connection_defs.h:38,
                 from /home/vimkim/gh/cb/CBRD-27398-pgbuf-inspector-contract/src/connection/connection_globals.h:29,
                 from /home/vimkim/gh/cb/CBRD-27398-pgbuf-inspector-contract/src/connection/connection_context.hpp:26,
                 from /home/vimkim/gh/cb/CBRD-27398-pgbuf-inspector-contract/src/connection/connection_pool.hpp:33,
                 from /home/vimkim/gh/cb/CBRD-27398-pgbuf-inspector-contract/src/connection/coordinator.cpp:33:
In function ‘void cub_free(void*)’,
    inlined from ‘void operator delete(void*, size_t)’ at /home/vimkim/gh/cb/CBRD-27398-pgbuf-inspector-contract/src/base/memory_wrapper.hpp:75:12,
    inlined from ‘void __gnu_cxx::new_allocator<_Tp>::deallocate(_Tp*, __gnu_cxx::new_allocator<_Tp>::size_type) [with _Tp = std::__detail::_Hash_node<std::pair<const long unsigned int, std::pair<cubconn::statistics::metrics<cubconn::statistics::context, double>, cubconn::statistics::metrics<cubconn::statistics::context> > >, false>]’ at /usr/include/c++/11/ext/new_allocator.h:145:19,
    inlined from ‘static void std::allocator_traits<std::allocator<_CharT> >::deallocate(std::allocator_traits<std::allocator<_CharT> >::allocator_type&, std::allocator_traits<std::allocator<_CharT> >::pointer, std::allocator_traits<std::allocator<_CharT> >::size_type) [with _Tp = std::__detail::_Hash_node<std::pair<const long unsigned int, std::pair<cubconn::statistics::metrics<cubconn::statistics::context, double>, cubconn::statistics::metrics<cubconn::statistics::context> > >, false>]’ at /usr/include/c++/11/bits/alloc_traits.h:496:23,
    inlined from ‘void std::__detail::_Hashtable_alloc<_NodeAlloc>::_M_deallocate_node_ptr(std::__detail::_Hashtable_alloc<_NodeAlloc>::__node_ptr) [with _NodeAlloc = std::allocator<std::__detail::_Hash_node<std::pair<const long unsigned int, std::pair<cubconn::statistics::metrics<cubconn::statistics::context, double>, cubconn::statistics::metrics<cubconn::statistics::context> > >, false> >]’ at /usr/include/c++/11/bits/hashtable_policy.h:1909:38,
    inlined from ‘void std::__detail::_Hashtable_alloc<_NodeAlloc>::_M_deallocate_node(std::__detail::_Hashtable_alloc<_NodeAlloc>::__node_ptr) [with _NodeAlloc = std::allocator<std::__detail::_Hash_node<std::pair<const long unsigned int, std::pair<cubconn::statistics::metrics<cubconn::statistics::context, double>, cubconn::statistics::metrics<cubconn::statistics::context> > >, false> >]’ at /usr/include/c++/11/bits/hashtable_policy.h:1899:29,
    inlined from ‘std::_Hashtable<_Key, _Value, _Alloc, _ExtractKey, _Equal, _Hash, _RangeHash, _Unused, _RehashPolicy, _Traits>::_Scoped_node::~_Scoped_node() [with _Key = long unsigned int; _Value = std::pair<const long unsigned int, std::pair<cubconn::statistics::metrics<cubconn::statistics::context, double>, cubconn::statistics::metrics<cubconn::statistics::context> > >; _Alloc = std::allocator<std::pair<const long unsigned int, std::pair<cubconn::statistics::metrics<cubconn::statistics::context, double>, cubconn::statistics::metrics<cubconn::statistics::context> > > >; _ExtractKey = std::__detail::_Select1st; _Equal = std::equal_to<long unsigned int>; _Hash = std::hash<long unsigned int>; _RangeHash = std::__detail::_Mod_range_hashing; _Unused = std::__detail::_Default_ranged_hash; _RehashPolicy = std::__detail::_Prime_rehash_policy; _Traits = std::__detail::_Hashtable_traits<false, false, true>]’ at /usr/include/c++/11/bits/hashtable.h:308:57,
    inlined from ‘std::pair<typename std::__detail::_Insert<_Key, _Value, _Alloc, _ExtractKey, _Equal, _Hash, _RangeHash, _Unused, _RehashPolicy, _Traits>::iterator, bool> std::_Hashtable<_Key, _Value, _Alloc, _ExtractKey, _Equal, _Hash, _RangeHash, _Unused, _RehashPolicy, _Traits>::_M_emplace(std::true_type, _Args&& ...) [with _Args = {const long unsigned int&, std::pair<cubconn::statistics::metrics<cubconn::statistics::context, double>, cubconn::statistics::metrics<cubconn::statistics::context, long unsigned int> >}; _Key = long unsigned int; _Value = std::pair<const long unsigned int, std::pair<cubconn::statistics::metrics<cubconn::statistics::context, double>, cubconn::statistics::metrics<cubconn::statistics::context> > >; _Alloc = std::allocator<std::pair<const long unsigned int, std::pair<cubconn::statistics::metrics<cubconn::statistics::context, double>, cubconn::statistics::metrics<cubconn::statistics::context> > > >; _ExtractKey = std::__detail::_Select1st; _Equal = std::equal_to<long unsigned int>; _Hash = std::hash<long unsigned int>; _RangeHash = std::__detail::_Mod_range_hashing; _Unused = std::__detail::_Default_ranged_hash; _RehashPolicy = std::__detail::_Prime_rehash_policy; _Traits = std::__detail::_Hashtable_traits<false, false, true>]’ at /usr/include/c++/11/bits/hashtable.h:1978:7,
    inlined from ‘std::_Hashtable<_Key, _Value, _Alloc, _ExtractKey, _Equal, _Hash, _RangeHash, _Unused, _RehashPolicy, _Traits>::__ireturn_type std::_Hashtable<_Key, _Value, _Alloc, _ExtractKey, _Equal, _Hash, _RangeHash, _Unused, _RehashPolicy, _Traits>::emplace(_Args&& ...) [with _Args = {const long unsigned int&, std::pair<cubconn::statistics::metrics<cubconn::statistics::context, double>, cubconn::statistics::metrics<cubconn::statistics::context, long unsigned int> >}; _Key = long unsigned int; _Value = std::pair<const long unsigned int, std::pair<cubconn::statistics::metrics<cubconn::statistics::context, double>, cubconn::statistics::metrics<cubconn::statistics::context> > >; _Alloc = std::allocator<std::pair<const long unsigned int, std::pair<cubconn::statistics::metrics<cubconn::statistics::context, double>, cubconn::statistics::metrics<cubconn::statistics::context> > > >; _ExtractKey = std::__detail::_Select1st; _Equal = std::equal_to<long unsigned int>; _Hash = std::hash<long unsigned int>; _RangeHash = std::__detail::_Mod_range_hashing; _Unused = std::__detail::_Default_ranged_hash; _RehashPolicy = std::__detail::_Prime_rehash_policy; _Traits = std::__detail::_Hashtable_traits<false, false, true>]’ at /usr/include/c++/11/bits/hashtable.h:915:21,
    inlined from ‘std::pair<typename std::_Hashtable<_Key, std::pair<const _Key, _Tp>, _Alloc, std::__detail::_Select1st, _Pred, _Hash, std::__detail::_Mod_range_hashing, std::__detail::_Default_ranged_hash, std::__detail::_Prime_rehash_policy, std::__detail::_Hashtable_traits<std::__not_<std::__and_<std::__is_fast_hash<_Hash>, std::__is_nothrow_invocable<const _Hash&, const _Key&> > >::value, false, true> >::iterator, bool> std::unordered_map<_Key, _Tp, _Hash, _Pred, _Alloc>::emplace(_Args&& ...) [with _Args = {const long unsigned int&, std::pair<cubconn::statistics::metrics<cubconn::statistics::context, double>, cubconn::statistics::metrics<cubconn::statistics::context, long unsigned int> >}; _Key = long unsigned int; _Tp = std::pair<cubconn::statistics::metrics<cubconn::statistics::context, double>, cubconn::statistics::metrics<cubconn::statistics::context> >; _Hash = std::hash<long unsigned int>; _Pred = std::equal_to<long unsigned int>; _Alloc = std::allocator<std::pair<const long unsigned int, std::pair<cubconn::statistics::metrics<cubconn::statistics::context, double>, cubconn::statistics::metrics<cubconn::statistics::context> > > >]’ at /usr/include/c++/11/bits/unordered_map.h:389:23,
    inlined from ‘bool cubconn::connection::coordinator::transfer_connection(uint64_t, int, int)’ at /home/vimkim/gh/cb/CBRD-27398-pgbuf-inspector-contract/src/connection/coordinator.cpp:268:41:
/home/vimkim/gh/cb/CBRD-27398-pgbuf-inspector-contract/src/base/memory_cwrapper.h:86:8: warning: ‘void free(void*)’ called on pointer returned from a mismatched allocation function [-Wmismatched-new-delete]
   86 |   free (ptr);
      |   ~~~~~^~~~~
In file included from /usr/include/c++/11/x86_64-redhat-linux/bits/c++allocator.h:33,
                 from /usr/include/c++/11/bits/allocator.h:46,
                 from /usr/include/c++/11/string:41,
                 from /usr/include/c++/11/random:40,
                 from /home/vimkim/gh/cb/CBRD-27398-pgbuf-inspector-contract/src/connection/coordinator.cpp:23:
/usr/include/c++/11/ext/new_allocator.h: In member function ‘bool cubconn::connection::coordinator::transfer_connection(uint64_t, int, int)’:
/usr/include/c++/11/ext/new_allocator.h:127:48: note: returned from ‘void* operator new(std::size_t)’
  127 |         return static_cast<_Tp*>(::operator new(__n * sizeof(_Tp)));
      |                                  ~~~~~~~~~~~~~~^~~~~~~~~~~~~~~~~~~
[738/1274] Building CXX object cubrid/CMakeFiles/cubrid.dir/__/src/object/object_representation.c.o
/home/vimkim/gh/cb/CBRD-27398-pgbuf-inspector-contract/src/object/object_representation.c: In function ‘char* or_unpack_spacedb(char*, SPACEDB_ALL*, SPACEDB_ONEVOL**, SPACEDB_FILES*)’:
/home/vimkim/gh/cb/CBRD-27398-pgbuf-inspector-contract/src/object/object_representation.c:6261:19: warning: ‘char* strncpy(char*, const char*, size_t)’ specified bound 4096 equals destination size [-Wstringop-truncation]
 6261 |           strncpy ((*vols)[iter_vol].name, volname, DB_MAX_PATH_LENGTH);
      |           ~~~~~~~~^~~~~~~~~~~~~~~~~~~~~~~~~~~~~~~~~~~~~~~~~~~~~~~~~~~~~
[739/1274] Building CXX object cubrid/CMakeFiles/cubrid.dir/__/src/storage/es.c.o
[740/1274] Building CXX object cubrid/CMakeFiles/cubrid.dir/__/src/method/method_struct_schema_info.cpp.o
[741/1274] Building CXX object cubrid/CMakeFiles/cubrid.dir/__/src/storage/es_common.c.o
[742/1274] Building CXX object cubrid/CMakeFiles/cubrid.dir/__/src/query/string_regex.cpp.o
[743/1274] Building CXX object cubrid/CMakeFiles/cubrid.dir/__/src/query/regu_var.cpp.o
[744/1274] Building CXX object cubrid/CMakeFiles/cubrid.dir/__/src/query/string_regex_re2.cpp.o
[745/1274] Building CXX object cubrid/CMakeFiles/cubrid.dir/__/src/query/numeric_opfunc.c.o
[746/1274] Building CXX object cubrid/CMakeFiles/cubrid.dir/__/src/query/dblink_2pc.c.o
[747/1274] Building CXX object cubrid/CMakeFiles/cubrid.dir/__/src/query/query_analytic.cpp.o
[748/1274] Building CXX object cubrid/CMakeFiles/cubrid.dir/__/src/connection/server_support.c.o
[749/1274] Building CXX object cubrid/CMakeFiles/cubrid.dir/__/src/query/query_reevaluation.cpp.o
[750/1274] Building CXX object cubrid/CMakeFiles/cubrid.dir/__/src/storage/oid.c.o
[751/1274] Building CXX object cubrid/CMakeFiles/cubrid.dir/__/src/storage/oos_util.cpp.o
[752/1274] Building CXX object cubrid/CMakeFiles/cubrid.dir/__/src/loaddb/load_session.cpp.o
In file included from /home/vimkim/gh/cb/CBRD-27398-pgbuf-inspector-contract/src/base/memory_alloc.h:54,
                 from /home/vimkim/gh/cb/CBRD-27398-pgbuf-inspector-contract/src/base/memory_hash.h:30,
                 from /home/vimkim/gh/cb/CBRD-27398-pgbuf-inspector-contract/src/storage/file_io.h:33,
                 from /home/vimkim/gh/cb/CBRD-27398-pgbuf-inspector-contract/src/transaction/log_manager.h:37,
                 from /home/vimkim/gh/cb/CBRD-27398-pgbuf-inspector-contract/src/storage/system_catalog.h:36,
                 from /home/vimkim/gh/cb/CBRD-27398-pgbuf-inspector-contract/src/base/object_representation_sr.h:42,
                 from /home/vimkim/gh/cb/CBRD-27398-pgbuf-inspector-contract/src/loaddb/load_class_registry.hpp:27,
                 from /home/vimkim/gh/cb/CBRD-27398-pgbuf-inspector-contract/src/loaddb/load_session.hpp:27,
                 from /home/vimkim/gh/cb/CBRD-27398-pgbuf-inspector-contract/src/loaddb/load_session.cpp:23:
In function ‘void cub_free(void*)’,
    inlined from ‘void operator delete [](void*)’ at /home/vimkim/gh/cb/CBRD-27398-pgbuf-inspector-contract/src/base/memory_wrapper.hpp:80:12,
    inlined from ‘typename std::enable_if<std::is_convertible<_Up (*)[], _Tp (*)[]>::value>::type std::default_delete<_Tp []>::operator()(_Up*) const [with _Up = char; _Tp = char]’ at /usr/include/c++/11/bits/unique_ptr.h:120:4,
    inlined from ‘std::unique_ptr<_Tp [], _Dp>::~unique_ptr() [with _Tp = char; _Dp = std::default_delete<char []>]’ at /usr/include/c++/11/bits/unique_ptr.h:612:17,
    inlined from ‘static std::string cubload::error_handler::format(const char*, Args&& ...) [with Args = {}]’ at /home/vimkim/gh/cb/CBRD-27398-pgbuf-inspector-contract/src/loaddb/load_error_handler.hpp:205:3:
/home/vimkim/gh/cb/CBRD-27398-pgbuf-inspector-contract/src/base/memory_cwrapper.h:86:8: warning: ‘void free(void*)’ called on pointer returned from a mismatched allocation function [-Wmismatched-new-delete]
   86 |   free (ptr);
      |   ~~~~~^~~~~
In file included from /home/vimkim/gh/cb/CBRD-27398-pgbuf-inspector-contract/src/loaddb/load_session.hpp:29,
                 from /home/vimkim/gh/cb/CBRD-27398-pgbuf-inspector-contract/src/loaddb/load_session.cpp:23:
/home/vimkim/gh/cb/CBRD-27398-pgbuf-inspector-contract/src/loaddb/load_error_handler.hpp: In static member function ‘static std::string cubload::error_handler::format(const char*, Args&& ...) [with Args = {}]’:
/home/vimkim/gh/cb/CBRD-27398-pgbuf-inspector-contract/src/loaddb/load_error_handler.hpp:199:34: note: returned from ‘void* operator new [](std::size_t)’
  199 |     std::unique_ptr<char[]> msg (new char[size]);
      |                                  ^~~~~~~~~~~~~~
In file included from /home/vimkim/gh/cb/CBRD-27398-pgbuf-inspector-contract/src/base/memory_alloc.h:54,
                 from /home/vimkim/gh/cb/CBRD-27398-pgbuf-inspector-contract/src/base/memory_hash.h:30,
                 from /home/vimkim/gh/cb/CBRD-27398-pgbuf-inspector-contract/src/storage/file_io.h:33,
                 from /home/vimkim/gh/cb/CBRD-27398-pgbuf-inspector-contract/src/transaction/log_manager.h:37,
                 from /home/vimkim/gh/cb/CBRD-27398-pgbuf-inspector-contract/src/storage/system_catalog.h:36,
                 from /home/vimkim/gh/cb/CBRD-27398-pgbuf-inspector-contract/src/base/object_representation_sr.h:42,
                 from /home/vimkim/gh/cb/CBRD-27398-pgbuf-inspector-contract/src/loaddb/load_class_registry.hpp:27,
                 from /home/vimkim/gh/cb/CBRD-27398-pgbuf-inspector-contract/src/loaddb/load_session.hpp:27,
                 from /home/vimkim/gh/cb/CBRD-27398-pgbuf-inspector-contract/src/loaddb/load_session.cpp:23:
In function ‘void cub_free(void*)’,
    inlined from ‘void operator delete [](void*)’ at /home/vimkim/gh/cb/CBRD-27398-pgbuf-inspector-contract/src/base/memory_wrapper.hpp:80:12,
    inlined from ‘typename std::enable_if<std::is_convertible<_Up (*)[], _Tp (*)[]>::value>::type std::default_delete<_Tp []>::operator()(_Up*) const [with _Up = char; _Tp = char]’ at /usr/include/c++/11/bits/unique_ptr.h:120:4,
    inlined from ‘std::unique_ptr<_Tp [], _Dp>::~unique_ptr() [with _Tp = char; _Dp = std::default_delete<char []>]’ at /usr/include/c++/11/bits/unique_ptr.h:612:17,
    inlined from ‘static std::string cubload::error_handler::format(const char*, Args&& ...) [with Args = {int&}]’ at /home/vimkim/gh/cb/CBRD-27398-pgbuf-inspector-contract/src/loaddb/load_error_handler.hpp:205:3,
    inlined from ‘void cubload::error_handler::on_error_with_line(int, MSGCAT_LOADDB_MSG, Args&& ...) [with Args = {}]’ at /home/vimkim/gh/cb/CBRD-27398-pgbuf-inspector-contract/src/loaddb/load_error_handler.hpp:152:20:
/home/vimkim/gh/cb/CBRD-27398-pgbuf-inspector-contract/src/base/memory_cwrapper.h:86:8: warning: ‘void free(void*)’ called on pointer returned from a mismatched allocation function [-Wmismatched-new-delete]
   86 |   free (ptr);
      |   ~~~~~^~~~~
In file included from /home/vimkim/gh/cb/CBRD-27398-pgbuf-inspector-contract/src/loaddb/load_session.hpp:29,
                 from /home/vimkim/gh/cb/CBRD-27398-pgbuf-inspector-contract/src/loaddb/load_session.cpp:23:
/home/vimkim/gh/cb/CBRD-27398-pgbuf-inspector-contract/src/loaddb/load_error_handler.hpp: In member function ‘void cubload::error_handler::on_error_with_line(int, MSGCAT_LOADDB_MSG, Args&& ...) [with Args = {}]’:
/home/vimkim/gh/cb/CBRD-27398-pgbuf-inspector-contract/src/loaddb/load_error_handler.hpp:199:34: note: returned from ‘void* operator new [](std::size_t)’
  199 |     std::unique_ptr<char[]> msg (new char[size]);
      |                                  ^~~~~~~~~~~~~~
In file included from /home/vimkim/gh/cb/CBRD-27398-pgbuf-inspector-contract/src/base/memory_alloc.h:54,
                 from /home/vimkim/gh/cb/CBRD-27398-pgbuf-inspector-contract/src/base/memory_hash.h:30,
                 from /home/vimkim/gh/cb/CBRD-27398-pgbuf-inspector-contract/src/storage/file_io.h:33,
                 from /home/vimkim/gh/cb/CBRD-27398-pgbuf-inspector-contract/src/transaction/log_manager.h:37,
                 from /home/vimkim/gh/cb/CBRD-27398-pgbuf-inspector-contract/src/storage/system_catalog.h:36,
                 from /home/vimkim/gh/cb/CBRD-27398-pgbuf-inspector-contract/src/base/object_representation_sr.h:42,
                 from /home/vimkim/gh/cb/CBRD-27398-pgbuf-inspector-contract/src/loaddb/load_class_registry.hpp:27,
                 from /home/vimkim/gh/cb/CBRD-27398-pgbuf-inspector-contract/src/loaddb/load_session.hpp:27,
                 from /home/vimkim/gh/cb/CBRD-27398-pgbuf-inspector-contract/src/loaddb/load_session.cpp:23:
In function ‘void cub_free(void*)’,
    inlined from ‘void operator delete [](void*)’ at /home/vimkim/gh/cb/CBRD-27398-pgbuf-inspector-contract/src/base/memory_wrapper.hpp:80:12,
    inlined from ‘typename std::enable_if<std::is_convertible<_Up (*)[], _Tp (*)[]>::value>::type std::default_delete<_Tp []>::operator()(_Up*) const [with _Up = char; _Tp = char]’ at /usr/include/c++/11/bits/unique_ptr.h:120:4,
    inlined from ‘std::unique_ptr<_Tp [], _Dp>::~unique_ptr() [with _Tp = char; _Dp = std::default_delete<char []>]’ at /usr/include/c++/11/bits/unique_ptr.h:612:17,
    inlined from ‘static std::string cubload::error_handler::format(const char*, Args&& ...) [with Args = {int}]’ at /home/vimkim/gh/cb/CBRD-27398-pgbuf-inspector-contract/src/loaddb/load_error_handler.hpp:205:3:
/home/vimkim/gh/cb/CBRD-27398-pgbuf-inspector-contract/src/base/memory_cwrapper.h:86:8: warning: ‘void free(void*)’ called on pointer returned from a mismatched allocation function [-Wmismatched-new-delete]
   86 |   free (ptr);
      |   ~~~~~^~~~~
In file included from /home/vimkim/gh/cb/CBRD-27398-pgbuf-inspector-contract/src/loaddb/load_session.hpp:29,
                 from /home/vimkim/gh/cb/CBRD-27398-pgbuf-inspector-contract/src/loaddb/load_session.cpp:23:
/home/vimkim/gh/cb/CBRD-27398-pgbuf-inspector-contract/src/loaddb/load_error_handler.hpp: In static member function ‘static std::string cubload::error_handler::format(const char*, Args&& ...) [with Args = {int}]’:
/home/vimkim/gh/cb/CBRD-27398-pgbuf-inspector-contract/src/loaddb/load_error_handler.hpp:199:34: note: returned from ‘void* operator new [](std::size_t)’
  199 |     std::unique_ptr<char[]> msg (new char[size]);
      |                                  ^~~~~~~~~~~~~~
In file included from /home/vimkim/gh/cb/CBRD-27398-pgbuf-inspector-contract/src/base/memory_alloc.h:54,
                 from /home/vimkim/gh/cb/CBRD-27398-pgbuf-inspector-contract/src/base/memory_hash.h:30,
                 from /home/vimkim/gh/cb/CBRD-27398-pgbuf-inspector-contract/src/storage/file_io.h:33,
                 from /home/vimkim/gh/cb/CBRD-27398-pgbuf-inspector-contract/src/transaction/log_manager.h:37,
                 from /home/vimkim/gh/cb/CBRD-27398-pgbuf-inspector-contract/src/storage/system_catalog.h:36,
                 from /home/vimkim/gh/cb/CBRD-27398-pgbuf-inspector-contract/src/base/object_representation_sr.h:42,
                 from /home/vimkim/gh/cb/CBRD-27398-pgbuf-inspector-contract/src/loaddb/load_class_registry.hpp:27,
                 from /home/vimkim/gh/cb/CBRD-27398-pgbuf-inspector-contract/src/loaddb/load_session.hpp:27,
                 from /home/vimkim/gh/cb/CBRD-27398-pgbuf-inspector-contract/src/loaddb/load_session.cpp:23:
In function ‘void cub_free(void*)’,
    inlined from ‘void operator delete [](void*)’ at /home/vimkim/gh/cb/CBRD-27398-pgbuf-inspector-contract/src/base/memory_wrapper.hpp:80:12,
    inlined from ‘typename std::enable_if<std::is_convertible<_Up (*)[], _Tp (*)[]>::value>::type std::default_delete<_Tp []>::operator()(_Up*) const [with _Up = char; _Tp = char]’ at /usr/include/c++/11/bits/unique_ptr.h:120:4,
    inlined from ‘std::unique_ptr<_Tp [], _Dp>::~unique_ptr() [with _Tp = char; _Dp = std::default_delete<char []>]’ at /usr/include/c++/11/bits/unique_ptr.h:612:17,
    inlined from ‘static std::string cubload::error_handler::format(const char*, Args&& ...) [with Args = {const char*, long unsigned int&}]’ at /home/vimkim/gh/cb/CBRD-27398-pgbuf-inspector-contract/src/loaddb/load_error_handler.hpp:205:3,
    inlined from ‘static std::string cubload::error_handler::format_log_msg(MSGCAT_LOADDB_MSG, Args&& ...) [with Args = {const char*, long unsigned int&}]’ at /home/vimkim/gh/cb/CBRD-27398-pgbuf-inspector-contract/src/loaddb/load_error_handler.hpp:225:20:
/home/vimkim/gh/cb/CBRD-27398-pgbuf-inspector-contract/src/base/memory_cwrapper.h:86:8: warning: ‘void free(void*)’ called on pointer returned from a mismatched allocation function [-Wmismatched-new-delete]
   86 |   free (ptr);
      |   ~~~~~^~~~~
In file included from /home/vimkim/gh/cb/CBRD-27398-pgbuf-inspector-contract/src/loaddb/load_session.hpp:29,
                 from /home/vimkim/gh/cb/CBRD-27398-pgbuf-inspector-contract/src/loaddb/load_session.cpp:23:
/home/vimkim/gh/cb/CBRD-27398-pgbuf-inspector-contract/src/loaddb/load_error_handler.hpp: In static member function ‘static std::string cubload::error_handler::format_log_msg(MSGCAT_LOADDB_MSG, Args&& ...) [with Args = {const char*, long unsigned int&}]’:
/home/vimkim/gh/cb/CBRD-27398-pgbuf-inspector-contract/src/loaddb/load_error_handler.hpp:199:34: note: returned from ‘void* operator new [](std::size_t)’
  199 |     std::unique_ptr<char[]> msg (new char[size]);
      |                                  ^~~~~~~~~~~~~~
[753/1274] Building CXX object cubrid/CMakeFiles/cubrid.dir/__/src/sp/pl_executor.cpp.o
[754/1274] Building CXX object cubrid/CMakeFiles/cubrid.dir/__/src/loaddb/load_server_loader.cpp.o
In file included from /home/vimkim/gh/cb/CBRD-27398-pgbuf-inspector-contract/src/base/memory_alloc.h:54,
                 from /home/vimkim/gh/cb/CBRD-27398-pgbuf-inspector-contract/src/base/memory_hash.h:30,
                 from /home/vimkim/gh/cb/CBRD-27398-pgbuf-inspector-contract/src/storage/file_io.h:33,
                 from /home/vimkim/gh/cb/CBRD-27398-pgbuf-inspector-contract/src/transaction/log_manager.h:37,
                 from /home/vimkim/gh/cb/CBRD-27398-pgbuf-inspector-contract/src/storage/system_catalog.h:36,
                 from /home/vimkim/gh/cb/CBRD-27398-pgbuf-inspector-contract/src/base/object_representation_sr.h:42,
                 from /home/vimkim/gh/cb/CBRD-27398-pgbuf-inspector-contract/src/query/heap_attrinfo.h:27,
                 from /home/vimkim/gh/cb/CBRD-27398-pgbuf-inspector-contract/src/loaddb/load_server_loader.hpp:27,
                 from /home/vimkim/gh/cb/CBRD-27398-pgbuf-inspector-contract/src/loaddb/load_server_loader.cpp:23:
In function ‘void cub_free(void*)’,
    inlined from ‘void operator delete [](void*)’ at /home/vimkim/gh/cb/CBRD-27398-pgbuf-inspector-contract/src/base/memory_wrapper.hpp:80:12,
    inlined from ‘typename std::enable_if<std::is_convertible<_Up (*)[], _Tp (*)[]>::value>::type std::default_delete<_Tp []>::operator()(_Up*) const [with _Up = char; _Tp = char]’ at /usr/include/c++/11/bits/unique_ptr.h:120:4,
    inlined from ‘std::unique_ptr<_Tp [], _Dp>::~unique_ptr() [with _Tp = char; _Dp = std::default_delete<char []>]’ at /usr/include/c++/11/bits/unique_ptr.h:612:17,
    inlined from ‘static std::string cubload::error_handler::format(const char*, Args&& ...) [with Args = {}]’ at /home/vimkim/gh/cb/CBRD-27398-pgbuf-inspector-contract/src/loaddb/load_error_handler.hpp:205:3:
/home/vimkim/gh/cb/CBRD-27398-pgbuf-inspector-contract/src/base/memory_cwrapper.h:86:8: warning: ‘void free(void*)’ called on pointer returned from a mismatched allocation function [-Wmismatched-new-delete]
   86 |   free (ptr);
      |   ~~~~~^~~~~
In file included from /home/vimkim/gh/cb/CBRD-27398-pgbuf-inspector-contract/src/loaddb/load_scanner.hpp:26,
                 from /home/vimkim/gh/cb/CBRD-27398-pgbuf-inspector-contract/src/loaddb/load_driver.hpp:32,
                 from /home/vimkim/gh/cb/CBRD-27398-pgbuf-inspector-contract/src/loaddb/load_server_loader.cpp:29:
/home/vimkim/gh/cb/CBRD-27398-pgbuf-inspector-contract/src/loaddb/load_error_handler.hpp: In static member function ‘static std::string cubload::error_handler::format(const char*, Args&& ...) [with Args = {}]’:
/home/vimkim/gh/cb/CBRD-27398-pgbuf-inspector-contract/src/loaddb/load_error_handler.hpp:199:34: note: returned from ‘void* operator new [](std::size_t)’
  199 |     std::unique_ptr<char[]> msg (new char[size]);
      |                                  ^~~~~~~~~~~~~~
In file included from /home/vimkim/gh/cb/CBRD-27398-pgbuf-inspector-contract/src/base/memory_alloc.h:54,
                 from /home/vimkim/gh/cb/CBRD-27398-pgbuf-inspector-contract/src/base/memory_hash.h:30,
                 from /home/vimkim/gh/cb/CBRD-27398-pgbuf-inspector-contract/src/storage/file_io.h:33,
                 from /home/vimkim/gh/cb/CBRD-27398-pgbuf-inspector-contract/src/transaction/log_manager.h:37,
                 from /home/vimkim/gh/cb/CBRD-27398-pgbuf-inspector-contract/src/storage/system_catalog.h:36,
                 from /home/vimkim/gh/cb/CBRD-27398-pgbuf-inspector-contract/src/base/object_representation_sr.h:42,
                 from /home/vimkim/gh/cb/CBRD-27398-pgbuf-inspector-contract/src/query/heap_attrinfo.h:27,
                 from /home/vimkim/gh/cb/CBRD-27398-pgbuf-inspector-contract/src/loaddb/load_server_loader.hpp:27,
                 from /home/vimkim/gh/cb/CBRD-27398-pgbuf-inspector-contract/src/loaddb/load_server_loader.cpp:23:
In function ‘void cub_free(void*)’,
    inlined from ‘void operator delete [](void*)’ at /home/vimkim/gh/cb/CBRD-27398-pgbuf-inspector-contract/src/base/memory_wrapper.hpp:80:12,
    inlined from ‘typename std::enable_if<std::is_convertible<_Up (*)[], _Tp (*)[]>::value>::type std::default_delete<_Tp []>::operator()(_Up*) const [with _Up = char; _Tp = char]’ at /usr/include/c++/11/bits/unique_ptr.h:120:4,
    inlined from ‘std::unique_ptr<_Tp [], _Dp>::~unique_ptr() [with _Tp = char; _Dp = std::default_delete<char []>]’ at /usr/include/c++/11/bits/unique_ptr.h:612:17,
    inlined from ‘static std::string cubload::error_handler::format(const char*, Args&& ...) [with Args = {int}]’ at /home/vimkim/gh/cb/CBRD-27398-pgbuf-inspector-contract/src/loaddb/load_error_handler.hpp:205:3:
/home/vimkim/gh/cb/CBRD-27398-pgbuf-inspector-contract/src/base/memory_cwrapper.h:86:8: warning: ‘void free(void*)’ called on pointer returned from a mismatched allocation function [-Wmismatched-new-delete]
   86 |   free (ptr);
      |   ~~~~~^~~~~
In file included from /home/vimkim/gh/cb/CBRD-27398-pgbuf-inspector-contract/src/loaddb/load_scanner.hpp:26,
                 from /home/vimkim/gh/cb/CBRD-27398-pgbuf-inspector-contract/src/loaddb/load_driver.hpp:32,
                 from /home/vimkim/gh/cb/CBRD-27398-pgbuf-inspector-contract/src/loaddb/load_server_loader.cpp:29:
/home/vimkim/gh/cb/CBRD-27398-pgbuf-inspector-contract/src/loaddb/load_error_handler.hpp: In static member function ‘static std::string cubload::error_handler::format(const char*, Args&& ...) [with Args = {int}]’:
/home/vimkim/gh/cb/CBRD-27398-pgbuf-inspector-contract/src/loaddb/load_error_handler.hpp:199:34: note: returned from ‘void* operator new [](std::size_t)’
  199 |     std::unique_ptr<char[]> msg (new char[size]);
      |                                  ^~~~~~~~~~~~~~
In file included from /home/vimkim/gh/cb/CBRD-27398-pgbuf-inspector-contract/src/base/memory_alloc.h:54,
                 from /home/vimkim/gh/cb/CBRD-27398-pgbuf-inspector-contract/src/base/memory_hash.h:30,
                 from /home/vimkim/gh/cb/CBRD-27398-pgbuf-inspector-contract/src/storage/file_io.h:33,
                 from /home/vimkim/gh/cb/CBRD-27398-pgbuf-inspector-contract/src/transaction/log_manager.h:37,
                 from /home/vimkim/gh/cb/CBRD-27398-pgbuf-inspector-contract/src/storage/system_catalog.h:36,
                 from /home/vimkim/gh/cb/CBRD-27398-pgbuf-inspector-contract/src/base/object_representation_sr.h:42,
                 from /home/vimkim/gh/cb/CBRD-27398-pgbuf-inspector-contract/src/query/heap_attrinfo.h:27,
                 from /home/vimkim/gh/cb/CBRD-27398-pgbuf-inspector-contract/src/loaddb/load_server_loader.hpp:27,
                 from /home/vimkim/gh/cb/CBRD-27398-pgbuf-inspector-contract/src/loaddb/load_server_loader.cpp:23:
In function ‘void cub_free(void*)’,
    inlined from ‘void operator delete [](void*)’ at /home/vimkim/gh/cb/CBRD-27398-pgbuf-inspector-contract/src/base/memory_wrapper.hpp:80:12,
    inlined from ‘typename std::enable_if<std::is_convertible<_Up (*)[], _Tp (*)[]>::value>::type std::default_delete<_Tp []>::operator()(_Up*) const [with _Up = char; _Tp = char]’ at /usr/include/c++/11/bits/unique_ptr.h:120:4,
    inlined from ‘std::unique_ptr<_Tp [], _Dp>::~unique_ptr() [with _Tp = char; _Dp = std::default_delete<char []>]’ at /usr/include/c++/11/bits/unique_ptr.h:612:17,
    inlined from ‘static std::string cubload::error_handler::format(const char*, Args&& ...) [with Args = {char*&, const char*}]’ at /home/vimkim/gh/cb/CBRD-27398-pgbuf-inspector-contract/src/loaddb/load_error_handler.hpp:205:3,
    inlined from ‘void cubload::error_handler::log_date_time_conversion_error(Args&& ...) [with Args = {char*&, const char*}]’ at /home/vimkim/gh/cb/CBRD-27398-pgbuf-inspector-contract/src/loaddb/load_error_handler.hpp:214:20:
/home/vimkim/gh/cb/CBRD-27398-pgbuf-inspector-contract/src/base/memory_cwrapper.h:86:8: warning: ‘void free(void*)’ called on pointer returned from a mismatched allocation function [-Wmismatched-new-delete]
   86 |   free (ptr);
      |   ~~~~~^~~~~
In file included from /home/vimkim/gh/cb/CBRD-27398-pgbuf-inspector-contract/src/loaddb/load_scanner.hpp:26,
                 from /home/vimkim/gh/cb/CBRD-27398-pgbuf-inspector-contract/src/loaddb/load_driver.hpp:32,
                 from /home/vimkim/gh/cb/CBRD-27398-pgbuf-inspector-contract/src/loaddb/load_server_loader.cpp:29:
/home/vimkim/gh/cb/CBRD-27398-pgbuf-inspector-contract/src/loaddb/load_error_handler.hpp: In member function ‘void cubload::error_handler::log_date_time_conversion_error(Args&& ...) [with Args = {char*&, const char*}]’:
/home/vimkim/gh/cb/CBRD-27398-pgbuf-inspector-contract/src/loaddb/load_error_handler.hpp:199:34: note: returned from ‘void* operator new [](std::size_t)’
  199 |     std::unique_ptr<char[]> msg (new char[size]);
      |                                  ^~~~~~~~~~~~~~
In file included from /home/vimkim/gh/cb/CBRD-27398-pgbuf-inspector-contract/src/base/memory_alloc.h:54,
                 from /home/vimkim/gh/cb/CBRD-27398-pgbuf-inspector-contract/src/base/memory_hash.h:30,
                 from /home/vimkim/gh/cb/CBRD-27398-pgbuf-inspector-contract/src/storage/file_io.h:33,
                 from /home/vimkim/gh/cb/CBRD-27398-pgbuf-inspector-contract/src/transaction/log_manager.h:37,
                 from /home/vimkim/gh/cb/CBRD-27398-pgbuf-inspector-contract/src/storage/system_catalog.h:36,
                 from /home/vimkim/gh/cb/CBRD-27398-pgbuf-inspector-contract/src/base/object_representation_sr.h:42,
                 from /home/vimkim/gh/cb/CBRD-27398-pgbuf-inspector-contract/src/query/heap_attrinfo.h:27,
                 from /home/vimkim/gh/cb/CBRD-27398-pgbuf-inspector-contract/src/loaddb/load_server_loader.hpp:27,
                 from /home/vimkim/gh/cb/CBRD-27398-pgbuf-inspector-contract/src/loaddb/load_server_loader.cpp:23:
In function ‘void cub_free(void*)’,
    inlined from ‘void operator delete [](void*)’ at /home/vimkim/gh/cb/CBRD-27398-pgbuf-inspector-contract/src/base/memory_wrapper.hpp:80:12,
    inlined from ‘typename std::enable_if<std::is_convertible<_Up (*)[], _Tp (*)[]>::value>::type std::default_delete<_Tp []>::operator()(_Up*) const [with _Up = char; _Tp = char]’ at /usr/include/c++/11/bits/unique_ptr.h:120:4,
    inlined from ‘std::unique_ptr<_Tp [], _Dp>::~unique_ptr() [with _Tp = char; _Dp = std::default_delete<char []>]’ at /usr/include/c++/11/bits/unique_ptr.h:612:17,
    inlined from ‘static std::string cubload::error_handler::format(const char*, Args&& ...) [with Args = {const char*&}]’ at /home/vimkim/gh/cb/CBRD-27398-pgbuf-inspector-contract/src/loaddb/load_error_handler.hpp:205:3:
/home/vimkim/gh/cb/CBRD-27398-pgbuf-inspector-contract/src/base/memory_cwrapper.h:86:8: warning: ‘void free(void*)’ called on pointer returned from a mismatched allocation function [-Wmismatched-new-delete]
   86 |   free (ptr);
      |   ~~~~~^~~~~
In file included from /home/vimkim/gh/cb/CBRD-27398-pgbuf-inspector-contract/src/loaddb/load_scanner.hpp:26,
                 from /home/vimkim/gh/cb/CBRD-27398-pgbuf-inspector-contract/src/loaddb/load_driver.hpp:32,
                 from /home/vimkim/gh/cb/CBRD-27398-pgbuf-inspector-contract/src/loaddb/load_server_loader.cpp:29:
/home/vimkim/gh/cb/CBRD-27398-pgbuf-inspector-contract/src/loaddb/load_error_handler.hpp: In static member function ‘static std::string cubload::error_handler::format(const char*, Args&& ...) [with Args = {const char*&}]’:
/home/vimkim/gh/cb/CBRD-27398-pgbuf-inspector-contract/src/loaddb/load_error_handler.hpp:199:34: note: returned from ‘void* operator new [](std::size_t)’
  199 |     std::unique_ptr<char[]> msg (new char[size]);
      |                                  ^~~~~~~~~~~~~~
In file included from /home/vimkim/gh/cb/CBRD-27398-pgbuf-inspector-contract/src/base/memory_alloc.h:54,
                 from /home/vimkim/gh/cb/CBRD-27398-pgbuf-inspector-contract/src/base/memory_hash.h:30,
                 from /home/vimkim/gh/cb/CBRD-27398-pgbuf-inspector-contract/src/storage/file_io.h:33,
                 from /home/vimkim/gh/cb/CBRD-27398-pgbuf-inspector-contract/src/transaction/log_manager.h:37,
                 from /home/vimkim/gh/cb/CBRD-27398-pgbuf-inspector-contract/src/storage/system_catalog.h:36,
                 from /home/vimkim/gh/cb/CBRD-27398-pgbuf-inspector-contract/src/base/object_representation_sr.h:42,
                 from /home/vimkim/gh/cb/CBRD-27398-pgbuf-inspector-contract/src/query/heap_attrinfo.h:27,
                 from /home/vimkim/gh/cb/CBRD-27398-pgbuf-inspector-contract/src/loaddb/load_server_loader.hpp:27,
                 from /home/vimkim/gh/cb/CBRD-27398-pgbuf-inspector-contract/src/loaddb/load_server_loader.cpp:23:
In function ‘void cub_free(void*)’,
    inlined from ‘void operator delete [](void*)’ at /home/vimkim/gh/cb/CBRD-27398-pgbuf-inspector-contract/src/base/memory_wrapper.hpp:80:12,
    inlined from ‘typename std::enable_if<std::is_convertible<_Up (*)[], _Tp (*)[]>::value>::type std::default_delete<_Tp []>::operator()(_Up*) const [with _Up = char; _Tp = char]’ at /usr/include/c++/11/bits/unique_ptr.h:120:4,
    inlined from ‘std::unique_ptr<_Tp [], _Dp>::~unique_ptr() [with _Tp = char; _Dp = std::default_delete<char []>]’ at /usr/include/c++/11/bits/unique_ptr.h:612:17,
    inlined from ‘static std::string cubload::error_handler::format(const char*, Args&& ...) [with Args = {int&}]’ at /home/vimkim/gh/cb/CBRD-27398-pgbuf-inspector-contract/src/loaddb/load_error_handler.hpp:205:3,
    inlined from ‘void cubload::error_handler::on_error_with_line(int, MSGCAT_LOADDB_MSG, Args&& ...) [with Args = {const char*&}]’ at /home/vimkim/gh/cb/CBRD-27398-pgbuf-inspector-contract/src/loaddb/load_error_handler.hpp:152:20:
/home/vimkim/gh/cb/CBRD-27398-pgbuf-inspector-contract/src/base/memory_cwrapper.h:86:8: warning: ‘void free(void*)’ called on pointer returned from a mismatched allocation function [-Wmismatched-new-delete]
   86 |   free (ptr);
      |   ~~~~~^~~~~
In file included from /home/vimkim/gh/cb/CBRD-27398-pgbuf-inspector-contract/src/loaddb/load_scanner.hpp:26,
                 from /home/vimkim/gh/cb/CBRD-27398-pgbuf-inspector-contract/src/loaddb/load_driver.hpp:32,
                 from /home/vimkim/gh/cb/CBRD-27398-pgbuf-inspector-contract/src/loaddb/load_server_loader.cpp:29:
/home/vimkim/gh/cb/CBRD-27398-pgbuf-inspector-contract/src/loaddb/load_error_handler.hpp: In member function ‘void cubload::error_handler::on_error_with_line(int, MSGCAT_LOADDB_MSG, Args&& ...) [with Args = {const char*&}]’:
/home/vimkim/gh/cb/CBRD-27398-pgbuf-inspector-contract/src/loaddb/load_error_handler.hpp:199:34: note: returned from ‘void* operator new [](std::size_t)’
  199 |     std::unique_ptr<char[]> msg (new char[size]);
      |                                  ^~~~~~~~~~~~~~
[755/1274] Building CXX object cubrid/CMakeFiles/cubrid.dir/__/src/query/show_scan.c.o
[756/1274] Building CXX object cubrid/CMakeFiles/cubrid.dir/__/src/query/vacuum_oos.cpp.o
[757/1274] Building CXX object cubrid/CMakeFiles/cubrid.dir/__/src/query/dblink_scan.c.o
[758/1274] Building CXX object cubrid/CMakeFiles/cubrid.dir/__/src/query/set_scan.c.o
[759/1274] Building CXX object cubrid/CMakeFiles/cubrid.dir/__/src/storage/es_posix.c.o
[760/1274] Building CXX object cubrid/CMakeFiles/cubrid.dir/__/src/query/subquery_cache.c.o
[761/1274] Building CXX object cubrid/CMakeFiles/cubrid.dir/__/src/storage/statistics_ndv.c.o
[762/1274] Building CXX object cubrid/CMakeFiles/cubrid.dir/__/src/storage/storage_common.c.o
[763/1274] Building CXX object cubrid/CMakeFiles/cubrid.dir/__/src/connection/connection_worker.cpp.o
[764/1274] Building CXX object cubrid/CMakeFiles/cubrid.dir/__/src/query/query_hash_scan.c.o
[765/1274] Building CXX object cubrid/CMakeFiles/cubrid.dir/__/src/sp/pl_session.cpp.o
[766/1274] Building CXX object cubrid/CMakeFiles/cubrid.dir/__/src/query/query_aggregate.cpp.o
[767/1274] Building CXX object cubrid/CMakeFiles/cubrid.dir/__/src/query/query_evaluator.c.o
[768/1274] Building CXX object cubrid/CMakeFiles/cubrid.dir/__/src/session/session_sr.c.o
[769/1274] Building CXX object cubrid/CMakeFiles/cubrid.dir/__/src/query/partition.c.o
[770/1274] Building CXX object cubrid/CMakeFiles/cubrid.dir/__/src/query/query_manager.c.o
[771/1274] Building CXX object cubrid/CMakeFiles/cubrid.dir/__/src/object/object_primitive.c.o
[772/1274] Building CXX object cubrid/CMakeFiles/cubrid.dir/__/src/storage/es_owfs.c.o
[773/1274] Building CXX object cubrid/CMakeFiles/cubrid.dir/__/src/loaddb/load_worker_manager.cpp.o
[774/1274] Building CXX object cubrid/CMakeFiles/cubrid.dir/__/src/query/list_file.c.o
[775/1274] Building CXX object cubrid/CMakeFiles/cubrid.dir/__/src/query/query_dump.c.o
[776/1274] Building CXX object cubrid/CMakeFiles/cubrid.dir/__/src/thread/critical_section_tracker.cpp.o
[777/1274] Building CXX object cubrid/CMakeFiles/cubrid.dir/__/src/transaction/log_recovery_redo_parallel.cpp.o
[778/1274] Building CXX object cubrid/CMakeFiles/cubrid.dir/__/src/query/query_hash_join.c.o
[779/1274] Building CXX object cubrid/CMakeFiles/cubrid.dir/__/src/storage/record_descriptor.cpp.o
[780/1274] Building CXX object cubrid/CMakeFiles/cubrid.dir/__/src/storage/ftab_set.cpp.o
[781/1274] Building CXX object cubrid/CMakeFiles/cubrid.dir/__/src/storage/compactdb_sr.c.o
[782/1274] Building CXX object cubrid/CMakeFiles/cubrid.dir/__/src/thread/thread_daemon.cpp.o
[783/1274] Building CXX object cubrid/CMakeFiles/cubrid.dir/__/src/query/arithmetic.c.o
[784/1274] Building CXX object cubrid/CMakeFiles/cubrid.dir/__/src/storage/bestspace.cpp.o
[785/1274] Building CXX object cubrid/CMakeFiles/cubrid.dir/__/src/transaction/client_credentials.cpp.o
[786/1274] Building CXX object cubrid/CMakeFiles/cubrid.dir/__/src/storage/overflow_file.c.o
[787/1274] Building CXX object cubrid/CMakeFiles/cubrid.dir/__/src/query/serial.c.o
[788/1274] Building CXX object cubrid/CMakeFiles/cubrid.dir/__/src/thread/thread_worker_pool_impl.cpp.o
[789/1274] Building CXX object cubrid/CMakeFiles/cubrid.dir/__/src/storage/heap_oos.cpp.o
In file included from /home/vimkim/gh/cb/CBRD-27398-pgbuf-inspector-contract/src/base/memory_alloc.h:54,
                 from /home/vimkim/gh/cb/CBRD-27398-pgbuf-inspector-contract/src/base/memory_hash.h:30,
                 from /home/vimkim/gh/cb/CBRD-27398-pgbuf-inspector-contract/src/storage/file_io.h:33,
                 from /home/vimkim/gh/cb/CBRD-27398-pgbuf-inspector-contract/src/transaction/log_manager.h:37,
                 from /home/vimkim/gh/cb/CBRD-27398-pgbuf-inspector-contract/src/storage/file_manager.h:33,
                 from /home/vimkim/gh/cb/CBRD-27398-pgbuf-inspector-contract/src/storage/heap_file.h:34,
                 from /home/vimkim/gh/cb/CBRD-27398-pgbuf-inspector-contract/src/storage/heap_oos.hpp:26,
                 from /home/vimkim/gh/cb/CBRD-27398-pgbuf-inspector-contract/src/storage/heap_oos.cpp:26:
In function ‘void cub_free(void*)’,
    inlined from ‘void operator delete(void*, size_t)’ at /home/vimkim/gh/cb/CBRD-27398-pgbuf-inspector-contract/src/base/memory_wrapper.hpp:75:12,
    inlined from ‘void __gnu_cxx::new_allocator<_Tp>::deallocate(_Tp*, __gnu_cxx::new_allocator<_Tp>::size_type) [with _Tp = char]’ at /usr/include/c++/11/ext/new_allocator.h:145:19,
    inlined from ‘static void std::allocator_traits<std::allocator<_Tp1> >::deallocate(std::allocator_traits<std::allocator<_Tp1> >::allocator_type&, std::allocator_traits<std::allocator<_Tp1> >::pointer, std::allocator_traits<std::allocator<_Tp1> >::size_type) [with _Tp = char]’ at /usr/include/c++/11/bits/alloc_traits.h:496:23,
    inlined from ‘void std::_Vector_base<_Tp, _Alloc>::_M_deallocate(std::_Vector_base<_Tp, _Alloc>::pointer, std::size_t) [with _Tp = char; _Alloc = std::allocator<char>]’ at /usr/include/c++/11/bits/stl_vector.h:354:19,
    inlined from ‘std::_Vector_base<_Tp, _Alloc>::~_Vector_base() [with _Tp = char; _Alloc = std::allocator<char>]’ at /usr/include/c++/11/bits/stl_vector.h:335:15,
    inlined from ‘std::vector<_Tp, _Alloc>::~vector() [with _Tp = char; _Alloc = std::allocator<char>]’ at /usr/include/c++/11/bits/stl_vector.h:683:7,
    inlined from ‘SCAN_CODE heap_record_replace_oos_oids(THREAD_ENTRY*, HEAP_GET_CONTEXT*)’ at /home/vimkim/gh/cb/CBRD-27398-pgbuf-inspector-contract/src/storage/heap_oos.cpp:411:5:
/home/vimkim/gh/cb/CBRD-27398-pgbuf-inspector-contract/src/base/memory_cwrapper.h:86:8: warning: ‘void free(void*)’ called on pointer returned from a mismatched allocation function [-Wmismatched-new-delete]
   86 |   free (ptr);
      |   ~~~~~^~~~~
In file included from /usr/include/c++/11/x86_64-redhat-linux/bits/c++allocator.h:33,
                 from /usr/include/c++/11/bits/allocator.h:46,
                 from /usr/include/c++/11/vector:64,
                 from /home/vimkim/gh/cb/CBRD-27398-pgbuf-inspector-contract/src/transaction/log_lsa.hpp:30,
                 from /home/vimkim/gh/cb/CBRD-27398-pgbuf-inspector-contract/src/storage/disk_manager.h:30,
                 from /home/vimkim/gh/cb/CBRD-27398-pgbuf-inspector-contract/src/storage/file_manager.h:32,
                 from /home/vimkim/gh/cb/CBRD-27398-pgbuf-inspector-contract/src/storage/heap_file.h:34,
                 from /home/vimkim/gh/cb/CBRD-27398-pgbuf-inspector-contract/src/storage/heap_oos.hpp:26,
                 from /home/vimkim/gh/cb/CBRD-27398-pgbuf-inspector-contract/src/storage/heap_oos.cpp:26:
/usr/include/c++/11/ext/new_allocator.h: In function ‘SCAN_CODE heap_record_replace_oos_oids(THREAD_ENTRY*, HEAP_GET_CONTEXT*)’:
/usr/include/c++/11/ext/new_allocator.h:127:48: note: returned from ‘void* operator new(std::size_t)’
  127 |         return static_cast<_Tp*>(::operator new(__n * sizeof(_Tp)));
      |                                  ~~~~~~~~~~~~~~^~~~~~~~~~~~~~~~~~~
[790/1274] Building CXX object cubrid/CMakeFiles/cubrid.dir/__/src/query/filter_pred_cache.c.o
[791/1274] Building CXX object cubrid/CMakeFiles/cubrid.dir/__/src/object/object_domain.c.o
[792/1274] Building CXX object cubrid/CMakeFiles/cubrid.dir/__/src/storage/pgbuf_inspector_socket.cpp.o
[793/1274] Building CXX object cubrid/CMakeFiles/cubrid.dir/__/src/thread/thread_entry_task.cpp.o
[794/1274] Building CXX object cubrid/CMakeFiles/cubrid.dir/__/src/query/memoize.cpp.o
[795/1274] Building CXX object cubrid/CMakeFiles/cubrid.dir/__/src/communication/network_interface_sr.cpp.o
In file included from /home/vimkim/gh/cb/CBRD-27398-pgbuf-inspector-contract/src/base/memory_alloc.h:54,
                 from /home/vimkim/gh/cb/CBRD-27398-pgbuf-inspector-contract/src/connection/connection_defs.h:38,
                 from /home/vimkim/gh/cb/CBRD-27398-pgbuf-inspector-contract/src/base/perf_monitor.h:30,
                 from /home/vimkim/gh/cb/CBRD-27398-pgbuf-inspector-contract/src/communication/network_interface_sr.cpp:36:
In function ‘void cub_free(void*)’,
    inlined from ‘void operator delete(void*, size_t)’ at /home/vimkim/gh/cb/CBRD-27398-pgbuf-inspector-contract/src/base/memory_wrapper.hpp:75:12,
    inlined from ‘void __gnu_cxx::new_allocator<_Tp>::deallocate(_Tp*, __gnu_cxx::new_allocator<_Tp>::size_type) [with _Tp = std::__detail::_Hash_node<db_identifier, true>]’ at /usr/include/c++/11/ext/new_allocator.h:145:19,
    inlined from ‘static void std::allocator_traits<std::allocator<_Tp1> >::deallocate(std::allocator_traits<std::allocator<_Tp1> >::allocator_type&, std::allocator_traits<std::allocator<_Tp1> >::pointer, std::allocator_traits<std::allocator<_Tp1> >::size_type) [with _Tp = std::__detail::_Hash_node<db_identifier, true>]’ at /usr/include/c++/11/bits/alloc_traits.h:496:23,
    inlined from ‘void std::__detail::_Hashtable_alloc<_NodeAlloc>::_M_deallocate_node_ptr(std::__detail::_Hashtable_alloc<_NodeAlloc>::__node_ptr) [with _NodeAlloc = std::allocator<std::__detail::_Hash_node<db_identifier, true> >]’ at /usr/include/c++/11/bits/hashtable_policy.h:1909:38,
    inlined from ‘void std::__detail::_Hashtable_alloc<_NodeAlloc>::_M_deallocate_node(std::__detail::_Hashtable_alloc<_NodeAlloc>::__node_ptr) [with _NodeAlloc = std::allocator<std::__detail::_Hash_node<db_identifier, true> >]’ at /usr/include/c++/11/bits/hashtable_policy.h:1899:29,
    inlined from ‘std::_Hashtable<_Key, _Value, _Alloc, _ExtractKey, _Equal, _Hash, _RangeHash, _Unused, _RehashPolicy, _Traits>::_Scoped_node::~_Scoped_node() [with _Key = db_identifier; _Value = db_identifier; _Alloc = std::allocator<db_identifier>; _ExtractKey = std::__detail::_Identity; _Equal = std::equal_to<db_identifier>; _Hash = std::hash<db_identifier>; _RangeHash = std::__detail::_Mod_range_hashing; _Unused = std::__detail::_Default_ranged_hash; _RehashPolicy = std::__detail::_Prime_rehash_policy; _Traits = std::__detail::_Hashtable_traits<true, true, true>]’ at /usr/include/c++/11/bits/hashtable.h:308:57,
    inlined from ‘std::pair<typename std::__detail::_Insert<_Key, _Value, _Alloc, _ExtractKey, _Equal, _Hash, _RangeHash, _Unused, _RehashPolicy, _Traits>::iterator, bool> std::_Hashtable<_Key, _Value, _Alloc, _ExtractKey, _Equal, _Hash, _RangeHash, _Unused, _RehashPolicy, _Traits>::_M_emplace(std::true_type, _Args&& ...) [with _Args = {db_identifier&}; _Key = db_identifier; _Value = db_identifier; _Alloc = std::allocator<db_identifier>; _ExtractKey = std::__detail::_Identity; _Equal = std::equal_to<db_identifier>; _Hash = std::hash<db_identifier>; _RangeHash = std::__detail::_Mod_range_hashing; _Unused = std::__detail::_Default_ranged_hash; _RehashPolicy = std::__detail::_Prime_rehash_policy; _Traits = std::__detail::_Hashtable_traits<true, true, true>]’ at /usr/include/c++/11/bits/hashtable.h:1978:7,
    inlined from ‘std::_Hashtable<_Key, _Value, _Alloc, _ExtractKey, _Equal, _Hash, _RangeHash, _Unused, _RehashPolicy, _Traits>::__ireturn_type std::_Hashtable<_Key, _Value, _Alloc, _ExtractKey, _Equal, _Hash, _RangeHash, _Unused, _RehashPolicy, _Traits>::emplace(_Args&& ...) [with _Args = {db_identifier&}; _Key = db_identifier; _Value = db_identifier; _Alloc = std::allocator<db_identifier>; _ExtractKey = std::__detail::_Identity; _Equal = std::equal_to<db_identifier>; _Hash = std::hash<db_identifier>; _RangeHash = std::__detail::_Mod_range_hashing; _Unused = std::__detail::_Default_ranged_hash; _RehashPolicy = std::__detail::_Prime_rehash_policy; _Traits = std::__detail::_Hashtable_traits<true, true, true>]’ at /usr/include/c++/11/bits/hashtable.h:915:21,
    inlined from ‘std::pair<typename std::_Hashtable<_Value, _Value, _Alloc, std::__detail::_Identity, _Pred, _Hash, std::__detail::_Mod_range_hashing, std::__detail::_Default_ranged_hash, std::__detail::_Prime_rehash_policy, std::__detail::_Hashtable_traits<std::__not_<std::__and_<std::__is_fast_hash<_Hash>, std::__is_nothrow_invocable<const _Hash&, const _Tp&> > >::value, true, true> >::iterator, bool> std::unordered_set<_Value, _Hash, _Pred, _Alloc>::emplace(_Args&& ...) [with _Args = {db_identifier&}; _Value = db_identifier; _Hash = std::hash<db_identifier>; _Pred = std::equal_to<db_identifier>; _Alloc = std::allocator<db_identifier>]’ at /usr/include/c++/11/bits/unordered_set.h:378:23,
    inlined from ‘void sflashback_get_loginfo(THREAD_ENTRY*, unsigned int, char*, int)’ at /home/vimkim/gh/cb/CBRD-27398-pgbuf-inspector-contract/src/communication/network_interface_sr.cpp:11996:36:
/home/vimkim/gh/cb/CBRD-27398-pgbuf-inspector-contract/src/base/memory_cwrapper.h:86:8: warning: ‘void free(void*)’ called on pointer returned from a mismatched allocation function [-Wmismatched-new-delete]
   86 |   free (ptr);
      |   ~~~~~^~~~~
In file included from /usr/include/c++/11/x86_64-redhat-linux/bits/c++allocator.h:33,
                 from /usr/include/c++/11/bits/allocator.h:46,
                 from /usr/include/c++/11/memory:64,
                 from /home/vimkim/gh/cb/CBRD-27398-pgbuf-inspector-contract/src/base/filesys.hpp:26,
                 from /home/vimkim/gh/cb/CBRD-27398-pgbuf-inspector-contract/src/communication/network_interface_sr.cpp:32:
/usr/include/c++/11/ext/new_allocator.h: In function ‘void sflashback_get_loginfo(THREAD_ENTRY*, unsigned int, char*, int)’:
/usr/include/c++/11/ext/new_allocator.h:127:48: note: returned from ‘void* operator new(std::size_t)’
  127 |         return static_cast<_Tp*>(::operator new(__n * sizeof(_Tp)));
      |                                  ~~~~~~~~~~~~~~^~~~~~~~~~~~~~~~~~~
[796/1274] Building CXX object cubrid/CMakeFiles/cubrid.dir/__/src/query/stream_to_xasl.c.o
[797/1274] Building CXX object cubrid/CMakeFiles/cubrid.dir/__/src/storage/pgbuf_inspector_scan.cpp.o
[798/1274] Building CXX object cubrid/CMakeFiles/cubrid.dir/__/src/storage/pgbuf_inspector.cpp.o
[799/1274] Building CXX object cubrid/CMakeFiles/cubrid.dir/__/src/query/query_opfunc.c.o
[800/1274] Building CXX object cubrid/CMakeFiles/cubrid.dir/__/src/storage/tde.c.o
[801/1274] Building CXX object cubrid/CMakeFiles/cubrid.dir/__/src/storage/oos_file.cpp.o
[802/1274] Building CXX object cubrid/CMakeFiles/cubrid.dir/__/src/thread/thread_worker_pool_taskcap.cpp.o
[803/1274] Building CXX object cubrid/CMakeFiles/cubrid.dir/__/src/transaction/log_comm.c.o
[804/1274] Building CXX object cubrid/CMakeFiles/cubrid.dir/__/src/storage/extendible_hash.c.o
[805/1274] Building CXX object cubrid/CMakeFiles/cubrid.dir/__/src/thread/critical_section.c.o
[806/1274] Building CXX object cubrid/CMakeFiles/cubrid.dir/__/src/xasl/access_json_table.cpp.o
[807/1274] Building CXX object cubrid/CMakeFiles/cubrid.dir/__/src/storage/catalog_class.c.o
[808/1274] Building CXX object util/CMakeFiles/csql.dir/__/src/executables/csql_launcher.c.o
[809/1274] Building CXX object cubrid/CMakeFiles/cubrid.dir/__/src/xasl/xasl_unpack_info.cpp.o
[810/1274] Building CXX object cubrid/CMakeFiles/cubrid.dir/__/src/transaction/log_compress.c.o
[811/1274] Building CXX object cubrid/CMakeFiles/cubrid.dir/__/src/storage/statistics_sr.c.o
[812/1274] Building CXX object cubrid/CMakeFiles/cubrid.dir/__/src/transaction/log_postpone_cache.cpp.o
[813/1274] Building CXX object cubrid/CMakeFiles/cubrid.dir/__/src/transaction/locator.c.o
[814/1274] Building CXX object cubrid/CMakeFiles/cubrid.dir/__/src/thread/thread_manager.cpp.o
[815/1274] Building CXX object cubrid/CMakeFiles/cubrid.dir/__/src/query/fetch.c.o
[816/1274] Building CXX object cubrid/CMakeFiles/cubrid.dir/__/src/transaction/log_recovery_redo.cpp.o
[817/1274] Building CXX object cubrid/CMakeFiles/cubrid.dir/__/src/thread/thread_lockfree_hash_map.cpp.o
[818/1274] Building CXX object cubrid/CMakeFiles/cubrid.dir/__/src/transaction/log_global.c.o
[819/1274] Building CXX object cubrid/CMakeFiles/cubrid.dir/__/src/storage/disk_manager.c.o
/home/vimkim/gh/cb/CBRD-27398-pgbuf-inspector-contract/src/storage/disk_manager.c: In function ‘int disk_spacedb(THREAD_ENTRY*, SPACEDB_ALL*, SPACEDB_ONEVOL**)’:
/home/vimkim/gh/cb/CBRD-27398-pgbuf-inspector-contract/src/storage/disk_manager.c:6160:19: warning: ‘char* strncpy(char*, const char*, size_t)’ specified bound 4096 equals destination size [-Wstringop-truncation]
 6160 |           strncpy ((*spacevols)[iter_spacevols].name, disk_vhdr_get_vol_fullname (volheader), DB_MAX_PATH_LENGTH);
      |           ~~~~~~~~^~~~~~~~~~~~~~~~~~~~~~~~~~~~~~~~~~~~~~~~~~~~~~~~~~~~~~~~~~~~~~~~~~~~~~~~~~~~~~~~~~~~~~~~~~~~~~~
[820/1274] Building CXX object cubrid/CMakeFiles/cubrid.dir/__/src/transaction/log_2pc.c.o
[821/1274] Building CXX object cubrid/CMakeFiles/cubrid.dir/__/src/query/xasl_cache.c.o
[822/1274] Building CXX object util/CMakeFiles/csql.dir/__/src/base/cubrid_getopt_long.c.o
[823/1274] Building CXX object cubrid/CMakeFiles/cubrid.dir/__/src/transaction/mvcc.c.o
[824/1274] Building CXX object util/CMakeFiles/csql.dir/__/src/base/porting.c.o
[825/1274] Building CXX object cubrid/CMakeFiles/cubrid.dir/__/src/session/session.c.o
[826/1274] Building CXX object cubrid/CMakeFiles/cubrid.dir/__/src/transaction/log_append.cpp.o
[827/1274] Building CXX object cubrid/CMakeFiles/cubrid.dir/__/src/compat/db_json.cpp.o
[828/1274] Building CXX object cubrid/CMakeFiles/cubrid.dir/__/src/transaction/transaction_transient.cpp.o
[829/1274] Building CXX object util/CMakeFiles/cubrid_rel.dir/__/src/executables/cubrid_version.c.o
[830/1274] Building CXX object cubrid/CMakeFiles/cubrid.dir/__/src/transaction/replication.c.o
[831/1274] Building CXX object cubrid/CMakeFiles/cubrid.dir/__/src/transaction/log_writer.c.o
[832/1274] Building CXX object util/CMakeFiles/csql.dir/__/src/executables/util_support.c.o
[833/1274] Building CXX object cubrid/CMakeFiles/cubrid.dir/__/src/transaction/mvcc_table.cpp.o
[834/1274] Building CXX object cubrid/CMakeFiles/cubrid.dir/__/src/transaction/recovery.c.o
[835/1274] Building CXX object cubrid/CMakeFiles/cubrid.dir/__/src/transaction/mvcc_active_tran.cpp.o
[836/1274] Building CXX object cubrid/CMakeFiles/cubrid.dir/__/src/xasl/xasl_predicate.cpp.o
[837/1274] Building CXX object util/CMakeFiles/cubrid-bin.dir/__/src/executables/util_support.c.o
[838/1274] Building CXX object cubrid/CMakeFiles/cubrid.dir/__/src/query/parallel/px_hash_join/px_hash_join_spawn_manager.cpp.o
[839/1274] Building CXX object util/CMakeFiles/cub_commdb.dir/__/src/executables/util_support.c.o
[840/1274] Building CXX object util/CMakeFiles/cub_master.dir/__/src/executables/master_util.c.o
[841/1274] Building CXX object cubrid/CMakeFiles/cubrid.dir/__/src/transaction/log_system_tran.cpp.o
[842/1274] Building CXX object cubrid/CMakeFiles/cubrid.dir/__/src/xasl/xasl_analytic.cpp.o
[843/1274] Building CXX object cubrid/CMakeFiles/cubrid.dir/__/src/transaction/transaction_sr.c.o
[844/1274] Building CXX object cubrid/CMakeFiles/cubrid.dir/__/src/xasl/xasl_stream.cpp.o
[845/1274] Building CXX object util/CMakeFiles/cub_admin.dir/__/src/base/cubrid_getopt_long.c.o
[846/1274] Building CXX object cubrid/CMakeFiles/cubrid.dir/__/src/storage/pgbuf_inspector_protocol.cpp.o
[847/1274] Building CXX object util/CMakeFiles/gencat.dir/__/src/base/porting.c.o
[848/1274] Building CXX object cubrid/CMakeFiles/cubrid.dir/__/src/query/parallel/px_callable_task.cpp.o
[849/1274] Building CXX object util/CMakeFiles/cub_admin.dir/__/src/base/porting.c.o
[850/1274] Building CXX object cubrid/CMakeFiles/cubrid.dir/__/src/query/parallel/px_sort.c.o
[851/1274] Building CXX object cubrid/CMakeFiles/cubrid.dir/__/src/transaction/flashback.c.o
In file included from /home/vimkim/gh/cb/CBRD-27398-pgbuf-inspector-contract/src/base/memory_alloc.h:54,
                 from /home/vimkim/gh/cb/CBRD-27398-pgbuf-inspector-contract/src/base/memory_hash.h:30,
                 from /home/vimkim/gh/cb/CBRD-27398-pgbuf-inspector-contract/src/storage/file_io.h:33,
                 from /home/vimkim/gh/cb/CBRD-27398-pgbuf-inspector-contract/src/transaction/flashback.h:38,
                 from /home/vimkim/gh/cb/CBRD-27398-pgbuf-inspector-contract/src/transaction/flashback.c:45:
In function ‘void cub_free(void*)’,
    inlined from ‘void operator delete(void*, size_t)’ at /home/vimkim/gh/cb/CBRD-27398-pgbuf-inspector-contract/src/base/memory_wrapper.hpp:75:12,
    inlined from ‘void __gnu_cxx::new_allocator<_Tp>::deallocate(_Tp*, __gnu_cxx::new_allocator<_Tp>::size_type) [with _Tp = std::__detail::_Hash_node<db_identifier, true>]’ at /usr/include/c++/11/ext/new_allocator.h:145:19,
    inlined from ‘static void std::allocator_traits<std::allocator<_Tp1> >::deallocate(std::allocator_traits<std::allocator<_Tp1> >::allocator_type&, std::allocator_traits<std::allocator<_Tp1> >::pointer, std::allocator_traits<std::allocator<_Tp1> >::size_type) [with _Tp = std::__detail::_Hash_node<db_identifier, true>]’ at /usr/include/c++/11/bits/alloc_traits.h:496:23,
    inlined from ‘void std::__detail::_Hashtable_alloc<_NodeAlloc>::_M_deallocate_node_ptr(std::__detail::_Hashtable_alloc<_NodeAlloc>::__node_ptr) [with _NodeAlloc = std::allocator<std::__detail::_Hash_node<db_identifier, true> >]’ at /usr/include/c++/11/bits/hashtable_policy.h:1909:38,
    inlined from ‘void std::__detail::_Hashtable_alloc<_NodeAlloc>::_M_deallocate_node(std::__detail::_Hashtable_alloc<_NodeAlloc>::__node_ptr) [with _NodeAlloc = std::allocator<std::__detail::_Hash_node<db_identifier, true> >]’ at /usr/include/c++/11/bits/hashtable_policy.h:1899:29,
    inlined from ‘std::_Hashtable<_Key, _Value, _Alloc, _ExtractKey, _Equal, _Hash, _RangeHash, _Unused, _RehashPolicy, _Traits>::_Scoped_node::~_Scoped_node() [with _Key = db_identifier; _Value = db_identifier; _Alloc = std::allocator<db_identifier>; _ExtractKey = std::__detail::_Identity; _Equal = std::equal_to<db_identifier>; _Hash = std::hash<db_identifier>; _RangeHash = std::__detail::_Mod_range_hashing; _Unused = std::__detail::_Default_ranged_hash; _RehashPolicy = std::__detail::_Prime_rehash_policy; _Traits = std::__detail::_Hashtable_traits<true, true, true>]’ at /usr/include/c++/11/bits/hashtable.h:308:57,
    inlined from ‘std::pair<typename std::__detail::_Insert<_Key, _Value, _Alloc, _ExtractKey, _Equal, _Hash, _RangeHash, _Unused, _RehashPolicy, _Traits>::iterator, bool> std::_Hashtable<_Key, _Value, _Alloc, _ExtractKey, _Equal, _Hash, _RangeHash, _Unused, _RehashPolicy, _Traits>::_M_emplace(std::true_type, _Args&& ...) [with _Args = {db_identifier&}; _Key = db_identifier; _Value = db_identifier; _Alloc = std::allocator<db_identifier>; _ExtractKey = std::__detail::_Identity; _Equal = std::equal_to<db_identifier>; _Hash = std::hash<db_identifier>; _RangeHash = std::__detail::_Mod_range_hashing; _Unused = std::__detail::_Default_ranged_hash; _RehashPolicy = std::__detail::_Prime_rehash_policy; _Traits = std::__detail::_Hashtable_traits<true, true, true>]’ at /usr/include/c++/11/bits/hashtable.h:1978:7,
    inlined from ‘std::_Hashtable<_Key, _Value, _Alloc, _ExtractKey, _Equal, _Hash, _RangeHash, _Unused, _RehashPolicy, _Traits>::__ireturn_type std::_Hashtable<_Key, _Value, _Alloc, _ExtractKey, _Equal, _Hash, _RangeHash, _Unused, _RehashPolicy, _Traits>::emplace(_Args&& ...) [with _Args = {db_identifier&}; _Key = db_identifier; _Value = db_identifier; _Alloc = std::allocator<db_identifier>; _ExtractKey = std::__detail::_Identity; _Equal = std::equal_to<db_identifier>; _Hash = std::hash<db_identifier>; _RangeHash = std::__detail::_Mod_range_hashing; _Unused = std::__detail::_Default_ranged_hash; _RehashPolicy = std::__detail::_Prime_rehash_policy; _Traits = std::__detail::_Hashtable_traits<true, true, true>]’ at /usr/include/c++/11/bits/hashtable.h:915:21,
    inlined from ‘std::pair<typename std::_Hashtable<_Value, _Value, _Alloc, std::__detail::_Identity, _Pred, _Hash, std::__detail::_Mod_range_hashing, std::__detail::_Default_ranged_hash, std::__detail::_Prime_rehash_policy, std::__detail::_Hashtable_traits<std::__not_<std::__and_<std::__is_fast_hash<_Hash>, std::__is_nothrow_invocable<const _Hash&, const _Tp&> > >::value, true, true> >::iterator, bool> std::unordered_set<_Value, _Hash, _Pred, _Alloc>::emplace(_Args&& ...) [with _Args = {db_identifier&}; _Value = db_identifier; _Hash = std::hash<db_identifier>; _Pred = std::equal_to<db_identifier>; _Alloc = std::allocator<db_identifier>]’ at /usr/include/c++/11/bits/unordered_set.h:378:23,
    inlined from ‘void flashback_fill_dml_summary(FLASHBACK_SUMMARY_ENTRY*, OID, SUPPLEMENT_REC_TYPE)’ at /home/vimkim/gh/cb/CBRD-27398-pgbuf-inspector-contract/src/transaction/flashback.c:250:43,
    inlined from ‘int flashback_make_summary_list(THREAD_ENTRY*, FLASHBACK_SUMMARY_CONTEXT*)’ at /home/vimkim/gh/cb/CBRD-27398-pgbuf-inspector-contract/src/transaction/flashback.c:491:32:
/home/vimkim/gh/cb/CBRD-27398-pgbuf-inspector-contract/src/base/memory_cwrapper.h:86:8: warning: ‘void free(void*)’ called on pointer returned from a mismatched allocation function [-Wmismatched-new-delete]
   86 |   free (ptr);
      |   ~~~~~^~~~~
In file included from /usr/include/c++/11/x86_64-redhat-linux/bits/c++allocator.h:33,
                 from /usr/include/c++/11/bits/allocator.h:46,
                 from /usr/include/c++/11/unordered_map:40,
                 from /usr/include/c++/11/functional:61,
                 from /usr/include/c++/11/pstl/glue_algorithm_defs.h:13,
                 from /usr/include/c++/11/algorithm:74,
                 from /home/vimkim/gh/cb/CBRD-27398-pgbuf-inspector-contract/src/transaction/flashback.h:30,
                 from /home/vimkim/gh/cb/CBRD-27398-pgbuf-inspector-contract/src/transaction/flashback.c:45:
/usr/include/c++/11/ext/new_allocator.h: In function ‘int flashback_make_summary_list(THREAD_ENTRY*, FLASHBACK_SUMMARY_CONTEXT*)’:
/usr/include/c++/11/ext/new_allocator.h:127:48: note: returned from ‘void* operator new(std::size_t)’
  127 |         return static_cast<_Tp*>(::operator new(__n * sizeof(_Tp)));
      |                                  ~~~~~~~~~~~~~~^~~~~~~~~~~~~~~~~~~
[852/1274] Building CXX object cubrid/CMakeFiles/cubrid.dir/__/src/storage/external_sort.c.o
[853/1274] Building CXX object cubrid/CMakeFiles/cubrid.dir/__/src/thread/thread_entry.cpp.o
[854/1274] Building CXX object util/CMakeFiles/cub_commdb.dir/__/src/executables/master_util.c.o
[855/1274] Building CXX object util/CMakeFiles/cub_admin.dir/__/src/executables/util_support.c.o
[856/1274] Building C object util/CMakeFiles/gencat.dir/__/src/executables/gencat.c.o
[857/1274] Linking CXX executable bin/gencat
[858/1274] Building CXX object util/CMakeFiles/unittests_bit.dir/__/src/executables/unittests_bit.c.o
[859/1274] Building CXX object cubrid/CMakeFiles/cubrid.dir/__/src/storage/slotted_page.c.o
[860/1274] Building CXX object cubrid/CMakeFiles/cubrid.dir/__/src/storage/file_io.c.o
/home/vimkim/gh/cb/CBRD-27398-pgbuf-inspector-contract/src/storage/file_io.c: In function ‘int fileio_cache(VOLID, const char*, int, FILEIO_LOCKF_TYPE)’:
/home/vimkim/gh/cb/CBRD-27398-pgbuf-inspector-contract/src/storage/file_io.c:5987:15: warning: ‘char* strncpy(char*, const char*, size_t)’ specified bound 4096 equals destination size [-Wstringop-truncation]
 5987 |       strncpy (vol_info_p->vlabel, vol_label_p, PATH_MAX);
      |       ~~~~~~~~^~~~~~~~~~~~~~~~~~~~~~~~~~~~~~~~~~~~~~~~~~~
/home/vimkim/gh/cb/CBRD-27398-pgbuf-inspector-contract/src/storage/file_io.c: In function ‘int fileio_backup_volume(THREAD_ENTRY*, FILEIO_BACKUP_SESSION*, const char*, VOLID, PAGEID, bool)’:
/home/vimkim/gh/cb/CBRD-27398-pgbuf-inspector-contract/src/storage/file_io.c:8369:11: warning: ‘char* strncpy(char*, const char*, size_t)’ specified bound 4096 equals destination size [-Wstringop-truncation]
 8369 |   strncpy (file_header_p->vlabel, session_p->dbfile.vlabel, PATH_MAX);
      |   ~~~~~~~~^~~~~~~~~~~~~~~~~~~~~~~~~~~~~~~~~~~~~~~~~~~~~~~~~~~~~~~~~~~
[861/1274] Building CXX object cubrid-cci/cci/CMakeFiles/cascci.dir/__/src/cci/cci_t_lob.c.o
[862/1274] Building CXX object cubrid/CMakeFiles/cubrid.dir/__/src/query/parallel/px_worker_manager.cpp.o
[863/1274] Building CXX object cubrid-cci/cci/CMakeFiles/cascci.dir/__/src/cci/cci_net_buf.c.o
[864/1274] Building CXX object util/CMakeFiles/cub_commdb.dir/__/src/executables/commdb.c.o
[865/1274] Building CXX object cubrid-cci/cci/CMakeFiles/cascci.dir/__/src/base/porting.c.o
[866/1274] Building CXX object cubrid/CMakeFiles/cubrid.dir/__/src/storage/btree_load.c.o
[867/1274] Building CXX object util/CMakeFiles/unittests_lf.dir/__/src/executables/unittests_lf.c.o
[868/1274] Building CXX object cubrid-cci/cci/CMakeFiles/cascci.dir/__/src/cci/cci_common.c.o
[869/1274] Building CXX object util/CMakeFiles/cub_admin.dir/__/src/executables/util_admin.c.o
[870/1274] Building CXX object cubrid/CMakeFiles/cubrid.dir/__/src/query/parallel/px_scan/index/px_scan_index_overflow_drain_fsm.cpp.o
[871/1274] Building CXX object cubrid-cci/tools/CMakeFiles/cci_applier.dir/__/src/base/cubrid_getopt_long.c.o
[872/1274] Building CXX object cubrid/CMakeFiles/cubrid.dir/__/src/storage/system_catalog.c.o
[873/1274] Building CXX object cubrid-cci/cci/CMakeFiles/cascci.dir/__/src/cci/cci_t_set.c.o
[874/1274] Building CXX object util/CMakeFiles/cub_master.dir/__/src/executables/master_request.c.o
[875/1274] Building CXX object cubrid-cci/tools/CMakeFiles/cci_applier.dir/__/src/tools/cci_applier.c.o
[876/1274] Building CXX object cubrid/CMakeFiles/cubrid.dir/__/src/xasl/xasl_iteration.cpp.o
[877/1274] Building CXX object cubrid-cci/cci/CMakeFiles/cascci.dir/__/src/cci/cci_network.c.o
[878/1274] Building CXX object cubrid-cci/cci/CMakeFiles/cascci.dir/__/src/cci/cci_properties.c.o
[879/1274] Building CXX object cubrid/CMakeFiles/cubrid.dir/__/src/query/string_regex_std.cpp.o
[880/1274] Building CXX object broker/CMakeFiles/cub_broker.dir/__/src/broker/broker_process_size.c.o
[881/1274] Building CXX object broker/CMakeFiles/cub_broker.dir/__/src/broker/broker_max_heap.c.o
[882/1274] Building CXX object cubrid-cci/cci/CMakeFiles/cascci.dir/__/src/cci/cci_ssl.c.o
[883/1274] Building CXX object util/CMakeFiles/cub_master.dir/__/src/executables/master.c.o
[884/1274] Building CXX object broker/CMakeFiles/cub_broker.dir/__/src/broker/broker_access_list.c.o
[885/1274] Building CXX object broker/CMakeFiles/cub_broker.dir/__/src/broker/broker_error.c.o
[886/1274] Building CXX object cubrid/CMakeFiles/cubrid.dir/__/src/xasl/xasl_spawner.cpp.o
[887/1274] Building CXX object cubrid/CMakeFiles/cubrid.dir/__/src/query/parallel/px_parallel.cpp.o
[888/1274] Building CXX object cubrid/CMakeFiles/cubrid.dir/__/src/optimizer/histogram/histogram_reader.cpp.o
[889/1274] Building CXX object cubrid-cci/cci/CMakeFiles/cascci.dir/__/src/cci/cci_handle_mng.c.o
[890/1274] Building CXX object cubrid/CMakeFiles/cubrid.dir/__/src/optimizer/histogram/histogram_builder.cpp.o
[891/1274] Building CXX object cubrid/CMakeFiles/cubrid.dir/__/src/transaction/boot_sr.c.o
[892/1274] Building CXX object broker/CMakeFiles/cub_broker.dir/__/src/broker/broker_shm.c.o
[893/1274] Building CXX object broker/CMakeFiles/cub_broker.dir/__/src/broker/broker_send_fd.c.o
[894/1274] Building CXX object broker/CMakeFiles/cub_gateway.dir/__/src/broker/broker_access_list.c.o
[895/1274] Building CXX object cubrid-cci/cci/CMakeFiles/cascci.dir/__/src/cci/cci_map.cpp.o
[896/1274] Building CXX object broker/CMakeFiles/cub_broker.dir/__/src/broker/broker_util.c.o
[897/1274] Building CXX object broker/CMakeFiles/cub_gateway.dir/__/src/broker/broker_error.c.o
[898/1274] Building CXX object util/CMakeFiles/cub_pl.dir/__/src/executables/pl.cpp.o
[899/1274] Building CXX object broker/CMakeFiles/cub_gateway.dir/__/src/broker/broker_process_size.c.o
[900/1274] Building CXX object cubrid/CMakeFiles/cubrid.dir/__/src/query/parallel/px_scan/px_scan_input_handler_list.cpp.o
[901/1274] Building CXX object cubrid/CMakeFiles/cubrid.dir/__/src/query/parallel/px_scan/px_scan_slot_iterator.cpp.o
[902/1274] Building CXX object broker/CMakeFiles/cub_gateway.dir/__/src/broker/broker_send_fd.c.o
[903/1274] Building CXX object broker/CMakeFiles/cub_gateway.dir/__/src/broker/broker_shm.c.o
[904/1274] Building CXX object cubrid/CMakeFiles/cubrid.dir/__/src/query/parallel/px_scan/index/px_scan_index_leaf_page_dispatcher.cpp.o
[905/1274] Building CXX object broker/CMakeFiles/cub_gateway.dir/__/src/broker/broker_max_heap.c.o
[906/1274] Building CXX object util/CMakeFiles/cub_pl.dir/__/src/sp/pl_sr_jvm.cpp.o
[907/1274] Building CXX object util/CMakeFiles/cubrid-bin.dir/__/src/executables/util_service.c.o
/home/vimkim/gh/cb/CBRD-27398-pgbuf-inspector-contract/src/executables/util_service.c: In function ‘int process_pl(int, int, const char**, bool, bool, bool, bool)’:
/home/vimkim/gh/cb/CBRD-27398-pgbuf-inspector-contract/src/executables/util_service.c:2992:15: warning: ‘char* strncpy(char*, const char*, size_t)’ specified bound 4096 equals destination size [-Wstringop-truncation]
 2992 |       strncpy (buf, argv[0], buf_size);
      |       ~~~~~~~~^~~~~~~~~~~~~~~~~~~~~~~~
[908/1274] Building CXX object util/CMakeFiles/cub_master.dir/__/src/executables/master_server_monitor.cpp.o
[909/1274] Building CXX object cubrid/CMakeFiles/cubrid.dir/__/src/query/parallel/px_scan/index/px_scan_index_leaf_slot_walker.cpp.o
[910/1274] Building CXX object broker/CMakeFiles/broker_monitor.dir/__/src/broker/broker_process_size.c.o
[911/1274] Building CXX object cubrid/CMakeFiles/cubrid.dir/__/src/query/parallel/px_scan/index/px_scan_index_key_range_list.cpp.o
[912/1274] Building CXX object cubrid/CMakeFiles/cubrid.dir/__/src/query/parallel/px_hash_join/px_hash_join_task_manager.cpp.o
[913/1274] Building CXX object util/CMakeFiles/unittests_lf.dir/__/src/base/porting.c.o
[914/1274] Building CXX object broker/CMakeFiles/broker_monitor.dir/__/src/broker/broker_max_heap.c.o
[915/1274] Building CXX object broker/CMakeFiles/broker_monitor.dir/__/src/broker/broker_process_info.c.o
[916/1274] Building CXX object broker/CMakeFiles/broker_monitor.dir/__/src/broker/broker_error.c.o
[917/1274] Building CXX object cubrid/CMakeFiles/cubrid.dir/__/src/query/parallel/px_scan/px_scan_input_handler_index.cpp.o
[918/1274] Building CXX object broker/CMakeFiles/cub_gateway.dir/__/src/broker/broker_util.c.o
[919/1274] Building CXX object broker/CMakeFiles/gateway_monitor.dir/__/src/broker/broker_process_info.c.o
[920/1274] Building CXX object cubrid/CMakeFiles/cubrid.dir/__/src/query/parallel/px_scan/px_scan_input_handler_heap.cpp.o
[921/1274] Building CXX object broker/CMakeFiles/cub_broker.dir/__/src/broker/broker_proxy_conn.c.o
[922/1274] Building CXX object util/CMakeFiles/unittests_lf.dir/__/src/base/memory_monitor_api.cpp.o
[923/1274] Building CXX object cubrid/CMakeFiles/cubrid.dir/__/src/sp/pl_struct_compile.cpp.o
[924/1274] Building CXX object broker/CMakeFiles/gateway_monitor.dir/__/src/broker/broker_process_size.c.o
[925/1274] Building CXX object broker/CMakeFiles/cub_broker.dir/__/src/broker/broker_filename.c.o
[926/1274] Building CXX object broker/CMakeFiles/gateway_monitor.dir/__/src/broker/broker_error.c.o
[927/1274] Building CXX object cubrid/CMakeFiles/cubrid.dir/__/src/query/parallel/px_scan/index/px_scan_index_overflow_chain_pool.cpp.o
[928/1274] Building CXX object util/CMakeFiles/cub_master.dir/__/src/executables/master_heartbeat.c.o
In file included from /home/vimkim/gh/cb/CBRD-27398-pgbuf-inspector-contract/src/base/packer.hpp:26,
                 from /home/vimkim/gh/cb/CBRD-27398-pgbuf-inspector-contract/src/base/packable_object.hpp:28,
                 from /home/vimkim/gh/cb/CBRD-27398-pgbuf-inspector-contract/src/transaction/client_credentials.hpp:28,
                 from /home/vimkim/gh/cb/CBRD-27398-pgbuf-inspector-contract/src/transaction/boot.h:26,
                 from /home/vimkim/gh/cb/CBRD-27398-pgbuf-inspector-contract/src/connection/connection_defs.h:30,
                 from /home/vimkim/gh/cb/CBRD-27398-pgbuf-inspector-contract/src/connection/connection_cl.h:29,
                 from /home/vimkim/gh/cb/CBRD-27398-pgbuf-inspector-contract/src/executables/master_heartbeat.c:49:
In function ‘int hb_set_net_header(HBP_HEADER*, unsigned char, bool, short unsigned int, unsigned int, char*)’,
    inlined from ‘int hb_cluster_send_heartbeat_internal(sockaddr_in*, socklen_t, char*, bool)’ at /home/vimkim/gh/cb/CBRD-27398-pgbuf-inspector-contract/src/executables/master_heartbeat.c:1712:38:
/home/vimkim/gh/cb/CBRD-27398-pgbuf-inspector-contract/src/base/porting.h:329:11: warning: ‘char* strncpy(char*, const char*, size_t)’ output may be truncated copying 63 bytes from a string of length 63 [-Wstringop-truncation]
  329 |   strncpy (buf, str, size); buf[(size) - 1] = '\0'
      |   ~~~~~~~~^~~~~~~~~~~~~~~~
/home/vimkim/gh/cb/CBRD-27398-pgbuf-inspector-contract/src/base/porting.h:339:3: note: in expansion of macro ‘strncpy_size’
  339 |   strncpy_size (buf, str, sizeof (buf)); check_is_array (buf)
      |   ^~~~~~~~~~~~
/home/vimkim/gh/cb/CBRD-27398-pgbuf-inspector-contract/src/executables/master_heartbeat.c:1927:3: note: in expansion of macro ‘strncpy_bufsize’
 1927 |   strncpy_bufsize (header->group_id, hb_Cluster->group_id);
      |   ^~~~~~~~~~~~~~~
/home/vimkim/gh/cb/CBRD-27398-pgbuf-inspector-contract/src/base/porting.h:329:11: warning: ‘char* strncpy(char*, const char*, size_t)’ output may be truncated copying 255 bytes from a string of length 255 [-Wstringop-truncation]
  329 |   strncpy (buf, str, size); buf[(size) - 1] = '\0'
      |   ~~~~~~~~^~~~~~~~~~~~~~~~
/home/vimkim/gh/cb/CBRD-27398-pgbuf-inspector-contract/src/base/porting.h:339:3: note: in expansion of macro ‘strncpy_size’
  339 |   strncpy_size (buf, str, sizeof (buf)); check_is_array (buf)
      |   ^~~~~~~~~~~~
/home/vimkim/gh/cb/CBRD-27398-pgbuf-inspector-contract/src/executables/master_heartbeat.c:1929:3: note: in expansion of macro ‘strncpy_bufsize’
 1929 |   strncpy_bufsize (header->orig_host_name, hb_Cluster->myself->host_name);
      |   ^~~~~~~~~~~~~~~
/home/vimkim/gh/cb/CBRD-27398-pgbuf-inspector-contract/src/executables/master_heartbeat.c: In function ‘void hb_register_new_process(CSS_CONN_ENTRY*)’:
/home/vimkim/gh/cb/CBRD-27398-pgbuf-inspector-contract/src/executables/master_heartbeat.c:4339:83: warning: ‘%s’ directive output may be truncated writing up to 3959 bytes into a region of size 2002 [-Wformat-truncation=]
 4339 |   snprintf (error_string, LINE_MAX, "%s (expected pid: %d, pid:%d, state:%s, args:%s)", HB_RESULT_FAILURE_STR,
      |                                                                                   ^~
/home/vimkim/gh/cb/CBRD-27398-pgbuf-inspector-contract/src/executables/master_heartbeat.c:4339:12: note: ‘snprintf’ output 48 or more bytes (assuming 4007) into a destination of size 2048
 4339 |   snprintf (error_string, LINE_MAX, "%s (expected pid: %d, pid:%d, state:%s, args:%s)", HB_RESULT_FAILURE_STR,
      |   ~~~~~~~~~^~~~~~~~~~~~~~~~~~~~~~~~~~~~~~~~~~~~~~~~~~~~~~~~~~~~~~~~~~~~~~~~~~~~~~~~~~~~~~~~~~~~~~~~~~~~~~~~~~~
 4340 |             proc->pid, ntohl (hbp_proc_register->pid), hb_process_state_string (proc->type, proc->state),
      |             ~~~~~~~~~~~~~~~~~~~~~~~~~~~~~~~~~~~~~~~~~~~~~~~~~~~~~~~~~~~~~~~~~~~~~~~~~~~~~~~~~~~~~~~~~~~~~
 4341 |             hbp_proc_register->args);
      |             ~~~~~~~~~~~~~~~~~~~~~~~~
/home/vimkim/gh/cb/CBRD-27398-pgbuf-inspector-contract/src/executables/master_heartbeat.c:4327:69: warning: ‘%s’ directive output may be truncated writing up to 3959 bytes into a region of size 2019 [-Wformat-truncation=]
 4327 |       snprintf (error_string, LINE_MAX, "%s (pid:%d, state:%s, args:%s)", HB_RESULT_SUCCESS_STR,
      |                                                                     ^~
/home/vimkim/gh/cb/CBRD-27398-pgbuf-inspector-contract/src/executables/master_heartbeat.c:4327:16: note: ‘snprintf’ output 31 or more bytes (assuming 3990) into a destination of size 2048
 4327 |       snprintf (error_string, LINE_MAX, "%s (pid:%d, state:%s, args:%s)", HB_RESULT_SUCCESS_STR,
      |       ~~~~~~~~~^~~~~~~~~~~~~~~~~~~~~~~~~~~~~~~~~~~~~~~~~~~~~~~~~~~~~~~~~~~~~~~~~~~~~~~~~~~~~~~~~
 4328 |                 ntohl (hbp_proc_register->pid), hb_process_state_string (proc->type, proc->state),
      |                 ~~~~~~~~~~~~~~~~~~~~~~~~~~~~~~~~~~~~~~~~~~~~~~~~~~~~~~~~~~~~~~~~~~~~~~~~~~~~~~~~~~
 4329 |                 hbp_proc_register->args);
      |                 ~~~~~~~~~~~~~~~~~~~~~~~~
[929/1274] Building CXX object broker/CMakeFiles/broker_monitor.dir/__/src/broker/broker_util.c.o
[930/1274] Building CXX object cubrid/CMakeFiles/cubrid.dir/__/src/query/parallel/px_scan/px_scan_slot_iterator_list.cpp.o
[931/1274] Building CXX object broker/CMakeFiles/gateway_monitor.dir/__/src/broker/broker_max_heap.c.o
[932/1274] Building CXX object util/CMakeFiles/unittests_bit.dir/__/src/base/memory_monitor_api.cpp.o
[933/1274] Building CXX object util/CMakeFiles/unittests_area.dir/__/src/executables/unittests_area.c.o
[934/1274] Building CXX object broker/CMakeFiles/broker_monitor.dir/__/src/broker/broker_shm.c.o
[935/1274] Building CXX object broker/CMakeFiles/broker_changer.dir/__/src/broker/broker_error.c.o
[936/1274] Building CXX object broker/CMakeFiles/cub_broker.dir/__/src/broker/shard_shm.c.o
[937/1274] Building CXX object broker/CMakeFiles/cub_gateway.dir/__/src/broker/broker_filename.c.o
[938/1274] Building CXX object cubrid/CMakeFiles/cubrid.dir/__/src/query/vacuum.c.o
[939/1274] Building CXX object util/CMakeFiles/unittests_snapshot.dir/__/src/base/memory_monitor_api.cpp.o
[940/1274] Building CXX object cubrid/CMakeFiles/cubrid.dir/__/src/query/parallel/px_scan/px_scan_slot_iterator_index.cpp.o
[941/1274] Building CXX object cubrid/CMakeFiles/cubrid.dir/__/src/storage/file_manager.c.o
In file included from /home/vimkim/gh/cb/CBRD-27398-pgbuf-inspector-contract/src/base/memory_alloc.h:54,
                 from /home/vimkim/gh/cb/CBRD-27398-pgbuf-inspector-contract/src/base/memory_hash.h:30,
                 from /home/vimkim/gh/cb/CBRD-27398-pgbuf-inspector-contract/src/storage/file_io.h:33,
                 from /home/vimkim/gh/cb/CBRD-27398-pgbuf-inspector-contract/src/transaction/log_manager.h:37,
                 from /home/vimkim/gh/cb/CBRD-27398-pgbuf-inspector-contract/src/storage/file_manager.h:33,
                 from /home/vimkim/gh/cb/CBRD-27398-pgbuf-inspector-contract/src/storage/file_manager.c:35:
In function ‘void cub_free(void*)’,
    inlined from ‘void operator delete(void*, size_t)’ at /home/vimkim/gh/cb/CBRD-27398-pgbuf-inspector-contract/src/base/memory_wrapper.hpp:75:12,
    inlined from ‘void __gnu_cxx::new_allocator<_Tp>::deallocate(_Tp*, __gnu_cxx::new_allocator<_Tp>::size_type) [with _Tp = std::__detail::_Hash_node<std::pair<const vfid, FILE_TYPE>, true>]’ at /usr/include/c++/11/ext/new_allocator.h:145:19,
    inlined from ‘static void std::allocator_traits<std::allocator<_Tp1> >::deallocate(std::allocator_traits<std::allocator<_Tp1> >::allocator_type&, std::allocator_traits<std::allocator<_Tp1> >::pointer, std::allocator_traits<std::allocator<_Tp1> >::size_type) [with _Tp = std::__detail::_Hash_node<std::pair<const vfid, FILE_TYPE>, true>]’ at /usr/include/c++/11/bits/alloc_traits.h:496:23,
    inlined from ‘void std::__detail::_Hashtable_alloc<_NodeAlloc>::_M_deallocate_node_ptr(std::__detail::_Hashtable_alloc<_NodeAlloc>::__node_ptr) [with _NodeAlloc = std::allocator<std::__detail::_Hash_node<std::pair<const vfid, FILE_TYPE>, true> >]’ at /usr/include/c++/11/bits/hashtable_policy.h:1909:38,
    inlined from ‘void std::__detail::_Hashtable_alloc<_NodeAlloc>::_M_deallocate_node(std::__detail::_Hashtable_alloc<_NodeAlloc>::__node_ptr) [with _NodeAlloc = std::allocator<std::__detail::_Hash_node<std::pair<const vfid, FILE_TYPE>, true> >]’ at /usr/include/c++/11/bits/hashtable_policy.h:1899:29,
    inlined from ‘std::_Hashtable<_Key, _Value, _Alloc, _ExtractKey, _Equal, _Hash, _RangeHash, _Unused, _RehashPolicy, _Traits>::_Scoped_node::~_Scoped_node() [with _Key = vfid; _Value = std::pair<const vfid, FILE_TYPE>; _Alloc = std::allocator<std::pair<const vfid, FILE_TYPE> >; _ExtractKey = std::__detail::_Select1st; _Equal = std::equal_to<vfid>; _Hash = std::hash<vfid>; _RangeHash = std::__detail::_Mod_range_hashing; _Unused = std::__detail::_Default_ranged_hash; _RehashPolicy = std::__detail::_Prime_rehash_policy; _Traits = std::__detail::_Hashtable_traits<true, false, true>]’ at /usr/include/c++/11/bits/hashtable.h:308:57,
    inlined from ‘std::pair<typename std::__detail::_Insert<_Key, _Value, _Alloc, _ExtractKey, _Equal, _Hash, _RangeHash, _Unused, _RehashPolicy, _Traits>::iterator, bool> std::_Hashtable<_Key, _Value, _Alloc, _ExtractKey, _Equal, _Hash, _RangeHash, _Unused, _RehashPolicy, _Traits>::_M_emplace(std::true_type, _Args&& ...) [with _Args = {vfid, FILE_TYPE&}; _Key = vfid; _Value = std::pair<const vfid, FILE_TYPE>; _Alloc = std::allocator<std::pair<const vfid, FILE_TYPE> >; _ExtractKey = std::__detail::_Select1st; _Equal = std::equal_to<vfid>; _Hash = std::hash<vfid>; _RangeHash = std::__detail::_Mod_range_hashing; _Unused = std::__detail::_Default_ranged_hash; _RehashPolicy = std::__detail::_Prime_rehash_policy; _Traits = std::__detail::_Hashtable_traits<true, false, true>]’ at /usr/include/c++/11/bits/hashtable.h:1978:7,
    inlined from ‘std::_Hashtable<_Key, _Value, _Alloc, _ExtractKey, _Equal, _Hash, _RangeHash, _Unused, _RehashPolicy, _Traits>::__ireturn_type std::_Hashtable<_Key, _Value, _Alloc, _ExtractKey, _Equal, _Hash, _RangeHash, _Unused, _RehashPolicy, _Traits>::emplace(_Args&& ...) [with _Args = {vfid, FILE_TYPE&}; _Key = vfid; _Value = std::pair<const vfid, FILE_TYPE>; _Alloc = std::allocator<std::pair<const vfid, FILE_TYPE> >; _ExtractKey = std::__detail::_Select1st; _Equal = std::equal_to<vfid>; _Hash = std::hash<vfid>; _RangeHash = std::__detail::_Mod_range_hashing; _Unused = std::__detail::_Default_ranged_hash; _RehashPolicy = std::__detail::_Prime_rehash_policy; _Traits = std::__detail::_Hashtable_traits<true, false, true>]’ at /usr/include/c++/11/bits/hashtable.h:915:21,
    inlined from ‘std::pair<typename std::_Hashtable<_Key, std::pair<const _Key, _Tp>, _Alloc, std::__detail::_Select1st, _Pred, _Hash, std::__detail::_Mod_range_hashing, std::__detail::_Default_ranged_hash, std::__detail::_Prime_rehash_policy, std::__detail::_Hashtable_traits<std::__not_<std::__and_<std::__is_fast_hash<_Hash>, std::__is_nothrow_invocable<const _Hash&, const _Key&> > >::value, false, true> >::iterator, bool> std::unordered_map<_Key, _Tp, _Hash, _Pred, _Alloc>::emplace(_Args&& ...) [with _Args = {vfid, FILE_TYPE&}; _Key = vfid; _Tp = FILE_TYPE; _Hash = std::hash<vfid>; _Pred = std::equal_to<vfid>; _Alloc = std::allocator<std::pair<const vfid, FILE_TYPE> >]’ at /usr/include/c++/11/bits/unordered_map.h:389:23,
    inlined from ‘int file_tracker_item_collect_invalid_file(THREAD_ENTRY*, PAGE_PTR, FILE_EXTENSIBLE_DATA*, int, bool*, void*)’ at /home/vimkim/gh/cb/CBRD-27398-pgbuf-inspector-contract/src/storage/file_manager.c:11577:52:
/home/vimkim/gh/cb/CBRD-27398-pgbuf-inspector-contract/src/base/memory_cwrapper.h:86:8: warning: ‘void free(void*)’ called on pointer returned from a mismatched allocation function [-Wmismatched-new-delete]
   86 |   free (ptr);
      |   ~~~~~^~~~~
In file included from /usr/include/c++/11/x86_64-redhat-linux/bits/c++allocator.h:33,
                 from /usr/include/c++/11/bits/allocator.h:46,
                 from /usr/include/c++/11/unordered_map:40,
                 from /home/vimkim/gh/cb/CBRD-27398-pgbuf-inspector-contract/src/storage/file_manager.c:32:
/usr/include/c++/11/ext/new_allocator.h: In function ‘int file_tracker_item_collect_invalid_file(THREAD_ENTRY*, PAGE_PTR, FILE_EXTENSIBLE_DATA*, int, bool*, void*)’:
/usr/include/c++/11/ext/new_allocator.h:127:48: note: returned from ‘void* operator new(std::size_t)’
  127 |         return static_cast<_Tp*>(::operator new(__n * sizeof(_Tp)));
      |                                  ~~~~~~~~~~~~~~^~~~~~~~~~~~~~~~~~~
[942/1274] Building CXX object broker/CMakeFiles/broker_changer.dir/__/src/broker/broker_process_size.c.o
[943/1274] Building CXX object util/CMakeFiles/unittests_area.dir/__/src/base/memory_monitor_api.cpp.o
[944/1274] Building CXX object broker/CMakeFiles/cub_gateway.dir/__/src/broker/broker_proxy_conn.c.o
[945/1274] Building CXX object broker/CMakeFiles/cub_broker.dir/__/src/broker/shard_metadata.c.o
[946/1274] Building CXX object broker/CMakeFiles/cub_gateway.dir/__/src/broker/shard_metadata.c.o
[947/1274] Building CXX object cubrid/CMakeFiles/cubrid.dir/__/src/storage/double_write_buffer.cpp.o
[948/1274] Building CXX object broker/CMakeFiles/cub_gateway.dir/__/src/broker/shard_shm.c.o
[949/1274] Building CXX object cubrid-cci/cci/CMakeFiles/cascci.dir/__/src/cci/cas_cci.c.o
[950/1274] Building CXX object broker/CMakeFiles/broker_changer.dir/__/src/broker/broker_max_heap.c.o
[951/1274] Building CXX object broker/CMakeFiles/cubrid_broker.dir/__/src/base/porting.c.o
[952/1274] Building CXX object broker/CMakeFiles/broker_monitor.dir/__/src/broker/broker_filename.c.o
[953/1274] Building CXX object cubrid-cci/cci/CMakeFiles/cascci.dir/__/src/cci/cci_query_execute.c.o
[954/1274] Building CXX object broker/CMakeFiles/cubrid_broker.dir/__/src/broker/broker_process_size.c.o
[955/1274] Building CXX object cubrid/CMakeFiles/cubrid.dir/__/src/query/parallel/px_hash_join/px_hash_join.cpp.o
[956/1274] Building CXX object broker/CMakeFiles/broker_monitor.dir/__/src/base/util_func.c.o
[957/1274] Building CXX object broker/CMakeFiles/cubrid_broker.dir/__/src/broker/broker_max_heap.c.o
[958/1274] Building CXX object broker/CMakeFiles/broker_changer.dir/__/src/broker/shard_key_func.c.o
[959/1274] Building CXX object broker/CMakeFiles/gateway_monitor.dir/__/src/broker/broker_util.c.o
[960/1274] Building CXX object broker/CMakeFiles/gateway_monitor.dir/__/src/broker/broker_shm.c.o
[961/1274] Building CXX object cubrid-cci/cci/CMakeFiles/cascci.dir/__/src/cci/cci_log.cpp.o
[962/1274] Building CXX object broker/CMakeFiles/broker_monitor.dir/__/src/broker/shard_metadata.c.o
[963/1274] Building CXX object broker/CMakeFiles/broker_changer.dir/__/src/broker/broker_acl.c.o
[964/1274] Building CXX object broker/CMakeFiles/cubrid_broker.dir/__/src/broker/shard_key_func.c.o
[965/1274] Building CXX object broker/CMakeFiles/cubrid_broker.dir/__/src/broker/broker_error.c.o
[966/1274] Building CXX object cubrid/CMakeFiles/cubrid.dir/__/src/query/parallel/px_worker_manager_global.cpp.o
[967/1274] Building CXX object broker/CMakeFiles/broker_monitor.dir/__/src/broker/cas_util.c.o
[968/1274] Building CXX object broker/CMakeFiles/broker_changer.dir/__/src/broker/broker_changer.c.o
[969/1274] Building CXX object broker/CMakeFiles/cubrid_broker.dir/__/src/broker/broker_acl.c.o
[970/1274] Building CXX object broker/CMakeFiles/broker_changer.dir/__/src/broker/broker_shm.c.o
[971/1274] Building CXX object broker/CMakeFiles/gateway_monitor.dir/__/src/broker/broker_filename.c.o
[972/1274] Building CXX object broker/CMakeFiles/broker_changer.dir/__/src/broker/broker_util.c.o
[973/1274] Building CXX object broker/CMakeFiles/gateway_monitor.dir/__/src/base/util_func.c.o
[974/1274] Building CXX object broker/CMakeFiles/cubrid_gateway.dir/__/src/broker/broker_error.c.o
[975/1274] Building CXX object cubrid/CMakeFiles/cubrid.dir/__/src/query/parallel/px_scan/px_scan_trace_handler.cpp.o
[976/1274] Building CXX object broker/CMakeFiles/gateway_monitor.dir/__/src/broker/cas_util.c.o
[977/1274] Building CXX object broker/CMakeFiles/broker_monitor.dir/__/src/broker/shard_shm.c.o
[978/1274] Building CXX object broker/CMakeFiles/cubrid_gateway.dir/__/src/broker/broker_process_size.c.o
[979/1274] Building CXX object util/CMakeFiles/cub_server.dir/__/src/executables/server.c.o
[980/1274] Building CXX object broker/CMakeFiles/cubrid_gateway.dir/__/src/broker/broker_max_heap.c.o
[981/1274] Building CXX object broker/CMakeFiles/cubrid_gateway.dir/__/src/base/porting.c.o
[982/1274] Building CXX object broker/CMakeFiles/cubrid_broker.dir/__/src/broker/broker_util.c.o
[983/1274] Building CXX object broker/CMakeFiles/cubrid_gateway.dir/__/src/broker/shard_key_func.c.o
[984/1274] Building CXX object broker/CMakeFiles/cas_common_lib.dir/__/src/broker/cas_sql_log2.c.o
[985/1274] Building CXX object broker/CMakeFiles/cas_common_lib.dir/__/src/broker/cas_optimization.c.o
[986/1274] Building CXX object broker/CMakeFiles/cas_common_lib.dir/__/src/broker/cas_meta.c.o
[987/1274] Building CXX object broker/CMakeFiles/cubrid_gateway.dir/__/src/broker/broker_acl.c.o
[988/1274] Building CXX object util/CMakeFiles/unittests_lf.dir/__/src/base/lock_free.c.o
[989/1274] Building CXX object broker/CMakeFiles/cub_broker.dir/__/src/broker/broker.c.o
[990/1274] Building CXX object broker/CMakeFiles/gateway_monitor.dir/__/src/broker/shard_metadata.c.o
[991/1274] Building CXX object cubrid/CMakeFiles/cubrid.dir/__/src/query/parallel/px_scan/px_scan_pre_execution_info.cpp.o
In file included from /home/vimkim/gh/cb/CBRD-27398-pgbuf-inspector-contract/src/base/memory_alloc.h:54,
                 from /home/vimkim/gh/cb/CBRD-27398-pgbuf-inspector-contract/src/base/memory_hash.h:30,
                 from /home/vimkim/gh/cb/CBRD-27398-pgbuf-inspector-contract/src/query/xasl.h:32,
                 from /home/vimkim/gh/cb/CBRD-27398-pgbuf-inspector-contract/src/query/parallel/px_scan/px_scan_pre_execution_info.hpp:28,
                 from /home/vimkim/gh/cb/CBRD-27398-pgbuf-inspector-contract/src/query/parallel/px_scan/px_scan_pre_execution_info.cpp:23:
In function ‘void cub_free(void*)’,
    inlined from ‘void operator delete(void*, size_t)’ at /home/vimkim/gh/cb/CBRD-27398-pgbuf-inspector-contract/src/base/memory_wrapper.hpp:75:12,
    inlined from ‘void __gnu_cxx::new_allocator<_Tp>::deallocate(_Tp*, __gnu_cxx::new_allocator<_Tp>::size_type) [with _Tp = std::_Rb_tree_node<std::pair<const int, db_value> >]’ at /usr/include/c++/11/ext/new_allocator.h:145:19,
    inlined from ‘static void std::allocator_traits<std::allocator<_CharT> >::deallocate(std::allocator_traits<std::allocator<_CharT> >::allocator_type&, std::allocator_traits<std::allocator<_CharT> >::pointer, std::allocator_traits<std::allocator<_CharT> >::size_type) [with _Tp = std::_Rb_tree_node<std::pair<const int, db_value> >]’ at /usr/include/c++/11/bits/alloc_traits.h:496:23,
    inlined from ‘void std::_Rb_tree<_Key, _Val, _KeyOfValue, _Compare, _Alloc>::_M_put_node(std::_Rb_tree<_Key, _Val, _KeyOfValue, _Compare, _Alloc>::_Link_type) [with _Key = int; _Val = std::pair<const int, db_value>; _KeyOfValue = std::_Select1st<std::pair<const int, db_value> >; _Compare = std::less<int>; _Alloc = std::allocator<std::pair<const int, db_value> >]’ at /usr/include/c++/11/bits/stl_tree.h:565:34,
    inlined from ‘void std::_Rb_tree<_Key, _Val, _KeyOfValue, _Compare, _Alloc>::_M_drop_node(std::_Rb_tree<_Key, _Val, _KeyOfValue, _Compare, _Alloc>::_Link_type) [with _Key = int; _Val = std::pair<const int, db_value>; _KeyOfValue = std::_Select1st<std::pair<const int, db_value> >; _Compare = std::less<int>; _Alloc = std::allocator<std::pair<const int, db_value> >]’ at /usr/include/c++/11/bits/stl_tree.h:632:13,
    inlined from ‘std::pair<std::_Rb_tree_iterator<_Val>, bool> std::_Rb_tree<_Key, _Val, _KeyOfValue, _Compare, _Alloc>::_M_emplace_unique(_Args&& ...) [with _Args = {int&, db_value&}; _Key = int; _Val = std::pair<const int, db_value>; _KeyOfValue = std::_Select1st<std::pair<const int, db_value> >; _Compare = std::less<int>; _Alloc = std::allocator<std::pair<const int, db_value> >]’ at /usr/include/c++/11/bits/stl_tree.h:2393:18,
    inlined from ‘std::pair<typename std::_Rb_tree<_Key, std::pair<const _Key, _Tp>, std::_Select1st<std::pair<const _Key, _Tp> >, _Compare, typename __gnu_cxx::__alloc_traits<_Allocator>::rebind<std::pair<const _Key, _Tp> >::other>::iterator, bool> std::map<_Key, _Tp, _Compare, _Alloc>::emplace(_Args&& ...) [with _Args = {int&, db_value&}; _Key = int; _Tp = db_value; _Compare = std::less<int>; _Alloc = std::allocator<std::pair<const int, db_value> >]’ at /usr/include/c++/11/bits/stl_map.h:577:33,
    inlined from ‘void parallel_scan::pre_execution_info::capture_precomp_vals(xasl_node*)’ at /home/vimkim/gh/cb/CBRD-27398-pgbuf-inspector-contract/src/query/parallel/px_scan/px_scan_pre_execution_info.cpp:113:29:
/home/vimkim/gh/cb/CBRD-27398-pgbuf-inspector-contract/src/base/memory_cwrapper.h:86:8: warning: ‘void free(void*)’ called on pointer returned from a mismatched allocation function [-Wmismatched-new-delete]
   86 |   free (ptr);
      |   ~~~~~^~~~~
In file included from /usr/include/c++/11/x86_64-redhat-linux/bits/c++allocator.h:33,
                 from /usr/include/c++/11/bits/allocator.h:46,
                 from /usr/include/c++/11/string:41,
                 from /home/vimkim/gh/cb/CBRD-27398-pgbuf-inspector-contract/src/xasl/access_json_table.hpp:26,
                 from /home/vimkim/gh/cb/CBRD-27398-pgbuf-inspector-contract/src/query/xasl.h:30,
                 from /home/vimkim/gh/cb/CBRD-27398-pgbuf-inspector-contract/src/query/parallel/px_scan/px_scan_pre_execution_info.hpp:28,
                 from /home/vimkim/gh/cb/CBRD-27398-pgbuf-inspector-contract/src/query/parallel/px_scan/px_scan_pre_execution_info.cpp:23:
/usr/include/c++/11/ext/new_allocator.h: In member function ‘void parallel_scan::pre_execution_info::capture_precomp_vals(xasl_node*)’:
/usr/include/c++/11/ext/new_allocator.h:127:48: note: returned from ‘void* operator new(std::size_t)’
  127 |         return static_cast<_Tp*>(::operator new(__n * sizeof(_Tp)));
      |                                  ~~~~~~~~~~~~~~^~~~~~~~~~~~~~~~~~~
[992/1274] Building CXX object broker/CMakeFiles/cubrid_broker.dir/__/src/broker/broker_shm.c.o
[993/1274] Building CXX object broker/CMakeFiles/cas_common_lib.dir/__/src/broker/cas_common_vars.c.o
[994/1274] Building CXX object broker/CMakeFiles/cubrid_gateway.dir/__/src/broker/broker_util.c.o
[995/1274] Building CXX object broker/CMakeFiles/cubrid_broker.dir/__/src/base/util_func.c.o
[996/1274] Building CXX object broker/CMakeFiles/gateway_monitor.dir/__/src/broker/shard_shm.c.o
[997/1274] Building C object sa/CMakeFiles/cubridsa.dir/__/csql_grammar.c.o
/home/vimkim/gh/cb/CBRD-27398-pgbuf-inspector-contract/build_preset_release_gcc/csql_grammar.c: In function ‘yyuserAction’:
/home/vimkim/gh/cb/CBRD-27398-pgbuf-inspector-contract/build_preset_release_gcc/csql_grammar.c:41962:80: warning: implicit conversion from ‘enum pt_currency_types’ to ‘DB_CURRENCY’ [-Wenum-conversion]
41962 |                             pt_value_set_monetary (this_parser, val, str, txt, PT_CURRENCY_YEN);
      |                                                                                ^~~~~~~~~~~~~~~
/home/vimkim/gh/cb/CBRD-27398-pgbuf-inspector-contract/build_preset_release_gcc/csql_grammar.c:41982:80: warning: implicit conversion from ‘enum pt_currency_types’ to ‘DB_CURRENCY’ [-Wenum-conversion]
41982 |                             pt_value_set_monetary (this_parser, val, str, txt, PT_CURRENCY_DOLLAR);
      |                                                                                ^~~~~~~~~~~~~~~~~~
/home/vimkim/gh/cb/CBRD-27398-pgbuf-inspector-contract/build_preset_release_gcc/csql_grammar.c:42002:80: warning: implicit conversion from ‘enum pt_currency_types’ to ‘DB_CURRENCY’ [-Wenum-conversion]
42002 |                             pt_value_set_monetary (this_parser, val, str, txt, PT_CURRENCY_WON);
      |                                                                                ^~~~~~~~~~~~~~~
/home/vimkim/gh/cb/CBRD-27398-pgbuf-inspector-contract/build_preset_release_gcc/csql_grammar.c:42022:80: warning: implicit conversion from ‘enum pt_currency_types’ to ‘DB_CURRENCY’ [-Wenum-conversion]
42022 |                             pt_value_set_monetary (this_parser, val, str, txt, PT_CURRENCY_TL);
      |                                                                                ^~~~~~~~~~~~~~
/home/vimkim/gh/cb/CBRD-27398-pgbuf-inspector-contract/build_preset_release_gcc/csql_grammar.c:42042:80: warning: implicit conversion from ‘enum pt_currency_types’ to ‘DB_CURRENCY’ [-Wenum-conversion]
42042 |                             pt_value_set_monetary (this_parser, val, str, txt, PT_CURRENCY_BRITISH_POUND);
      |                                                                                ^~~~~~~~~~~~~~~~~~~~~~~~~
/home/vimkim/gh/cb/CBRD-27398-pgbuf-inspector-contract/build_preset_release_gcc/csql_grammar.c:42061:80: warning: implicit conversion from ‘enum pt_currency_types’ to ‘DB_CURRENCY’ [-Wenum-conversion]
42061 |                             pt_value_set_monetary (this_parser, val, str, txt, PT_CURRENCY_CAMBODIAN_RIEL);
      |                                                                                ^~~~~~~~~~~~~~~~~~~~~~~~~~
/home/vimkim/gh/cb/CBRD-27398-pgbuf-inspector-contract/build_preset_release_gcc/csql_grammar.c:42080:80: warning: implicit conversion from ‘enum pt_currency_types’ to ‘DB_CURRENCY’ [-Wenum-conversion]
42080 |                             pt_value_set_monetary (this_parser, val, str, txt, PT_CURRENCY_CHINESE_RENMINBI);
      |                                                                                ^~~~~~~~~~~~~~~~~~~~~~~~~~~~
/home/vimkim/gh/cb/CBRD-27398-pgbuf-inspector-contract/build_preset_release_gcc/csql_grammar.c:42099:80: warning: implicit conversion from ‘enum pt_currency_types’ to ‘DB_CURRENCY’ [-Wenum-conversion]
42099 |                             pt_value_set_monetary (this_parser, val, str, txt, PT_CURRENCY_INDIAN_RUPEE);
      |                                                                                ^~~~~~~~~~~~~~~~~~~~~~~~
/home/vimkim/gh/cb/CBRD-27398-pgbuf-inspector-contract/build_preset_release_gcc/csql_grammar.c:42118:80: warning: implicit conversion from ‘enum pt_currency_types’ to ‘DB_CURRENCY’ [-Wenum-conversion]
42118 |                             pt_value_set_monetary (this_parser, val, str, txt, PT_CURRENCY_RUSSIAN_RUBLE);
      |                                                                                ^~~~~~~~~~~~~~~~~~~~~~~~~
/home/vimkim/gh/cb/CBRD-27398-pgbuf-inspector-contract/build_preset_release_gcc/csql_grammar.c:42137:80: warning: implicit conversion from ‘enum pt_currency_types’ to ‘DB_CURRENCY’ [-Wenum-conversion]
42137 |                             pt_value_set_monetary (this_parser, val, str, txt, PT_CURRENCY_AUSTRALIAN_DOLLAR);
      |                                                                                ^~~~~~~~~~~~~~~~~~~~~~~~~~~~~
/home/vimkim/gh/cb/CBRD-27398-pgbuf-inspector-contract/build_preset_release_gcc/csql_grammar.c:42156:80: warning: implicit conversion from ‘enum pt_currency_types’ to ‘DB_CURRENCY’ [-Wenum-conversion]
42156 |                             pt_value_set_monetary (this_parser, val, str, txt, PT_CURRENCY_CANADIAN_DOLLAR);
      |                                                                                ^~~~~~~~~~~~~~~~~~~~~~~~~~~
/home/vimkim/gh/cb/CBRD-27398-pgbuf-inspector-contract/build_preset_release_gcc/csql_grammar.c:42175:80: warning: implicit conversion from ‘enum pt_currency_types’ to ‘DB_CURRENCY’ [-Wenum-conversion]
42175 |                             pt_value_set_monetary (this_parser, val, str, txt, PT_CURRENCY_BRASILIAN_REAL);
      |                                                                                ^~~~~~~~~~~~~~~~~~~~~~~~~~
/home/vimkim/gh/cb/CBRD-27398-pgbuf-inspector-contract/build_preset_release_gcc/csql_grammar.c:42194:80: warning: implicit conversion from ‘enum pt_currency_types’ to ‘DB_CURRENCY’ [-Wenum-conversion]
42194 |                             pt_value_set_monetary (this_parser, val, str, txt, PT_CURRENCY_ROMANIAN_LEU);
      |                                                                                ^~~~~~~~~~~~~~~~~~~~~~~~
/home/vimkim/gh/cb/CBRD-27398-pgbuf-inspector-contract/build_preset_release_gcc/csql_grammar.c:42213:80: warning: implicit conversion from ‘enum pt_currency_types’ to ‘DB_CURRENCY’ [-Wenum-conversion]
42213 |                             pt_value_set_monetary (this_parser, val, str, txt, PT_CURRENCY_EURO);
      |                                                                                ^~~~~~~~~~~~~~~~
/home/vimkim/gh/cb/CBRD-27398-pgbuf-inspector-contract/build_preset_release_gcc/csql_grammar.c:42232:80: warning: implicit conversion from ‘enum pt_currency_types’ to ‘DB_CURRENCY’ [-Wenum-conversion]
42232 |                             pt_value_set_monetary (this_parser, val, str, txt, PT_CURRENCY_SWISS_FRANC);
      |                                                                                ^~~~~~~~~~~~~~~~~~~~~~~
/home/vimkim/gh/cb/CBRD-27398-pgbuf-inspector-contract/build_preset_release_gcc/csql_grammar.c:42251:80: warning: implicit conversion from ‘enum pt_currency_types’ to ‘DB_CURRENCY’ [-Wenum-conversion]
42251 |                             pt_value_set_monetary (this_parser, val, str, txt, PT_CURRENCY_DANISH_KRONE);
      |                                                                                ^~~~~~~~~~~~~~~~~~~~~~~~
/home/vimkim/gh/cb/CBRD-27398-pgbuf-inspector-contract/build_preset_release_gcc/csql_grammar.c:42270:80: warning: implicit conversion from ‘enum pt_currency_types’ to ‘DB_CURRENCY’ [-Wenum-conversion]
42270 |                             pt_value_set_monetary (this_parser, val, str, txt, PT_CURRENCY_NORWEGIAN_KRONE);
      |                                                                                ^~~~~~~~~~~~~~~~~~~~~~~~~~~
/home/vimkim/gh/cb/CBRD-27398-pgbuf-inspector-contract/build_preset_release_gcc/csql_grammar.c:42289:80: warning: implicit conversion from ‘enum pt_currency_types’ to ‘DB_CURRENCY’ [-Wenum-conversion]
42289 |                             pt_value_set_monetary (this_parser, val, str, txt, PT_CURRENCY_BULGARIAN_LEV);
      |                                                                                ^~~~~~~~~~~~~~~~~~~~~~~~~
/home/vimkim/gh/cb/CBRD-27398-pgbuf-inspector-contract/build_preset_release_gcc/csql_grammar.c:42308:80: warning: implicit conversion from ‘enum pt_currency_types’ to ‘DB_CURRENCY’ [-Wenum-conversion]
42308 |                             pt_value_set_monetary (this_parser, val, str, txt, PT_CURRENCY_VIETNAMESE_DONG);
      |                                                                                ^~~~~~~~~~~~~~~~~~~~~~~~~~~
/home/vimkim/gh/cb/CBRD-27398-pgbuf-inspector-contract/build_preset_release_gcc/csql_grammar.c:42327:80: warning: implicit conversion from ‘enum pt_currency_types’ to ‘DB_CURRENCY’ [-Wenum-conversion]
42327 |                             pt_value_set_monetary (this_parser, val, str, txt, PT_CURRENCY_CZECH_KORUNA);
      |                                                                                ^~~~~~~~~~~~~~~~~~~~~~~~
/home/vimkim/gh/cb/CBRD-27398-pgbuf-inspector-contract/build_preset_release_gcc/csql_grammar.c:42346:80: warning: implicit conversion from ‘enum pt_currency_types’ to ‘DB_CURRENCY’ [-Wenum-conversion]
42346 |                             pt_value_set_monetary (this_parser, val, str, txt, PT_CURRENCY_POLISH_ZLOTY);
      |                                                                                ^~~~~~~~~~~~~~~~~~~~~~~~
/home/vimkim/gh/cb/CBRD-27398-pgbuf-inspector-contract/build_preset_release_gcc/csql_grammar.c:42365:80: warning: implicit conversion from ‘enum pt_currency_types’ to ‘DB_CURRENCY’ [-Wenum-conversion]
42365 |                             pt_value_set_monetary (this_parser, val, str, txt, PT_CURRENCY_SWEDISH_KRONA);
      |                                                                                ^~~~~~~~~~~~~~~~~~~~~~~~~
/home/vimkim/gh/cb/CBRD-27398-pgbuf-inspector-contract/build_preset_release_gcc/csql_grammar.c:42384:80: warning: implicit conversion from ‘enum pt_currency_types’ to ‘DB_CURRENCY’ [-Wenum-conversion]
42384 |                             pt_value_set_monetary (this_parser, val, str, txt, PT_CURRENCY_CROATIAN_KUNA);
      |                                                                                ^~~~~~~~~~~~~~~~~~~~~~~~~
/home/vimkim/gh/cb/CBRD-27398-pgbuf-inspector-contract/build_preset_release_gcc/csql_grammar.c:42403:80: warning: implicit conversion from ‘enum pt_currency_types’ to ‘DB_CURRENCY’ [-Wenum-conversion]
42403 |                             pt_value_set_monetary (this_parser, val, str, txt, PT_CURRENCY_SERBIAN_DINAR);
      |                                                                                ^~~~~~~~~~~~~~~~~~~~~~~~~
/home/vimkim/gh/cb/CBRD-27398-pgbuf-inspector-contract/build_preset_release_gcc/csql_grammar.c: In function ‘pt_value_set_monetary’:
/home/vimkim/gh/cb/CBRD-27398-pgbuf-inspector-contract/build_preset_release_gcc/csql_grammar.c:48415:42: warning: implicit conversion from ‘DB_CURRENCY’ to ‘PT_CURRENCY’ {aka ‘enum pt_currency_types’} [-Wenum-conversion]
48415 |   node->info.value.data_value.money.type = type;
      |                                          ^
[998/1274] Building CXX object broker/CMakeFiles/broker_changer.dir/__/src/broker/broker_filename.c.o
[999/1274] Building CXX object broker/CMakeFiles/cas_common_lib.dir/__/src/broker/cas_network.c.o
[1000/1274] Building CXX object broker/CMakeFiles/cub_gateway.dir/__/src/broker/broker.c.o
[1001/1274] Building CXX object broker/CMakeFiles/cubrid_gateway.dir/__/src/broker/broker_shm.c.o
[1002/1274] Building CXX object broker/CMakeFiles/broker_changer.dir/__/src/broker/shard_metadata.c.o
[1003/1274] Building CXX object broker/CMakeFiles/broker_changer.dir/__/src/broker/shard_shm.c.o
[1004/1274] Building CXX object broker/CMakeFiles/cub_cas.dir/__/src/broker/broker_process_size.c.o
[1005/1274] Building CXX object broker/CMakeFiles/cubrid_broker.dir/__/src/broker/broker_filename.c.o
[1006/1274] Building CXX object broker/CMakeFiles/cub_cas.dir/__/src/broker/broker_error.c.o
[1007/1274] Building CXX object cubrid/CMakeFiles/cubrid.dir/__/src/query/parallel/px_thread_safe_queue.cpp.o
[1008/1274] Building CXX object broker/CMakeFiles/cas_common_lib.dir/__/src/broker/broker_acl.c.o
[1009/1274] Building CXX object broker/CMakeFiles/cub_cas.dir/__/src/broker/cas_schema_info.c.o
[1010/1274] Building CXX object broker/CMakeFiles/cub_cas_cgw.dir/__/src/broker/broker_error.c.o
[1011/1274] Building CXX object broker/CMakeFiles/cas_common_lib.dir/__/src/broker/cas_ssl.c.o
[1012/1274] Building CXX object broker/CMakeFiles/cub_cas.dir/__/src/broker/broker_recv_fd.c.o
[1013/1274] Building CXX object broker/CMakeFiles/cas_common_lib.dir/__/src/broker/broker_util.c.o
[1014/1274] Building CXX object broker/CMakeFiles/cubrid_broker.dir/__/src/broker/broker_admin.c.o
[1015/1274] Building CXX object broker/CMakeFiles/cub_cas_cgw.dir/__/src/broker/broker_recv_fd.c.o
[1016/1274] Building CXX object broker/CMakeFiles/cubrid_broker.dir/__/src/broker/shard_metadata.c.o
[1017/1274] Building CXX object broker/CMakeFiles/cub_cas_cgw.dir/__/src/broker/broker_process_size.c.o
[1018/1274] Building CXX object broker/CMakeFiles/cub_proxy.dir/__/src/broker/broker_error.c.o
[1019/1274] Building CXX object broker/CMakeFiles/cubrid_gateway.dir/__/src/broker/broker_filename.c.o
[1020/1274] Building CXX object broker/CMakeFiles/cub_proxy.dir/__/src/broker/broker_process_size.c.o
[1021/1274] Building CXX object broker/CMakeFiles/cas_common_lib.dir/__/src/broker/cas_util.c.o
[1022/1274] Building CXX object broker/CMakeFiles/cubrid_gateway.dir/__/src/base/util_func.c.o
[1023/1274] Building CXX object broker/CMakeFiles/cubrid_broker.dir/__/src/broker/shard_shm.c.o
[1024/1274] Building CXX object broker/CMakeFiles/cas_common_lib.dir/__/src/broker/broker_shm.c.o
[1025/1274] Building CXX object broker/CMakeFiles/cubrid_gateway.dir/__/src/broker/broker_admin.c.o
[1026/1274] Building CXX object broker/CMakeFiles/cas_common_lib.dir/__/src/broker/cas_error.c.o
[1027/1274] Building CXX object broker/CMakeFiles/cubrid_gateway.dir/__/src/broker/shard_shm.c.o
[1028/1274] Building CXX object broker/CMakeFiles/cubrid_gateway.dir/__/src/broker/shard_metadata.c.o
[1029/1274] Building CXX object broker/CMakeFiles/cub_proxy.dir/__/src/broker/cas_meta.c.o
[1030/1274] Building CXX object broker/CMakeFiles/cas_common_lib.dir/__/src/broker/broker_filename.c.o
[1031/1274] Building CXX object broker/CMakeFiles/cub_proxy.dir/__/src/broker/shard_key_func.c.o
[1032/1274] Building CXX object broker/CMakeFiles/cas_common_lib.dir/__/src/broker/cas_common_execute.c.o
[1033/1274] Building CXX object broker/CMakeFiles/cub_proxy.dir/__/src/broker/broker_recv_fd.c.o
[1034/1274] Building CXX object broker/CMakeFiles/cas_common_lib.dir/__/src/broker/cas_handle.c.o
[1035/1274] Building CXX object broker/CMakeFiles/cas_common_lib.dir/__/src/broker/cas_common_function.c.o
[1036/1274] Building CXX object broker/CMakeFiles/cub_cas.dir/__/src/broker/cas_str_like.c.o
[1037/1274] Building CXX object broker/CMakeFiles/broker_log_converter.dir/__/src/broker/log_top_string.c.o
[1038/1274] Building CXX object cubrid/CMakeFiles/cubrid.dir/__/src/query/parallel/px_query_execute/px_query_task.cpp.o
[1039/1274] Building CXX object broker/CMakeFiles/broker_log_converter.dir/__/src/broker/broker_log_converter.c.o
[1040/1274] Building CXX object broker/CMakeFiles/broker_log_runner.dir/__/src/broker/log_top_string.c.o
[1041/1274] Building CXX object broker/CMakeFiles/broker_log_runner.dir/__/src/broker/broker_log_util.c.o
[1042/1274] Building CXX object broker/CMakeFiles/gateway_monitor.dir/__/src/broker/broker_config.c.o
[1043/1274] Building CXX object broker/CMakeFiles/broker_tester.dir/__/src/broker/broker_error.c.o
[1044/1274] Building CXX object broker/CMakeFiles/cub_cas.dir/__/src/broker/cas_xa.c.o
[1045/1274] Building CXX object broker/CMakeFiles/cub_proxy.dir/__/src/broker/broker_acl.c.o
[1046/1274] Building CXX object broker/CMakeFiles/cub_proxy.dir/__/src/broker/shard_parser.c.o
[1047/1274] Building CXX object broker/CMakeFiles/broker_log_converter.dir/__/src/broker/broker_log_util.c.o
[1048/1274] Building CXX object broker/CMakeFiles/cas_common_lib.dir/__/src/broker/cas_net_buf.c.o
[1049/1274] Building CXX object broker/CMakeFiles/broker_monitor.dir/__/src/broker/broker_config.c.o
[1050/1274] Building CXX object broker/CMakeFiles/cub_proxy.dir/__/src/broker/shard_proxy.c.o
[1051/1274] Building CXX object broker/CMakeFiles/cub_proxy.dir/__/src/broker/broker_util.c.o
[1052/1274] Building CXX object broker/CMakeFiles/cas_common_lib.dir/__/src/broker/cas_log.c.o
[1053/1274] Building CXX object broker/CMakeFiles/broker_monitor.dir/__/src/broker/broker_monitor.c.o
[1054/1274] Building CXX object broker/CMakeFiles/cub_proxy.dir/__/src/broker/broker_shm.c.o
[1055/1274] Building CXX object broker/CMakeFiles/broker_tester.dir/__/src/broker/log_top_string.c.o
[1056/1274] Building CXX object broker/CMakeFiles/broker_log_top.dir/__/src/broker/cas_query_info.c.o
[1057/1274] Building CXX object broker/CMakeFiles/broker_log_top.dir/__/src/broker/broker_log_time.c.o
[1058/1274] Building CXX object cubrid/CMakeFiles/cubrid.dir/__/src/query/parallel/px_query_execute/px_query_executor.cpp.o
[1059/1274] Building CXX object broker/CMakeFiles/broker_log_top.dir/__/src/broker/log_top_string.c.o
[1060/1274] Building CXX object broker/CMakeFiles/cub_proxy.dir/__/src/broker/broker_filename.c.o
[1061/1274] Building CXX object broker/CMakeFiles/broker_changer.dir/__/src/broker/broker_config.c.o
[1062/1274] Building CXX object cubrid/CMakeFiles/cubrid.dir/__/src/transaction/log_tran_table.c.o
[1063/1274] Building CXX object broker/CMakeFiles/broker_log_top.dir/__/src/broker/broker_log_sql_list.c.o
[1064/1274] Building CXX object broker/CMakeFiles/broker_log_top.dir/__/src/broker/broker_log_util.c.o
[1065/1274] Building CXX object broker/CMakeFiles/broker_log_top.dir/__/src/broker/broker_error.c.o
[1066/1274] Building CXX object cubrid/CMakeFiles/cubrid.dir/__/src/transaction/locator_sr.c.o
[1067/1274] Building CXX object broker/CMakeFiles/cub_proxy.dir/__/src/broker/shard_proxy_queue.c.o
[1068/1274] Building CXX object broker/CMakeFiles/cubrid_replay.dir/__/src/broker/log_top_string.c.o
[1069/1274] Building CXX object broker/CMakeFiles/broker_log_top.dir/__/src/broker/broker_log_top_tran.c.o
[1070/1274] Building CXX object broker/CMakeFiles/cubrid_replay.dir/__/src/broker/broker_log_util.c.o
[1071/1274] Building CXX object cubrid/CMakeFiles/cubrid.dir/__/src/transaction/lock_manager.c.o
[1072/1274] Generating csql.cat for en_US.utf8
[1073/1274] Building CXX object broker/CMakeFiles/broker_tester.dir/__/src/broker/broker_shm.c.o
[1074/1274] Building CXX object broker/CMakeFiles/cub_proxy.dir/__/src/broker/shard_proxy_log.c.o
[1075/1274] Generating utils.cat for en_US.utf8
[1076/1274] Building CXX object broker/CMakeFiles/brokeradmin.dir/__/src/broker/broker_max_heap.c.o
[1077/1274] Generating cubrid.cat for en_US.utf8
[1078/1274] Generating csql.cat for en_US
[1079/1274] Building CXX object broker/CMakeFiles/broker_tester.dir/__/src/broker/broker_util.c.o
[1080/1274] Generating utils.cat for en_US
[1081/1274] Building CXX object broker/CMakeFiles/cub_proxy.dir/__/src/broker/shard_metadata.c.o
[1082/1274] Generating cubrid.cat for en_US
[1083/1274] Building CXX object broker/CMakeFiles/cub_proxy.dir/__/src/broker/cas_util.c.o
[1084/1274] Generating csql.cat for ko_KR.utf8
[1085/1274] Generating utils.cat for ko_KR.utf8
[1086/1274] Building CXX object cubrid/CMakeFiles/cubrid.dir/__/src/transaction/log_recovery.c.o
[1087/1274] Building CXX object broker/CMakeFiles/cub_proxy.dir/__/src/broker/shard_shm.c.o
[1088/1274] Building CXX object broker/CMakeFiles/brokeradmin.dir/__/src/broker/broker_process_info.c.o
[1089/1274] Generating cubrid.cat for ko_KR.utf8
[1090/1274] Generating csql.cat for ko_KR.euckr
[1091/1274] Generating utils.cat for ko_KR.euckr
[1092/1274] Building CXX object util/CMakeFiles/unittests_snapshot.dir/__/src/executables/unittests_snapshot.c.o
[1093/1274] Building CXX object broker/CMakeFiles/broker_log_top.dir/__/src/broker/broker_log_top.c.o
[1094/1274] Building CXX object broker/CMakeFiles/brokeradmin.dir/__/src/broker/broker_error.c.o
[1095/1274] Generating cubrid.cat for ko_KR.euckr
[1096/1274] Performing update step for 'catch2'
[1097/1274] Building CXX object broker/CMakeFiles/broker_changer.dir/__/src/broker/broker_admin_pub.c.o
/home/vimkim/gh/cb/CBRD-27398-pgbuf-inspector-contract/src/broker/broker_admin_pub.c: In function ‘int admin_getid_cmd(int, int, const char**)’:
/home/vimkim/gh/cb/CBRD-27398-pgbuf-inspector-contract/src/broker/broker_admin_pub.c:1575:49: warning: ‘%s’ directive writing up to 4095 bytes into a region of size 2033 [-Wformat-overflow=]
 1575 |         sprintf (buf + buf_len, "LIBRARY_NAME : %s, ",
      |                                                 ^~
/home/vimkim/gh/cb/CBRD-27398-pgbuf-inspector-contract/src/broker/broker_admin_pub.c:1575:17: note: ‘sprintf’ output between 18 and 4113 bytes into a destination of size 2048
 1575 |         sprintf (buf + buf_len, "LIBRARY_NAME : %s, ",
      |         ~~~~~~~~^~~~~~~~~~~~~~~~~~~~~~~~~~~~~~~~~~~~~~
 1576 |                  (shm_proxy_p->shard_key_library_name[0] == 0) ? "NOT DEFINED" : shm_proxy_p->shard_key_library_name);
      |                  ~~~~~~~~~~~~~~~~~~~~~~~~~~~~~~~~~~~~~~~~~~~~~~~~~~~~~~~~~~~~~~~~~~~~~~~~~~~~~~~~~~~~~~~~~~~~~~~~~~~~
/home/vimkim/gh/cb/CBRD-27398-pgbuf-inspector-contract/src/broker/broker_admin_pub.c:1578:50: warning: ‘%s’ directive writing up to 4095 bytes into a region of size 2032 [-Wformat-overflow=]
 1578 |         sprintf (buf + buf_len, "FUNCTION_NAME : %s ",
      |                                                  ^~
/home/vimkim/gh/cb/CBRD-27398-pgbuf-inspector-contract/src/broker/broker_admin_pub.c:1578:17: note: ‘sprintf’ output between 18 and 4113 bytes into a destination of size 2048
 1578 |         sprintf (buf + buf_len, "FUNCTION_NAME : %s ",
      |         ~~~~~~~~^~~~~~~~~~~~~~~~~~~~~~~~~~~~~~~~~~~~~~
 1579 |                  (shm_proxy_p->shard_key_function_name[0] == 0) ? "NOT DEFINED" : shm_proxy_p->shard_key_function_name);
      |                  ~~~~~~~~~~~~~~~~~~~~~~~~~~~~~~~~~~~~~~~~~~~~~~~~~~~~~~~~~~~~~~~~~~~~~~~~~~~~~~~~~~~~~~~~~~~~~~~~~~~~~~
[1098/1274] Building CXX object broker/CMakeFiles/cub_proxy.dir/__/src/broker/shard_statement.c.o
[1099/1274] Building CXX object broker/CMakeFiles/brokeradmin.dir/__/src/broker/broker_process_size.c.o
[1100/1274] No patch step for 'catch2'
[1101/1274] Building CXX object cubrid/CMakeFiles/cubrid.dir/__/src/query/string_opfunc.c.o
[1102/1274] Building CXX object broker/CMakeFiles/broker_log_top.dir/__/src/broker/broker_util.c.o
[1103/1274] Building CXX object broker/CMakeFiles/gateway_monitor.dir/__/src/broker/broker_monitor.c.o
[1104/1274] Building CXX object broker/CMakeFiles/cubrid_broker.dir/__/src/broker/broker_config.c.o
[1105/1274] Building CXX object broker/CMakeFiles/broker_log_top.dir/__/src/broker/broker_shm.c.o
[1106/1274] Building CXX object broker/CMakeFiles/brokeradmin.dir/__/src/broker/shard_key_func.c.o
[1107/1274] Building CXX object cm_common/CMakeFiles/cmstat.dir/__/src/cm_common/cm_errmsg.c.o
[1108/1274] Building CXX object broker/CMakeFiles/cub_proxy.dir/__/src/broker/cas_net_buf.c.o
[1109/1274] Building CXX object broker/CMakeFiles/broker_tester.dir/__/src/broker/broker_filename.c.o
[1110/1274] Performing configure step for 'catch2'
loading initial cache file /home/vimkim/gh/cb/CBRD-27398-pgbuf-inspector-contract/build_preset_release_gcc/unit_tests/catch2-prefix/tmp/catch2-cache-RelWithDebInfo.cmake
-- Configuring done (0.0s)
-- Generating done (0.0s)
-- Build files have been written to: /home/vimkim/gh/cb/CBRD-27398-pgbuf-inspector-contract/build_preset_release_gcc/unit_tests/catch2-prefix/src/catch2-build
[1111/1274] Building CXX object broker/CMakeFiles/brokeradmin.dir/__/src/broker/broker_acl.c.o
[1112/1274] Building CXX object broker/CMakeFiles/cub_proxy.dir/__/src/broker/shard_proxy_handler.c.o
[1113/1274] Building CXX object cm_common/CMakeFiles/cmstat.dir/__/src/cm_common/cm_broker_admin.c.o
[1114/1274] Building CXX object broker/CMakeFiles/broker_log_top.dir/__/src/broker/broker_filename.c.o
[1115/1274] Performing build step for 'catch2'
ninja: no work to do.
[1116/1274] Building CXX object broker/CMakeFiles/broker_tester.dir/__/src/broker/shard_metadata.c.o
[1117/1274] Building CXX object broker/CMakeFiles/broker_tester.dir/__/src/broker/shard_shm.c.o
[1118/1274] Building CXX object broker/CMakeFiles/brokeradmin.dir/__/src/broker/broker_util.c.o
[1119/1274] No install step for 'catch2'
[1120/1274] Completed 'catch2'
[1121/1274] Building CXX object broker/CMakeFiles/broker_log_top.dir/__/src/broker/shard_shm.c.o
[1122/1274] Building CXX object broker/CMakeFiles/cubrid_gateway.dir/__/src/broker/broker_config.c.o
[1123/1274] Building CXX object broker/CMakeFiles/broker_log_runner.dir/__/src/broker/cas_runner.c.o
[1124/1274] Building CXX object broker/CMakeFiles/brokeradmin.dir/__/src/broker/broker_shm.c.o
[1125/1274] Building CXX object broker/CMakeFiles/cubrid_broker.dir/__/src/broker/broker_admin_pub.c.o
/home/vimkim/gh/cb/CBRD-27398-pgbuf-inspector-contract/src/broker/broker_admin_pub.c: In function ‘int admin_getid_cmd(int, int, const char**)’:
/home/vimkim/gh/cb/CBRD-27398-pgbuf-inspector-contract/src/broker/broker_admin_pub.c:1575:49: warning: ‘%s’ directive writing up to 4095 bytes into a region of size 2033 [-Wformat-overflow=]
 1575 |         sprintf (buf + buf_len, "LIBRARY_NAME : %s, ",
      |                                                 ^~
/home/vimkim/gh/cb/CBRD-27398-pgbuf-inspector-contract/src/broker/broker_admin_pub.c:1575:17: note: ‘sprintf’ output between 18 and 4113 bytes into a destination of size 2048
 1575 |         sprintf (buf + buf_len, "LIBRARY_NAME : %s, ",
      |         ~~~~~~~~^~~~~~~~~~~~~~~~~~~~~~~~~~~~~~~~~~~~~~
 1576 |                  (shm_proxy_p->shard_key_library_name[0] == 0) ? "NOT DEFINED" : shm_proxy_p->shard_key_library_name);
      |                  ~~~~~~~~~~~~~~~~~~~~~~~~~~~~~~~~~~~~~~~~~~~~~~~~~~~~~~~~~~~~~~~~~~~~~~~~~~~~~~~~~~~~~~~~~~~~~~~~~~~~
/home/vimkim/gh/cb/CBRD-27398-pgbuf-inspector-contract/src/broker/broker_admin_pub.c:1578:50: warning: ‘%s’ directive writing up to 4095 bytes into a region of size 2032 [-Wformat-overflow=]
 1578 |         sprintf (buf + buf_len, "FUNCTION_NAME : %s ",
      |                                                  ^~
/home/vimkim/gh/cb/CBRD-27398-pgbuf-inspector-contract/src/broker/broker_admin_pub.c:1578:17: note: ‘sprintf’ output between 18 and 4113 bytes into a destination of size 2048
 1578 |         sprintf (buf + buf_len, "FUNCTION_NAME : %s ",
      |         ~~~~~~~~^~~~~~~~~~~~~~~~~~~~~~~~~~~~~~~~~~~~~~
 1579 |                  (shm_proxy_p->shard_key_function_name[0] == 0) ? "NOT DEFINED" : shm_proxy_p->shard_key_function_name);
      |                  ~~~~~~~~~~~~~~~~~~~~~~~~~~~~~~~~~~~~~~~~~~~~~~~~~~~~~~~~~~~~~~~~~~~~~~~~~~~~~~~~~~~~~~~~~~~~~~~~~~~~~~
[1126/1274] Building CXX object cm_common/CMakeFiles/cmstat.dir/__/src/cm_common/cm_utils.c.o
[1127/1274] Building CXX object broker/CMakeFiles/broker_tester.dir/__/src/broker/broker_tester.c.o
[1128/1274] Building CXX object broker/CMakeFiles/broker_log_top.dir/__/src/broker/shard_metadata.c.o
[1129/1274] Building CXX object broker/CMakeFiles/cub_proxy.dir/__/src/broker/shard_proxy_function.c.o
[1130/1274] Building CXX object cm_common/CMakeFiles/cmstat.dir/__/src/cm_common/cm_mem_cpu_stat.c.o
[1131/1274] Building CXX object cm_common/CMakeFiles/cmdep.dir/__/src/cm_common/cm_utils.c.o
[1132/1274] Building CXX object broker/CMakeFiles/cubrid_gateway.dir/__/src/broker/broker_admin_pub.c.o
/home/vimkim/gh/cb/CBRD-27398-pgbuf-inspector-contract/src/broker/broker_admin_pub.c: In function ‘int admin_getid_cmd(int, int, const char**)’:
/home/vimkim/gh/cb/CBRD-27398-pgbuf-inspector-contract/src/broker/broker_admin_pub.c:1575:49: warning: ‘%s’ directive writing up to 4095 bytes into a region of size 2033 [-Wformat-overflow=]
 1575 |         sprintf (buf + buf_len, "LIBRARY_NAME : %s, ",
      |                                                 ^~
/home/vimkim/gh/cb/CBRD-27398-pgbuf-inspector-contract/src/broker/broker_admin_pub.c:1575:17: note: ‘sprintf’ output between 18 and 4113 bytes into a destination of size 2048
 1575 |         sprintf (buf + buf_len, "LIBRARY_NAME : %s, ",
      |         ~~~~~~~~^~~~~~~~~~~~~~~~~~~~~~~~~~~~~~~~~~~~~~
 1576 |                  (shm_proxy_p->shard_key_library_name[0] == 0) ? "NOT DEFINED" : shm_proxy_p->shard_key_library_name);
      |                  ~~~~~~~~~~~~~~~~~~~~~~~~~~~~~~~~~~~~~~~~~~~~~~~~~~~~~~~~~~~~~~~~~~~~~~~~~~~~~~~~~~~~~~~~~~~~~~~~~~~~
/home/vimkim/gh/cb/CBRD-27398-pgbuf-inspector-contract/src/broker/broker_admin_pub.c:1578:50: warning: ‘%s’ directive writing up to 4095 bytes into a region of size 2032 [-Wformat-overflow=]
 1578 |         sprintf (buf + buf_len, "FUNCTION_NAME : %s ",
      |                                                  ^~
/home/vimkim/gh/cb/CBRD-27398-pgbuf-inspector-contract/src/broker/broker_admin_pub.c:1578:17: note: ‘sprintf’ output between 18 and 4113 bytes into a destination of size 2048
 1578 |         sprintf (buf + buf_len, "FUNCTION_NAME : %s ",
      |         ~~~~~~~~^~~~~~~~~~~~~~~~~~~~~~~~~~~~~~~~~~~~~~
 1579 |                  (shm_proxy_p->shard_key_function_name[0] == 0) ? "NOT DEFINED" : shm_proxy_p->shard_key_function_name);
      |                  ~~~~~~~~~~~~~~~~~~~~~~~~~~~~~~~~~~~~~~~~~~~~~~~~~~~~~~~~~~~~~~~~~~~~~~~~~~~~~~~~~~~~~~~~~~~~~~~~~~~~~~
[1133/1274] Building CXX object broker/CMakeFiles/brokeradmin.dir/__/src/broker/broker_admin_so.c.o
[1134/1274] Building CXX object broker/CMakeFiles/brokeradmin.dir/__/src/broker/broker_filename.c.o
[1135/1274] Building CXX object broker/CMakeFiles/cubrid_replay.dir/__/src/broker/broker_log_replay.c.o
[1136/1274] Building CXX object broker/CMakeFiles/cas_cgw_lib.dir/__/src/broker/cas_cgw_odbc.c.o
[1137/1274] Building CXX object timezones/CMakeFiles/gen_timezone.dir/__/src/executables/generate_timezone.cpp.o
[1138/1274] Building CXX object broker/CMakeFiles/cub_proxy.dir/__/src/broker/shard_proxy_io.c.o
[1139/1274] Building CXX object broker/CMakeFiles/brokeradmin.dir/__/src/broker/shard_metadata.c.o
[1140/1274] Building CXX object broker/CMakeFiles/brokeradmin.dir/__/src/broker/shard_shm.c.o
[1141/1274] Building CXX object cm_common/CMakeFiles/cub_sainfo.dir/__/src/cm_common/cm_class_info_sa.c.o
[1142/1274] Building CXX object broker/CMakeFiles/cubrid_replay.dir/__/src/base/filesys_temp.cpp.o
[1143/1274] Building CXX object cm_common/CMakeFiles/cub_jobsa.dir/__/src/cm_common/cm_class_info_sa.c.o
[1144/1274] Building CXX object cubrid/CMakeFiles/cubrid.dir/__/src/transaction/log_page_buffer.c.o
/home/vimkim/gh/cb/CBRD-27398-pgbuf-inspector-contract/src/transaction/log_page_buffer.c: In function ‘void logpb_checkpoint_trans(LOG_INFO_CHKPT_TRANS*, log_tdes*, int&, int&, LOG_LSA&)’:
/home/vimkim/gh/cb/CBRD-27398-pgbuf-inspector-contract/src/transaction/log_page_buffer.c:6842:15: warning: ‘char* strncpy(char*, const char*, size_t)’ specified bound 33 equals destination size [-Wstringop-truncation]
 6842 |       strncpy (chkpt_entry->user_name, tdes->client.get_db_user (), LOG_USERNAME_MAX);
      |       ~~~~~~~~^~~~~~~~~~~~~~~~~~~~~~~~~~~~~~~~~~~~~~~~~~~~~~~~~~~~~~~~~~~~~~~~~~~~~~~
[1145/1274] Building CXX object broker/CMakeFiles/cas_common_lib.dir/__/src/broker/cas_common_main.c.o
[1146/1274] Building CXX object broker/CMakeFiles/broker_tester.dir/__/src/broker/broker_config.c.o
[1147/1274] Building CXX object cubrid/CMakeFiles/cubrid.dir/__/src/query/parallel/px_scan/px_scan_task.cpp.o
In file included from /home/vimkim/gh/cb/CBRD-27398-pgbuf-inspector-contract/src/base/memory_alloc.h:54,
                 from /home/vimkim/gh/cb/CBRD-27398-pgbuf-inspector-contract/src/base/memory_hash.h:30,
                 from /home/vimkim/gh/cb/CBRD-27398-pgbuf-inspector-contract/src/storage/file_io.h:33,
                 from /home/vimkim/gh/cb/CBRD-27398-pgbuf-inspector-contract/src/transaction/log_manager.h:37,
                 from /home/vimkim/gh/cb/CBRD-27398-pgbuf-inspector-contract/src/storage/file_manager.h:33,
                 from /home/vimkim/gh/cb/CBRD-27398-pgbuf-inspector-contract/src/query/query_manager.h:34,
                 from /home/vimkim/gh/cb/CBRD-27398-pgbuf-inspector-contract/src/query/parallel/px_scan/px_scan_task.hpp:26,
                 from /home/vimkim/gh/cb/CBRD-27398-pgbuf-inspector-contract/src/query/parallel/px_scan/px_scan_task.cpp:23:
In function ‘void cub_free(void*)’,
    inlined from ‘void operator delete(void*, size_t)’ at /home/vimkim/gh/cb/CBRD-27398-pgbuf-inspector-contract/src/base/memory_wrapper.hpp:75:12,
    inlined from ‘void __gnu_cxx::new_allocator<_Tp>::deallocate(_Tp*, __gnu_cxx::new_allocator<_Tp>::size_type) [with _Tp = std::_Rb_tree_node<std::pair<const int, parallel_scan::scan_info> >]’ at /usr/include/c++/11/ext/new_allocator.h:145:19,
    inlined from ‘static void std::allocator_traits<std::allocator<_Tp1> >::deallocate(std::allocator_traits<std::allocator<_Tp1> >::allocator_type&, std::allocator_traits<std::allocator<_Tp1> >::pointer, std::allocator_traits<std::allocator<_Tp1> >::size_type) [with _Tp = std::_Rb_tree_node<std::pair<const int, parallel_scan::scan_info> >]’ at /usr/include/c++/11/bits/alloc_traits.h:496:23,
    inlined from ‘void std::_Rb_tree<_Key, _Val, _KeyOfValue, _Compare, _Alloc>::_M_put_node(std::_Rb_tree<_Key, _Val, _KeyOfValue, _Compare, _Alloc>::_Link_type) [with _Key = int; _Val = std::pair<const int, parallel_scan::scan_info>; _KeyOfValue = std::_Select1st<std::pair<const int, parallel_scan::scan_info> >; _Compare = std::less<int>; _Alloc = std::allocator<std::pair<const int, parallel_scan::scan_info> >]’ at /usr/include/c++/11/bits/stl_tree.h:565:34,
    inlined from ‘void std::_Rb_tree<_Key, _Val, _KeyOfValue, _Compare, _Alloc>::_M_drop_node(std::_Rb_tree<_Key, _Val, _KeyOfValue, _Compare, _Alloc>::_Link_type) [with _Key = int; _Val = std::pair<const int, parallel_scan::scan_info>; _KeyOfValue = std::_Select1st<std::pair<const int, parallel_scan::scan_info> >; _Compare = std::less<int>; _Alloc = std::allocator<std::pair<const int, parallel_scan::scan_info> >]’ at /usr/include/c++/11/bits/stl_tree.h:632:13,
    inlined from ‘std::_Rb_tree<_Key, _Val, _KeyOfValue, _Compare, _Alloc>::iterator std::_Rb_tree<_Key, _Val, _KeyOfValue, _Compare, _Alloc>::_M_emplace_hint_unique(std::_Rb_tree<_Key, _Val, _KeyOfValue, _Compare, _Alloc>::const_iterator, _Args&& ...) [with _Args = {const std::piecewise_construct_t&, std::tuple<const int&>, std::tuple<>}; _Key = int; _Val = std::pair<const int, parallel_scan::scan_info>; _KeyOfValue = std::_Select1st<std::pair<const int, parallel_scan::scan_info> >; _Compare = std::less<int>; _Alloc = std::allocator<std::pair<const int, parallel_scan::scan_info> >]’ at /usr/include/c++/11/bits/stl_tree.h:2440:18,
    inlined from ‘std::map<_Key, _Tp, _Compare, _Alloc>::mapped_type& std::map<_Key, _Tp, _Compare, _Alloc>::operator[](const key_type&) [with _Key = int; _Tp = parallel_scan::scan_info; _Compare = std::less<int>; _Alloc = std::allocator<std::pair<const int, parallel_scan::scan_info> >]’ at /usr/include/c++/11/bits/stl_map.h:501:37,
    inlined from ‘parallel_scan::scan_info parallel_scan::pre_execution_info::get_scan_info(parallel_scan::XASL_NODE_ID)’ at /home/vimkim/gh/cb/CBRD-27398-pgbuf-inspector-contract/src/query/parallel/px_scan/px_scan_pre_execution_info.hpp:61:29,
    inlined from ‘int parallel_scan::task<result_type, ST>::initialize(cubthread::entry&) [with parallel_scan::RESULT_TYPE result_type = parallel_scan::RESULT_TYPE::BUILDVALUE_OPT; parallel_scan::SCAN_TYPE ST = parallel_scan::SCAN_TYPE::INDEX]’ at /home/vimkim/gh/cb/CBRD-27398-pgbuf-inspector-contract/src/query/parallel/px_scan/px_scan_task.cpp:239:61:
/home/vimkim/gh/cb/CBRD-27398-pgbuf-inspector-contract/src/base/memory_cwrapper.h:86:8: warning: ‘void free(void*)’ called on pointer returned from a mismatched allocation function [-Wmismatched-new-delete]
   86 |   free (ptr);
      |   ~~~~~^~~~~
In file included from /usr/include/c++/11/x86_64-redhat-linux/bits/c++allocator.h:33,
                 from /usr/include/c++/11/bits/allocator.h:46,
                 from /usr/include/c++/11/vector:64,
                 from /home/vimkim/gh/cb/CBRD-27398-pgbuf-inspector-contract/src/transaction/log_lsa.hpp:30,
                 from /home/vimkim/gh/cb/CBRD-27398-pgbuf-inspector-contract/src/storage/disk_manager.h:30,
                 from /home/vimkim/gh/cb/CBRD-27398-pgbuf-inspector-contract/src/storage/file_manager.h:32,
                 from /home/vimkim/gh/cb/CBRD-27398-pgbuf-inspector-contract/src/query/query_manager.h:34,
                 from /home/vimkim/gh/cb/CBRD-27398-pgbuf-inspector-contract/src/query/parallel/px_scan/px_scan_task.hpp:26,
                 from /home/vimkim/gh/cb/CBRD-27398-pgbuf-inspector-contract/src/query/parallel/px_scan/px_scan_task.cpp:23:
/usr/include/c++/11/ext/new_allocator.h: In member function ‘int parallel_scan::task<result_type, ST>::initialize(cubthread::entry&) [with parallel_scan::RESULT_TYPE result_type = parallel_scan::RESULT_TYPE::BUILDVALUE_OPT; parallel_scan::SCAN_TYPE ST = parallel_scan::SCAN_TYPE::INDEX]’:
/usr/include/c++/11/ext/new_allocator.h:127:48: note: returned from ‘void* operator new(std::size_t)’
  127 |         return static_cast<_Tp*>(::operator new(__n * sizeof(_Tp)));
      |                                  ~~~~~~~~~~~~~~^~~~~~~~~~~~~~~~~~~
In file included from /home/vimkim/gh/cb/CBRD-27398-pgbuf-inspector-contract/src/base/memory_alloc.h:54,
                 from /home/vimkim/gh/cb/CBRD-27398-pgbuf-inspector-contract/src/base/memory_hash.h:30,
                 from /home/vimkim/gh/cb/CBRD-27398-pgbuf-inspector-contract/src/storage/file_io.h:33,
                 from /home/vimkim/gh/cb/CBRD-27398-pgbuf-inspector-contract/src/transaction/log_manager.h:37,
                 from /home/vimkim/gh/cb/CBRD-27398-pgbuf-inspector-contract/src/storage/file_manager.h:33,
                 from /home/vimkim/gh/cb/CBRD-27398-pgbuf-inspector-contract/src/query/query_manager.h:34,
                 from /home/vimkim/gh/cb/CBRD-27398-pgbuf-inspector-contract/src/query/parallel/px_scan/px_scan_task.hpp:26,
                 from /home/vimkim/gh/cb/CBRD-27398-pgbuf-inspector-contract/src/query/parallel/px_scan/px_scan_task.cpp:23:
In function ‘void cub_free(void*)’,
    inlined from ‘void operator delete(void*, size_t)’ at /home/vimkim/gh/cb/CBRD-27398-pgbuf-inspector-contract/src/base/memory_wrapper.hpp:75:12,
    inlined from ‘void __gnu_cxx::new_allocator<_Tp>::deallocate(_Tp*, __gnu_cxx::new_allocator<_Tp>::size_type) [with _Tp = std::_Rb_tree_node<std::pair<const int, parallel_scan::scan_info> >]’ at /usr/include/c++/11/ext/new_allocator.h:145:19,
    inlined from ‘static void std::allocator_traits<std::allocator<_Tp1> >::deallocate(std::allocator_traits<std::allocator<_Tp1> >::allocator_type&, std::allocator_traits<std::allocator<_Tp1> >::pointer, std::allocator_traits<std::allocator<_Tp1> >::size_type) [with _Tp = std::_Rb_tree_node<std::pair<const int, parallel_scan::scan_info> >]’ at /usr/include/c++/11/bits/alloc_traits.h:496:23,
    inlined from ‘void std::_Rb_tree<_Key, _Val, _KeyOfValue, _Compare, _Alloc>::_M_put_node(std::_Rb_tree<_Key, _Val, _KeyOfValue, _Compare, _Alloc>::_Link_type) [with _Key = int; _Val = std::pair<const int, parallel_scan::scan_info>; _KeyOfValue = std::_Select1st<std::pair<const int, parallel_scan::scan_info> >; _Compare = std::less<int>; _Alloc = std::allocator<std::pair<const int, parallel_scan::scan_info> >]’ at /usr/include/c++/11/bits/stl_tree.h:565:34,
    inlined from ‘void std::_Rb_tree<_Key, _Val, _KeyOfValue, _Compare, _Alloc>::_M_drop_node(std::_Rb_tree<_Key, _Val, _KeyOfValue, _Compare, _Alloc>::_Link_type) [with _Key = int; _Val = std::pair<const int, parallel_scan::scan_info>; _KeyOfValue = std::_Select1st<std::pair<const int, parallel_scan::scan_info> >; _Compare = std::less<int>; _Alloc = std::allocator<std::pair<const int, parallel_scan::scan_info> >]’ at /usr/include/c++/11/bits/stl_tree.h:632:13,
    inlined from ‘std::_Rb_tree<_Key, _Val, _KeyOfValue, _Compare, _Alloc>::iterator std::_Rb_tree<_Key, _Val, _KeyOfValue, _Compare, _Alloc>::_M_emplace_hint_unique(std::_Rb_tree<_Key, _Val, _KeyOfValue, _Compare, _Alloc>::const_iterator, _Args&& ...) [with _Args = {const std::piecewise_construct_t&, std::tuple<const int&>, std::tuple<>}; _Key = int; _Val = std::pair<const int, parallel_scan::scan_info>; _KeyOfValue = std::_Select1st<std::pair<const int, parallel_scan::scan_info> >; _Compare = std::less<int>; _Alloc = std::allocator<std::pair<const int, parallel_scan::scan_info> >]’ at /usr/include/c++/11/bits/stl_tree.h:2440:18,
    inlined from ‘std::map<_Key, _Tp, _Compare, _Alloc>::mapped_type& std::map<_Key, _Tp, _Compare, _Alloc>::operator[](const key_type&) [with _Key = int; _Tp = parallel_scan::scan_info; _Compare = std::less<int>; _Alloc = std::allocator<std::pair<const int, parallel_scan::scan_info> >]’ at /usr/include/c++/11/bits/stl_map.h:501:37,
    inlined from ‘parallel_scan::scan_info parallel_scan::pre_execution_info::get_scan_info(parallel_scan::XASL_NODE_ID)’ at /home/vimkim/gh/cb/CBRD-27398-pgbuf-inspector-contract/src/query/parallel/px_scan/px_scan_pre_execution_info.hpp:61:29,
    inlined from ‘int parallel_scan::task<result_type, ST>::initialize(cubthread::entry&) [with parallel_scan::RESULT_TYPE result_type = parallel_scan::RESULT_TYPE::MERGEABLE_LIST; parallel_scan::SCAN_TYPE ST = parallel_scan::SCAN_TYPE::HEAP]’ at /home/vimkim/gh/cb/CBRD-27398-pgbuf-inspector-contract/src/query/parallel/px_scan/px_scan_task.cpp:239:61:
/home/vimkim/gh/cb/CBRD-27398-pgbuf-inspector-contract/src/base/memory_cwrapper.h:86:8: warning: ‘void free(void*)’ called on pointer returned from a mismatched allocation function [-Wmismatched-new-delete]
   86 |   free (ptr);
      |   ~~~~~^~~~~
In file included from /usr/include/c++/11/x86_64-redhat-linux/bits/c++allocator.h:33,
                 from /usr/include/c++/11/bits/allocator.h:46,
                 from /usr/include/c++/11/vector:64,
                 from /home/vimkim/gh/cb/CBRD-27398-pgbuf-inspector-contract/src/transaction/log_lsa.hpp:30,
                 from /home/vimkim/gh/cb/CBRD-27398-pgbuf-inspector-contract/src/storage/disk_manager.h:30,
                 from /home/vimkim/gh/cb/CBRD-27398-pgbuf-inspector-contract/src/storage/file_manager.h:32,
                 from /home/vimkim/gh/cb/CBRD-27398-pgbuf-inspector-contract/src/query/query_manager.h:34,
                 from /home/vimkim/gh/cb/CBRD-27398-pgbuf-inspector-contract/src/query/parallel/px_scan/px_scan_task.hpp:26,
                 from /home/vimkim/gh/cb/CBRD-27398-pgbuf-inspector-contract/src/query/parallel/px_scan/px_scan_task.cpp:23:
/usr/include/c++/11/ext/new_allocator.h: In member function ‘int parallel_scan::task<result_type, ST>::initialize(cubthread::entry&) [with parallel_scan::RESULT_TYPE result_type = parallel_scan::RESULT_TYPE::MERGEABLE_LIST; parallel_scan::SCAN_TYPE ST = parallel_scan::SCAN_TYPE::HEAP]’:
/usr/include/c++/11/ext/new_allocator.h:127:48: note: returned from ‘void* operator new(std::size_t)’
  127 |         return static_cast<_Tp*>(::operator new(__n * sizeof(_Tp)));
      |                                  ~~~~~~~~~~~~~~^~~~~~~~~~~~~~~~~~~
In file included from /home/vimkim/gh/cb/CBRD-27398-pgbuf-inspector-contract/src/base/memory_alloc.h:54,
                 from /home/vimkim/gh/cb/CBRD-27398-pgbuf-inspector-contract/src/base/memory_hash.h:30,
                 from /home/vimkim/gh/cb/CBRD-27398-pgbuf-inspector-contract/src/storage/file_io.h:33,
                 from /home/vimkim/gh/cb/CBRD-27398-pgbuf-inspector-contract/src/transaction/log_manager.h:37,
                 from /home/vimkim/gh/cb/CBRD-27398-pgbuf-inspector-contract/src/storage/file_manager.h:33,
                 from /home/vimkim/gh/cb/CBRD-27398-pgbuf-inspector-contract/src/query/query_manager.h:34,
                 from /home/vimkim/gh/cb/CBRD-27398-pgbuf-inspector-contract/src/query/parallel/px_scan/px_scan_task.hpp:26,
                 from /home/vimkim/gh/cb/CBRD-27398-pgbuf-inspector-contract/src/query/parallel/px_scan/px_scan_task.cpp:23:
In function ‘void cub_free(void*)’,
    inlined from ‘void operator delete(void*, size_t)’ at /home/vimkim/gh/cb/CBRD-27398-pgbuf-inspector-contract/src/base/memory_wrapper.hpp:75:12,
    inlined from ‘void __gnu_cxx::new_allocator<_Tp>::deallocate(_Tp*, __gnu_cxx::new_allocator<_Tp>::size_type) [with _Tp = std::_Rb_tree_node<std::pair<const int, parallel_scan::scan_info> >]’ at /usr/include/c++/11/ext/new_allocator.h:145:19,
    inlined from ‘static void std::allocator_traits<std::allocator<_Tp1> >::deallocate(std::allocator_traits<std::allocator<_Tp1> >::allocator_type&, std::allocator_traits<std::allocator<_Tp1> >::pointer, std::allocator_traits<std::allocator<_Tp1> >::size_type) [with _Tp = std::_Rb_tree_node<std::pair<const int, parallel_scan::scan_info> >]’ at /usr/include/c++/11/bits/alloc_traits.h:496:23,
    inlined from ‘void std::_Rb_tree<_Key, _Val, _KeyOfValue, _Compare, _Alloc>::_M_put_node(std::_Rb_tree<_Key, _Val, _KeyOfValue, _Compare, _Alloc>::_Link_type) [with _Key = int; _Val = std::pair<const int, parallel_scan::scan_info>; _KeyOfValue = std::_Select1st<std::pair<const int, parallel_scan::scan_info> >; _Compare = std::less<int>; _Alloc = std::allocator<std::pair<const int, parallel_scan::scan_info> >]’ at /usr/include/c++/11/bits/stl_tree.h:565:34,
    inlined from ‘void std::_Rb_tree<_Key, _Val, _KeyOfValue, _Compare, _Alloc>::_M_drop_node(std::_Rb_tree<_Key, _Val, _KeyOfValue, _Compare, _Alloc>::_Link_type) [with _Key = int; _Val = std::pair<const int, parallel_scan::scan_info>; _KeyOfValue = std::_Select1st<std::pair<const int, parallel_scan::scan_info> >; _Compare = std::less<int>; _Alloc = std::allocator<std::pair<const int, parallel_scan::scan_info> >]’ at /usr/include/c++/11/bits/stl_tree.h:632:13,
    inlined from ‘std::_Rb_tree<_Key, _Val, _KeyOfValue, _Compare, _Alloc>::iterator std::_Rb_tree<_Key, _Val, _KeyOfValue, _Compare, _Alloc>::_M_emplace_hint_unique(std::_Rb_tree<_Key, _Val, _KeyOfValue, _Compare, _Alloc>::const_iterator, _Args&& ...) [with _Args = {const std::piecewise_construct_t&, std::tuple<const int&>, std::tuple<>}; _Key = int; _Val = std::pair<const int, parallel_scan::scan_info>; _KeyOfValue = std::_Select1st<std::pair<const int, parallel_scan::scan_info> >; _Compare = std::less<int>; _Alloc = std::allocator<std::pair<const int, parallel_scan::scan_info> >]’ at /usr/include/c++/11/bits/stl_tree.h:2440:18,
    inlined from ‘std::map<_Key, _Tp, _Compare, _Alloc>::mapped_type& std::map<_Key, _Tp, _Compare, _Alloc>::operator[](const key_type&) [with _Key = int; _Tp = parallel_scan::scan_info; _Compare = std::less<int>; _Alloc = std::allocator<std::pair<const int, parallel_scan::scan_info> >]’ at /usr/include/c++/11/bits/stl_map.h:501:37,
    inlined from ‘parallel_scan::scan_info parallel_scan::pre_execution_info::get_scan_info(parallel_scan::XASL_NODE_ID)’ at /home/vimkim/gh/cb/CBRD-27398-pgbuf-inspector-contract/src/query/parallel/px_scan/px_scan_pre_execution_info.hpp:61:29,
    inlined from ‘int parallel_scan::task<result_type, ST>::initialize(cubthread::entry&) [with parallel_scan::RESULT_TYPE result_type = parallel_scan::RESULT_TYPE::BUILDVALUE_OPT; parallel_scan::SCAN_TYPE ST = parallel_scan::SCAN_TYPE::HEAP]’ at /home/vimkim/gh/cb/CBRD-27398-pgbuf-inspector-contract/src/query/parallel/px_scan/px_scan_task.cpp:239:61:
/home/vimkim/gh/cb/CBRD-27398-pgbuf-inspector-contract/src/base/memory_cwrapper.h:86:8: warning: ‘void free(void*)’ called on pointer returned from a mismatched allocation function [-Wmismatched-new-delete]
   86 |   free (ptr);
      |   ~~~~~^~~~~
In file included from /usr/include/c++/11/x86_64-redhat-linux/bits/c++allocator.h:33,
                 from /usr/include/c++/11/bits/allocator.h:46,
                 from /usr/include/c++/11/vector:64,
                 from /home/vimkim/gh/cb/CBRD-27398-pgbuf-inspector-contract/src/transaction/log_lsa.hpp:30,
                 from /home/vimkim/gh/cb/CBRD-27398-pgbuf-inspector-contract/src/storage/disk_manager.h:30,
                 from /home/vimkim/gh/cb/CBRD-27398-pgbuf-inspector-contract/src/storage/file_manager.h:32,
                 from /home/vimkim/gh/cb/CBRD-27398-pgbuf-inspector-contract/src/query/query_manager.h:34,
                 from /home/vimkim/gh/cb/CBRD-27398-pgbuf-inspector-contract/src/query/parallel/px_scan/px_scan_task.hpp:26,
                 from /home/vimkim/gh/cb/CBRD-27398-pgbuf-inspector-contract/src/query/parallel/px_scan/px_scan_task.cpp:23:
/usr/include/c++/11/ext/new_allocator.h: In member function ‘int parallel_scan::task<result_type, ST>::initialize(cubthread::entry&) [with parallel_scan::RESULT_TYPE result_type = parallel_scan::RESULT_TYPE::BUILDVALUE_OPT; parallel_scan::SCAN_TYPE ST = parallel_scan::SCAN_TYPE::HEAP]’:
/usr/include/c++/11/ext/new_allocator.h:127:48: note: returned from ‘void* operator new(std::size_t)’
  127 |         return static_cast<_Tp*>(::operator new(__n * sizeof(_Tp)));
      |                                  ~~~~~~~~~~~~~~^~~~~~~~~~~~~~~~~~~
In file included from /home/vimkim/gh/cb/CBRD-27398-pgbuf-inspector-contract/src/base/memory_alloc.h:54,
                 from /home/vimkim/gh/cb/CBRD-27398-pgbuf-inspector-contract/src/base/memory_hash.h:30,
                 from /home/vimkim/gh/cb/CBRD-27398-pgbuf-inspector-contract/src/storage/file_io.h:33,
                 from /home/vimkim/gh/cb/CBRD-27398-pgbuf-inspector-contract/src/transaction/log_manager.h:37,
                 from /home/vimkim/gh/cb/CBRD-27398-pgbuf-inspector-contract/src/storage/file_manager.h:33,
                 from /home/vimkim/gh/cb/CBRD-27398-pgbuf-inspector-contract/src/query/query_manager.h:34,
                 from /home/vimkim/gh/cb/CBRD-27398-pgbuf-inspector-contract/src/query/parallel/px_scan/px_scan_task.hpp:26,
                 from /home/vimkim/gh/cb/CBRD-27398-pgbuf-inspector-contract/src/query/parallel/px_scan/px_scan_task.cpp:23:
In function ‘void cub_free(void*)’,
    inlined from ‘void operator delete(void*, size_t)’ at /home/vimkim/gh/cb/CBRD-27398-pgbuf-inspector-contract/src/base/memory_wrapper.hpp:75:12,
    inlined from ‘void __gnu_cxx::new_allocator<_Tp>::deallocate(_Tp*, __gnu_cxx::new_allocator<_Tp>::size_type) [with _Tp = std::_Rb_tree_node<std::pair<const int, parallel_scan::scan_info> >]’ at /usr/include/c++/11/ext/new_allocator.h:145:19,
    inlined from ‘static void std::allocator_traits<std::allocator<_Tp1> >::deallocate(std::allocator_traits<std::allocator<_Tp1> >::allocator_type&, std::allocator_traits<std::allocator<_Tp1> >::pointer, std::allocator_traits<std::allocator<_Tp1> >::size_type) [with _Tp = std::_Rb_tree_node<std::pair<const int, parallel_scan::scan_info> >]’ at /usr/include/c++/11/bits/alloc_traits.h:496:23,
    inlined from ‘void std::_Rb_tree<_Key, _Val, _KeyOfValue, _Compare, _Alloc>::_M_put_node(std::_Rb_tree<_Key, _Val, _KeyOfValue, _Compare, _Alloc>::_Link_type) [with _Key = int; _Val = std::pair<const int, parallel_scan::scan_info>; _KeyOfValue = std::_Select1st<std::pair<const int, parallel_scan::scan_info> >; _Compare = std::less<int>; _Alloc = std::allocator<std::pair<const int, parallel_scan::scan_info> >]’ at /usr/include/c++/11/bits/stl_tree.h:565:34,
    inlined from ‘void std::_Rb_tree<_Key, _Val, _KeyOfValue, _Compare, _Alloc>::_M_drop_node(std::_Rb_tree<_Key, _Val, _KeyOfValue, _Compare, _Alloc>::_Link_type) [with _Key = int; _Val = std::pair<const int, parallel_scan::scan_info>; _KeyOfValue = std::_Select1st<std::pair<const int, parallel_scan::scan_info> >; _Compare = std::less<int>; _Alloc = std::allocator<std::pair<const int, parallel_scan::scan_info> >]’ at /usr/include/c++/11/bits/stl_tree.h:632:13,
    inlined from ‘std::_Rb_tree<_Key, _Val, _KeyOfValue, _Compare, _Alloc>::iterator std::_Rb_tree<_Key, _Val, _KeyOfValue, _Compare, _Alloc>::_M_emplace_hint_unique(std::_Rb_tree<_Key, _Val, _KeyOfValue, _Compare, _Alloc>::const_iterator, _Args&& ...) [with _Args = {const std::piecewise_construct_t&, std::tuple<const int&>, std::tuple<>}; _Key = int; _Val = std::pair<const int, parallel_scan::scan_info>; _KeyOfValue = std::_Select1st<std::pair<const int, parallel_scan::scan_info> >; _Compare = std::less<int>; _Alloc = std::allocator<std::pair<const int, parallel_scan::scan_info> >]’ at /usr/include/c++/11/bits/stl_tree.h:2440:18,
    inlined from ‘std::map<_Key, _Tp, _Compare, _Alloc>::mapped_type& std::map<_Key, _Tp, _Compare, _Alloc>::operator[](const key_type&) [with _Key = int; _Tp = parallel_scan::scan_info; _Compare = std::less<int>; _Alloc = std::allocator<std::pair<const int, parallel_scan::scan_info> >]’ at /usr/include/c++/11/bits/stl_map.h:501:37,
    inlined from ‘parallel_scan::scan_info parallel_scan::pre_execution_info::get_scan_info(parallel_scan::XASL_NODE_ID)’ at /home/vimkim/gh/cb/CBRD-27398-pgbuf-inspector-contract/src/query/parallel/px_scan/px_scan_pre_execution_info.hpp:61:29,
    inlined from ‘int parallel_scan::task<result_type, ST>::initialize(cubthread::entry&) [with parallel_scan::RESULT_TYPE result_type = parallel_scan::RESULT_TYPE::MERGEABLE_LIST; parallel_scan::SCAN_TYPE ST = parallel_scan::SCAN_TYPE::LIST]’ at /home/vimkim/gh/cb/CBRD-27398-pgbuf-inspector-contract/src/query/parallel/px_scan/px_scan_task.cpp:239:61:
/home/vimkim/gh/cb/CBRD-27398-pgbuf-inspector-contract/src/base/memory_cwrapper.h:86:8: warning: ‘void free(void*)’ called on pointer returned from a mismatched allocation function [-Wmismatched-new-delete]
   86 |   free (ptr);
      |   ~~~~~^~~~~
In file included from /usr/include/c++/11/x86_64-redhat-linux/bits/c++allocator.h:33,
                 from /usr/include/c++/11/bits/allocator.h:46,
                 from /usr/include/c++/11/vector:64,
                 from /home/vimkim/gh/cb/CBRD-27398-pgbuf-inspector-contract/src/transaction/log_lsa.hpp:30,
                 from /home/vimkim/gh/cb/CBRD-27398-pgbuf-inspector-contract/src/storage/disk_manager.h:30,
                 from /home/vimkim/gh/cb/CBRD-27398-pgbuf-inspector-contract/src/storage/file_manager.h:32,
                 from /home/vimkim/gh/cb/CBRD-27398-pgbuf-inspector-contract/src/query/query_manager.h:34,
                 from /home/vimkim/gh/cb/CBRD-27398-pgbuf-inspector-contract/src/query/parallel/px_scan/px_scan_task.hpp:26,
                 from /home/vimkim/gh/cb/CBRD-27398-pgbuf-inspector-contract/src/query/parallel/px_scan/px_scan_task.cpp:23:
/usr/include/c++/11/ext/new_allocator.h: In member function ‘int parallel_scan::task<result_type, ST>::initialize(cubthread::entry&) [with parallel_scan::RESULT_TYPE result_type = parallel_scan::RESULT_TYPE::MERGEABLE_LIST; parallel_scan::SCAN_TYPE ST = parallel_scan::SCAN_TYPE::LIST]’:
/usr/include/c++/11/ext/new_allocator.h:127:48: note: returned from ‘void* operator new(std::size_t)’
  127 |         return static_cast<_Tp*>(::operator new(__n * sizeof(_Tp)));
      |                                  ~~~~~~~~~~~~~~^~~~~~~~~~~~~~~~~~~
In file included from /home/vimkim/gh/cb/CBRD-27398-pgbuf-inspector-contract/src/base/memory_alloc.h:54,
                 from /home/vimkim/gh/cb/CBRD-27398-pgbuf-inspector-contract/src/base/memory_hash.h:30,
                 from /home/vimkim/gh/cb/CBRD-27398-pgbuf-inspector-contract/src/storage/file_io.h:33,
                 from /home/vimkim/gh/cb/CBRD-27398-pgbuf-inspector-contract/src/transaction/log_manager.h:37,
                 from /home/vimkim/gh/cb/CBRD-27398-pgbuf-inspector-contract/src/storage/file_manager.h:33,
                 from /home/vimkim/gh/cb/CBRD-27398-pgbuf-inspector-contract/src/query/query_manager.h:34,
                 from /home/vimkim/gh/cb/CBRD-27398-pgbuf-inspector-contract/src/query/parallel/px_scan/px_scan_task.hpp:26,
                 from /home/vimkim/gh/cb/CBRD-27398-pgbuf-inspector-contract/src/query/parallel/px_scan/px_scan_task.cpp:23:
In function ‘void cub_free(void*)’,
    inlined from ‘void operator delete(void*, size_t)’ at /home/vimkim/gh/cb/CBRD-27398-pgbuf-inspector-contract/src/base/memory_wrapper.hpp:75:12,
    inlined from ‘void __gnu_cxx::new_allocator<_Tp>::deallocate(_Tp*, __gnu_cxx::new_allocator<_Tp>::size_type) [with _Tp = std::_Rb_tree_node<std::pair<const int, parallel_scan::scan_info> >]’ at /usr/include/c++/11/ext/new_allocator.h:145:19,
    inlined from ‘static void std::allocator_traits<std::allocator<_Tp1> >::deallocate(std::allocator_traits<std::allocator<_Tp1> >::allocator_type&, std::allocator_traits<std::allocator<_Tp1> >::pointer, std::allocator_traits<std::allocator<_Tp1> >::size_type) [with _Tp = std::_Rb_tree_node<std::pair<const int, parallel_scan::scan_info> >]’ at /usr/include/c++/11/bits/alloc_traits.h:496:23,
    inlined from ‘void std::_Rb_tree<_Key, _Val, _KeyOfValue, _Compare, _Alloc>::_M_put_node(std::_Rb_tree<_Key, _Val, _KeyOfValue, _Compare, _Alloc>::_Link_type) [with _Key = int; _Val = std::pair<const int, parallel_scan::scan_info>; _KeyOfValue = std::_Select1st<std::pair<const int, parallel_scan::scan_info> >; _Compare = std::less<int>; _Alloc = std::allocator<std::pair<const int, parallel_scan::scan_info> >]’ at /usr/include/c++/11/bits/stl_tree.h:565:34,
    inlined from ‘void std::_Rb_tree<_Key, _Val, _KeyOfValue, _Compare, _Alloc>::_M_drop_node(std::_Rb_tree<_Key, _Val, _KeyOfValue, _Compare, _Alloc>::_Link_type) [with _Key = int; _Val = std::pair<const int, parallel_scan::scan_info>; _KeyOfValue = std::_Select1st<std::pair<const int, parallel_scan::scan_info> >; _Compare = std::less<int>; _Alloc = std::allocator<std::pair<const int, parallel_scan::scan_info> >]’ at /usr/include/c++/11/bits/stl_tree.h:632:13,
    inlined from ‘std::_Rb_tree<_Key, _Val, _KeyOfValue, _Compare, _Alloc>::iterator std::_Rb_tree<_Key, _Val, _KeyOfValue, _Compare, _Alloc>::_M_emplace_hint_unique(std::_Rb_tree<_Key, _Val, _KeyOfValue, _Compare, _Alloc>::const_iterator, _Args&& ...) [with _Args = {const std::piecewise_construct_t&, std::tuple<const int&>, std::tuple<>}; _Key = int; _Val = std::pair<const int, parallel_scan::scan_info>; _KeyOfValue = std::_Select1st<std::pair<const int, parallel_scan::scan_info> >; _Compare = std::less<int>; _Alloc = std::allocator<std::pair<const int, parallel_scan::scan_info> >]’ at /usr/include/c++/11/bits/stl_tree.h:2440:18,
    inlined from ‘std::map<_Key, _Tp, _Compare, _Alloc>::mapped_type& std::map<_Key, _Tp, _Compare, _Alloc>::operator[](const key_type&) [with _Key = int; _Tp = parallel_scan::scan_info; _Compare = std::less<int>; _Alloc = std::allocator<std::pair<const int, parallel_scan::scan_info> >]’ at /usr/include/c++/11/bits/stl_map.h:501:37,
    inlined from ‘parallel_scan::scan_info parallel_scan::pre_execution_info::get_scan_info(parallel_scan::XASL_NODE_ID)’ at /home/vimkim/gh/cb/CBRD-27398-pgbuf-inspector-contract/src/query/parallel/px_scan/px_scan_pre_execution_info.hpp:61:29,
    inlined from ‘int parallel_scan::task<result_type, ST>::initialize(cubthread::entry&) [with parallel_scan::RESULT_TYPE result_type = parallel_scan::RESULT_TYPE::BUILDVALUE_OPT; parallel_scan::SCAN_TYPE ST = parallel_scan::SCAN_TYPE::LIST]’ at /home/vimkim/gh/cb/CBRD-27398-pgbuf-inspector-contract/src/query/parallel/px_scan/px_scan_task.cpp:239:61:
/home/vimkim/gh/cb/CBRD-27398-pgbuf-inspector-contract/src/base/memory_cwrapper.h:86:8: warning: ‘void free(void*)’ called on pointer returned from a mismatched allocation function [-Wmismatched-new-delete]
   86 |   free (ptr);
      |   ~~~~~^~~~~
In file included from /usr/include/c++/11/x86_64-redhat-linux/bits/c++allocator.h:33,
                 from /usr/include/c++/11/bits/allocator.h:46,
                 from /usr/include/c++/11/vector:64,
                 from /home/vimkim/gh/cb/CBRD-27398-pgbuf-inspector-contract/src/transaction/log_lsa.hpp:30,
                 from /home/vimkim/gh/cb/CBRD-27398-pgbuf-inspector-contract/src/storage/disk_manager.h:30,
                 from /home/vimkim/gh/cb/CBRD-27398-pgbuf-inspector-contract/src/storage/file_manager.h:32,
                 from /home/vimkim/gh/cb/CBRD-27398-pgbuf-inspector-contract/src/query/query_manager.h:34,
                 from /home/vimkim/gh/cb/CBRD-27398-pgbuf-inspector-contract/src/query/parallel/px_scan/px_scan_task.hpp:26,
                 from /home/vimkim/gh/cb/CBRD-27398-pgbuf-inspector-contract/src/query/parallel/px_scan/px_scan_task.cpp:23:
/usr/include/c++/11/ext/new_allocator.h: In member function ‘int parallel_scan::task<result_type, ST>::initialize(cubthread::entry&) [with parallel_scan::RESULT_TYPE result_type = parallel_scan::RESULT_TYPE::BUILDVALUE_OPT; parallel_scan::SCAN_TYPE ST = parallel_scan::SCAN_TYPE::LIST]’:
/usr/include/c++/11/ext/new_allocator.h:127:48: note: returned from ‘void* operator new(std::size_t)’
  127 |         return static_cast<_Tp*>(::operator new(__n * sizeof(_Tp)));
      |                                  ~~~~~~~~~~~~~~^~~~~~~~~~~~~~~~~~~
In file included from /home/vimkim/gh/cb/CBRD-27398-pgbuf-inspector-contract/src/base/memory_alloc.h:54,
                 from /home/vimkim/gh/cb/CBRD-27398-pgbuf-inspector-contract/src/base/memory_hash.h:30,
                 from /home/vimkim/gh/cb/CBRD-27398-pgbuf-inspector-contract/src/storage/file_io.h:33,
                 from /home/vimkim/gh/cb/CBRD-27398-pgbuf-inspector-contract/src/transaction/log_manager.h:37,
                 from /home/vimkim/gh/cb/CBRD-27398-pgbuf-inspector-contract/src/storage/file_manager.h:33,
                 from /home/vimkim/gh/cb/CBRD-27398-pgbuf-inspector-contract/src/query/query_manager.h:34,
                 from /home/vimkim/gh/cb/CBRD-27398-pgbuf-inspector-contract/src/query/parallel/px_scan/px_scan_task.hpp:26,
                 from /home/vimkim/gh/cb/CBRD-27398-pgbuf-inspector-contract/src/query/parallel/px_scan/px_scan_task.cpp:23:
In function ‘void cub_free(void*)’,
    inlined from ‘void operator delete(void*, size_t)’ at /home/vimkim/gh/cb/CBRD-27398-pgbuf-inspector-contract/src/base/memory_wrapper.hpp:75:12,
    inlined from ‘void __gnu_cxx::new_allocator<_Tp>::deallocate(_Tp*, __gnu_cxx::new_allocator<_Tp>::size_type) [with _Tp = std::_Rb_tree_node<std::pair<const int, parallel_scan::scan_info> >]’ at /usr/include/c++/11/ext/new_allocator.h:145:19,
    inlined from ‘static void std::allocator_traits<std::allocator<_Tp1> >::deallocate(std::allocator_traits<std::allocator<_Tp1> >::allocator_type&, std::allocator_traits<std::allocator<_Tp1> >::pointer, std::allocator_traits<std::allocator<_Tp1> >::size_type) [with _Tp = std::_Rb_tree_node<std::pair<const int, parallel_scan::scan_info> >]’ at /usr/include/c++/11/bits/alloc_traits.h:496:23,
    inlined from ‘void std::_Rb_tree<_Key, _Val, _KeyOfValue, _Compare, _Alloc>::_M_put_node(std::_Rb_tree<_Key, _Val, _KeyOfValue, _Compare, _Alloc>::_Link_type) [with _Key = int; _Val = std::pair<const int, parallel_scan::scan_info>; _KeyOfValue = std::_Select1st<std::pair<const int, parallel_scan::scan_info> >; _Compare = std::less<int>; _Alloc = std::allocator<std::pair<const int, parallel_scan::scan_info> >]’ at /usr/include/c++/11/bits/stl_tree.h:565:34,
    inlined from ‘void std::_Rb_tree<_Key, _Val, _KeyOfValue, _Compare, _Alloc>::_M_drop_node(std::_Rb_tree<_Key, _Val, _KeyOfValue, _Compare, _Alloc>::_Link_type) [with _Key = int; _Val = std::pair<const int, parallel_scan::scan_info>; _KeyOfValue = std::_Select1st<std::pair<const int, parallel_scan::scan_info> >; _Compare = std::less<int>; _Alloc = std::allocator<std::pair<const int, parallel_scan::scan_info> >]’ at /usr/include/c++/11/bits/stl_tree.h:632:13,
    inlined from ‘std::_Rb_tree<_Key, _Val, _KeyOfValue, _Compare, _Alloc>::iterator std::_Rb_tree<_Key, _Val, _KeyOfValue, _Compare, _Alloc>::_M_emplace_hint_unique(std::_Rb_tree<_Key, _Val, _KeyOfValue, _Compare, _Alloc>::const_iterator, _Args&& ...) [with _Args = {const std::piecewise_construct_t&, std::tuple<const int&>, std::tuple<>}; _Key = int; _Val = std::pair<const int, parallel_scan::scan_info>; _KeyOfValue = std::_Select1st<std::pair<const int, parallel_scan::scan_info> >; _Compare = std::less<int>; _Alloc = std::allocator<std::pair<const int, parallel_scan::scan_info> >]’ at /usr/include/c++/11/bits/stl_tree.h:2440:18,
    inlined from ‘std::map<_Key, _Tp, _Compare, _Alloc>::mapped_type& std::map<_Key, _Tp, _Compare, _Alloc>::operator[](const key_type&) [with _Key = int; _Tp = parallel_scan::scan_info; _Compare = std::less<int>; _Alloc = std::allocator<std::pair<const int, parallel_scan::scan_info> >]’ at /usr/include/c++/11/bits/stl_map.h:501:37,
    inlined from ‘parallel_scan::scan_info parallel_scan::pre_execution_info::get_scan_info(parallel_scan::XASL_NODE_ID)’ at /home/vimkim/gh/cb/CBRD-27398-pgbuf-inspector-contract/src/query/parallel/px_scan/px_scan_pre_execution_info.hpp:61:29,
    inlined from ‘int parallel_scan::task<result_type, ST>::initialize(cubthread::entry&) [with parallel_scan::RESULT_TYPE result_type = parallel_scan::RESULT_TYPE::MERGEABLE_LIST; parallel_scan::SCAN_TYPE ST = parallel_scan::SCAN_TYPE::INDEX]’ at /home/vimkim/gh/cb/CBRD-27398-pgbuf-inspector-contract/src/query/parallel/px_scan/px_scan_task.cpp:239:61:
/home/vimkim/gh/cb/CBRD-27398-pgbuf-inspector-contract/src/base/memory_cwrapper.h:86:8: warning: ‘void free(void*)’ called on pointer returned from a mismatched allocation function [-Wmismatched-new-delete]
   86 |   free (ptr);
      |   ~~~~~^~~~~
In file included from /usr/include/c++/11/x86_64-redhat-linux/bits/c++allocator.h:33,
                 from /usr/include/c++/11/bits/allocator.h:46,
                 from /usr/include/c++/11/vector:64,
                 from /home/vimkim/gh/cb/CBRD-27398-pgbuf-inspector-contract/src/transaction/log_lsa.hpp:30,
                 from /home/vimkim/gh/cb/CBRD-27398-pgbuf-inspector-contract/src/storage/disk_manager.h:30,
                 from /home/vimkim/gh/cb/CBRD-27398-pgbuf-inspector-contract/src/storage/file_manager.h:32,
                 from /home/vimkim/gh/cb/CBRD-27398-pgbuf-inspector-contract/src/query/query_manager.h:34,
                 from /home/vimkim/gh/cb/CBRD-27398-pgbuf-inspector-contract/src/query/parallel/px_scan/px_scan_task.hpp:26,
                 from /home/vimkim/gh/cb/CBRD-27398-pgbuf-inspector-contract/src/query/parallel/px_scan/px_scan_task.cpp:23:
/usr/include/c++/11/ext/new_allocator.h: In member function ‘int parallel_scan::task<result_type, ST>::initialize(cubthread::entry&) [with parallel_scan::RESULT_TYPE result_type = parallel_scan::RESULT_TYPE::MERGEABLE_LIST; parallel_scan::SCAN_TYPE ST = parallel_scan::SCAN_TYPE::INDEX]’:
/usr/include/c++/11/ext/new_allocator.h:127:48: note: returned from ‘void* operator new(std::size_t)’
  127 |         return static_cast<_Tp*>(::operator new(__n * sizeof(_Tp)));
      |                                  ~~~~~~~~~~~~~~^~~~~~~~~~~~~~~~~~~
[1148/1274] Building CXX object broker/CMakeFiles/cub_cas.dir/__/src/broker/cas.c.o
[1149/1274] Building CXX object broker/CMakeFiles/cas_common_lib.dir/__/src/base/ddl_log.c.o
[1150/1274] Building CXX object unit_tests/common/CMakeFiles/test_common.dir/test_perf_compare.cpp.o
[1151/1274] Building CXX object cubrid/CMakeFiles/cubrid.dir/__/src/query/parallel/px_scan/px_scan_result_handler.cpp.o
[1152/1274] Building CXX object broker/CMakeFiles/cas_cgw_lib.dir/__/src/broker/cas_cgw_execute.c.o
[1153/1274] Building CXX object broker/CMakeFiles/brokeradmin.dir/__/src/broker/broker_config.c.o
[1154/1274] Building CXX object cubrid/CMakeFiles/cubrid.dir/__/src/query/parallel/px_scan/px_scan.cpp.o
[1155/1274] Linking CXX static library unit_tests/common/libtest_common.a
[1156/1274] Building CXX object broker/CMakeFiles/cas_cgw_lib.dir/__/src/broker/cas_cgw_function.c.o
[1157/1274] Building CXX object broker/CMakeFiles/cub_cas_cgw.dir/__/src/broker/cas_cgw.c.o
[1158/1274] Building CXX object broker/CMakeFiles/broker_log_top.dir/__/src/broker/broker_config.c.o
[1159/1274] Building CXX object broker/CMakeFiles/brokeradmin.dir/__/src/broker/broker_admin_pub.c.o
/home/vimkim/gh/cb/CBRD-27398-pgbuf-inspector-contract/src/broker/broker_admin_pub.c: In function ‘int admin_getid_cmd(int, int, const char**)’:
/home/vimkim/gh/cb/CBRD-27398-pgbuf-inspector-contract/src/broker/broker_admin_pub.c:1575:49: warning: ‘%s’ directive writing up to 4095 bytes into a region of size 2033 [-Wformat-overflow=]
 1575 |         sprintf (buf + buf_len, "LIBRARY_NAME : %s, ",
      |                                                 ^~
/home/vimkim/gh/cb/CBRD-27398-pgbuf-inspector-contract/src/broker/broker_admin_pub.c:1575:17: note: ‘sprintf’ output between 18 and 4113 bytes into a destination of size 2048
 1575 |         sprintf (buf + buf_len, "LIBRARY_NAME : %s, ",
      |         ~~~~~~~~^~~~~~~~~~~~~~~~~~~~~~~~~~~~~~~~~~~~~~
 1576 |                  (shm_proxy_p->shard_key_library_name[0] == 0) ? "NOT DEFINED" : shm_proxy_p->shard_key_library_name);
      |                  ~~~~~~~~~~~~~~~~~~~~~~~~~~~~~~~~~~~~~~~~~~~~~~~~~~~~~~~~~~~~~~~~~~~~~~~~~~~~~~~~~~~~~~~~~~~~~~~~~~~~
/home/vimkim/gh/cb/CBRD-27398-pgbuf-inspector-contract/src/broker/broker_admin_pub.c:1578:50: warning: ‘%s’ directive writing up to 4095 bytes into a region of size 2032 [-Wformat-overflow=]
 1578 |         sprintf (buf + buf_len, "FUNCTION_NAME : %s ",
      |                                                  ^~
/home/vimkim/gh/cb/CBRD-27398-pgbuf-inspector-contract/src/broker/broker_admin_pub.c:1578:17: note: ‘sprintf’ output between 18 and 4113 bytes into a destination of size 2048
 1578 |         sprintf (buf + buf_len, "FUNCTION_NAME : %s ",
      |         ~~~~~~~~^~~~~~~~~~~~~~~~~~~~~~~~~~~~~~~~~~~~~~
 1579 |                  (shm_proxy_p->shard_key_function_name[0] == 0) ? "NOT DEFINED" : shm_proxy_p->shard_key_function_name);
      |                  ~~~~~~~~~~~~~~~~~~~~~~~~~~~~~~~~~~~~~~~~~~~~~~~~~~~~~~~~~~~~~~~~~~~~~~~~~~~~~~~~~~~~~~~~~~~~~~~~~~~~~~
[1160/1274] Building CXX object broker/CMakeFiles/cub_cas.dir/__/src/broker/cas_function.c.o
[1161/1274] Building CXX object unit_tests/oos/CMakeFiles/test_oos_tde_gate.dir/test_oos_tde_gate.cpp.o
[1162/1274] Building CXX object unit_tests/oos/CMakeFiles/test_oos_record_flags.dir/test_oos_record_flags.cpp.o
[1163/1274] Building CXX object unit_tests/pgbuf_inspector/CMakeFiles/test_pgbuf_inspector.dir/__/__/src/storage/pgbuf_inspector_scan.cpp.o
[1164/1274] Building CXX object cubrid/CMakeFiles/cubrid.dir/__/src/storage/btree.c.o
[1165/1274] Building CXX object unit_tests/pgbuf_inspector/CMakeFiles/pgbuf_inspector_fixture.dir/pgbuf_inspector_fixture.cpp.o
FAILED: unit_tests/pgbuf_inspector/CMakeFiles/pgbuf_inspector_fixture.dir/pgbuf_inspector_fixture.cpp.o 
ccache /usr/bin/g++ -DCUBRID_UNIT_TEST_ENABLED -DGCC -DI386 -DLINUX -DMAXPATHLEN=1024 -DSERVER_MODE -DSYSV -DX86 -D_FILE_OFFSET_BITS=64 -D_GNU_SOURCE -D_LARGEFILE64_SOURCE -D_REENTRANT -I/home/vimkim/gh/cb/CBRD-27398-pgbuf-inspector-contract/build_preset_release_gcc -I/home/vimkim/gh/cb/CBRD-27398-pgbuf-inspector-contract/include -I/home/vimkim/gh/cb/CBRD-27398-pgbuf-inspector-contract/src/api -I/home/vimkim/gh/cb/CBRD-27398-pgbuf-inspector-contract/src/base -I/home/vimkim/gh/cb/CBRD-27398-pgbuf-inspector-contract/src/broker -I/home/vimkim/gh/cb/CBRD-27398-pgbuf-inspector-contract/src/communication -I/home/vimkim/gh/cb/CBRD-27398-pgbuf-inspector-contract/src/compat -I/home/vimkim/gh/cb/CBRD-27398-pgbuf-inspector-contract/src/connection -I/home/vimkim/gh/cb/CBRD-27398-pgbuf-inspector-contract/src/debugging -I/home/vimkim/gh/cb/CBRD-27398-pgbuf-inspector-contract/src/executables -I/home/vimkim/gh/cb/CBRD-27398-pgbuf-inspector-contract/src/heaplayers -I/home/vimkim/gh/cb/CBRD-27398-pgbuf-inspector-contract/src/sp -I/home/vimkim/gh/cb/CBRD-27398-pgbuf-inspector-contract/src/loaddb -I/home/vimkim/gh/cb/CBRD-27398-pgbuf-inspector-contract/src/method -I/home/vimkim/gh/cb/CBRD-27398-pgbuf-inspector-contract/src/monitor -I/home/vimkim/gh/cb/CBRD-27398-pgbuf-inspector-contract/src/object -I/home/vimkim/gh/cb/CBRD-27398-pgbuf-inspector-contract/src/optimizer -I/home/vimkim/gh/cb/CBRD-27398-pgbuf-inspector-contract/src/optimizer/histogram -I/home/vimkim/gh/cb/CBRD-27398-pgbuf-inspector-contract/src/parser -I/home/vimkim/gh/cb/CBRD-27398-pgbuf-inspector-contract/src/replication -I/home/vimkim/gh/cb/CBRD-27398-pgbuf-inspector-contract/src/query -I/home/vimkim/gh/cb/CBRD-27398-pgbuf-inspector-contract/src/session -I/home/vimkim/gh/cb/CBRD-27398-pgbuf-inspector-contract/src/storage -I/home/vimkim/gh/cb/CBRD-27398-pgbuf-inspector-contract/src/thread -I/home/vimkim/gh/cb/CBRD-27398-pgbuf-inspector-contract/src/transaction -I/home/vimkim/gh/cb/CBRD-27398-pgbuf-inspector-contract/src/xasl -I/home/vimkim/gh/cb/CBRD-27398-pgbuf-inspector-contract/src/query/parallel/px_hash_join -I/home/vimkim/gh/cb/CBRD-27398-pgbuf-inspector-contract/src/query/parallel/px_scan -I/home/vimkim/gh/cb/CBRD-27398-pgbuf-inspector-contract/src/query/parallel/px_scan/index -I/home/vimkim/gh/cb/CBRD-27398-pgbuf-inspector-contract/src/query/parallel -I/home/vimkim/gh/cb/CBRD-27398-pgbuf-inspector-contract/src/query/parallel/px_query_execute -I/home/vimkim/gh/cb/CBRD-27398-pgbuf-inspector-contract/cubrid-cci/src/cci -I/home/vimkim/gh/cb/CBRD-27398-pgbuf-inspector-contract/cubrid-cci/src/tools -I/home/vimkim/gh/cb/CBRD-27398-pgbuf-inspector-contract/build_preset_release_gcc/unit_tests/catch2-prefix/src/catch2/single_include -I/home/vimkim/gh/cb/CBRD-27398-pgbuf-inspector-contract/build_preset_release_gcc/3rdparty/include/expat -I/home/vimkim/gh/cb/CBRD-27398-pgbuf-inspector-contract/build_preset_release_gcc/3rdparty/include/jansson -I/home/vimkim/gh/cb/CBRD-27398-pgbuf-inspector-contract/build_preset_release_gcc/3rdparty/include -I/home/vimkim/gh/cb/CBRD-27398-pgbuf-inspector-contract/build_preset_release_gcc/3rdparty/Source/lz4/lib -I/home/vimkim/gh/cb/CBRD-27398-pgbuf-inspector-contract/build_preset_release_gcc/3rdparty/Source/rapidjson/include -I/home/vimkim/gh/cb/CBRD-27398-pgbuf-inspector-contract/build_preset_release_gcc/3rdparty/Source/re2 -I/home/vimkim/gh/cb/CBRD-27398-pgbuf-inspector-contract/unit_tests/common -I/home/vimkim/gh/cb/CBRD-27398-pgbuf-inspector-contract/build_preset_release_gcc/3rdparty/Source/libtbb/include/tbb -I/home/vimkim/gh/cb/CBRD-27398-pgbuf-inspector-contract/build_preset_release_gcc/3rdparty/Source/libtbb/include/oneapi -I/home/vimkim/gh/cb/CBRD-27398-pgbuf-inspector-contract/build_preset_release_gcc/3rdparty/Source/libtbb/include/oneapi/tbb -I/home/vimkim/gh/cb/CBRD-27398-pgbuf-inspector-contract/build_preset_release_gcc/3rdparty/Source/libtbb/include/oneapi/tbb/detail -fdiagnostics-color=always -Wno-error=maybe-uninitialized -Wall -Werror -Wformat -Wformat-security -Werror=format-security -Wwrite-strings  -Wredundant-decls -Wclobbered -Wextra -Wno-unused -Wno-unused-result -Wno-unused-parameter -pthread -O2 -ggdb3 -DNDEBUG -finline-functions -Wno-error=mismatched-new-delete -Wno-error=enum-conversion -Wno-error=stringop-truncation -Wno-error=format-overflow= -Wno-error=format= -Wno-error=format-truncation -O2 -DNDEBUG -finline-functions -ggdb -fno-omit-frame-pointer -fPIE -std=c++17 -std=gnu++17 -fdiagnostics-color=always -MD -MT unit_tests/pgbuf_inspector/CMakeFiles/pgbuf_inspector_fixture.dir/pgbuf_inspector_fixture.cpp.o -MF unit_tests/pgbuf_inspector/CMakeFiles/pgbuf_inspector_fixture.dir/pgbuf_inspector_fixture.cpp.o.d -o unit_tests/pgbuf_inspector/CMakeFiles/pgbuf_inspector_fixture.dir/pgbuf_inspector_fixture.cpp.o -c /home/vimkim/gh/cb/CBRD-27398-pgbuf-inspector-contract/unit_tests/pgbuf_inspector/pgbuf_inspector_fixture.cpp
/home/vimkim/gh/cb/CBRD-27398-pgbuf-inspector-contract/unit_tests/pgbuf_inspector/pgbuf_inspector_fixture.cpp: In function ‘int main(int, char**)’:
/home/vimkim/gh/cb/CBRD-27398-pgbuf-inspector-contract/unit_tests/pgbuf_inspector/pgbuf_inspector_fixture.cpp:159:20: error: ‘pgbuf_is_page_fixed_by_thread’ was not declared in this scope
  159 |               if (!pgbuf_is_page_fixed_by_thread (fixture_thread, &target))
      |                    ^~~~~~~~~~~~~~~~~~~~~~~~~~~~~
/home/vimkim/gh/cb/CBRD-27398-pgbuf-inspector-contract/unit_tests/pgbuf_inspector/pgbuf_inspector_fixture.cpp:167:20: error: ‘pgbuf_is_page_fixed_by_thread’ was not declared in this scope
  167 |               if (!pgbuf_is_page_fixed_by_thread (fixture_thread, &target)
      |                    ^~~~~~~~~~~~~~~~~~~~~~~~~~~~~
[1166/1274] Building CXX object cm_common/CMakeFiles/cmdep.dir/__/src/cm_common/cm_dep_tasks.c.o
[1167/1274] Building CXX object unit_tests/pgbuf_inspector/CMakeFiles/test_pgbuf_inspector.dir/__/__/src/storage/pgbuf_inspector_socket.cpp.o
[1168/1274] Building CXX object cubrid/CMakeFiles/cubrid.dir/__/src/query/query_executor.c.o
[1169/1274] Building CXX object unit_tests/oos/CMakeFiles/test_oos_remove_file.dir/test_oos_remove_file.cpp.o
[1170/1274] Building CXX object cubrid/CMakeFiles/cubrid.dir/__/src/transaction/log_manager.c.o
In file included from /home/vimkim/gh/cb/CBRD-27398-pgbuf-inspector-contract/src/base/memory_alloc.h:54,
                 from /home/vimkim/gh/cb/CBRD-27398-pgbuf-inspector-contract/src/base/memory_hash.h:30,
                 from /home/vimkim/gh/cb/CBRD-27398-pgbuf-inspector-contract/src/storage/file_io.h:33,
                 from /home/vimkim/gh/cb/CBRD-27398-pgbuf-inspector-contract/src/transaction/log_manager.h:37,
                 from /home/vimkim/gh/cb/CBRD-27398-pgbuf-inspector-contract/src/transaction/log_manager.c:47:
In function ‘void cub_free(void*)’,
    inlined from ‘void operator delete(void*, size_t)’ at /home/vimkim/gh/cb/CBRD-27398-pgbuf-inspector-contract/src/base/memory_wrapper.hpp:75:12,
    inlined from ‘void __gnu_cxx::new_allocator<_Tp>::deallocate(_Tp*, __gnu_cxx::new_allocator<_Tp>::size_type) [with _Tp = std::__detail::_Hash_node<std::pair<const int, int>, false>]’ at /usr/include/c++/11/ext/new_allocator.h:145:19,
    inlined from ‘static void std::allocator_traits<std::allocator<_Tp1> >::deallocate(std::allocator_traits<std::allocator<_Tp1> >::allocator_type&, std::allocator_traits<std::allocator<_Tp1> >::pointer, std::allocator_traits<std::allocator<_Tp1> >::size_type) [with _Tp = std::__detail::_Hash_node<std::pair<const int, int>, false>]’ at /usr/include/c++/11/bits/alloc_traits.h:496:23,
    inlined from ‘void std::__detail::_Hashtable_alloc<_NodeAlloc>::_M_deallocate_node_ptr(std::__detail::_Hashtable_alloc<_NodeAlloc>::__node_ptr) [with _NodeAlloc = std::allocator<std::__detail::_Hash_node<std::pair<const int, int>, false> >]’ at /usr/include/c++/11/bits/hashtable_policy.h:1909:38,
    inlined from ‘void std::__detail::_Hashtable_alloc<_NodeAlloc>::_M_deallocate_node(std::__detail::_Hashtable_alloc<_NodeAlloc>::__node_ptr) [with _NodeAlloc = std::allocator<std::__detail::_Hash_node<std::pair<const int, int>, false> >]’ at /usr/include/c++/11/bits/hashtable_policy.h:1899:29,
    inlined from ‘std::_Hashtable<_Key, _Value, _Alloc, _ExtractKey, _Equal, _Hash, _RangeHash, _Unused, _RehashPolicy, _Traits>::_Scoped_node::~_Scoped_node() [with _Key = int; _Value = std::pair<const int, int>; _Alloc = std::allocator<std::pair<const int, int> >; _ExtractKey = std::__detail::_Select1st; _Equal = std::equal_to<int>; _Hash = std::hash<int>; _RangeHash = std::__detail::_Mod_range_hashing; _Unused = std::__detail::_Default_ranged_hash; _RehashPolicy = std::__detail::_Prime_rehash_policy; _Traits = std::__detail::_Hashtable_traits<false, false, true>]’ at /usr/include/c++/11/bits/hashtable.h:308:57,
    inlined from ‘std::pair<typename std::__detail::_Insert<_Key, _Value, _Alloc, _ExtractKey, _Equal, _Hash, _RangeHash, _Unused, _RehashPolicy, _Traits>::iterator, bool> std::_Hashtable<_Key, _Value, _Alloc, _ExtractKey, _Equal, _Hash, _RangeHash, _Unused, _RehashPolicy, _Traits>::_M_emplace(std::true_type, _Args&& ...) [with _Args = {std::pair<int, int>}; _Key = int; _Value = std::pair<const int, int>; _Alloc = std::allocator<std::pair<const int, int> >; _ExtractKey = std::__detail::_Select1st; _Equal = std::equal_to<int>; _Hash = std::hash<int>; _RangeHash = std::__detail::_Mod_range_hashing; _Unused = std::__detail::_Default_ranged_hash; _RehashPolicy = std::__detail::_Prime_rehash_policy; _Traits = std::__detail::_Hashtable_traits<false, false, true>]’ at /usr/include/c++/11/bits/hashtable.h:1978:7,
    inlined from ‘std::_Hashtable<_Key, _Value, _Alloc, _ExtractKey, _Equal, _Hash, _RangeHash, _Unused, _RehashPolicy, _Traits>::__ireturn_type std::_Hashtable<_Key, _Value, _Alloc, _ExtractKey, _Equal, _Hash, _RangeHash, _Unused, _RehashPolicy, _Traits>::emplace(_Args&& ...) [with _Args = {std::pair<int, int>}; _Key = int; _Value = std::pair<const int, int>; _Alloc = std::allocator<std::pair<const int, int> >; _ExtractKey = std::__detail::_Select1st; _Equal = std::equal_to<int>; _Hash = std::hash<int>; _RangeHash = std::__detail::_Mod_range_hashing; _Unused = std::__detail::_Default_ranged_hash; _RehashPolicy = std::__detail::_Prime_rehash_policy; _Traits = std::__detail::_Hashtable_traits<false, false, true>]’ at /usr/include/c++/11/bits/hashtable.h:915:21,
    inlined from ‘std::__enable_if_t<std::is_constructible<typename std::_Hashtable<_Key, std::pair<const _Key, _Tp>, _Alloc, std::__detail::_Select1st, _Pred, _Hash, std::__detail::_Mod_range_hashing, std::__detail::_Default_ranged_hash, std::__detail::_Prime_rehash_policy, std::__detail::_Hashtable_traits<std::__not_<std::__and_<std::__is_fast_hash<_Hash>, std::__is_nothrow_invocable<const _Hash&, const _Key&> > >::value, false, true> >::value_type, _Pair&&>::value, std::pair<typename std::_Hashtable<_Key, std::pair<const _Key, _Tp>, _Alloc, std::__detail::_Select1st, _Pred, _Hash, std::__detail::_Mod_range_hashing, std::__detail::_Default_ranged_hash, std::__detail::_Prime_rehash_policy, std::__detail::_Hashtable_traits<std::__not_<std::__and_<std::__is_fast_hash<_Hash>, std::__is_nothrow_invocable<const _Hash&, const _Key&> > >::value, false, true> >::iterator, bool> > std::unordered_map<_Key, _Tp, _Hash, _Pred, _Alloc>::insert(_Pair&&) [with _Pair = std::pair<int, int>; _Key = int; _Tp = int; _Hash = std::hash<int>; _Pred = std::equal_to<int>; _Alloc = std::allocator<std::pair<const int, int> >]’ at /usr/include/c++/11/bits/unordered_map.h:564:30,
    inlined from ‘int cdc_log_extract(THREAD_ENTRY*, LOG_LSA*, CDC_LOGINFO_ENTRY*)’ at /home/vimkim/gh/cb/CBRD-27398-pgbuf-inspector-contract/src/transaction/log_manager.c:10904:42:
/home/vimkim/gh/cb/CBRD-27398-pgbuf-inspector-contract/src/base/memory_cwrapper.h:86:8: warning: ‘void free(void*)’ called on pointer returned from a mismatched allocation function [-Wmismatched-new-delete]
   86 |   free (ptr);
      |   ~~~~~^~~~~
In file included from /usr/include/c++/11/x86_64-redhat-linux/bits/c++allocator.h:33,
                 from /usr/include/c++/11/bits/allocator.h:46,
                 from /usr/include/c++/11/vector:64,
                 from /home/vimkim/gh/cb/CBRD-27398-pgbuf-inspector-contract/src/transaction/log_lsa.hpp:30,
                 from /home/vimkim/gh/cb/CBRD-27398-pgbuf-inspector-contract/src/storage/disk_manager.h:30,
                 from /home/vimkim/gh/cb/CBRD-27398-pgbuf-inspector-contract/src/transaction/log_manager.h:35,
                 from /home/vimkim/gh/cb/CBRD-27398-pgbuf-inspector-contract/src/transaction/log_manager.c:47:
/usr/include/c++/11/ext/new_allocator.h: In function ‘int cdc_log_extract(THREAD_ENTRY*, LOG_LSA*, CDC_LOGINFO_ENTRY*)’:
/usr/include/c++/11/ext/new_allocator.h:127:48: note: returned from ‘void* operator new(std::size_t)’
  127 |         return static_cast<_Tp*>(::operator new(__n * sizeof(_Tp)));
      |                                  ~~~~~~~~~~~~~~^~~~~~~~~~~~~~~~~~~
[1171/1274] Building CXX object cubrid-cci/cci/CMakeFiles/cascci.dir/__/src/cci/cci_util.c.o
[1172/1274] Building CXX object util/CMakeFiles/loadjava.dir/__/src/executables/loadjava.cpp.o
[1173/1274] Building CXX object broker/CMakeFiles/cub_cas.dir/__/src/broker/cas_execute.c.o
[1174/1274] Building CXX object unit_tests/oos/sql/CMakeFiles/test_oos_sql_bigone.dir/test_oos_sql_bigone.cpp.o
[1175/1274] Building CXX object cubrid/CMakeFiles/cubrid.dir/__/src/storage/heap_file.c.o
[1176/1274] Building CXX object unit_tests/oos/CMakeFiles/test_oos_delete.dir/test_oos_delete.cpp.o
[1177/1274] Building CXX object unit_tests/oos/sql/CMakeFiles/test_oos_sql_boundary.dir/test_oos_sql_boundary.cpp.o
[1178/1274] Building CXX object unit_tests/oos/sql/CMakeFiles/test_oos_sql_ddl.dir/test_oos_sql_ddl.cpp.o
[1179/1274] Building CXX object unit_tests/oos/sql/CMakeFiles/test_oos_sql_crud.dir/test_oos_sql_crud.cpp.o
[1180/1274] Building CXX object unit_tests/oos/sql/CMakeFiles/test_oos_sql_update_delete.dir/test_oos_sql_update_delete.cpp.o
[1181/1274] Building CXX object unit_tests/pgbuf_inspector/CMakeFiles/pgbuf_inspector_corpus_generator.dir/__/__/src/storage/pgbuf_inspector_protocol.cpp.o
[1182/1274] Building CXX object unit_tests/oos/sql/CMakeFiles/test_oos_sql_visible_version.dir/test_oos_sql_visible_version.cpp.o
[1183/1274] Building CXX object unit_tests/oos/sql/CMakeFiles/test_oos_sql_delete.dir/test_oos_sql_delete.cpp.o
[1184/1274] Building CXX object unit_tests/oos/sql/CMakeFiles/test_oos_sql_txn.dir/test_oos_sql_txn.cpp.o
[1185/1274] Building CXX object unit_tests/oos/sql/CMakeFiles/test_oos_sql_show.dir/test_oos_sql_show.cpp.o
[1186/1274] Building C object cs/CMakeFiles/cubridcs.dir/__/csql_grammar.c.o
/home/vimkim/gh/cb/CBRD-27398-pgbuf-inspector-contract/build_preset_release_gcc/csql_grammar.c: In function ‘yyuserAction’:
/home/vimkim/gh/cb/CBRD-27398-pgbuf-inspector-contract/build_preset_release_gcc/csql_grammar.c:41962:80: warning: implicit conversion from ‘enum pt_currency_types’ to ‘DB_CURRENCY’ [-Wenum-conversion]
41962 |                             pt_value_set_monetary (this_parser, val, str, txt, PT_CURRENCY_YEN);
      |                                                                                ^~~~~~~~~~~~~~~
/home/vimkim/gh/cb/CBRD-27398-pgbuf-inspector-contract/build_preset_release_gcc/csql_grammar.c:41982:80: warning: implicit conversion from ‘enum pt_currency_types’ to ‘DB_CURRENCY’ [-Wenum-conversion]
41982 |                             pt_value_set_monetary (this_parser, val, str, txt, PT_CURRENCY_DOLLAR);
      |                                                                                ^~~~~~~~~~~~~~~~~~
/home/vimkim/gh/cb/CBRD-27398-pgbuf-inspector-contract/build_preset_release_gcc/csql_grammar.c:42002:80: warning: implicit conversion from ‘enum pt_currency_types’ to ‘DB_CURRENCY’ [-Wenum-conversion]
42002 |                             pt_value_set_monetary (this_parser, val, str, txt, PT_CURRENCY_WON);
      |                                                                                ^~~~~~~~~~~~~~~
/home/vimkim/gh/cb/CBRD-27398-pgbuf-inspector-contract/build_preset_release_gcc/csql_grammar.c:42022:80: warning: implicit conversion from ‘enum pt_currency_types’ to ‘DB_CURRENCY’ [-Wenum-conversion]
42022 |                             pt_value_set_monetary (this_parser, val, str, txt, PT_CURRENCY_TL);
      |                                                                                ^~~~~~~~~~~~~~
/home/vimkim/gh/cb/CBRD-27398-pgbuf-inspector-contract/build_preset_release_gcc/csql_grammar.c:42042:80: warning: implicit conversion from ‘enum pt_currency_types’ to ‘DB_CURRENCY’ [-Wenum-conversion]
42042 |                             pt_value_set_monetary (this_parser, val, str, txt, PT_CURRENCY_BRITISH_POUND);
      |                                                                                ^~~~~~~~~~~~~~~~~~~~~~~~~
/home/vimkim/gh/cb/CBRD-27398-pgbuf-inspector-contract/build_preset_release_gcc/csql_grammar.c:42061:80: warning: implicit conversion from ‘enum pt_currency_types’ to ‘DB_CURRENCY’ [-Wenum-conversion]
42061 |                             pt_value_set_monetary (this_parser, val, str, txt, PT_CURRENCY_CAMBODIAN_RIEL);
      |                                                                                ^~~~~~~~~~~~~~~~~~~~~~~~~~
/home/vimkim/gh/cb/CBRD-27398-pgbuf-inspector-contract/build_preset_release_gcc/csql_grammar.c:42080:80: warning: implicit conversion from ‘enum pt_currency_types’ to ‘DB_CURRENCY’ [-Wenum-conversion]
42080 |                             pt_value_set_monetary (this_parser, val, str, txt, PT_CURRENCY_CHINESE_RENMINBI);
      |                                                                                ^~~~~~~~~~~~~~~~~~~~~~~~~~~~
/home/vimkim/gh/cb/CBRD-27398-pgbuf-inspector-contract/build_preset_release_gcc/csql_grammar.c:42099:80: warning: implicit conversion from ‘enum pt_currency_types’ to ‘DB_CURRENCY’ [-Wenum-conversion]
42099 |                             pt_value_set_monetary (this_parser, val, str, txt, PT_CURRENCY_INDIAN_RUPEE);
      |                                                                                ^~~~~~~~~~~~~~~~~~~~~~~~
/home/vimkim/gh/cb/CBRD-27398-pgbuf-inspector-contract/build_preset_release_gcc/csql_grammar.c:42118:80: warning: implicit conversion from ‘enum pt_currency_types’ to ‘DB_CURRENCY’ [-Wenum-conversion]
42118 |                             pt_value_set_monetary (this_parser, val, str, txt, PT_CURRENCY_RUSSIAN_RUBLE);
      |                                                                                ^~~~~~~~~~~~~~~~~~~~~~~~~
/home/vimkim/gh/cb/CBRD-27398-pgbuf-inspector-contract/build_preset_release_gcc/csql_grammar.c:42137:80: warning: implicit conversion from ‘enum pt_currency_types’ to ‘DB_CURRENCY’ [-Wenum-conversion]
42137 |                             pt_value_set_monetary (this_parser, val, str, txt, PT_CURRENCY_AUSTRALIAN_DOLLAR);
      |                                                                                ^~~~~~~~~~~~~~~~~~~~~~~~~~~~~
/home/vimkim/gh/cb/CBRD-27398-pgbuf-inspector-contract/build_preset_release_gcc/csql_grammar.c:42156:80: warning: implicit conversion from ‘enum pt_currency_types’ to ‘DB_CURRENCY’ [-Wenum-conversion]
42156 |                             pt_value_set_monetary (this_parser, val, str, txt, PT_CURRENCY_CANADIAN_DOLLAR);
      |                                                                                ^~~~~~~~~~~~~~~~~~~~~~~~~~~
/home/vimkim/gh/cb/CBRD-27398-pgbuf-inspector-contract/build_preset_release_gcc/csql_grammar.c:42175:80: warning: implicit conversion from ‘enum pt_currency_types’ to ‘DB_CURRENCY’ [-Wenum-conversion]
42175 |                             pt_value_set_monetary (this_parser, val, str, txt, PT_CURRENCY_BRASILIAN_REAL);
      |                                                                                ^~~~~~~~~~~~~~~~~~~~~~~~~~
/home/vimkim/gh/cb/CBRD-27398-pgbuf-inspector-contract/build_preset_release_gcc/csql_grammar.c:42194:80: warning: implicit conversion from ‘enum pt_currency_types’ to ‘DB_CURRENCY’ [-Wenum-conversion]
42194 |                             pt_value_set_monetary (this_parser, val, str, txt, PT_CURRENCY_ROMANIAN_LEU);
      |                                                                                ^~~~~~~~~~~~~~~~~~~~~~~~
/home/vimkim/gh/cb/CBRD-27398-pgbuf-inspector-contract/build_preset_release_gcc/csql_grammar.c:42213:80: warning: implicit conversion from ‘enum pt_currency_types’ to ‘DB_CURRENCY’ [-Wenum-conversion]
42213 |                             pt_value_set_monetary (this_parser, val, str, txt, PT_CURRENCY_EURO);
      |                                                                                ^~~~~~~~~~~~~~~~
/home/vimkim/gh/cb/CBRD-27398-pgbuf-inspector-contract/build_preset_release_gcc/csql_grammar.c:42232:80: warning: implicit conversion from ‘enum pt_currency_types’ to ‘DB_CURRENCY’ [-Wenum-conversion]
42232 |                             pt_value_set_monetary (this_parser, val, str, txt, PT_CURRENCY_SWISS_FRANC);
      |                                                                                ^~~~~~~~~~~~~~~~~~~~~~~
/home/vimkim/gh/cb/CBRD-27398-pgbuf-inspector-contract/build_preset_release_gcc/csql_grammar.c:42251:80: warning: implicit conversion from ‘enum pt_currency_types’ to ‘DB_CURRENCY’ [-Wenum-conversion]
42251 |                             pt_value_set_monetary (this_parser, val, str, txt, PT_CURRENCY_DANISH_KRONE);
      |                                                                                ^~~~~~~~~~~~~~~~~~~~~~~~
/home/vimkim/gh/cb/CBRD-27398-pgbuf-inspector-contract/build_preset_release_gcc/csql_grammar.c:42270:80: warning: implicit conversion from ‘enum pt_currency_types’ to ‘DB_CURRENCY’ [-Wenum-conversion]
42270 |                             pt_value_set_monetary (this_parser, val, str, txt, PT_CURRENCY_NORWEGIAN_KRONE);
      |                                                                                ^~~~~~~~~~~~~~~~~~~~~~~~~~~
/home/vimkim/gh/cb/CBRD-27398-pgbuf-inspector-contract/build_preset_release_gcc/csql_grammar.c:42289:80: warning: implicit conversion from ‘enum pt_currency_types’ to ‘DB_CURRENCY’ [-Wenum-conversion]
42289 |                             pt_value_set_monetary (this_parser, val, str, txt, PT_CURRENCY_BULGARIAN_LEV);
      |                                                                                ^~~~~~~~~~~~~~~~~~~~~~~~~
/home/vimkim/gh/cb/CBRD-27398-pgbuf-inspector-contract/build_preset_release_gcc/csql_grammar.c:42308:80: warning: implicit conversion from ‘enum pt_currency_types’ to ‘DB_CURRENCY’ [-Wenum-conversion]
42308 |                             pt_value_set_monetary (this_parser, val, str, txt, PT_CURRENCY_VIETNAMESE_DONG);
      |                                                                                ^~~~~~~~~~~~~~~~~~~~~~~~~~~
/home/vimkim/gh/cb/CBRD-27398-pgbuf-inspector-contract/build_preset_release_gcc/csql_grammar.c:42327:80: warning: implicit conversion from ‘enum pt_currency_types’ to ‘DB_CURRENCY’ [-Wenum-conversion]
42327 |                             pt_value_set_monetary (this_parser, val, str, txt, PT_CURRENCY_CZECH_KORUNA);
      |                                                                                ^~~~~~~~~~~~~~~~~~~~~~~~
/home/vimkim/gh/cb/CBRD-27398-pgbuf-inspector-contract/build_preset_release_gcc/csql_grammar.c:42346:80: warning: implicit conversion from ‘enum pt_currency_types’ to ‘DB_CURRENCY’ [-Wenum-conversion]
42346 |                             pt_value_set_monetary (this_parser, val, str, txt, PT_CURRENCY_POLISH_ZLOTY);
      |                                                                                ^~~~~~~~~~~~~~~~~~~~~~~~
/home/vimkim/gh/cb/CBRD-27398-pgbuf-inspector-contract/build_preset_release_gcc/csql_grammar.c:42365:80: warning: implicit conversion from ‘enum pt_currency_types’ to ‘DB_CURRENCY’ [-Wenum-conversion]
42365 |                             pt_value_set_monetary (this_parser, val, str, txt, PT_CURRENCY_SWEDISH_KRONA);
      |                                                                                ^~~~~~~~~~~~~~~~~~~~~~~~~
/home/vimkim/gh/cb/CBRD-27398-pgbuf-inspector-contract/build_preset_release_gcc/csql_grammar.c:42384:80: warning: implicit conversion from ‘enum pt_currency_types’ to ‘DB_CURRENCY’ [-Wenum-conversion]
42384 |                             pt_value_set_monetary (this_parser, val, str, txt, PT_CURRENCY_CROATIAN_KUNA);
      |                                                                                ^~~~~~~~~~~~~~~~~~~~~~~~~
/home/vimkim/gh/cb/CBRD-27398-pgbuf-inspector-contract/build_preset_release_gcc/csql_grammar.c:42403:80: warning: implicit conversion from ‘enum pt_currency_types’ to ‘DB_CURRENCY’ [-Wenum-conversion]
42403 |                             pt_value_set_monetary (this_parser, val, str, txt, PT_CURRENCY_SERBIAN_DINAR);
      |                                                                                ^~~~~~~~~~~~~~~~~~~~~~~~~
/home/vimkim/gh/cb/CBRD-27398-pgbuf-inspector-contract/build_preset_release_gcc/csql_grammar.c: In function ‘pt_value_set_monetary’:
/home/vimkim/gh/cb/CBRD-27398-pgbuf-inspector-contract/build_preset_release_gcc/csql_grammar.c:48415:42: warning: implicit conversion from ‘DB_CURRENCY’ to ‘PT_CURRENCY’ {aka ‘enum pt_currency_types’} [-Wenum-conversion]
48415 |   node->info.value.data_value.money.type = type;
      |                                          ^
[1187/1274] Building CXX object unit_tests/pgbuf_inspector/CMakeFiles/test_pgbuf_inspector.dir/__/__/src/storage/pgbuf_inspector_protocol.cpp.o
[1188/1274] Building CXX object unit_tests/oos/CMakeFiles/test_oos_remove_file_server.dir/test_oos_remove_file_server.cpp.o
[1189/1274] Building CXX object unit_tests/oos/sql/CMakeFiles/test_oos_sql_eager_cleanup.dir/test_oos_sql_eager_cleanup.cpp.o
[1190/1274] Building CXX object unit_tests/oos/sql/CMakeFiles/test_oos_sql_storage.dir/test_oos_sql_storage.cpp.o
[1191/1274] Building CXX object unit_tests/oos/CMakeFiles/test_oos_mock_vacuum_server.dir/test_oos_mock_vacuum_server.cpp.o
[1192/1274] Building CXX object unit_tests/oos/CMakeFiles/test_oos.dir/test_oos.cpp.o
[1193/1274] Building CXX object cubrid/CMakeFiles/cubrid.dir/__/src/storage/page_buffer.c.o
[1194/1274] Building CXX object unit_tests/oos/CMakeFiles/test_oos_vacuum_server.dir/test_oos_vacuum_server.cpp.o
[1195/1274] Building CXX object unit_tests/oos/CMakeFiles/test_oos_delete_server.dir/test_oos_delete_server.cpp.o
[1196/1274] Building CXX object unit_tests/oos/CMakeFiles/test_oos_real_vacuum_server.dir/test_oos_real_vacuum_server.cpp.o
[1197/1274] Building CXX object cubrid/CMakeFiles/cubrid.dir/__/src/optimizer/histogram/histogram_sampler_sr.cpp.o
[1198/1274] Building CXX object unit_tests/oos/CMakeFiles/test_oos_bestspace.dir/test_oos_bestspace.cpp.o
[1199/1274] Building CXX object unit_tests/oos/CMakeFiles/test_oos_server.dir/test_oos_server.cpp.o
ninja: build stopped: subcommand failed.
error: recipe `build` failed with exit code 1
