[0mdirenv: loading ~/gh/cb/CBRD-27398-pgbuf-inspector-contract/.envrc
Preset Mode: debug_gcc
Install Dir: /home/vimkim/.cub/install/CBRD-27398-pgbuf-inspector-contract/debug_gcc
DB Dir: /home/vimkim/.cub/db/CBRD-27398-pgbuf-inspector-contract/commondb
Build Dir: /home/vimkim/gh/cb/CBRD-27398-pgbuf-inspector-contract/build_preset_debug_gcc
[0mdirenv: loading ~/gh/cb/CBRD-27398-pgbuf-inspector-contract/.envrc
Preset Mode: debug_gcc
Install Dir: /home/vimkim/.cub/install/CBRD-27398-pgbuf-inspector-contract/debug_gcc
DB Dir: /home/vimkim/.cub/db/CBRD-27398-pgbuf-inspector-contract/commondb
Build Dir: /home/vimkim/gh/cb/CBRD-27398-pgbuf-inspector-contract/build_preset_debug_gcc
[0mdirenv: loading ~/gh/cb/CBRD-27398-pgbuf-inspector-contract/.envrc
Preset Mode: debug_gcc
Install Dir: /home/vimkim/.cub/install/CBRD-27398-pgbuf-inspector-contract/debug_gcc
DB Dir: /home/vimkim/.cub/db/CBRD-27398-pgbuf-inspector-contract/commondb
Build Dir: /home/vimkim/gh/cb/CBRD-27398-pgbuf-inspector-contract/build_preset_debug_gcc
Using JAVA_HOME JDK: /home/vimkim/.local/share/mise/installs/java/temurin-8.0.462+8
[0mdirenv: loading ~/gh/cb/CBRD-27398-pgbuf-inspector-contract/.envrc
Preset Mode: debug_gcc
Install Dir: /home/vimkim/.cub/install/CBRD-27398-pgbuf-inspector-contract/debug_gcc
DB Dir: /home/vimkim/.cub/db/CBRD-27398-pgbuf-inspector-contract/commondb
Build Dir: /home/vimkim/gh/cb/CBRD-27398-pgbuf-inspector-contract/build_preset_debug_gcc
Logging build output to: /home/vimkim/gh/cb/CBRD-27398-pgbuf-inspector-contract/build_preset_debug_gcc/build.log
[0mdirenv: loading ~/gh/cb/CBRD-27398-pgbuf-inspector-contract/.envrc
Preset Mode: debug_gcc
Install Dir: /home/vimkim/.cub/install/CBRD-27398-pgbuf-inspector-contract/debug_gcc
DB Dir: /home/vimkim/.cub/db/CBRD-27398-pgbuf-inspector-contract/commondb
Build Dir: /home/vimkim/gh/cb/CBRD-27398-pgbuf-inspector-contract/build_preset_debug_gcc
[1/1345] Running utility command for pl_install_jdk
[INFO] Install JDK 8
[2/1345] Building CXX object sa/CMakeFiles/cubridsa.dir/__/src/compat/db_function.cpp.o
[3/1345] Building CXX object sa/CMakeFiles/cubridsa.dir/__/src/base/dynamic_array.c.o
[4/1345] Building CXX object sa/CMakeFiles/cubridsa.dir/__/src/base/get_clock_freq.c.o
[5/1345] Building CXX object sa/CMakeFiles/cubridsa.dir/__/src/base/process_util.c.o
[6/1345] Building CXX object sa/CMakeFiles/cubridsa.dir/__/src/base/mprec.c.o
[7/1345] Building CXX object sa/CMakeFiles/cubridsa.dir/__/src/base/bit.c.o
[8/1345] Building CXX object sa/CMakeFiles/cubridsa.dir/__/src/base/ini_parser.c.o
[9/1345] Building CXX object sa/CMakeFiles/cubridsa.dir/__/src/base/porting.c.o
[10/1345] Building CXX object sa/CMakeFiles/cubridsa.dir/__/src/base/sha1.c.o
[11/1345] Building CXX object sa/CMakeFiles/cubridsa.dir/__/src/base/hide_password.cpp.o
[12/1345] Building CXX object sa/CMakeFiles/cubridsa.dir/__/src/base/release_string.c.o
[13/1345] Building CXX object sa/CMakeFiles/cubridsa.dir/__/src/base/dtoa.c.o
[14/1345] Building CXX object sa/CMakeFiles/cubridsa.dir/__/src/base/message_catalog.c.o
[15/1345] Building CXX object sa/CMakeFiles/cubridsa.dir/__/src/base/chartype.c.o
[16/1345] Building CXX object sa/CMakeFiles/cubridsa.dir/__/src/base/pinning.cpp.o
[17/1345] Building CXX object sa/CMakeFiles/cubridsa.dir/__/src/base/cubrid_getopt_long.c.o
[18/1345] Building CXX object sa/CMakeFiles/cubridsa.dir/__/src/base/misc_string.c.o
[19/1345] Building CXX object sa/CMakeFiles/cubridsa.dir/__/src/base/xml_parser.c.o
[20/1345] Building CXX object sa/CMakeFiles/cubridsa.dir/__/src/base/environment_variable.c.o
[21/1345] Building CXX object sa/CMakeFiles/cubridsa.dir/__/src/base/variable_string.c.o
[22/1345] Building CXX object sa/CMakeFiles/cubridsa.dir/__/src/base/tsc_timer.c.o
[23/1345] Building CXX object sa/CMakeFiles/cubridsa.dir/__/src/base/unicode_support.c.o
[24/1345] Building CXX object sa/CMakeFiles/cubridsa.dir/__/src/base/perf.cpp.o
[25/1345] Building CXX object sa/CMakeFiles/cubridsa.dir/__/src/base/fixed_alloc.c.o
[26/1345] Building CXX object sa/CMakeFiles/cubridsa.dir/__/src/base/uca_support.c.o
[27/1345] Building CXX object sa/CMakeFiles/cubridsa.dir/__/src/base/util_func.c.o
[28/1345] Building CXX object sa/CMakeFiles/cubridsa.dir/__/src/base/lockfree_transaction_system.cpp.o
[29/1345] Building CXX object sa/CMakeFiles/cubridsa.dir/__/src/base/memory_private_allocator.cpp.o
[30/1345] Building CXX object sa/CMakeFiles/cubridsa.dir/__/src/base/printer.cpp.o
[31/1345] Building CXX object sa/CMakeFiles/cubridsa.dir/__/src/base/lockfree_bitmap.cpp.o
[32/1345] Building CXX object sa/CMakeFiles/cubridsa.dir/__/src/compat/db_json_types_internal.cpp.o
[33/1345] Building CXX object sa/CMakeFiles/cubridsa.dir/__/src/base/pinnable_buffer.cpp.o
[34/1345] Building CXX object sa/CMakeFiles/cubridsa.dir/__/src/base/error_context.cpp.o
[35/1345] Building CXX object sa/CMakeFiles/cubridsa.dir/__/src/base/base64.c.o
[36/1345] Building C object sa/CMakeFiles/cubridsa.dir/__/src/compat/dbtype_function.c.o
[37/1345] Building CXX object sa/CMakeFiles/cubridsa.dir/__/src/executables/extract_schema.cpp.o
[38/1345] Building CXX object sa/CMakeFiles/cubridsa.dir/__/src/base/mem_block.cpp.o
[39/1345] Building CXX object sa/CMakeFiles/cubridsa.dir/__/src/compat/cnv.c.o
[40/1345] Building CXX object sa/CMakeFiles/cubridsa.dir/__/src/base/lockfree_transaction_descriptor.cpp.o
[41/1345] Building CXX object sa/CMakeFiles/cubridsa.dir/__/src/base/encryption.c.o
[42/1345] Building CXX object sa/CMakeFiles/cubridsa.dir/__/src/base/lock_free.c.o
[43/1345] Building CXX object sa/CMakeFiles/cubridsa.dir/__/src/base/stack_dump.c.o
[44/1345] Building CXX object sa/CMakeFiles/cubridsa.dir/__/src/base/filesys_temp.cpp.o
[45/1345] Building CXX object sa/CMakeFiles/cubridsa.dir/__/src/base/dynamic_load.c.o
[46/1345] Building CXX object sa/CMakeFiles/cubridsa.dir/__/src/base/binaryheap.c.o
[47/1345] Building CXX object sa/CMakeFiles/cubridsa.dir/__/src/base/databases_file.c.o
[48/1345] Building CXX object sa/CMakeFiles/cubridsa.dir/__/src/base/intl_support.c.o
[49/1345] Building CXX object sa/CMakeFiles/cubridsa.dir/__/src/base/string_buffer.cpp.o
[50/1345] Building CXX object sa/CMakeFiles/cubridsa.dir/__/src/executables/csql_result.c.o
[51/1345] Building CXX object sa/CMakeFiles/cubridsa.dir/__/src/base/lockfree_transaction_table.cpp.o
[52/1345] Building CXX object sa/CMakeFiles/cubridsa.dir/__/src/base/packer.cpp.o
[53/1345] Building CXX object sa/CMakeFiles/cubridsa.dir/__/src/base/locale_helper.cpp.o
[54/1345] Building CXX object sa/CMakeFiles/cubridsa.dir/__/src/executables/file_hash.c.o
[55/1345] Building CXX object sa/CMakeFiles/cubridsa.dir/__/src/base/fileline_location.cpp.o
[56/1345] Building CXX object sa/CMakeFiles/cubridsa.dir/__/src/xasl/xasl_unpack_info.cpp.o
[57/1345] Building CXX object sa/CMakeFiles/cubridsa.dir/__/src/base/error_manager.c.o
[58/1345] Building CXX object sa/CMakeFiles/cubridsa.dir/__/src/compat/db_json_allocator.cpp.o
[59/1345] Building CXX object sa/CMakeFiles/cubridsa.dir/__/src/base/resource_tracker.cpp.o
[60/1345] Building CXX object sa/CMakeFiles/cubridsa.dir/__/src/executables/util_common.c.o
[61/1345] Building CXX object sa/CMakeFiles/cubridsa.dir/__/src/base/fault_injection.c.o
[62/1345] Building CXX object sa/CMakeFiles/cubridsa.dir/__/src/sp/pl_file.c.o
[63/1345] Building CXX object sa/CMakeFiles/cubridsa.dir/__/src/base/perf_monitor_trackers.cpp.o
[64/1345] Building CXX object sa/CMakeFiles/cubridsa.dir/__/src/heaplayers/lea_heap.c.o
[65/1345] Building CXX object sa/CMakeFiles/cubridsa.dir/__/src/base/ifsys.cpp.o
[66/1345] Building CXX object sa/CMakeFiles/cubridsa.dir/__/src/heaplayers/customheaps.cpp.o
[67/1345] Building CXX object sa/CMakeFiles/cubridsa.dir/__/src/connection/connection_less.cpp.o
[68/1345] Building CXX object sa/CMakeFiles/cubridsa.dir/__/src/connection/connection_list_cl.cpp.o
[69/1345] Building CXX object sa/CMakeFiles/cubridsa.dir/__/src/base/locale_support.c.o
[70/1345] Building CXX object sa/CMakeFiles/cubridsa.dir/__/src/base/lockfree_hashmap.cpp.o
[71/1345] Building CXX object sa/CMakeFiles/cubridsa.dir/__/src/base/area_alloc.c.o
[72/1345] Building CXX object sa/CMakeFiles/cubridsa.dir/__/src/connection/host_lookup.c.o
[73/1345] Building CXX object sa/CMakeFiles/cubridsa.dir/__/src/base/filesys_parser.cpp.o
[74/1345] Building CXX object sa/CMakeFiles/cubridsa.dir/__/src/sp/pl_signature.cpp.o
[75/1345] Building CXX object sa/CMakeFiles/cubridsa.dir/__/src/connection/connection_globals.c.o
[76/1345] Building CXX object sa/CMakeFiles/cubridsa.dir/__/src/compat/db_elo.c.o
[77/1345] Building CXX object sa/CMakeFiles/cubridsa.dir/__/src/method/method_struct_parameter_info.cpp.o
[78/1345] Building CXX object cs/CMakeFiles/cubridcs.dir/__/src/compat/db_json_allocator.cpp.o
[79/1345] Building CXX object sa/CMakeFiles/cubridsa.dir/__/src/method/method_struct_invoke.cpp.o
[80/1345] Building CXX object sa/CMakeFiles/cubridsa.dir/__/src/sp/pl_comm.c.o
[81/1345] Building CXX object sa/CMakeFiles/cubridsa.dir/__/src/compat/db_set.c.o
[82/1345] Building CXX object sa/CMakeFiles/cubridsa.dir/__/src/base/memory_alloc.c.o
[83/1345] Building CXX object sa/CMakeFiles/cubridsa.dir/__/src/connection/tcp.c.o
[84/1345] Building CXX object sa/CMakeFiles/cubridsa.dir/__/src/executables/csql_result_format.c.o
[85/1345] Building CXX object sa/CMakeFiles/cubridsa.dir/__/src/method/method_error.cpp.o
[86/1345] Building CXX object sa/CMakeFiles/cubridsa.dir/__/src/connection/connection_cl.cpp.o
[87/1345] Building CXX object sa/CMakeFiles/cubridsa.dir/__/src/executables/csql_support.c.o
[88/1345] Building CXX object sa/CMakeFiles/cubridsa.dir/__/src/compat/db_date.c.o
[89/1345] Running utility command for pl_build
> Task :pl_server:generateGrammarSource UP-TO-DATE
> Task :pl_server:compileJava UP-TO-DATE
> Task :pl_server:processResources UP-TO-DATE
> Task :pl_server:classes UP-TO-DATE
> Task :pl_server:jar UP-TO-DATE
> Task :pl_server:startScripts UP-TO-DATE
> Task :pl_server:distTar UP-TO-DATE
> Task :pl_server:distZip UP-TO-DATE
> Task :pl_server:assemble UP-TO-DATE
> Task :pl_server:check
> Task :pl_server:build

BUILD SUCCESSFUL in 3s
7 actionable tasks: 7 up-to-date
[90/1345] Building CXX object sa/CMakeFiles/cubridsa.dir/__/src/base/cgroup.cpp.o
[91/1345] Building CXX object sa/CMakeFiles/cubridsa.dir/__/src/base/memory_hash.c.o
[92/1345] Building CXX object sa/CMakeFiles/cubridsa.dir/__/src/compat/db_class.c.o
[93/1345] Building CXX object sa/CMakeFiles/cubridsa.dir/__/src/communication/network_histogram.cpp.o
[94/1345] Building CXX object sa/CMakeFiles/cubridsa.dir/__/src/compat/db_macro.c.o
[95/1345] Building CXX object sa/CMakeFiles/cubridsa.dir/__/src/compat/db_obj.c.o
[96/1345] Building CXX object sa/CMakeFiles/cubridsa.dir/__/src/monitor/monitor_statistic.cpp.o
[97/1345] Building CXX object sa/CMakeFiles/cubridsa.dir/__/src/compat/db_temp.c.o
[98/1345] Building CXX object sa/CMakeFiles/cubridsa.dir/__/src/communication/network_callback_sr.cpp.o
[99/1345] Building CXX object sa/CMakeFiles/cubridsa.dir/__/src/compat/db_old.c.o
[100/1345] Building CXX object sa/CMakeFiles/cubridsa.dir/__/src/executables/csql_session.c.o
[101/1345] Building CXX object sa/CMakeFiles/cubridsa.dir/__/src/sp/pl_connection.cpp.o
[102/1345] Building CXX object sa/CMakeFiles/cubridsa.dir/__/src/connection/connection_support.cpp.o
[103/1345] Building CXX object sa/CMakeFiles/cubridsa.dir/__/src/compat/db_virt.c.o
[104/1345] Building CXX object sa/CMakeFiles/cubridsa.dir/__/src/sp/pl_compile_handler.cpp.o
[105/1345] Building CXX object sa/CMakeFiles/cubridsa.dir/__/src/base/resources.cpp.o
[106/1345] Building CXX object sa/CMakeFiles/cubridsa.dir/__/src/sp/pl_struct_compile.cpp.o
[107/1345] Building CXX object sa/CMakeFiles/cubridsa.dir/__/src/compat/db_method_static.cpp.o
[108/1345] Building CXX object sa/CMakeFiles/cubridsa.dir/__/src/compat/db_info.c.o
[109/1345] Building CXX object sa/CMakeFiles/cubridsa.dir/__/src/compat/db_value_printer.cpp.o
[110/1345] Building CXX object sa/CMakeFiles/cubridsa.dir/__/src/sp/pl_sr.cpp.o
[111/1345] Building CXX object sa/CMakeFiles/cubridsa.dir/__/src/base/language_support.c.o
[112/1345] Building CXX object sa/CMakeFiles/cubridsa.dir/__/src/base/ddl_log.c.o
[113/1345] Building CXX object sa/CMakeFiles/cubridsa.dir/__/src/method/method_struct_oid_info.cpp.o
[114/1345] Building CXX object sa/CMakeFiles/cubridsa.dir/__/src/executables/compactdb_common.c.o
[115/1345] Building CXX object sa/CMakeFiles/cubridsa.dir/__/src/executables/unloaddb.c.o
[116/1345] Building CXX object sa/CMakeFiles/cubridsa.dir/__/src/executables/unload_object_file.c.o
[117/1345] Building CXX object sa/CMakeFiles/cubridsa.dir/__/src/compat/db_json_path.cpp.o
[118/1345] Building CXX object sa/CMakeFiles/cubridsa.dir/__/src/method/method_struct_query.cpp.o
[119/1345] Building CXX object sa/CMakeFiles/cubridsa.dir/__/src/monitor/monitor_registration.cpp.o
[120/1345] Building CXX object sa/CMakeFiles/cubridsa.dir/__/src/method/method_query_util.cpp.o
[121/1345] Building CXX object sa/CMakeFiles/cubridsa.dir/__/src/base/perf_monitor.c.o
[122/1345] Building CXX object sa/CMakeFiles/cubridsa.dir/__/src/object/lob_locator.cpp.o
[123/1345] Building CXX object sa/CMakeFiles/cubridsa.dir/__/src/executables/util_cs.c.o
[124/1345] Building CXX object sa/CMakeFiles/cubridsa.dir/__/src/method/method_oid_handler.cpp.o
[125/1345] Building CXX object sa/CMakeFiles/cubridsa.dir/__/src/connection/client_support.cpp.o
[126/1345] Building CXX object sa/CMakeFiles/cubridsa.dir/__/src/compat/db_query.c.o
[127/1345] Building CXX object sa/CMakeFiles/cubridsa.dir/__/src/executables/csql.c.o
[128/1345] Building CXX object sa/CMakeFiles/cubridsa.dir/__/src/parser/method_transform.c.o
[129/1345] Building CXX object sa/CMakeFiles/cubridsa.dir/__/src/base/tz_compile.c.o
[130/1345] Building CXX object sa/CMakeFiles/cubridsa.dir/__/src/monitor/monitor_transaction.cpp.o
[131/1345] Building CXX object sa/CMakeFiles/cubridsa.dir/__/src/object/identifier_store.cpp.o
[132/1345] Building CXX object sa/CMakeFiles/cubridsa.dir/__/src/object/object_print_util.cpp.o
[133/1345] Building CXX object sa/CMakeFiles/cubridsa.dir/__/src/object/elo.c.o
[134/1345] Building CXX object sa/CMakeFiles/cubridsa.dir/__/src/communication/network_callback_cl.cpp.o
[135/1345] Building CXX object sa/CMakeFiles/cubridsa.dir/__/src/executables/unload_object.c.o
[136/1345] Building CXX object sa/CMakeFiles/cubridsa.dir/__/src/executables/compactdb.c.o
[137/1345] Building CXX object cs/CMakeFiles/cubridcs.dir/__/src/compat/db_info.c.o
[138/1345] Building CXX object sa/CMakeFiles/cubridsa.dir/__/src/executables/unload_schema.c.o
[139/1345] Building CXX object sa/CMakeFiles/cubridsa.dir/__/src/monitor/monitor_collect.cpp.o
[140/1345] Building CXX object sa/CMakeFiles/cubridsa.dir/__/src/object/quick_fit.c.o
[141/1345] Building CXX object sa/CMakeFiles/cubridsa.dir/__/src/compat/db_vdb.c.o
[142/1345] Building CXX object sa/CMakeFiles/cubridsa.dir/__/src/compat/db_admin.c.o
[143/1345] Building CXX object sa/CMakeFiles/cubridsa.dir/__/src/executables/util_sa.c.o
[144/1345] Building CXX object sa/CMakeFiles/cubridsa.dir/__/src/base/system_parameter.c.o
[145/1345] Building CXX object sa/CMakeFiles/cubridsa.dir/__/src/base/object_representation_sr.c.o
[146/1345] Building CXX object sa/CMakeFiles/cubridsa.dir/__/src/query/dblink_2pc_daemon.c.o
[147/1345] Building CXX object sa/CMakeFiles/cubridsa.dir/__/src/query/dblink_global_tran_catalog.c.o
[148/1345] Building CXX object sa/CMakeFiles/cubridsa.dir/__/src/sp/sp_code.cpp.o
[149/1345] Building CXX object sa/CMakeFiles/cubridsa.dir/__/src/sp/pl_query_cursor.cpp.o
[150/1345] Building CXX object sa/CMakeFiles/cubridsa.dir/__/src/optimizer/query_bitset.c.o
[151/1345] Building CXX object sa/CMakeFiles/cubridsa.dir/__/src/method/method_struct_value.cpp.o
[152/1345] Building CXX object sa/CMakeFiles/cubridsa.dir/__/src/object/schema_information_schema.cpp.o
[153/1345] Building CXX object sa/CMakeFiles/cubridsa.dir/__/src/query/parallel/px_scan/px_scan_checker.cpp.o
[154/1345] Building CXX object sa/CMakeFiles/cubridsa.dir/__/src/base/tz_support.c.o
[155/1345] Building CXX object sa/CMakeFiles/cubridsa.dir/__/src/sp/jsp_cl.cpp.o
[156/1345] Building CXX object sa/CMakeFiles/cubridsa.dir/__/src/sp/method_invoke_group.cpp.o
[157/1345] Building CXX object sa/CMakeFiles/cubridsa.dir/__/src/object/schema_information_schema_definition.cpp.o
[158/1345] Building CXX object sa/CMakeFiles/cubridsa.dir/__/src/method/method_query_handler.cpp.o
[159/1345] Building CXX object sa/CMakeFiles/cubridsa.dir/__/src/object/transform.c.o
[160/1345] Building CXX object sa/CMakeFiles/cubridsa.dir/__/src/method/method_scan.cpp.o
[161/1345] Building CXX object sa/CMakeFiles/cubridsa.dir/__/src/sp/pl_execution_stack_context.cpp.o
[162/1345] Building CXX object sa/CMakeFiles/cubridsa.dir/__/src/object/authenticate_owner.cpp.o
[163/1345] Building CXX object sa/CMakeFiles/cubridsa.dir/__/src/query/parallel/px_query_execute/px_query_checker.cpp.o
[164/1345] Building CXX object sa/CMakeFiles/cubridsa.dir/__/src/object/authenticate_password.cpp.o
[165/1345] Building CXX object sa/CMakeFiles/cubridsa.dir/__/src/communication/network_interface_cl.c.o
[166/1345] Building CXX object sa/CMakeFiles/cubridsa.dir/__/src/object/authenticate_cache.cpp.o
[167/1345] Building CXX object sa/CMakeFiles/cubridsa.dir/__/src/object/authenticate_migration.cpp.o
[168/1345] Building CXX object sa/CMakeFiles/cubridsa.dir/__/src/object/authenticate_access_class.cpp.o
[169/1345] Building CXX object sa/CMakeFiles/cubridsa.dir/__/src/object/authenticate_access_auth.cpp.o
[170/1345] Building CXX object sa/CMakeFiles/cubridsa.dir/__/src/sp/pl_session.cpp.o
[171/1345] Building CXX object sa/CMakeFiles/cubridsa.dir/__/src/object/authenticate_grant.cpp.o
[172/1345] Building CXX object sa/CMakeFiles/cubridsa.dir/__/src/query/crypt_opfunc.c.o
[173/1345] Building CXX object sa/CMakeFiles/cubridsa.dir/__/src/object/authenticate.c.o
[174/1345] Building CXX object sa/CMakeFiles/cubridsa.dir/__/src/compat/db_json.cpp.o
[175/1345] Building CXX object sa/CMakeFiles/cubridsa.dir/__/src/object/deduplicate_key.c.o
[176/1345] Building CXX object sa/CMakeFiles/cubridsa.dir/__/src/object/object_description.cpp.o
[177/1345] Building CXX object sa/CMakeFiles/cubridsa.dir/__/src/object/schema_system_catalog_install_query_spec.cpp.o
[178/1345] Building CXX object sa/CMakeFiles/cubridsa.dir/__/src/object/schema_system_catalog.cpp.o
[179/1345] Building CXX object sa/CMakeFiles/cubridsa.dir/__/src/object/authenticate_context.cpp.o
[180/1345] Building CXX object sa/CMakeFiles/cubridsa.dir/__/src/object/class_description.cpp.o
[181/1345] Building CXX object sa/CMakeFiles/cubridsa.dir/__/src/sp/pl_executor.cpp.o
[182/1345] Building CXX object sa/CMakeFiles/cubridsa.dir/__/src/object/authenticate_access_user.cpp.o
[183/1345] Building CXX object sa/CMakeFiles/cubridsa.dir/__/src/object/object_printer.cpp.o
[184/1345] Building CXX object sa/CMakeFiles/cubridsa.dir/__/src/optimizer/rewriter/query_rewrite_subquery.c.o
[185/1345] Building CXX object sa/CMakeFiles/cubridsa.dir/__/src/optimizer/rewriter/query_rewrite_auto_parameterize.c.o
[186/1345] Building CXX object sa/CMakeFiles/cubridsa.dir/__/src/object/class_object.c.o
[187/1345] Building CXX object sa/CMakeFiles/cubridsa.dir/__/src/object/object_representation.c.o
[188/1345] Building CXX object sa/CMakeFiles/cubridsa.dir/__/src/object/schema_system_catalog_definition.cpp.o
[189/1345] Building CXX object sa/CMakeFiles/cubridsa.dir/__/src/object/object_print.c.o
[190/1345] Building CXX object sa/CMakeFiles/cubridsa.dir/__/src/method/query_method.cpp.o
[191/1345] Building CXX object sa/CMakeFiles/cubridsa.dir/__/src/method/method_callback.cpp.o
[192/1345] Building CXX object sa/CMakeFiles/cubridsa.dir/__/src/object/schema_information_schema_builder.cpp.o
[193/1345] Building CXX object sa/CMakeFiles/cubridsa.dir/__/src/object/schema_information_schema_install_query_spec.cpp.o
[194/1345] Building CXX object sa/CMakeFiles/cubridsa.dir/__/src/object/object_accessor.c.o
[195/1345] Building CXX object sa/CMakeFiles/cubridsa.dir/__/src/object/object_template.c.o
[196/1345] Building CXX object sa/CMakeFiles/cubridsa.dir/__/src/object/schema_system_catalog_builder.cpp.o
[197/1345] Building CXX object sa/CMakeFiles/cubridsa.dir/__/src/optimizer/rewriter/query_rewrite_set.c.o
[198/1345] Building CXX object sa/CMakeFiles/cubridsa.dir/__/src/object/trigger_description.cpp.o
[199/1345] Building CXX object sa/CMakeFiles/cubridsa.dir/__/src/optimizer/rewriter/query_rewrite.c.o
[200/1345] Building CXX object sa/CMakeFiles/cubridsa.dir/__/src/object/set_object.c.o
[201/1345] Building CXX object sa/CMakeFiles/cubridsa.dir/__/src/object/schema_template.c.o
[202/1345] Building CXX object sa/CMakeFiles/cubridsa.dir/__/src/object/object_domain.c.o
[203/1345] Building CXX object sa/CMakeFiles/cubridsa.dir/__/src/object/transform_cl.c.o
[204/1345] Building CXX object sa/CMakeFiles/cubridsa.dir/__/src/object/schema_class_truncator.cpp.o
[205/1345] Building CXX object sa/CMakeFiles/cubridsa.dir/__/src/optimizer/rewriter/query_rewrite_select.c.o
[206/1345] Building CXX object sa/CMakeFiles/cubridsa.dir/__/src/query/numeric_opfunc.c.o
[207/1345] Building CXX object sa/CMakeFiles/cubridsa.dir/__/src/optimizer/rewriter/query_rewrite_term.c.o
[208/1345] Building CXX object sa/CMakeFiles/cubridsa.dir/__/src/object/virtual_object.c.o
[209/1345] Building CXX object sa/CMakeFiles/cubridsa.dir/__/src/object/work_space.c.o
[210/1345] Building CXX object cs/CMakeFiles/cubridcs.dir/__/src/compat/db_json.cpp.o
[211/1345] Building C object sa/CMakeFiles/cubridsa.dir/__/csql_lexer.c.o
[212/1345] Building CXX object sa/CMakeFiles/cubridsa.dir/__/src/query/cursor.c.o
[213/1345] Building CXX object sa/CMakeFiles/cubridsa.dir/__/src/object/object_primitive.c.o
[214/1345] Building CXX object sa/CMakeFiles/cubridsa.dir/__/src/query/string_regex_re2.cpp.o
[215/1345] Building CXX object sa/CMakeFiles/cubridsa.dir/__/src/object/trigger_manager.c.o
[216/1345] Building CXX object sa/CMakeFiles/cubridsa.dir/__/src/query/dblink_2pc.c.o
[217/1345] Building CXX object sa/CMakeFiles/cubridsa.dir/__/src/transaction/lock_table.c.o
[218/1345] Building CXX object sa/CMakeFiles/cubridsa.dir/__/src/query/string_regex.cpp.o
[219/1345] Building CXX object sa/CMakeFiles/cubridsa.dir/__/src/query/dblink_scan.c.o
[220/1345] Building CXX object sa/CMakeFiles/cubridsa.dir/__/src/object/schema_manager.c.o
[221/1345] Building CXX object sa/CMakeFiles/cubridsa.dir/__/src/object/schema_information_schema_install.cpp.o
[222/1345] Building CXX object sa/CMakeFiles/cubridsa.dir/__/src/thread/critical_section_tracker.cpp.o
[223/1345] Building CXX object sa/CMakeFiles/cubridsa.dir/__/src/query/vacuum_oos.cpp.o
[224/1345] Building CXX object sa/CMakeFiles/cubridsa.dir/__/src/optimizer/plan_generation.c.o
[225/1345] Building CXX object sa/CMakeFiles/cubridsa.dir/__/src/query/regu_var.cpp.o
[226/1345] Building CXX object sa/CMakeFiles/cubridsa.dir/__/src/query/arithmetic.c.o
[227/1345] Building CXX object sa/CMakeFiles/cubridsa.dir/__/src/transaction/log_lsa.cpp.o
[228/1345] Building CXX object sa/CMakeFiles/cubridsa.dir/__/src/transaction/locator.c.o
[229/1345] Building CXX object sa/CMakeFiles/cubridsa.dir/__/src/transaction/client_credentials.cpp.o
[230/1345] Building CXX object sa/CMakeFiles/cubridsa.dir/__/src/query/partition.c.o
[231/1345] Building CXX object sa/CMakeFiles/cubridsa.dir/__/src/query/list_file.c.o
[232/1345] Building CXX object sa/CMakeFiles/cubridsa.dir/__/src/query/query_reevaluation.cpp.o
[233/1345] Building CXX object sa/CMakeFiles/cubridsa.dir/__/src/sp/sp_catalog.cpp.o
[234/1345] Building CXX object sa/CMakeFiles/cubridsa.dir/__/src/query/query_cl.c.o
[235/1345] Building CXX object sa/CMakeFiles/cubridsa.dir/__/src/optimizer/query_graph.c.o
[236/1345] Building CXX object sa/CMakeFiles/cubridsa.dir/__/src/query/fetch.c.o
[237/1345] Building CXX object sa/CMakeFiles/cubridsa.dir/__/src/object/schema_system_catalog_install.cpp.o
[238/1345] Building CXX object sa/CMakeFiles/cubridsa.dir/__/src/parser/double_byte_support.c.o
[239/1345] Building CXX object sa/CMakeFiles/cubridsa.dir/__/src/query/query_hash_join.c.o
[240/1345] Building CXX object sa/CMakeFiles/cubridsa.dir/__/src/query/query_hash_scan.c.o
[241/1345] Building CXX object sa/CMakeFiles/cubridsa.dir/__/src/optimizer/query_planner.c.o
[242/1345] Building CXX object sa/CMakeFiles/cubridsa.dir/__/src/transaction/wait_for_graph.c.o
[243/1345] Building CXX object sa/CMakeFiles/cubridsa.dir/__/src/query/query_analytic.cpp.o
[244/1345] Building CXX object sa/CMakeFiles/cubridsa.dir/__/src/parser/keyword.c.o
[245/1345] Building CXX object sa/CMakeFiles/cubridsa.dir/__/src/thread/thread_entry_task.cpp.o
[246/1345] Building CXX object sa/CMakeFiles/cubridsa.dir/__/src/transaction/log_comm.c.o
[247/1345] Building CXX object sa/CMakeFiles/cubridsa.dir/__/src/query/query_evaluator.c.o
[248/1345] Building CXX object sa/CMakeFiles/cubridsa.dir/__/src/query/set_scan.c.o
[249/1345] Building CXX object sa/CMakeFiles/cubridsa.dir/__/src/query/filter_pred_cache.c.o
[250/1345] Building CXX object sa/CMakeFiles/cubridsa.dir/__/src/parser/cnf.c.o
[251/1345] Building CXX object sa/CMakeFiles/cubridsa.dir/__/src/parser/parse_tree.c.o
[252/1345] Building CXX object sa/CMakeFiles/cubridsa.dir/__/src/query/query_dump.c.o
[253/1345] Building CXX object sa/CMakeFiles/cubridsa.dir/__/src/parser/parse_type.cpp.o
[254/1345] Building CXX object sa/CMakeFiles/cubridsa.dir/__/src/query/query_aggregate.cpp.o
[255/1345] Building CXX object sa/CMakeFiles/cubridsa.dir/__/src/query/show_scan.c.o
[256/1345] Building CXX object sa/CMakeFiles/cubridsa.dir/__/src/query/scan_json_table.cpp.o
[257/1345] Building CXX object sa/CMakeFiles/cubridsa.dir/__/src/storage/byte_order.c.o
[258/1345] Building CXX object sa/CMakeFiles/cubridsa.dir/__/src/query/subquery_cache.c.o
[259/1345] Building CXX object sa/CMakeFiles/cubridsa.dir/__/src/thread/thread_manager.cpp.o
[260/1345] Building CXX object sa/CMakeFiles/cubridsa.dir/__/src/thread/thread_lockfree_hash_map.cpp.o
[261/1345] Building CXX object sa/CMakeFiles/cubridsa.dir/__/src/parser/parser_allocator.cpp.o
[262/1345] Building CXX object sa/CMakeFiles/cubridsa.dir/__/src/query/execute_schema.c.o
[263/1345] Building CXX object sa/CMakeFiles/cubridsa.dir/__/src/storage/es_owfs.c.o
[264/1345] Building CXX object sa/CMakeFiles/cubridsa.dir/__/src/parser/scanner_support.c.o
[265/1345] Building CXX object sa/CMakeFiles/cubridsa.dir/__/src/query/query_manager.c.o
[266/1345] Building CXX object sa/CMakeFiles/cubridsa.dir/__/src/parser/show_meta.c.o
[267/1345] Building CXX object sa/CMakeFiles/cubridsa.dir/__/src/storage/es_posix.c.o
[268/1345] Building CXX object sa/CMakeFiles/cubridsa.dir/__/src/transaction/log_global.c.o
[269/1345] Building CXX object sa/CMakeFiles/cubridsa.dir/__/src/parser/func_type.cpp.o
[270/1345] Building CXX object sa/CMakeFiles/cubridsa.dir/__/src/transaction/log_2pc.c.o
[271/1345] Building CXX object sa/CMakeFiles/cubridsa.dir/__/src/parser/compile.c.o
[272/1345] Building CXX object sa/CMakeFiles/cubridsa.dir/__/src/query/serial.c.o
[273/1345] Building CXX object sa/CMakeFiles/cubridsa.dir/__/src/transaction/flashback.c.o
[274/1345] Building CXX object sa/CMakeFiles/cubridsa.dir/__/src/query/xasl_to_stream.c.o
[275/1345] Building CXX object sa/CMakeFiles/cubridsa.dir/__/src/transaction/log_append.cpp.o
[276/1345] Building CXX object sa/CMakeFiles/cubridsa.dir/__/src/transaction/log_postpone_cache.cpp.o
[277/1345] Building CXX object sa/CMakeFiles/cubridsa.dir/__/src/query/stream_to_xasl.c.o
[278/1345] Building CXX object sa/CMakeFiles/cubridsa.dir/__/src/query/scan_manager.c.o
[279/1345] Building CXX object sa/CMakeFiles/cubridsa.dir/__/src/storage/es_common.c.o
[280/1345] Building CXX object sa/CMakeFiles/cubridsa.dir/__/src/storage/oid.c.o
[281/1345] Building CXX object sa/CMakeFiles/cubridsa.dir/__/src/transaction/log_compress.c.o
[282/1345] Building CXX object sa/CMakeFiles/cubridsa.dir/__/src/parser/parse_evaluate.c.o
[283/1345] Building CXX object sa/CMakeFiles/cubridsa.dir/__/src/transaction/log_recovery_redo.cpp.o
[284/1345] Building CXX object sa/CMakeFiles/cubridsa.dir/__/src/storage/btree_unique.cpp.o
[285/1345] Building CXX object sa/CMakeFiles/cubridsa.dir/__/src/query/query_opfunc.c.o
[286/1345] Building CXX object sa/CMakeFiles/cubridsa.dir/__/src/xasl/xasl_iteration.cpp.o
[287/1345] Building CXX object sa/CMakeFiles/cubridsa.dir/__/src/transaction/mvcc_active_tran.cpp.o
[288/1345] Building CXX object sa/CMakeFiles/cubridsa.dir/__/src/parser/parse_dbi.c.o
[289/1345] Building CXX object sa/CMakeFiles/cubridsa.dir/__/src/storage/statistics_ndv.c.o
[290/1345] Building CXX object sa/CMakeFiles/cubridsa.dir/__/src/storage/oos_util.cpp.o
[291/1345] Building CXX object sa/CMakeFiles/cubridsa.dir/__/src/transaction/mvcc.c.o
[292/1345] Building CXX object sa/CMakeFiles/cubridsa.dir/__/src/parser/xasl_regu_alloc.cpp.o
[293/1345] Building CXX object sa/CMakeFiles/cubridsa.dir/__/src/query/memoize.cpp.o
[294/1345] Building CXX object sa/CMakeFiles/cubridsa.dir/__/src/transaction/log_system_tran.cpp.o
[295/1345] Building CXX object sa/CMakeFiles/cubridsa.dir/__/src/query/execute_statement.c.o
[296/1345] Building CXX object sa/CMakeFiles/cubridsa.dir/__/src/parser/query_result.c.o
[297/1345] Building CXX object sa/CMakeFiles/cubridsa.dir/__/src/transaction/mvcc_table.cpp.o
[298/1345] Building CXX object sa/CMakeFiles/cubridsa.dir/__/src/transaction/replication.c.o
[299/1345] Building CXX object sa/CMakeFiles/cubridsa.dir/__/src/query/vacuum.c.o
[300/1345] Building CXX object sa/CMakeFiles/cubridsa.dir/__/src/transaction/transaction_transient.cpp.o
[301/1345] Building CXX object sa/CMakeFiles/cubridsa.dir/__/src/query/string_regex_std.cpp.o
[302/1345] Building CXX object sa/CMakeFiles/cubridsa.dir/__/src/thread/thread_entry.cpp.o
[303/1345] Building CXX object sa/CMakeFiles/cubridsa.dir/__/src/storage/storage_common.c.o
[304/1345] Building CXX object sa/CMakeFiles/cubridsa.dir/__/src/parser/parser_support.c.o
[305/1345] Building CXX object sa/CMakeFiles/cubridsa.dir/__/src/parser/name_resolution.c.o
[306/1345] Building CXX object sa/CMakeFiles/cubridsa.dir/__/src/query/xasl_cache.c.o
[307/1345] Building CXX object sa/CMakeFiles/cubridsa.dir/__/src/transaction/boot_cl.c.o
[308/1345] Building CXX object sa/CMakeFiles/cubridsa.dir/__/src/xasl/access_json_table.cpp.o
[309/1345] Building CXX object sa/CMakeFiles/cubridsa.dir/__/src/parser/view_transform.c.o
[310/1345] Building CXX object sa/CMakeFiles/cubridsa.dir/__/src/storage/record_descriptor.cpp.o
[311/1345] Building CXX object sa/CMakeFiles/cubridsa.dir/__/src/storage/overflow_file.c.o
[312/1345] Building CXX object sa/CMakeFiles/cubridsa.dir/__/src/query/string_opfunc.c.o
[313/1345] Building CXX object sa/CMakeFiles/cubridsa.dir/__/src/transaction/locator_cl.c.o
[314/1345] Building CXX object sa/CMakeFiles/cubridsa.dir/__/src/transaction/boot_sr.c.o
[315/1345] Building CXX object sa/CMakeFiles/cubridsa.dir/__/src/storage/ftab_set.cpp.o
[316/1345] Building CXX object sa/CMakeFiles/cubridsa.dir/__/src/transaction/log_recovery.c.o
[317/1345] Building CXX object sa/CMakeFiles/cubridsa.dir/__/src/loaddb/load_driver.cpp.o
[318/1345] Building CXX object sa/CMakeFiles/cubridsa.dir/__/src/transaction/log_writer.c.o
[319/1345] Building CXX object sa/CMakeFiles/cubridsa.dir/__/src/transaction/lock_manager.c.o
[320/1345] Building CXX object sa/CMakeFiles/cubridsa.dir/__/src/loaddb/load_common.cpp.o
[321/1345] Building CXX object sa/CMakeFiles/cubridsa.dir/__/src/optimizer/histogram/histogram_reader.cpp.o
[322/1345] Building CXX object sa/CMakeFiles/cubridsa.dir/__/src/transaction/transaction_cl.c.o
[323/1345] Building CXX object cs/CMakeFiles/cubridcs.dir/__/src/compat/db_function.cpp.o
[324/1345] Building CXX object cs/CMakeFiles/cubridcs.dir/__/src/executables/extract_schema.cpp.o
[325/1345] Building CXX object sa/CMakeFiles/cubridsa.dir/__/src/parser/semantic_check.c.o
[326/1345] Building CXX object sa/CMakeFiles/cubridsa.dir/__/src/loaddb/load_semantic_helper.cpp.o
[327/1345] Building CXX object sa/CMakeFiles/cubridsa.dir/__/load_lexer.cpp.o
[328/1345] Building CXX object sa/CMakeFiles/cubridsa.dir/__/src/parser/parse_tree_cl.c.o
[329/1345] Building CXX object cs/CMakeFiles/cubridcs.dir/__/src/executables/csql_result.c.o
[330/1345] Building CXX object sa/CMakeFiles/cubridsa.dir/__/load_grammar.cpp.o
[331/1345] Building CXX object sa/CMakeFiles/cubridsa.dir/__/src/loaddb/load_error_handler.cpp.o
[332/1345] Building CXX object sa/CMakeFiles/cubridsa.dir/__/src/transaction/recovery.c.o
[333/1345] Building CXX object sa/CMakeFiles/cubridsa.dir/__/src/transaction/transaction_sr.c.o
[334/1345] Building CXX object cs/CMakeFiles/cubridcs.dir/__/src/executables/file_hash.c.o
[335/1345] Building CXX object sa/CMakeFiles/cubridsa.dir/__/src/optimizer/histogram/histogram_builder.cpp.o
[336/1345] Building CXX object sa/CMakeFiles/cubridsa.dir/__/src/storage/es.c.o
[337/1345] Building C object sa/CMakeFiles/cubridsa.dir/__/csql_grammar.c.o
/home/vimkim/gh/cb/CBRD-27398-pgbuf-inspector-contract/build_preset_debug_gcc/csql_grammar.c: In function ‘yyuserAction’:
/home/vimkim/gh/cb/CBRD-27398-pgbuf-inspector-contract/build_preset_debug_gcc/csql_grammar.c:41962:80: warning: implicit conversion from ‘enum pt_currency_types’ to ‘DB_CURRENCY’ [-Wenum-conversion]
41962 |                             pt_value_set_monetary (this_parser, val, str, txt, PT_CURRENCY_YEN);
      |                                                                                ^~~~~~~~~~~~~~~
/home/vimkim/gh/cb/CBRD-27398-pgbuf-inspector-contract/build_preset_debug_gcc/csql_grammar.c:41982:80: warning: implicit conversion from ‘enum pt_currency_types’ to ‘DB_CURRENCY’ [-Wenum-conversion]
41982 |                             pt_value_set_monetary (this_parser, val, str, txt, PT_CURRENCY_DOLLAR);
      |                                                                                ^~~~~~~~~~~~~~~~~~
/home/vimkim/gh/cb/CBRD-27398-pgbuf-inspector-contract/build_preset_debug_gcc/csql_grammar.c:42002:80: warning: implicit conversion from ‘enum pt_currency_types’ to ‘DB_CURRENCY’ [-Wenum-conversion]
42002 |                             pt_value_set_monetary (this_parser, val, str, txt, PT_CURRENCY_WON);
      |                                                                                ^~~~~~~~~~~~~~~
/home/vimkim/gh/cb/CBRD-27398-pgbuf-inspector-contract/build_preset_debug_gcc/csql_grammar.c:42022:80: warning: implicit conversion from ‘enum pt_currency_types’ to ‘DB_CURRENCY’ [-Wenum-conversion]
42022 |                             pt_value_set_monetary (this_parser, val, str, txt, PT_CURRENCY_TL);
      |                                                                                ^~~~~~~~~~~~~~
/home/vimkim/gh/cb/CBRD-27398-pgbuf-inspector-contract/build_preset_debug_gcc/csql_grammar.c:42042:80: warning: implicit conversion from ‘enum pt_currency_types’ to ‘DB_CURRENCY’ [-Wenum-conversion]
42042 |                             pt_value_set_monetary (this_parser, val, str, txt, PT_CURRENCY_BRITISH_POUND);
      |                                                                                ^~~~~~~~~~~~~~~~~~~~~~~~~
/home/vimkim/gh/cb/CBRD-27398-pgbuf-inspector-contract/build_preset_debug_gcc/csql_grammar.c:42061:80: warning: implicit conversion from ‘enum pt_currency_types’ to ‘DB_CURRENCY’ [-Wenum-conversion]
42061 |                             pt_value_set_monetary (this_parser, val, str, txt, PT_CURRENCY_CAMBODIAN_RIEL);
      |                                                                                ^~~~~~~~~~~~~~~~~~~~~~~~~~
/home/vimkim/gh/cb/CBRD-27398-pgbuf-inspector-contract/build_preset_debug_gcc/csql_grammar.c:42080:80: warning: implicit conversion from ‘enum pt_currency_types’ to ‘DB_CURRENCY’ [-Wenum-conversion]
42080 |                             pt_value_set_monetary (this_parser, val, str, txt, PT_CURRENCY_CHINESE_RENMINBI);
      |                                                                                ^~~~~~~~~~~~~~~~~~~~~~~~~~~~
/home/vimkim/gh/cb/CBRD-27398-pgbuf-inspector-contract/build_preset_debug_gcc/csql_grammar.c:42099:80: warning: implicit conversion from ‘enum pt_currency_types’ to ‘DB_CURRENCY’ [-Wenum-conversion]
42099 |                             pt_value_set_monetary (this_parser, val, str, txt, PT_CURRENCY_INDIAN_RUPEE);
      |                                                                                ^~~~~~~~~~~~~~~~~~~~~~~~
/home/vimkim/gh/cb/CBRD-27398-pgbuf-inspector-contract/build_preset_debug_gcc/csql_grammar.c:42118:80: warning: implicit conversion from ‘enum pt_currency_types’ to ‘DB_CURRENCY’ [-Wenum-conversion]
42118 |                             pt_value_set_monetary (this_parser, val, str, txt, PT_CURRENCY_RUSSIAN_RUBLE);
      |                                                                                ^~~~~~~~~~~~~~~~~~~~~~~~~
/home/vimkim/gh/cb/CBRD-27398-pgbuf-inspector-contract/build_preset_debug_gcc/csql_grammar.c:42137:80: warning: implicit conversion from ‘enum pt_currency_types’ to ‘DB_CURRENCY’ [-Wenum-conversion]
42137 |                             pt_value_set_monetary (this_parser, val, str, txt, PT_CURRENCY_AUSTRALIAN_DOLLAR);
      |                                                                                ^~~~~~~~~~~~~~~~~~~~~~~~~~~~~
/home/vimkim/gh/cb/CBRD-27398-pgbuf-inspector-contract/build_preset_debug_gcc/csql_grammar.c:42156:80: warning: implicit conversion from ‘enum pt_currency_types’ to ‘DB_CURRENCY’ [-Wenum-conversion]
42156 |                             pt_value_set_monetary (this_parser, val, str, txt, PT_CURRENCY_CANADIAN_DOLLAR);
      |                                                                                ^~~~~~~~~~~~~~~~~~~~~~~~~~~
/home/vimkim/gh/cb/CBRD-27398-pgbuf-inspector-contract/build_preset_debug_gcc/csql_grammar.c:42175:80: warning: implicit conversion from ‘enum pt_currency_types’ to ‘DB_CURRENCY’ [-Wenum-conversion]
42175 |                             pt_value_set_monetary (this_parser, val, str, txt, PT_CURRENCY_BRASILIAN_REAL);
      |                                                                                ^~~~~~~~~~~~~~~~~~~~~~~~~~
/home/vimkim/gh/cb/CBRD-27398-pgbuf-inspector-contract/build_preset_debug_gcc/csql_grammar.c:42194:80: warning: implicit conversion from ‘enum pt_currency_types’ to ‘DB_CURRENCY’ [-Wenum-conversion]
42194 |                             pt_value_set_monetary (this_parser, val, str, txt, PT_CURRENCY_ROMANIAN_LEU);
      |                                                                                ^~~~~~~~~~~~~~~~~~~~~~~~
/home/vimkim/gh/cb/CBRD-27398-pgbuf-inspector-contract/build_preset_debug_gcc/csql_grammar.c:42213:80: warning: implicit conversion from ‘enum pt_currency_types’ to ‘DB_CURRENCY’ [-Wenum-conversion]
42213 |                             pt_value_set_monetary (this_parser, val, str, txt, PT_CURRENCY_EURO);
      |                                                                                ^~~~~~~~~~~~~~~~
/home/vimkim/gh/cb/CBRD-27398-pgbuf-inspector-contract/build_preset_debug_gcc/csql_grammar.c:42232:80: warning: implicit conversion from ‘enum pt_currency_types’ to ‘DB_CURRENCY’ [-Wenum-conversion]
42232 |                             pt_value_set_monetary (this_parser, val, str, txt, PT_CURRENCY_SWISS_FRANC);
      |                                                                                ^~~~~~~~~~~~~~~~~~~~~~~
/home/vimkim/gh/cb/CBRD-27398-pgbuf-inspector-contract/build_preset_debug_gcc/csql_grammar.c:42251:80: warning: implicit conversion from ‘enum pt_currency_types’ to ‘DB_CURRENCY’ [-Wenum-conversion]
42251 |                             pt_value_set_monetary (this_parser, val, str, txt, PT_CURRENCY_DANISH_KRONE);
      |                                                                                ^~~~~~~~~~~~~~~~~~~~~~~~
/home/vimkim/gh/cb/CBRD-27398-pgbuf-inspector-contract/build_preset_debug_gcc/csql_grammar.c:42270:80: warning: implicit conversion from ‘enum pt_currency_types’ to ‘DB_CURRENCY’ [-Wenum-conversion]
42270 |                             pt_value_set_monetary (this_parser, val, str, txt, PT_CURRENCY_NORWEGIAN_KRONE);
      |                                                                                ^~~~~~~~~~~~~~~~~~~~~~~~~~~
/home/vimkim/gh/cb/CBRD-27398-pgbuf-inspector-contract/build_preset_debug_gcc/csql_grammar.c:42289:80: warning: implicit conversion from ‘enum pt_currency_types’ to ‘DB_CURRENCY’ [-Wenum-conversion]
42289 |                             pt_value_set_monetary (this_parser, val, str, txt, PT_CURRENCY_BULGARIAN_LEV);
      |                                                                                ^~~~~~~~~~~~~~~~~~~~~~~~~
/home/vimkim/gh/cb/CBRD-27398-pgbuf-inspector-contract/build_preset_debug_gcc/csql_grammar.c:42308:80: warning: implicit conversion from ‘enum pt_currency_types’ to ‘DB_CURRENCY’ [-Wenum-conversion]
42308 |                             pt_value_set_monetary (this_parser, val, str, txt, PT_CURRENCY_VIETNAMESE_DONG);
      |                                                                                ^~~~~~~~~~~~~~~~~~~~~~~~~~~
/home/vimkim/gh/cb/CBRD-27398-pgbuf-inspector-contract/build_preset_debug_gcc/csql_grammar.c:42327:80: warning: implicit conversion from ‘enum pt_currency_types’ to ‘DB_CURRENCY’ [-Wenum-conversion]
42327 |                             pt_value_set_monetary (this_parser, val, str, txt, PT_CURRENCY_CZECH_KORUNA);
      |                                                                                ^~~~~~~~~~~~~~~~~~~~~~~~
/home/vimkim/gh/cb/CBRD-27398-pgbuf-inspector-contract/build_preset_debug_gcc/csql_grammar.c:42346:80: warning: implicit conversion from ‘enum pt_currency_types’ to ‘DB_CURRENCY’ [-Wenum-conversion]
42346 |                             pt_value_set_monetary (this_parser, val, str, txt, PT_CURRENCY_POLISH_ZLOTY);
      |                                                                                ^~~~~~~~~~~~~~~~~~~~~~~~
/home/vimkim/gh/cb/CBRD-27398-pgbuf-inspector-contract/build_preset_debug_gcc/csql_grammar.c:42365:80: warning: implicit conversion from ‘enum pt_currency_types’ to ‘DB_CURRENCY’ [-Wenum-conversion]
42365 |                             pt_value_set_monetary (this_parser, val, str, txt, PT_CURRENCY_SWEDISH_KRONA);
      |                                                                                ^~~~~~~~~~~~~~~~~~~~~~~~~
/home/vimkim/gh/cb/CBRD-27398-pgbuf-inspector-contract/build_preset_debug_gcc/csql_grammar.c:42384:80: warning: implicit conversion from ‘enum pt_currency_types’ to ‘DB_CURRENCY’ [-Wenum-conversion]
42384 |                             pt_value_set_monetary (this_parser, val, str, txt, PT_CURRENCY_CROATIAN_KUNA);
      |                                                                                ^~~~~~~~~~~~~~~~~~~~~~~~~
/home/vimkim/gh/cb/CBRD-27398-pgbuf-inspector-contract/build_preset_debug_gcc/csql_grammar.c:42403:80: warning: implicit conversion from ‘enum pt_currency_types’ to ‘DB_CURRENCY’ [-Wenum-conversion]
42403 |                             pt_value_set_monetary (this_parser, val, str, txt, PT_CURRENCY_SERBIAN_DINAR);
      |                                                                                ^~~~~~~~~~~~~~~~~~~~~~~~~
/home/vimkim/gh/cb/CBRD-27398-pgbuf-inspector-contract/build_preset_debug_gcc/csql_grammar.c: In function ‘pt_value_set_monetary’:
/home/vimkim/gh/cb/CBRD-27398-pgbuf-inspector-contract/build_preset_debug_gcc/csql_grammar.c:48415:42: warning: implicit conversion from ‘DB_CURRENCY’ to ‘PT_CURRENCY’ {aka ‘enum pt_currency_types’} [-Wenum-conversion]
48415 |   node->info.value.data_value.money.type = type;
      |                                          ^
[338/1345] Building CXX object cs/CMakeFiles/cubridcs.dir/__/src/base/dynamic_array.c.o
[339/1345] Building CXX object cs/CMakeFiles/cubridcs.dir/__/src/base/dtoa.c.o
[340/1345] Building CXX object sa/CMakeFiles/cubridsa.dir/__/src/query/query_executor.c.o
[341/1345] Building CXX object sa/CMakeFiles/cubridsa.dir/__/src/transaction/locator_sr.c.o
[342/1345] Building CXX object cs/CMakeFiles/cubridcs.dir/__/src/base/chartype.c.o
[343/1345] Building CXX object sa/CMakeFiles/cubridsa.dir/__/src/storage/compactdb_sr.c.o
[344/1345] Building CXX object cs/CMakeFiles/cubridcs.dir/__/src/base/fault_injection.c.o
[345/1345] Building CXX object cs/CMakeFiles/cubridcs.dir/__/src/compat/cnv.c.o
[346/1345] Building CXX object cs/CMakeFiles/cubridcs.dir/__/src/base/environment_variable.c.o
[347/1345] Building CXX object sa/CMakeFiles/cubridsa.dir/__/src/storage/double_write_buffer.cpp.o
[348/1345] Building CXX object cs/CMakeFiles/cubridcs.dir/__/src/executables/util_common.c.o
[349/1345] Building CXX object sa/CMakeFiles/cubridsa.dir/__/src/session/session_sr.c.o
[350/1345] Building CXX object cs/CMakeFiles/cubridcs.dir/__/src/base/cubrid_getopt_long.c.o
[351/1345] Building CXX object sa/CMakeFiles/cubridsa.dir/__/src/storage/bestspace.cpp.o
[352/1345] Building CXX object cs/CMakeFiles/cubridcs.dir/__/src/compat/db_json_types_internal.cpp.o
[353/1345] Building CXX object sa/CMakeFiles/cubridsa.dir/__/src/xasl/xasl_analytic.cpp.o
[354/1345] Building CXX object sa/CMakeFiles/cubridsa.dir/__/src/xasl/xasl_predicate.cpp.o
[355/1345] Building CXX object cs/CMakeFiles/cubridcs.dir/__/src/base/ini_parser.c.o
[356/1345] Building CXX object sa/CMakeFiles/cubridsa.dir/__/src/transaction/log_page_buffer.c.o
[357/1345] Building CXX object cs/CMakeFiles/cubridcs.dir/__/src/base/base64.c.o
[358/1345] Building CXX object cs/CMakeFiles/cubridcs.dir/__/src/base/fileline_location.cpp.o
[359/1345] Building C object cs/CMakeFiles/cubridcs.dir/__/src/compat/dbtype_function.c.o
[360/1345] Building CXX object cs/CMakeFiles/cubridcs.dir/__/src/base/encryption.c.o
[361/1345] Building CXX object sa/CMakeFiles/cubridsa.dir/__/src/storage/extendible_hash.c.o
[362/1345] Building CXX object sa/CMakeFiles/cubridsa.dir/__/src/storage/disk_manager.c.o
[363/1345] Building CXX object sa/CMakeFiles/cubridsa.dir/__/src/storage/statistics_cl.c.o
[364/1345] Building CXX object sa/CMakeFiles/cubridsa.dir/__/src/storage/slotted_page.c.o
[365/1345] Building CXX object cs/CMakeFiles/cubridcs.dir/__/src/base/fixed_alloc.c.o
[366/1345] Building CXX object sa/CMakeFiles/cubridsa.dir/__/src/transaction/log_manager.c.o
[367/1345] Building CXX object sa/CMakeFiles/cubridsa.dir/__/src/storage/catalog_class.c.o
[368/1345] Building CXX object sa/CMakeFiles/cubridsa.dir/__/src/storage/heap_oos.cpp.o
[369/1345] Building CXX object cs/CMakeFiles/cubridcs.dir/__/src/base/misc_string.c.o
[370/1345] Building CXX object sa/CMakeFiles/cubridsa.dir/__/src/transaction/log_tran_table.c.o
[371/1345] Building CXX object cs/CMakeFiles/cubridcs.dir/__/src/base/databases_file.c.o
[372/1345] Building CXX object cs/CMakeFiles/cubridcs.dir/__/src/base/locale_support.c.o
[373/1345] Building CXX object cs/CMakeFiles/cubridcs.dir/__/src/base/mprec.c.o
[374/1345] Building CXX object cs/CMakeFiles/cubridcs.dir/__/src/base/get_clock_freq.c.o
[375/1345] Building CXX object cs/CMakeFiles/cubridcs.dir/__/src/base/error_context.cpp.o
[376/1345] Building CXX object sa/CMakeFiles/cubridsa.dir/__/src/storage/oos_file.cpp.o
[377/1345] Building CXX object cs/CMakeFiles/cubridcs.dir/__/src/base/message_catalog.c.o
[378/1345] Building CXX object cs/CMakeFiles/cubridcs.dir/__/src/base/intl_support.c.o
[379/1345] Building CXX object sa/CMakeFiles/cubridsa.dir/__/src/parser/type_checking.c.o
[380/1345] Building CXX object sa/CMakeFiles/cubridsa.dir/__/src/loaddb/load_object_table.c.o
[381/1345] Building CXX object cs/CMakeFiles/cubridcs.dir/__/src/base/porting.c.o
[382/1345] Building CXX object sa/CMakeFiles/cubridsa.dir/__/src/storage/external_sort.c.o
[383/1345] Building CXX object sa/CMakeFiles/cubridsa.dir/__/src/parser/xasl_generation.c.o
[384/1345] Building CXX object sa/CMakeFiles/cubridsa.dir/__/src/storage/tde.c.o
[385/1345] Building CXX object sa/CMakeFiles/cubridsa.dir/__/src/xasl/xasl_stream.cpp.o
[386/1345] Building CXX object sa/CMakeFiles/cubridsa.dir/__/src/storage/btree_load.c.o
[387/1345] Building CXX object cs/CMakeFiles/cubridcs.dir/__/src/base/lockfree_bitmap.cpp.o
[388/1345] Building CXX object cs/CMakeFiles/cubridcs.dir/__/src/base/process_util.c.o
[389/1345] Building CXX object cs/CMakeFiles/cubridcs.dir/__/src/base/release_string.c.o
[390/1345] Building CXX object cs/CMakeFiles/cubridcs.dir/__/src/executables/csql_result_format.c.o
[391/1345] Building CXX object cs/CMakeFiles/cubridcs.dir/__/src/base/hide_password.cpp.o
[392/1345] Building CXX object cs/CMakeFiles/cubridcs.dir/__/src/base/filesys_temp.cpp.o
[393/1345] Building CXX object cs/CMakeFiles/cubridcs.dir/__/src/base/tsc_timer.c.o
[394/1345] Building CXX object cs/CMakeFiles/cubridcs.dir/__/src/base/error_manager.c.o
[395/1345] Building CXX object cs/CMakeFiles/cubridcs.dir/__/src/base/pinning.cpp.o
[396/1345] Building CXX object cs/CMakeFiles/cubridcs.dir/__/src/base/sha1.c.o
[397/1345] Building CXX object cs/CMakeFiles/cubridcs.dir/__/src/base/locale_helper.cpp.o
[398/1345] Building CXX object cs/CMakeFiles/cubridcs.dir/__/src/base/memory_private_allocator.cpp.o
[399/1345] Building CXX object sa/CMakeFiles/cubridsa.dir/__/src/storage/statistics_sr.c.o
[400/1345] Building CXX object cs/CMakeFiles/cubridcs.dir/__/src/base/variable_string.c.o
[401/1345] Building CXX object cs/CMakeFiles/cubridcs.dir/__/src/base/mem_block.cpp.o
[402/1345] Building CXX object cs/CMakeFiles/cubridcs.dir/__/src/base/memory_monitor_cl.cpp.o
[403/1345] Building CXX object cs/CMakeFiles/cubridcs.dir/__/src/executables/csql_support.c.o
[404/1345] Building CXX object cs/CMakeFiles/cubridcs.dir/__/src/base/perf.cpp.o
[405/1345] Building CXX object sa/CMakeFiles/cubridsa.dir/__/src/storage/file_io.c.o
[406/1345] Building CXX object sa/CMakeFiles/cubridsa.dir/__/src/session/session.c.o
[407/1345] Building CXX object cs/CMakeFiles/cubridcs.dir/__/src/base/unicode_support.c.o
[408/1345] Building CXX object cs/CMakeFiles/cubridcs.dir/__/src/base/uca_support.c.o
[409/1345] Building CXX object cs/CMakeFiles/cubridcs.dir/__/src/executables/unload_object_file.c.o
[410/1345] Building CXX object cs/CMakeFiles/cubridcs.dir/__/src/executables/csql_session.c.o
[411/1345] Building CXX object cs/CMakeFiles/cubridcs.dir/__/src/base/resource_tracker.cpp.o
[412/1345] Building CXX object cs/CMakeFiles/cubridcs.dir/__/src/base/printer.cpp.o
[413/1345] Building CXX object cs/CMakeFiles/cubridcs.dir/__/src/base/util_func.c.o
[414/1345] Building CXX object cs/CMakeFiles/cubridcs.dir/__/src/base/xml_parser.c.o
[415/1345] Building CXX object cs/CMakeFiles/cubridcs.dir/__/src/base/pinnable_buffer.cpp.o
[416/1345] Building CXX object cs/CMakeFiles/cubridcs.dir/__/src/compat/db_class.c.o
[417/1345] Building CXX object cs/CMakeFiles/cubridcs.dir/__/src/executables/compactdb_common.c.o
[418/1345] Building CXX object cs/CMakeFiles/cubridcs.dir/__/src/compat/db_macro.c.o
[419/1345] Building CXX object sa/CMakeFiles/cubridsa.dir/__/src/loaddb/load_db.c.o
[420/1345] Building CXX object sa/CMakeFiles/cubridsa.dir/__/src/loaddb/load_object.c.o
[421/1345] Building CXX object sa/CMakeFiles/cubridsa.dir/__/src/storage/page_buffer.c.o
[422/1345] Building CXX object cs/CMakeFiles/cubridcs.dir/__/src/compat/db_elo.c.o
[423/1345] Building CXX object cs/CMakeFiles/cubridcs.dir/__/src/base/stack_dump.c.o
[424/1345] Building CXX object cs/CMakeFiles/cubridcs.dir/__/src/base/string_buffer.cpp.o
[425/1345] Building CXX object cs/CMakeFiles/cubridcs.dir/__/src/base/packer.cpp.o
[426/1345] Building CXX object cs/CMakeFiles/cubridcs.dir/__/src/communication/network_histogram.cpp.o
[427/1345] Building CXX object cs/CMakeFiles/cubridcs.dir/__/src/executables/unloaddb.c.o
[428/1345] Building CXX object cs/CMakeFiles/cubridcs.dir/__/src/executables/compactdb_cl.c.o
[429/1345] Building CXX object cs/CMakeFiles/cubridcs.dir/__/src/compat/db_date.c.o
[430/1345] Building CXX object sa/CMakeFiles/cubridsa.dir/__/src/storage/file_manager.c.o
[431/1345] Building CXX object cubrid/CMakeFiles/cubrid.dir/__/src/storage/compactdb_sr.c.o
[432/1345] Building CXX object cs/CMakeFiles/cubridcs.dir/__/src/communication/network_common.cpp.o
[433/1345] Building CXX object cs/CMakeFiles/cubridcs.dir/__/src/compat/db_method_static.cpp.o
[434/1345] Building CXX object sa/CMakeFiles/cubridsa.dir/__/src/loaddb/load_sa_loader.cpp.o
[435/1345] Building CXX object cs/CMakeFiles/cubridcs.dir/__/src/executables/csql.c.o
[436/1345] Building CXX object cs/CMakeFiles/cubridcs.dir/__/src/compat/db_set.c.o
[437/1345] Building CXX object cs/CMakeFiles/cubridcs.dir/__/src/heaplayers/lea_heap.c.o
[438/1345] Building CXX object cs/CMakeFiles/cubridcs.dir/__/src/base/ifsys.cpp.o
[439/1345] Building CXX object cs/CMakeFiles/cubridcs.dir/__/src/executables/unload_object.c.o
[440/1345] Building CXX object cs/CMakeFiles/cubridcs.dir/__/src/executables/checksumdb.c.o
[441/1345] Building CXX object cs/CMakeFiles/cubridcs.dir/__/src/base/dynamic_load.c.o
[442/1345] Building CXX object cs/CMakeFiles/cubridcs.dir/__/src/compat/db_admin.c.o
[443/1345] Building CXX object cs/CMakeFiles/cubridcs.dir/__/src/heaplayers/customheaps.cpp.o
[444/1345] Building CXX object cs/CMakeFiles/cubridcs.dir/__/src/compat/db_virt.c.o
[445/1345] Building CXX object cs/CMakeFiles/cubridcs.dir/__/src/compat/db_old.c.o
[446/1345] Building CXX object cs/CMakeFiles/cubridcs.dir/__/src/base/area_alloc.c.o
[447/1345] Building CXX object cs/CMakeFiles/cubridcs.dir/__/src/compat/db_query.c.o
[448/1345] Building CXX object cs/CMakeFiles/cubridcs.dir/__/src/connection/connection_less.cpp.o
[449/1345] Building CXX object cs/CMakeFiles/cubridcs.dir/__/src/connection/connection_list_cl.cpp.o
[450/1345] Building CXX object sa/CMakeFiles/cubridsa.dir/__/src/storage/system_catalog.c.o
[451/1345] Building CXX object cs/CMakeFiles/cubridcs.dir/__/src/compat/db_obj.c.o
[452/1345] Building CXX object cs/CMakeFiles/cubridcs.dir/__/src/compat/db_value_printer.cpp.o
[453/1345] Building CXX object cs/CMakeFiles/cubridcs.dir/__/src/compat/db_temp.c.o
[454/1345] Building CXX object sa/CMakeFiles/cubridsa.dir/__/src/optimizer/histogram/histogram_cl.cpp.o
[455/1345] Building CXX object cs/CMakeFiles/cubridcs.dir/__/src/base/filesys_parser.cpp.o
[456/1345] Building CXX object cs/CMakeFiles/cubridcs.dir/__/src/connection/connection_globals.c.o
[457/1345] Building CXX object cs/CMakeFiles/cubridcs.dir/__/src/executables/util_cs.c.o
[458/1345] Building CXX object cs/CMakeFiles/cubridcs.dir/__/src/connection/tcp.c.o
[459/1345] Building CXX object cs/CMakeFiles/cubridcs.dir/__/src/connection/heartbeat.c.o
[460/1345] Building CXX object cs/CMakeFiles/cubridcs.dir/__/src/connection/host_lookup.c.o
[461/1345] Building CXX object cs/CMakeFiles/cubridcs.dir/__/src/object/quick_fit.c.o
[462/1345] Building CXX object cs/CMakeFiles/cubridcs.dir/__/src/object/object_print_util.cpp.o
[463/1345] Building CXX object cs/CMakeFiles/cubridcs.dir/__/src/object/identifier_store.cpp.o
[464/1345] Building CXX object cs/CMakeFiles/cubridcs.dir/__/src/object/elo.c.o
[465/1345] Building CXX object cs/CMakeFiles/cubridcs.dir/__/src/compat/db_vdb.c.o
[466/1345] Building CXX object cs/CMakeFiles/cubridcs.dir/__/src/connection/connection_cl.cpp.o
[467/1345] Building CXX object cs/CMakeFiles/cubridcs.dir/__/src/object/transform.c.o
[468/1345] Building CXX object cs/CMakeFiles/cubridcs.dir/__/src/base/cgroup.cpp.o
[469/1345] Building CXX object cs/CMakeFiles/cubridcs.dir/__/src/base/memory_hash.c.o
[470/1345] Building CXX object cs/CMakeFiles/cubridcs.dir/__/src/executables/unload_schema.c.o
[471/1345] Building CXX object cs/CMakeFiles/cubridcs.dir/__/src/compat/db_json_path.cpp.o
[472/1345] Building CXX object cs/CMakeFiles/cubridcs.dir/__/src/optimizer/query_bitset.c.o
[473/1345] Building CXX object cs/CMakeFiles/cubridcs.dir/__/src/base/memory_alloc.c.o
[474/1345] Building CXX object cs/CMakeFiles/cubridcs.dir/__/src/object/schema_information_schema.cpp.o
[475/1345] Building CXX object cs/CMakeFiles/cubridcs.dir/__/src/object/schema_information_schema_definition.cpp.o
[476/1345] Building CXX object cs/CMakeFiles/cubridcs.dir/__/src/base/resources.cpp.o
[477/1345] Building CXX object cs/CMakeFiles/cubridcs.dir/__/src/base/language_support.c.o
[478/1345] Building CXX object cs/CMakeFiles/cubridcs.dir/__/src/base/perf_monitor.c.o
[479/1345] Building CXX object cs/CMakeFiles/cubridcs.dir/__/src/base/ddl_log.c.o
[480/1345] Building CXX object cs/CMakeFiles/cubridcs.dir/__/src/connection/client_support.cpp.o
[481/1345] Building C object cs/CMakeFiles/cubridcs.dir/__/csql_lexer.c.o
[482/1345] Building CXX object cs/CMakeFiles/cubridcs.dir/__/src/communication/network_callback_cl.cpp.o
[483/1345] Building CXX object cs/CMakeFiles/cubridcs.dir/__/src/base/tz_support.c.o
[484/1345] Building CXX object cs/CMakeFiles/cubridcs.dir/__/src/object/lob_locator.cpp.o
[485/1345] Building CXX object cs/CMakeFiles/cubridcs.dir/__/src/connection/connection_support.cpp.o
[486/1345] Building CXX object cs/CMakeFiles/cubridcs.dir/__/src/object/authenticate_access_class.cpp.o
[487/1345] Building CXX object cs/CMakeFiles/cubridcs.dir/__/src/object/authenticate_password.cpp.o
[488/1345] Building CXX object cs/CMakeFiles/cubridcs.dir/__/src/base/system_parameter.c.o
[489/1345] Building CXX object cs/CMakeFiles/cubridcs.dir/__/src/communication/network_cl.c.o
[490/1345] Building CXX object cs/CMakeFiles/cubridcs.dir/__/src/object/deduplicate_key.c.o
[491/1345] Building CXX object cs/CMakeFiles/cubridcs.dir/__/src/object/authenticate_owner.cpp.o
[492/1345] Building CXX object cs/CMakeFiles/cubridcs.dir/__/src/object/authenticate.c.o
[493/1345] Building CXX object cs/CMakeFiles/cubridcs.dir/__/src/object/authenticate_grant.cpp.o
[494/1345] Building CXX object cs/CMakeFiles/cubridcs.dir/__/src/object/class_description.cpp.o
[495/1345] Building CXX object cs/CMakeFiles/cubridcs.dir/__/src/object/authenticate_context.cpp.o
[496/1345] Building CXX object cs/CMakeFiles/cubridcs.dir/__/src/object/authenticate_migration.cpp.o
[497/1345] Building CXX object cs/CMakeFiles/cubridcs.dir/__/src/object/object_description.cpp.o
[498/1345] Building CXX object cs/CMakeFiles/cubridcs.dir/__/src/object/authenticate_access_user.cpp.o
[499/1345] Building CXX object sa/CMakeFiles/cubridsa.dir/__/src/storage/btree.c.o
[500/1345] Building CXX object cs/CMakeFiles/cubridcs.dir/__/src/object/schema_system_catalog.cpp.o
[501/1345] Building CXX object cs/CMakeFiles/cubridcs.dir/__/src/object/schema_system_catalog_install_query_spec.cpp.o
[502/1345] Building CXX object cs/CMakeFiles/cubridcs.dir/__/src/object/authenticate_cache.cpp.o
[503/1345] Building CXX object cs/CMakeFiles/cubridcs.dir/__/src/object/schema_system_catalog_builder.cpp.o
[504/1345] Building CXX object cs/CMakeFiles/cubridcs.dir/__/src/query/parallel/px_scan/px_scan_checker.cpp.o
[505/1345] Building CXX object cs/CMakeFiles/cubridcs.dir/__/src/object/authenticate_access_auth.cpp.o
[506/1345] Building CXX object cubrid/CMakeFiles/cubrid.dir/__/src/storage/btree_load.c.o
[507/1345] Building CXX object cs/CMakeFiles/cubridcs.dir/__/src/object/object_printer.cpp.o
[508/1345] Building CXX object cs/CMakeFiles/cubridcs.dir/__/src/object/schema_system_catalog_definition.cpp.o
[509/1345] Building CXX object cs/CMakeFiles/cubridcs.dir/__/src/object/object_print.c.o
[510/1345] Building CXX object cs/CMakeFiles/cubridcs.dir/__/src/object/object_accessor.c.o
[511/1345] Building CXX object cs/CMakeFiles/cubridcs.dir/__/src/object/class_object.c.o
[512/1345] Building CXX object sa/CMakeFiles/cubridsa.dir/__/src/storage/heap_file.c.o
[513/1345] Building CXX object cs/CMakeFiles/cubridcs.dir/__/src/object/schema_information_schema_install_query_spec.cpp.o
[514/1345] Building CXX object cs/CMakeFiles/cubridcs.dir/__/src/object/trigger_description.cpp.o
[515/1345] Building CXX object cs/CMakeFiles/cubridcs.dir/__/src/parser/double_byte_support.c.o
[516/1345] Building CXX object cs/CMakeFiles/cubridcs.dir/__/src/method/method_query_result.cpp.o
[517/1345] Building CXX object cs/CMakeFiles/cubridcs.dir/__/src/object/object_representation.c.o
[518/1345] Building CXX object cs/CMakeFiles/cubridcs.dir/__/src/optimizer/rewriter/query_rewrite_auto_parameterize.c.o
[519/1345] Building CXX object cs/CMakeFiles/cubridcs.dir/__/src/object/schema_information_schema_builder.cpp.o
[520/1345] Building CXX object cs/CMakeFiles/cubridcs.dir/__/src/object/virtual_object.c.o
[521/1345] Building CXX object cs/CMakeFiles/cubridcs.dir/__/src/object/schema_template.c.o
[522/1345] Building CXX object cs/CMakeFiles/cubridcs.dir/__/src/object/schema_class_truncator.cpp.o
[523/1345] Building CXX object sa/CMakeFiles/cubridsa.dir/__/src/optimizer/histogram/histogram_sampler_sr.cpp.o
[524/1345] Building CXX object cs/CMakeFiles/cubridcs.dir/__/src/parser/keyword.c.o
[525/1345] Building CXX object cs/CMakeFiles/cubridcs.dir/__/src/object/transform_cl.c.o
[526/1345] Building CXX object cs/CMakeFiles/cubridcs.dir/__/src/object/set_object.c.o
[527/1345] Building CXX object cs/CMakeFiles/cubridcs.dir/__/src/object/work_space.c.o
[528/1345] Building CXX object cs/CMakeFiles/cubridcs.dir/__/src/object/object_template.c.o
[529/1345] Building CXX object cs/CMakeFiles/cubridcs.dir/__/src/optimizer/rewriter/query_rewrite_select.c.o
[530/1345] Building CXX object cs/CMakeFiles/cubridcs.dir/__/src/optimizer/rewriter/query_rewrite_subquery.c.o
[531/1345] Building CXX object cs/CMakeFiles/cubridcs.dir/__/src/optimizer/rewriter/query_rewrite.c.o
[532/1345] Building CXX object cs/CMakeFiles/cubridcs.dir/__/src/parser/cnf.c.o
[533/1345] Building CXX object cs/CMakeFiles/cubridcs.dir/__/src/optimizer/rewriter/query_rewrite_set.c.o
[534/1345] Building CXX object cs/CMakeFiles/cubridcs.dir/__/src/communication/network_interface_cl.c.o
/home/vimkim/gh/cb/CBRD-27398-pgbuf-inspector-contract/src/communication/network_interface_cl.c: In function ‘int heap_create(HFID*, const OID*, bool)’:
/home/vimkim/gh/cb/CBRD-27398-pgbuf-inspector-contract/src/communication/network_interface_cl.c:1679:22: warning: ‘request’ may be used uninitialized [-Wmaybe-uninitialized]
 1679 |   ptr = or_pack_hfid (request, hfid);
      |         ~~~~~~~~~~~~~^~~~~~~~~~~~~~~
In file included from /home/vimkim/gh/cb/CBRD-27398-pgbuf-inspector-contract/src/communication/network_interface_cl.c:58:
/home/vimkim/gh/cb/CBRD-27398-pgbuf-inspector-contract/src/base/object_representation.h:1135:14: note: by argument 1 of type ‘const char*’ to ‘char* or_pack_hfid(const char*, const HFID*)’ declared here
 1135 | extern char *or_pack_hfid (const char *ptr, const HFID * hfid);
      |              ^~~~~~~~~~~~
/home/vimkim/gh/cb/CBRD-27398-pgbuf-inspector-contract/src/communication/network_interface_cl.c:1671:61: note: ‘a_request’ declared here
 1671 |   OR_ALIGNED_BUF (OR_HFID_SIZE + OR_OID_SIZE + OR_INT_SIZE) a_request;
      |                                                             ^~~~~~~~~
/home/vimkim/gh/cb/CBRD-27398-pgbuf-inspector-contract/src/communication/network_interface_cl.c: In function ‘int heap_destroy_newly_created(const HFID*, const OID*, bool)’:
/home/vimkim/gh/cb/CBRD-27398-pgbuf-inspector-contract/src/communication/network_interface_cl.c:1779:22: warning: ‘request’ may be used uninitialized [-Wmaybe-uninitialized]
 1779 |   ptr = or_pack_hfid (request, hfid);
      |         ~~~~~~~~~~~~~^~~~~~~~~~~~~~~
In file included from /home/vimkim/gh/cb/CBRD-27398-pgbuf-inspector-contract/src/communication/network_interface_cl.c:58:
/home/vimkim/gh/cb/CBRD-27398-pgbuf-inspector-contract/src/base/object_representation.h:1135:14: note: by argument 1 of type ‘const char*’ to ‘char* or_pack_hfid(const char*, const HFID*)’ declared here
 1135 | extern char *or_pack_hfid (const char *ptr, const HFID * hfid);
      |              ^~~~~~~~~~~~
/home/vimkim/gh/cb/CBRD-27398-pgbuf-inspector-contract/src/communication/network_interface_cl.c:1771:61: note: ‘a_request’ declared here
 1771 |   OR_ALIGNED_BUF (OR_HFID_SIZE + OR_OID_SIZE + OR_INT_SIZE) a_request;
      |                                                             ^~~~~~~~~
/home/vimkim/gh/cb/CBRD-27398-pgbuf-inspector-contract/src/communication/network_interface_cl.c: In function ‘int heap_get_class_num_objects_pages(HFID*, int, int*, int*)’:
/home/vimkim/gh/cb/CBRD-27398-pgbuf-inspector-contract/src/communication/network_interface_cl.c:1831:22: warning: ‘request’ may be used uninitialized [-Wmaybe-uninitialized]
 1831 |   ptr = or_pack_hfid (request, hfid);
      |         ~~~~~~~~~~~~~^~~~~~~~~~~~~~~
In file included from /home/vimkim/gh/cb/CBRD-27398-pgbuf-inspector-contract/src/communication/network_interface_cl.c:58:
/home/vimkim/gh/cb/CBRD-27398-pgbuf-inspector-contract/src/base/object_representation.h:1135:14: note: by argument 1 of type ‘const char*’ to ‘char* or_pack_hfid(const char*, const HFID*)’ declared here
 1135 | extern char *or_pack_hfid (const char *ptr, const HFID * hfid);
      |              ^~~~~~~~~~~~
/home/vimkim/gh/cb/CBRD-27398-pgbuf-inspector-contract/src/communication/network_interface_cl.c:1822:47: note: ‘a_request’ declared here
 1822 |   OR_ALIGNED_BUF (OR_HFID_SIZE + OR_INT_SIZE) a_request;
      |                                               ^~~~~~~~~
/home/vimkim/gh/cb/CBRD-27398-pgbuf-inspector-contract/src/communication/network_interface_cl.c: In function ‘int heap_has_instance(HFID*, OID*, int)’:
/home/vimkim/gh/cb/CBRD-27398-pgbuf-inspector-contract/src/communication/network_interface_cl.c:1885:22: warning: ‘request’ may be used uninitialized [-Wmaybe-uninitialized]
 1885 |   ptr = or_pack_hfid (request, hfid);
      |         ~~~~~~~~~~~~~^~~~~~~~~~~~~~~
In file included from /home/vimkim/gh/cb/CBRD-27398-pgbuf-inspector-contract/src/communication/network_interface_cl.c:58:
/home/vimkim/gh/cb/CBRD-27398-pgbuf-inspector-contract/src/base/object_representation.h:1135:14: note: by argument 1 of type ‘const char*’ to ‘char* or_pack_hfid(const char*, const HFID*)’ declared here
 1135 | extern char *or_pack_hfid (const char *ptr, const HFID * hfid);
      |              ^~~~~~~~~~~~
/home/vimkim/gh/cb/CBRD-27398-pgbuf-inspector-contract/src/communication/network_interface_cl.c:1876:61: note: ‘a_request’ declared here
 1876 |   OR_ALIGNED_BUF (OR_HFID_SIZE + OR_OID_SIZE + OR_INT_SIZE) a_request;
      |                                                             ^~~~~~~~~
/home/vimkim/gh/cb/CBRD-27398-pgbuf-inspector-contract/src/communication/network_interface_cl.c: In function ‘int heap_reclaim_addresses(const HFID*)’:
/home/vimkim/gh/cb/CBRD-27398-pgbuf-inspector-contract/src/communication/network_interface_cl.c:1934:22: warning: ‘request’ may be used uninitialized [-Wmaybe-uninitialized]
 1934 |   ptr = or_pack_hfid (request, hfid);
      |         ~~~~~~~~~~~~~^~~~~~~~~~~~~~~
In file included from /home/vimkim/gh/cb/CBRD-27398-pgbuf-inspector-contract/src/communication/network_interface_cl.c:58:
/home/vimkim/gh/cb/CBRD-27398-pgbuf-inspector-contract/src/base/object_representation.h:1135:14: note: by argument 1 of type ‘const char*’ to ‘char* or_pack_hfid(const char*, const HFID*)’ declared here
 1135 | extern char *or_pack_hfid (const char *ptr, const HFID * hfid);
      |              ^~~~~~~~~~~~
/home/vimkim/gh/cb/CBRD-27398-pgbuf-inspector-contract/src/communication/network_interface_cl.c:1926:47: note: ‘a_request’ declared here
 1926 |   OR_ALIGNED_BUF (OR_HFID_SIZE + OR_INT_SIZE) a_request;
      |                                               ^~~~~~~~~
/home/vimkim/gh/cb/CBRD-27398-pgbuf-inspector-contract/src/communication/network_interface_cl.c: In function ‘int lob_remove_dir(HFID*, int)’:
/home/vimkim/gh/cb/CBRD-27398-pgbuf-inspector-contract/src/communication/network_interface_cl.c:11893:22: warning: ‘request’ may be used uninitialized [-Wmaybe-uninitialized]
11893 |   ptr = or_pack_hfid (request, hfid);
      |         ~~~~~~~~~~~~~^~~~~~~~~~~~~~~
In file included from /home/vimkim/gh/cb/CBRD-27398-pgbuf-inspector-contract/src/communication/network_interface_cl.c:58:
/home/vimkim/gh/cb/CBRD-27398-pgbuf-inspector-contract/src/base/object_representation.h:1135:14: note: by argument 1 of type ‘const char*’ to ‘char* or_pack_hfid(const char*, const HFID*)’ declared here
 1135 | extern char *or_pack_hfid (const char *ptr, const HFID * hfid);
      |              ^~~~~~~~~~~~
/home/vimkim/gh/cb/CBRD-27398-pgbuf-inspector-contract/src/communication/network_interface_cl.c:11882:47: note: ‘a_request’ declared here
11882 |   OR_ALIGNED_BUF (OR_HFID_SIZE + OR_INT_SIZE) a_request;
      |                                               ^~~~~~~~~
At global scope:
cc1plus: note: unrecognized command-line option ‘-Wno-template-body’ may have been intended to silence earlier diagnostics
[535/1345] Building CXX object cs/CMakeFiles/cubridcs.dir/__/src/transaction/lock_table.c.o
[536/1345] Building CXX object cs/CMakeFiles/cubridcs.dir/__/src/object/trigger_manager.c.o
[537/1345] Building CXX object cs/CMakeFiles/cubridcs.dir/__/src/optimizer/rewriter/query_rewrite_term.c.o
[538/1345] Building CXX object cs/CMakeFiles/cubridcs.dir/__/src/parser/compile.c.o
[539/1345] Building CXX object cs/CMakeFiles/cubridcs.dir/__/src/sp/pl_signature.cpp.o
[540/1345] Building CXX object cs/CMakeFiles/cubridcs.dir/__/src/optimizer/plan_generation.c.o
[541/1345] Building CXX object cs/CMakeFiles/cubridcs.dir/__/src/storage/es_posix.c.o
[542/1345] Building CXX object cs/CMakeFiles/cubridcs.dir/__/src/object/object_domain.c.o
[543/1345] Building CXX object cs/CMakeFiles/cubridcs.dir/__/src/transaction/log_lsa.cpp.o
[544/1345] Building CXX object cs/CMakeFiles/cubridcs.dir/__/src/storage/byte_order.c.o
[545/1345] Building CXX object cs/CMakeFiles/cubridcs.dir/__/src/parser/parse_tree.c.o
[546/1345] Building CXX object cs/CMakeFiles/cubridcs.dir/__/src/method/method_error.cpp.o
[547/1345] Building CXX object cs/CMakeFiles/cubridcs.dir/__/src/storage/es_owfs.c.o
[548/1345] Building CXX object cs/CMakeFiles/cubridcs.dir/__/src/method/method_struct_parameter_info.cpp.o
[549/1345] Building CXX object cs/CMakeFiles/cubridcs.dir/__/src/query/crypt_opfunc.c.o
[550/1345] Building CXX object cs/CMakeFiles/cubridcs.dir/__/src/parser/method_transform.c.o
[551/1345] Building CXX object cs/CMakeFiles/cubridcs.dir/__/src/object/object_primitive.c.o
[552/1345] Building CXX object cs/CMakeFiles/cubridcs.dir/__/src/parser/parser_allocator.cpp.o
[553/1345] Building CXX object cs/CMakeFiles/cubridcs.dir/__/src/parser/parse_dbi.c.o
[554/1345] Building CXX object cs/CMakeFiles/cubridcs.dir/__/src/parser/parse_type.cpp.o
[555/1345] Building CXX object cs/CMakeFiles/cubridcs.dir/__/src/object/schema_information_schema_install.cpp.o
[556/1345] Building CXX object cs/CMakeFiles/cubridcs.dir/__/src/transaction/locator.c.o
[557/1345] Building CXX object cs/CMakeFiles/cubridcs.dir/__/src/storage/oid.c.o
[558/1345] Building CXX object cs/CMakeFiles/cubridcs.dir/__/src/transaction/client_credentials.cpp.o
[559/1345] Building CXX object cs/CMakeFiles/cubridcs.dir/__/src/transaction/log_compress.c.o
[560/1345] Building CXX object cs/CMakeFiles/cubridcs.dir/__/src/method/method_struct_invoke.cpp.o
[561/1345] Building CXX object cs/CMakeFiles/cubridcs.dir/__/src/method/method_struct_schema_info.cpp.o
[562/1345] Building CXX object cs/CMakeFiles/cubridcs.dir/__/src/parser/parse_evaluate.c.o
[563/1345] Building CXX object cs/CMakeFiles/cubridcs.dir/__/src/object/schema_manager.c.o
[564/1345] Building CXX object cs/CMakeFiles/cubridcs.dir/__/src/method/method_struct_oid_info.cpp.o
[565/1345] Building CXX object cs/CMakeFiles/cubridcs.dir/__/src/parser/func_type.cpp.o
[566/1345] Building CXX object cs/CMakeFiles/cubridcs.dir/__/src/storage/es_common.c.o
[567/1345] Building CXX object cs/CMakeFiles/cubridcs.dir/__/src/query/string_regex_re2.cpp.o
[568/1345] Building CXX object cs/CMakeFiles/cubridcs.dir/__/src/method/method_oid_handler.cpp.o
[569/1345] Building CXX object cs/CMakeFiles/cubridcs.dir/__/src/storage/storage_common.c.o
[570/1345] Building CXX object cs/CMakeFiles/cubridcs.dir/__/src/optimizer/query_graph.c.o
[571/1345] Building CXX object cs/CMakeFiles/cubridcs.dir/__/src/parser/query_result.c.o
[572/1345] Building CXX object cs/CMakeFiles/cubridcs.dir/__/src/method/method_query_util.cpp.o
[573/1345] Building CXX object cs/CMakeFiles/cubridcs.dir/__/src/parser/show_meta.c.o
[574/1345] Building CXX object cs/CMakeFiles/cubridcs.dir/__/src/optimizer/query_planner.c.o
[575/1345] Building CXX object cs/CMakeFiles/cubridcs.dir/__/src/sp/pl_struct_compile.cpp.o
[576/1345] Building CXX object cs/CMakeFiles/cubridcs.dir/__/src/parser/xasl_regu_alloc.cpp.o
[577/1345] Building CXX object cs/CMakeFiles/cubridcs.dir/__/src/method/method_struct_query.cpp.o
[578/1345] Building CXX object cs/CMakeFiles/cubridcs.dir/__/src/xasl/xasl_unpack_info.cpp.o
[579/1345] Building CXX object cs/CMakeFiles/cubridcs.dir/__/src/query/numeric_opfunc.c.o
[580/1345] Building CXX object cs/CMakeFiles/cubridcs.dir/__/src/storage/tde.c.o
[581/1345] Building CXX object cs/CMakeFiles/cubridcs.dir/__/src/parser/scanner_support.c.o
[582/1345] Building CXX object cs/CMakeFiles/cubridcs.dir/__/src/object/schema_system_catalog_install.cpp.o
[583/1345] Building CXX object cs/CMakeFiles/cubridcs.dir/__/src/xasl/access_json_table.cpp.o
[584/1345] Building CXX object cs/CMakeFiles/cubridcs.dir/__/src/parser/parser_support.c.o
[585/1345] Building CXX object cs/CMakeFiles/cubridcs.dir/__/src/query/cursor.c.o
[586/1345] Building CXX object cs/CMakeFiles/cubridcs.dir/__/src/query/string_regex.cpp.o
[587/1345] Building CXX object cs/CMakeFiles/cubridcs.dir/__/src/query/query_cl.c.o
[588/1345] Building CXX object cs/CMakeFiles/cubridcs.dir/__/src/query/regu_var.cpp.o
[589/1345] Building CXX object cs/CMakeFiles/cubridcs.dir/__/src/query/query_dump.c.o
[590/1345] Building CXX object cs/CMakeFiles/cubridcs.dir/__/src/parser/name_resolution.c.o
[591/1345] Building CXX object cs/CMakeFiles/cubridcs.dir/__/src/optimizer/histogram/histogram_reader.cpp.o
[592/1345] Building CXX object cs/CMakeFiles/cubridcs.dir/__/src/sp/pl_comm.c.o
[593/1345] Building CXX object cs/CMakeFiles/cubridcs.dir/__/src/loaddb/load_common.cpp.o
[594/1345] Building CXX object cs/CMakeFiles/cubridcs.dir/__/src/storage/file_io.c.o
[595/1345] Building CXX object cs/CMakeFiles/cubridcs.dir/__/src/method/method_struct_value.cpp.o
[596/1345] Building CXX object cs/CMakeFiles/cubridcs.dir/__/src/optimizer/histogram/histogram_builder.cpp.o
[597/1345] Building CXX object cs/CMakeFiles/cubridcs.dir/__/src/query/arithmetic.c.o
[598/1345] Building CXX object cs/CMakeFiles/cubridcs.dir/__/src/parser/view_transform.c.o
[599/1345] Building CXX object cs/CMakeFiles/cubridcs.dir/__/src/query/xasl_to_stream.c.o
[600/1345] Building CXX object cs/CMakeFiles/cubridcs.dir/__/src/parser/parse_tree_cl.c.o
[601/1345] Building CXX object cs/CMakeFiles/cubridcs.dir/__/src/transaction/log_comm.c.o
[602/1345] Building CXX object cs/CMakeFiles/cubridcs.dir/__/src/parser/semantic_check.c.o
[603/1345] Building CXX object cs/CMakeFiles/cubridcs.dir/__/src/transaction/transaction_cl.c.o
[604/1345] Building CXX object cs/CMakeFiles/cubridcs.dir/__/src/method/method_query_handler.cpp.o
[605/1345] Building CXX object cs/CMakeFiles/cubridcs.dir/__/src/storage/es.c.o
[606/1345] Building CXX object cs/CMakeFiles/cubridcs.dir/__/src/transaction/log_applier_sql_log.c.o
[607/1345] Building CXX object cs/CMakeFiles/cubridcs.dir/__/src/sp/jsp_cl.cpp.o
[608/1345] Building CXX object cubrid/CMakeFiles/cubrid.dir/__/src/base/binaryheap.c.o
[609/1345] Building CXX object cs/CMakeFiles/cubridcs.dir/__/src/method/method_schema_info.cpp.o
[610/1345] Building CXX object cs/CMakeFiles/cubridcs.dir/__/src/xasl/xasl_predicate.cpp.o
[611/1345] Building CXX object cs/CMakeFiles/cubridcs.dir/__/src/xasl/xasl_stream.cpp.o
[612/1345] Building CXX object cubrid/CMakeFiles/cubrid.dir/__/src/base/encryption.c.o
[613/1345] Building CXX object cubrid/CMakeFiles/cubrid.dir/__/src/base/dtoa.c.o
[614/1345] Building CXX object cubrid/CMakeFiles/cubrid.dir/__/src/base/chartype.c.o
[615/1345] Building CXX object cs/CMakeFiles/cubridcs.dir/__/src/xasl/xasl_analytic.cpp.o
[616/1345] Building CXX object cs/CMakeFiles/cubridcs.dir/__/src/transaction/log_writer.c.o
[617/1345] Building CXX object cubrid/CMakeFiles/cubrid.dir/__/src/base/bit.c.o
[618/1345] Building CXX object cs/CMakeFiles/cubridcs.dir/__/src/transaction/flashback_cl.c.o
[619/1345] Building CXX object cs/CMakeFiles/cubridcs.dir/__/src/transaction/boot_cl.c.o
[620/1345] Building CXX object cubrid/CMakeFiles/cubrid.dir/__/src/base/environment_variable.c.o
[621/1345] Building CXX object cubrid/CMakeFiles/cubrid.dir/__/src/base/dynamic_array.c.o
[622/1345] Building CXX object cubrid/CMakeFiles/cubrid.dir/__/src/base/fileline_location.cpp.o
[623/1345] Building CXX object cs/CMakeFiles/cubridcs.dir/__/src/transaction/locator_cl.c.o
[624/1345] Building CXX object cs/CMakeFiles/cubridcs.dir/__/src/storage/statistics_cl.c.o
[625/1345] Building CXX object cubrid/CMakeFiles/cubrid.dir/__/src/base/databases_file.c.o
[626/1345] Building CXX object cs/CMakeFiles/cubridcs.dir/__/src/query/execute_schema.c.o
[627/1345] Building CXX object cubrid/CMakeFiles/cubrid.dir/__/src/base/base64.c.o
[628/1345] Building CXX object cubrid/CMakeFiles/cubrid.dir/__/src/base/lockfree_transaction_descriptor.cpp.o
[629/1345] Building CXX object cubrid/CMakeFiles/cubrid.dir/__/src/base/lockfree_transaction_system.cpp.o
[630/1345] Building CXX object cubrid/CMakeFiles/cubrid.dir/__/src/base/cubrid_getopt_long.c.o
[631/1345] Building CXX object cs/CMakeFiles/cubridcs.dir/__/src/api/cubrid_log.c.o
[632/1345] Building CXX object cubrid/CMakeFiles/cubrid.dir/__/src/base/fixed_alloc.c.o
[633/1345] Building CXX object cs/CMakeFiles/cubridcs.dir/__/src/parser/type_checking.c.o
[634/1345] Building CXX object cs/CMakeFiles/cubridcs.dir/__/src/query/parallel/px_query_execute/px_query_checker.cpp.o
[635/1345] Building CXX object cubrid/CMakeFiles/cubrid.dir/__/src/base/lockfree_transaction_table.cpp.o
[636/1345] Building CXX object cubrid/CMakeFiles/cubrid.dir/__/src/base/area_alloc.c.o
[637/1345] Building CXX object cubrid/CMakeFiles/cubrid.dir/__/src/base/locale_helper.cpp.o
[638/1345] Building CXX object cubrid/CMakeFiles/cubrid.dir/__/src/base/ini_parser.c.o
[639/1345] Building CXX object cubrid/CMakeFiles/cubrid.dir/__/src/base/filesys_temp.cpp.o
[640/1345] Building CXX object cubrid/CMakeFiles/cubrid.dir/__/src/base/lockfree_bitmap.cpp.o
[641/1345] Building C object cs/CMakeFiles/cubridcs.dir/__/csql_grammar.c.o
/home/vimkim/gh/cb/CBRD-27398-pgbuf-inspector-contract/build_preset_debug_gcc/csql_grammar.c: In function ‘yyuserAction’:
/home/vimkim/gh/cb/CBRD-27398-pgbuf-inspector-contract/build_preset_debug_gcc/csql_grammar.c:41962:80: warning: implicit conversion from ‘enum pt_currency_types’ to ‘DB_CURRENCY’ [-Wenum-conversion]
41962 |                             pt_value_set_monetary (this_parser, val, str, txt, PT_CURRENCY_YEN);
      |                                                                                ^~~~~~~~~~~~~~~
/home/vimkim/gh/cb/CBRD-27398-pgbuf-inspector-contract/build_preset_debug_gcc/csql_grammar.c:41982:80: warning: implicit conversion from ‘enum pt_currency_types’ to ‘DB_CURRENCY’ [-Wenum-conversion]
41982 |                             pt_value_set_monetary (this_parser, val, str, txt, PT_CURRENCY_DOLLAR);
      |                                                                                ^~~~~~~~~~~~~~~~~~
/home/vimkim/gh/cb/CBRD-27398-pgbuf-inspector-contract/build_preset_debug_gcc/csql_grammar.c:42002:80: warning: implicit conversion from ‘enum pt_currency_types’ to ‘DB_CURRENCY’ [-Wenum-conversion]
42002 |                             pt_value_set_monetary (this_parser, val, str, txt, PT_CURRENCY_WON);
      |                                                                                ^~~~~~~~~~~~~~~
/home/vimkim/gh/cb/CBRD-27398-pgbuf-inspector-contract/build_preset_debug_gcc/csql_grammar.c:42022:80: warning: implicit conversion from ‘enum pt_currency_types’ to ‘DB_CURRENCY’ [-Wenum-conversion]
42022 |                             pt_value_set_monetary (this_parser, val, str, txt, PT_CURRENCY_TL);
      |                                                                                ^~~~~~~~~~~~~~
/home/vimkim/gh/cb/CBRD-27398-pgbuf-inspector-contract/build_preset_debug_gcc/csql_grammar.c:42042:80: warning: implicit conversion from ‘enum pt_currency_types’ to ‘DB_CURRENCY’ [-Wenum-conversion]
42042 |                             pt_value_set_monetary (this_parser, val, str, txt, PT_CURRENCY_BRITISH_POUND);
      |                                                                                ^~~~~~~~~~~~~~~~~~~~~~~~~
/home/vimkim/gh/cb/CBRD-27398-pgbuf-inspector-contract/build_preset_debug_gcc/csql_grammar.c:42061:80: warning: implicit conversion from ‘enum pt_currency_types’ to ‘DB_CURRENCY’ [-Wenum-conversion]
42061 |                             pt_value_set_monetary (this_parser, val, str, txt, PT_CURRENCY_CAMBODIAN_RIEL);
      |                                                                                ^~~~~~~~~~~~~~~~~~~~~~~~~~
/home/vimkim/gh/cb/CBRD-27398-pgbuf-inspector-contract/build_preset_debug_gcc/csql_grammar.c:42080:80: warning: implicit conversion from ‘enum pt_currency_types’ to ‘DB_CURRENCY’ [-Wenum-conversion]
42080 |                             pt_value_set_monetary (this_parser, val, str, txt, PT_CURRENCY_CHINESE_RENMINBI);
      |                                                                                ^~~~~~~~~~~~~~~~~~~~~~~~~~~~
/home/vimkim/gh/cb/CBRD-27398-pgbuf-inspector-contract/build_preset_debug_gcc/csql_grammar.c:42099:80: warning: implicit conversion from ‘enum pt_currency_types’ to ‘DB_CURRENCY’ [-Wenum-conversion]
42099 |                             pt_value_set_monetary (this_parser, val, str, txt, PT_CURRENCY_INDIAN_RUPEE);
      |                                                                                ^~~~~~~~~~~~~~~~~~~~~~~~
/home/vimkim/gh/cb/CBRD-27398-pgbuf-inspector-contract/build_preset_debug_gcc/csql_grammar.c:42118:80: warning: implicit conversion from ‘enum pt_currency_types’ to ‘DB_CURRENCY’ [-Wenum-conversion]
42118 |                             pt_value_set_monetary (this_parser, val, str, txt, PT_CURRENCY_RUSSIAN_RUBLE);
      |                                                                                ^~~~~~~~~~~~~~~~~~~~~~~~~
/home/vimkim/gh/cb/CBRD-27398-pgbuf-inspector-contract/build_preset_debug_gcc/csql_grammar.c:42137:80: warning: implicit conversion from ‘enum pt_currency_types’ to ‘DB_CURRENCY’ [-Wenum-conversion]
42137 |                             pt_value_set_monetary (this_parser, val, str, txt, PT_CURRENCY_AUSTRALIAN_DOLLAR);
      |                                                                                ^~~~~~~~~~~~~~~~~~~~~~~~~~~~~
/home/vimkim/gh/cb/CBRD-27398-pgbuf-inspector-contract/build_preset_debug_gcc/csql_grammar.c:42156:80: warning: implicit conversion from ‘enum pt_currency_types’ to ‘DB_CURRENCY’ [-Wenum-conversion]
42156 |                             pt_value_set_monetary (this_parser, val, str, txt, PT_CURRENCY_CANADIAN_DOLLAR);
      |                                                                                ^~~~~~~~~~~~~~~~~~~~~~~~~~~
/home/vimkim/gh/cb/CBRD-27398-pgbuf-inspector-contract/build_preset_debug_gcc/csql_grammar.c:42175:80: warning: implicit conversion from ‘enum pt_currency_types’ to ‘DB_CURRENCY’ [-Wenum-conversion]
42175 |                             pt_value_set_monetary (this_parser, val, str, txt, PT_CURRENCY_BRASILIAN_REAL);
      |                                                                                ^~~~~~~~~~~~~~~~~~~~~~~~~~
/home/vimkim/gh/cb/CBRD-27398-pgbuf-inspector-contract/build_preset_debug_gcc/csql_grammar.c:42194:80: warning: implicit conversion from ‘enum pt_currency_types’ to ‘DB_CURRENCY’ [-Wenum-conversion]
42194 |                             pt_value_set_monetary (this_parser, val, str, txt, PT_CURRENCY_ROMANIAN_LEU);
      |                                                                                ^~~~~~~~~~~~~~~~~~~~~~~~
/home/vimkim/gh/cb/CBRD-27398-pgbuf-inspector-contract/build_preset_debug_gcc/csql_grammar.c:42213:80: warning: implicit conversion from ‘enum pt_currency_types’ to ‘DB_CURRENCY’ [-Wenum-conversion]
42213 |                             pt_value_set_monetary (this_parser, val, str, txt, PT_CURRENCY_EURO);
      |                                                                                ^~~~~~~~~~~~~~~~
/home/vimkim/gh/cb/CBRD-27398-pgbuf-inspector-contract/build_preset_debug_gcc/csql_grammar.c:42232:80: warning: implicit conversion from ‘enum pt_currency_types’ to ‘DB_CURRENCY’ [-Wenum-conversion]
42232 |                             pt_value_set_monetary (this_parser, val, str, txt, PT_CURRENCY_SWISS_FRANC);
      |                                                                                ^~~~~~~~~~~~~~~~~~~~~~~
/home/vimkim/gh/cb/CBRD-27398-pgbuf-inspector-contract/build_preset_debug_gcc/csql_grammar.c:42251:80: warning: implicit conversion from ‘enum pt_currency_types’ to ‘DB_CURRENCY’ [-Wenum-conversion]
42251 |                             pt_value_set_monetary (this_parser, val, str, txt, PT_CURRENCY_DANISH_KRONE);
      |                                                                                ^~~~~~~~~~~~~~~~~~~~~~~~
/home/vimkim/gh/cb/CBRD-27398-pgbuf-inspector-contract/build_preset_debug_gcc/csql_grammar.c:42270:80: warning: implicit conversion from ‘enum pt_currency_types’ to ‘DB_CURRENCY’ [-Wenum-conversion]
42270 |                             pt_value_set_monetary (this_parser, val, str, txt, PT_CURRENCY_NORWEGIAN_KRONE);
      |                                                                                ^~~~~~~~~~~~~~~~~~~~~~~~~~~
/home/vimkim/gh/cb/CBRD-27398-pgbuf-inspector-contract/build_preset_debug_gcc/csql_grammar.c:42289:80: warning: implicit conversion from ‘enum pt_currency_types’ to ‘DB_CURRENCY’ [-Wenum-conversion]
42289 |                             pt_value_set_monetary (this_parser, val, str, txt, PT_CURRENCY_BULGARIAN_LEV);
      |                                                                                ^~~~~~~~~~~~~~~~~~~~~~~~~
/home/vimkim/gh/cb/CBRD-27398-pgbuf-inspector-contract/build_preset_debug_gcc/csql_grammar.c:42308:80: warning: implicit conversion from ‘enum pt_currency_types’ to ‘DB_CURRENCY’ [-Wenum-conversion]
42308 |                             pt_value_set_monetary (this_parser, val, str, txt, PT_CURRENCY_VIETNAMESE_DONG);
      |                                                                                ^~~~~~~~~~~~~~~~~~~~~~~~~~~
/home/vimkim/gh/cb/CBRD-27398-pgbuf-inspector-contract/build_preset_debug_gcc/csql_grammar.c:42327:80: warning: implicit conversion from ‘enum pt_currency_types’ to ‘DB_CURRENCY’ [-Wenum-conversion]
42327 |                             pt_value_set_monetary (this_parser, val, str, txt, PT_CURRENCY_CZECH_KORUNA);
      |                                                                                ^~~~~~~~~~~~~~~~~~~~~~~~
/home/vimkim/gh/cb/CBRD-27398-pgbuf-inspector-contract/build_preset_debug_gcc/csql_grammar.c:42346:80: warning: implicit conversion from ‘enum pt_currency_types’ to ‘DB_CURRENCY’ [-Wenum-conversion]
42346 |                             pt_value_set_monetary (this_parser, val, str, txt, PT_CURRENCY_POLISH_ZLOTY);
      |                                                                                ^~~~~~~~~~~~~~~~~~~~~~~~
/home/vimkim/gh/cb/CBRD-27398-pgbuf-inspector-contract/build_preset_debug_gcc/csql_grammar.c:42365:80: warning: implicit conversion from ‘enum pt_currency_types’ to ‘DB_CURRENCY’ [-Wenum-conversion]
42365 |                             pt_value_set_monetary (this_parser, val, str, txt, PT_CURRENCY_SWEDISH_KRONA);
      |                                                                                ^~~~~~~~~~~~~~~~~~~~~~~~~
/home/vimkim/gh/cb/CBRD-27398-pgbuf-inspector-contract/build_preset_debug_gcc/csql_grammar.c:42384:80: warning: implicit conversion from ‘enum pt_currency_types’ to ‘DB_CURRENCY’ [-Wenum-conversion]
42384 |                             pt_value_set_monetary (this_parser, val, str, txt, PT_CURRENCY_CROATIAN_KUNA);
      |                                                                                ^~~~~~~~~~~~~~~~~~~~~~~~~
/home/vimkim/gh/cb/CBRD-27398-pgbuf-inspector-contract/build_preset_debug_gcc/csql_grammar.c:42403:80: warning: implicit conversion from ‘enum pt_currency_types’ to ‘DB_CURRENCY’ [-Wenum-conversion]
42403 |                             pt_value_set_monetary (this_parser, val, str, txt, PT_CURRENCY_SERBIAN_DINAR);
      |                                                                                ^~~~~~~~~~~~~~~~~~~~~~~~~
/home/vimkim/gh/cb/CBRD-27398-pgbuf-inspector-contract/build_preset_debug_gcc/csql_grammar.c: In function ‘pt_value_set_monetary’:
/home/vimkim/gh/cb/CBRD-27398-pgbuf-inspector-contract/build_preset_debug_gcc/csql_grammar.c:48415:42: warning: implicit conversion from ‘DB_CURRENCY’ to ‘PT_CURRENCY’ {aka ‘enum pt_currency_types’} [-Wenum-conversion]
48415 |   node->info.value.data_value.money.type = type;
      |                                          ^
[642/1345] Building CXX object cubrid/CMakeFiles/cubrid.dir/__/src/base/lock_free.c.o
[643/1345] Building CXX object cs/CMakeFiles/cubridcs.dir/__/src/method/query_method.cpp.o
[644/1345] Building CXX object cs/CMakeFiles/cubridcs.dir/__/src/loaddb/load_object.c.o
[645/1345] Building CXX object cubrid/CMakeFiles/cubrid.dir/__/src/base/memory_monitor_api.cpp.o
[646/1345] Building CXX object cubrid/CMakeFiles/cubrid.dir/__/src/base/locale_support.c.o
[647/1345] Building CXX object cubrid/CMakeFiles/cubrid.dir/__/src/base/intl_support.c.o
[648/1345] Building CXX object cubrid/CMakeFiles/cubrid.dir/__/src/base/misc_string.c.o
[649/1345] Building CXX object cs/CMakeFiles/cubridcs.dir/__/src/parser/xasl_generation.c.o
[650/1345] Building CXX object cubrid/CMakeFiles/cubrid.dir/__/src/base/memory_monitor_sr.cpp.o
[651/1345] Building CXX object cs/CMakeFiles/cubridcs.dir/__/src/query/execute_statement.c.o
[652/1345] Building CXX object cs/CMakeFiles/cubridcs.dir/__/src/transaction/log_applier.c.o
/home/vimkim/gh/cb/CBRD-27398-pgbuf-inspector-contract/src/transaction/log_applier.c: In function ‘int la_get_copied_log_info(const char*, const char*, INT64, bool, LOG_LSA*, LOG_LSA*)’:
/home/vimkim/gh/cb/CBRD-27398-pgbuf-inspector-contract/src/transaction/log_applier.c:8374:35: warning: format ‘%ld’ expects argument of type ‘long int’, but argument 2 has type ‘int’ [-Wformat=]
 8374 |               printf ("offset:%04ld (tid:%d bck p:%lld,o:%ld frw p:%lld,o:%ld type:%d)\n", lsa.offset, lrec->trid,
      |                               ~~~~^                                                        ~~~~~~~~~~
      |                                   |                                                            |
      |                                   long int                                                     int
      |                               %04d
/home/vimkim/gh/cb/CBRD-27398-pgbuf-inspector-contract/src/transaction/log_applier.c:8374:60: warning: format ‘%ld’ expects argument of type ‘long int’, but argument 5 has type ‘int’ [-Wformat=]
 8374 |               printf ("offset:%04ld (tid:%d bck p:%lld,o:%ld frw p:%lld,o:%ld type:%d)\n", lsa.offset, lrec->trid,
      |                                                          ~~^
      |                                                            |
      |                                                            long int
      |                                                          %d
 8375 |                       (long long int) lrec->back_lsa.pageid, lrec->back_lsa.offset,
      |                                                              ~~~~~~~~~~~~~~~~~~~~~
      |                                                                             |
      |                                                                             int
/home/vimkim/gh/cb/CBRD-27398-pgbuf-inspector-contract/src/transaction/log_applier.c:8374:77: warning: format ‘%ld’ expects argument of type ‘long int’, but argument 7 has type ‘int’ [-Wformat=]
 8374 |               printf ("offset:%04ld (tid:%d bck p:%lld,o:%ld frw p:%lld,o:%ld type:%d)\n", lsa.offset, lrec->trid,
      |                                                                           ~~^
      |                                                                             |
      |                                                                             long int
      |                                                                           %d
 8375 |                       (long long int) lrec->back_lsa.pageid, lrec->back_lsa.offset,
 8376 |                       (long long int) lrec->forw_lsa.pageid, lrec->forw_lsa.offset, lrec->type);
      |                                                              ~~~~~~~~~~~~~~~~~~~~~
      |                                                                             |
      |                                                                             int
At global scope:
cc1plus: note: unrecognized command-line option ‘-Wno-template-body’ may have been intended to silence earlier diagnostics
[653/1345] Building CXX object cubrid/CMakeFiles/cubrid.dir/__/src/base/message_catalog.c.o
[654/1345] Building CXX object cubrid/CMakeFiles/cubrid.dir/__/src/base/lockfree_hashmap.cpp.o
[655/1345] Building CXX object cubrid/CMakeFiles/cubrid.dir/__/src/base/error_context.cpp.o
[656/1345] Building CXX object cs/CMakeFiles/cubridcs.dir/__/src/method/method_callback.cpp.o
[657/1345] Building CXX object cs/CMakeFiles/cubridcs.dir/__/src/query/string_opfunc.c.o
[658/1345] Building CXX object cubrid/CMakeFiles/cubrid.dir/__/src/base/mprec.c.o
[659/1345] Building CXX object cubrid/CMakeFiles/cubrid.dir/__/src/base/memory_hash.c.o
[660/1345] Building CXX object cubrid/CMakeFiles/cubrid.dir/__/src/base/mem_block.cpp.o
[661/1345] Building CXX object cs/CMakeFiles/cubridcs.dir/__/src/loaddb/load_db.c.o
[662/1345] Building CXX object cubrid/CMakeFiles/cubrid.dir/__/src/base/get_clock_freq.c.o
[663/1345] Building CXX object cs/CMakeFiles/cubridcs.dir/__/src/query/string_regex_std.cpp.o
[664/1345] Building CXX object cubrid/CMakeFiles/cubrid.dir/__/src/base/packer.cpp.o
[665/1345] Building CXX object cubrid/CMakeFiles/cubrid.dir/__/src/base/pinnable_buffer.cpp.o
[666/1345] Building CXX object cubrid/CMakeFiles/cubrid.dir/__/src/base/pinning.cpp.o
[667/1345] Building CXX object cubrid/CMakeFiles/cubrid.dir/__/src/base/perf.cpp.o
[668/1345] Building CXX object cubrid/CMakeFiles/cubrid.dir/__/src/base/memory_private_allocator.cpp.o
[669/1345] Building CXX object cubrid/CMakeFiles/cubrid.dir/__/src/base/fault_injection.c.o
[670/1345] Building CXX object cubrid/CMakeFiles/cubrid.dir/__/src/base/porting.c.o
[671/1345] Building CXX object cubrid/CMakeFiles/cubrid.dir/__/src/base/printer.cpp.o
[672/1345] Building CXX object cs/CMakeFiles/cubridcs.dir/__/src/optimizer/histogram/histogram_cl.cpp.o
[673/1345] Building CXX object cubrid/CMakeFiles/cubrid.dir/__/src/base/process_util.c.o
[674/1345] Building CXX object cubrid/CMakeFiles/cubrid.dir/__/src/base/sha1.c.o
[675/1345] Building CXX object cubrid/CMakeFiles/cubrid.dir/__/src/base/release_string.c.o
[676/1345] Building CXX object cubrid/CMakeFiles/cubrid.dir/__/src/base/language_support.c.o
[677/1345] Building CXX object cubrid/CMakeFiles/cubrid.dir/__/src/base/resource_tracker.cpp.o
[678/1345] Building CXX object cubrid/CMakeFiles/cubrid.dir/__/src/base/string_buffer.cpp.o
[679/1345] Building CXX object cubrid/CMakeFiles/cubrid.dir/__/src/base/stack_dump.c.o
[680/1345] Building CXX object cubrid/CMakeFiles/cubrid.dir/__/src/base/tsc_timer.c.o
[681/1345] Building CXX object cubrid/CMakeFiles/cubrid.dir/__/src/base/error_manager.c.o
[682/1345] Building CXX object cubrid/CMakeFiles/cubrid.dir/__/src/base/epoll.cpp.o
[683/1345] Building CXX object cubrid/CMakeFiles/cubrid.dir/__/src/base/uca_support.c.o
[684/1345] Building CXX object cubrid/CMakeFiles/cubrid.dir/__/src/base/nonblocking.cpp.o
[685/1345] Building CXX object cubrid/CMakeFiles/cubrid.dir/__/src/base/DMRBMemoryPool.cpp.o
[686/1345] Building CXX object cubrid/CMakeFiles/cubrid.dir/__/src/compat/db_function.cpp.o
[687/1345] Building CXX object cubrid/CMakeFiles/cubrid.dir/__/src/base/trace_event_log.c.o
[688/1345] Building CXX object cubrid/CMakeFiles/cubrid.dir/__/src/base/packet_buffer.cpp.o
[689/1345] Building CXX object cubrid/CMakeFiles/cubrid.dir/__/src/base/unicode_support.c.o
[690/1345] Building CXX object cubrid/CMakeFiles/cubrid.dir/__/src/base/variable_string.c.o
[691/1345] Building CXX object cubrid/CMakeFiles/cubrid.dir/__/src/base/util_func.c.o
[692/1345] Building CXX object cubrid/CMakeFiles/cubrid.dir/__/src/base/memory_alloc.c.o
[693/1345] Building CXX object cubrid/CMakeFiles/cubrid.dir/__/src/base/xml_parser.c.o
[694/1345] Building CXX object cubrid/CMakeFiles/cubrid.dir/__/src/compat/db_elo.c.o
[695/1345] Building CXX object cubrid/CMakeFiles/cubrid.dir/__/src/base/ifsys.cpp.o
[696/1345] Building CXX object cubrid/CMakeFiles/cubrid.dir/__/src/base/filesys_parser.cpp.o
[697/1345] Building CXX object cubrid/CMakeFiles/cubrid.dir/__/src/compat/db_set.c.o
[698/1345] Building CXX object cubrid/CMakeFiles/cubrid.dir/__/src/compat/cnv.c.o
[699/1345] Building CXX object cubrid/CMakeFiles/cubrid.dir/__/src/base/perf_monitor_trackers.cpp.o
[700/1345] Building CXX object cubrid/CMakeFiles/cubrid.dir/__/src/compat/db_json_types_internal.cpp.o
[701/1345] Building CXX object cs/CMakeFiles/cubridcs.dir/__/src/sp/sp_catalog.cpp.o
[702/1345] Building CXX object cubrid/CMakeFiles/cubrid.dir/__/src/compat/db_json_allocator.cpp.o
[703/1345] Building CXX object cubrid/CMakeFiles/cubrid.dir/__/src/sp/pl_query_cursor.cpp.o
[704/1345] Building CXX object cubrid/CMakeFiles/cubrid.dir/__/src/connection/connection_list_sr.c.o
[705/1345] Building CXX object cubrid/CMakeFiles/cubrid.dir/__/src/connection/connection_globals.c.o
[706/1345] Building CXX object cubrid/CMakeFiles/cubrid.dir/__/src/base/cgroup.cpp.o
[707/1345] Building CXX object cubrid/CMakeFiles/cubrid.dir/__/src/connection/connection_context.cpp.o
[708/1345] Building CXX object cubrid/CMakeFiles/cubrid.dir/__/src/connection/buffer.cpp.o
[709/1345] Building CXX object cubrid/CMakeFiles/cubrid.dir/__/src/connection/host_lookup.c.o
[710/1345] Building CXX object cubrid/CMakeFiles/cubrid.dir/__/src/compat/db_value_printer.cpp.o
[711/1345] Building CXX object cubrid/CMakeFiles/cubrid.dir/__/src/compat/db_date.c.o
[712/1345] Building CXX object cubrid/CMakeFiles/cubrid.dir/__/src/connection/transmitter.cpp.o
[713/1345] Building CXX object cubrid/CMakeFiles/cubrid.dir/__/src/sp/pl_file.c.o
[714/1345] Building CXX object cubrid/CMakeFiles/cubrid.dir/__/src/compat/db_macro.c.o
[715/1345] Building CXX object cubrid/CMakeFiles/cubrid.dir/__/src/communication/network_common.cpp.o
[716/1345] Building CXX object cubrid/CMakeFiles/cubrid.dir/__/src/storage/byte_order.c.o
[717/1345] Building CXX object cubrid/CMakeFiles/cubrid.dir/__/src/heaplayers/customheaps.cpp.o
[718/1345] Building CXX object cubrid/CMakeFiles/cubrid.dir/__/load_lexer.cpp.o
[719/1345] Building CXX object cubrid/CMakeFiles/cubrid.dir/__/src/connection/receiver.cpp.o
[720/1345] Building CXX object cubrid/CMakeFiles/cubrid.dir/__/src/query/dblink_global_tran_catalog.c.o
[721/1345] Building CXX object cubrid/CMakeFiles/cubrid.dir/__/src/heaplayers/lea_heap.c.o
[722/1345] Building CXX object cubrid/CMakeFiles/cubrid.dir/__/src/query/dblink_2pc_daemon.c.o
[723/1345] Building CXX object cubrid/CMakeFiles/cubrid.dir/__/src/method/method_query_util.cpp.o
[724/1345] Building CXX object cubrid/CMakeFiles/cubrid.dir/__/src/base/resources.cpp.o
[725/1345] Building CXX object cubrid/CMakeFiles/cubrid.dir/__/src/connection/heartbeat.c.o
[726/1345] Building CXX object cubrid/CMakeFiles/cubrid.dir/__/src/method/method_struct_parameter_info.cpp.o
[727/1345] Building CXX object cubrid/CMakeFiles/cubrid.dir/__/src/connection/tcp.c.o
[728/1345] Building CXX object cubrid/CMakeFiles/cubrid.dir/__/src/method/method_error.cpp.o
[729/1345] Building CXX object cubrid/CMakeFiles/cubrid.dir/__/src/sp/pl_comm.c.o
[730/1345] Building CXX object cubrid/CMakeFiles/cubrid.dir/__/src/executables/util_common.c.o
[731/1345] Building CXX object cubrid/CMakeFiles/cubrid.dir/__/src/communication/network_callback_sr.cpp.o
[732/1345] Building CXX object cubrid/CMakeFiles/cubrid.dir/__/src/sp/pl_compile_handler.cpp.o
[733/1345] Building CXX object cubrid/CMakeFiles/cubrid.dir/__/src/method/method_struct_value.cpp.o
[734/1345] Building CXX object cubrid/CMakeFiles/cubrid.dir/__/src/sp/pl_session.cpp.o
[735/1345] Building CXX object cubrid/CMakeFiles/cubrid.dir/__/src/method/query_method.cpp.o
[736/1345] Building CXX object cubrid/CMakeFiles/cubrid.dir/__/src/method/method_struct_schema_info.cpp.o
[737/1345] Building CXX object cubrid/CMakeFiles/cubrid.dir/__/src/connection/connection_support.cpp.o
[738/1345] Building CXX object cubrid/CMakeFiles/cubrid.dir/__/src/method/method_struct_query.cpp.o
[739/1345] Building CXX object cubrid/CMakeFiles/cubrid.dir/__/src/base/object_representation_sr.c.o
[740/1345] Building CXX object cubrid/CMakeFiles/cubrid.dir/__/src/method/method_struct_oid_info.cpp.o
[741/1345] Building CXX object cubrid/CMakeFiles/cubrid.dir/__/src/sp/pl_signature.cpp.o
[742/1345] Building CXX object cubrid/CMakeFiles/cubrid.dir/__/src/sp/pl_connection.cpp.o
[743/1345] Building CXX object cubrid/CMakeFiles/cubrid.dir/__/src/monitor/monitor_statistic.cpp.o
[744/1345] Building CXX object cubrid/CMakeFiles/cubrid.dir/__/src/compat/db_json_path.cpp.o
[745/1345] Building CXX object cubrid/CMakeFiles/cubrid.dir/__/src/loaddb/load_common.cpp.o
[746/1345] Building CXX object cubrid/CMakeFiles/cubrid.dir/__/load_grammar.cpp.o
[747/1345] Building CXX object cubrid/CMakeFiles/cubrid.dir/__/src/monitor/monitor_registration.cpp.o
[748/1345] Building CXX object cubrid/CMakeFiles/cubrid.dir/__/src/object/elo.c.o
[749/1345] Building CXX object cubrid/CMakeFiles/cubrid.dir/__/src/base/tz_support.c.o
[750/1345] Building CXX object cubrid/CMakeFiles/cubrid.dir/__/src/object/lob_locator.cpp.o
[751/1345] Building CXX object cubrid/CMakeFiles/cubrid.dir/__/src/loaddb/load_driver.cpp.o
[752/1345] Building CXX object cubrid/CMakeFiles/cubrid.dir/__/src/monitor/monitor_collect.cpp.o
[753/1345] Building CXX object cubrid/CMakeFiles/cubrid.dir/__/src/loaddb/load_semantic_helper.cpp.o
[754/1345] Building CXX object cubrid/CMakeFiles/cubrid.dir/__/src/base/system_parameter.c.o
[755/1345] Building CXX object cubrid/CMakeFiles/cubrid.dir/__/src/method/method_struct_invoke.cpp.o
[756/1345] Building CXX object cubrid/CMakeFiles/cubrid.dir/__/src/object/identifier_store.cpp.o
[757/1345] Building CXX object cubrid/CMakeFiles/cubrid.dir/__/src/connection/connection_pool.cpp.o
[758/1345] Building CXX object cubrid/CMakeFiles/cubrid.dir/__/src/sp/pl_sr.cpp.o
[759/1345] Building CXX object cubrid/CMakeFiles/cubrid.dir/__/src/connection/master_connector.cpp.o
[760/1345] Building CXX object cubrid/CMakeFiles/cubrid.dir/__/src/object/schema_information_schema.cpp.o
[761/1345] Building CXX object cubrid/CMakeFiles/cubrid.dir/__/src/object/schema_system_catalog.cpp.o
[762/1345] Building CXX object cubrid/CMakeFiles/cubrid.dir/__/src/base/perf_monitor.c.o
[763/1345] Building CXX object cubrid/CMakeFiles/cubrid.dir/__/src/communication/network_sr.c.o
[764/1345] Building CXX object cubrid/CMakeFiles/cubrid.dir/__/src/object/set_object.c.o
[765/1345] Building CXX object cubrid/CMakeFiles/cubrid.dir/__/src/connection/connection_sr.c.o
[766/1345] Building CXX object cubrid/CMakeFiles/cubrid.dir/__/src/loaddb/load_class_registry.cpp.o
[767/1345] Building CXX object cubrid/CMakeFiles/cubrid.dir/__/src/monitor/monitor_transaction.cpp.o
[768/1345] Building CXX object cubrid/CMakeFiles/cubrid.dir/__/src/monitor/monitor_vacuum_ovfp_threshold.cpp.o
[769/1345] Building CXX object cubrid/CMakeFiles/cubrid.dir/__/src/object/object_representation.c.o
[770/1345] Building CXX object cubrid/CMakeFiles/cubrid.dir/__/src/transaction/log_system_tran.cpp.o
[771/1345] Building CXX object cubrid/CMakeFiles/cubrid.dir/__/src/storage/btree_unique.cpp.o
[772/1345] Building CXX object cubrid/CMakeFiles/cubrid.dir/__/src/object/deduplicate_key.c.o
[773/1345] Building CXX object cubrid/CMakeFiles/cubrid.dir/__/src/loaddb/load_error_handler.cpp.o
[774/1345] Building CXX object cubrid/CMakeFiles/cubrid.dir/__/src/connection/coordinator.cpp.o
[775/1345] Building CXX object cubrid/CMakeFiles/cubrid.dir/__/src/sp/method_invoke_group.cpp.o
[776/1345] Building CXX object cubrid/CMakeFiles/cubrid.dir/__/src/sp/sp_code.cpp.o
[777/1345] Building CXX object cubrid/CMakeFiles/cubrid.dir/__/src/loaddb/load_db_value_converter.cpp.o
[778/1345] Building CXX object cubrid/CMakeFiles/cubrid.dir/__/src/query/numeric_opfunc.c.o
[779/1345] Building CXX object cubrid/CMakeFiles/cubrid.dir/__/src/method/method_scan.cpp.o
[780/1345] Building CXX object cubrid/CMakeFiles/cubrid.dir/__/src/object/transform.c.o
[781/1345] Building CXX object cubrid/CMakeFiles/cubrid.dir/__/src/sp/pl_execution_stack_context.cpp.o
[782/1345] Building CXX object cubrid/CMakeFiles/cubrid.dir/__/src/object/object_domain.c.o
[783/1345] Building CXX object cubrid/CMakeFiles/cubrid.dir/__/src/query/crypt_opfunc.c.o
[784/1345] Building CXX object cubrid/CMakeFiles/cubrid.dir/__/src/storage/catalog_class.c.o
[785/1345] Building CXX object cubrid/CMakeFiles/cubrid.dir/__/src/connection/connection_worker.cpp.o
[786/1345] Building CXX object cubrid/CMakeFiles/cubrid.dir/__/src/query/string_regex.cpp.o
[787/1345] Building CXX object cubrid/CMakeFiles/cubrid.dir/__/src/compat/db_json.cpp.o
[788/1345] Building CXX object cubrid/CMakeFiles/cubrid.dir/__/src/connection/server_support.c.o
[789/1345] Building CXX object cubrid/CMakeFiles/cubrid.dir/__/src/query/string_regex_re2.cpp.o
[790/1345] Building CXX object cubrid/CMakeFiles/cubrid.dir/__/src/storage/es.c.o
[791/1345] Building CXX object cubrid/CMakeFiles/cubrid.dir/__/src/storage/es_common.c.o
[792/1345] Building CXX object cubrid/CMakeFiles/cubrid.dir/__/src/query/regu_var.cpp.o
[793/1345] Building CXX object cubrid/CMakeFiles/cubrid.dir/__/src/object/object_primitive.c.o
[794/1345] Building CXX object cubrid/CMakeFiles/cubrid.dir/__/src/sp/pl_executor.cpp.o
[795/1345] Building CXX object cubrid/CMakeFiles/cubrid.dir/__/src/storage/oos_util.cpp.o
[796/1345] Building CXX object cubrid/CMakeFiles/cubrid.dir/__/src/query/query_reevaluation.cpp.o
[797/1345] Building CXX object cubrid/CMakeFiles/cubrid.dir/__/src/storage/oid.c.o
[798/1345] Building CXX object cubrid/CMakeFiles/cubrid.dir/__/src/query/dblink_2pc.c.o
[799/1345] Building CXX object cubrid/CMakeFiles/cubrid.dir/__/src/query/set_scan.c.o
[800/1345] Building CXX object cubrid/CMakeFiles/cubrid.dir/__/src/query/scan_json_table.cpp.o
[801/1345] Building CXX object cubrid/CMakeFiles/cubrid.dir/__/src/query/dblink_scan.c.o
[802/1345] Building CXX object cubrid/CMakeFiles/cubrid.dir/__/src/storage/es_posix.c.o
[803/1345] Building CXX object cubrid/CMakeFiles/cubrid.dir/__/src/loaddb/load_session.cpp.o
[804/1345] Building CXX object cubrid/CMakeFiles/cubrid.dir/__/src/query/vacuum_oos.cpp.o
[805/1345] Building CXX object cubrid/CMakeFiles/cubrid.dir/__/src/storage/statistics_ndv.c.o
[806/1345] Building CXX object cubrid/CMakeFiles/cubrid.dir/__/src/storage/storage_common.c.o
[807/1345] Building CXX object cubrid/CMakeFiles/cubrid.dir/__/src/communication/network_interface_sr.cpp.o
[808/1345] Building CXX object cubrid/CMakeFiles/cubrid.dir/__/src/storage/es_owfs.c.o
[809/1345] Building CXX object cubrid/CMakeFiles/cubrid.dir/__/src/query/query_aggregate.cpp.o
[810/1345] Building CXX object cubrid/CMakeFiles/cubrid.dir/__/src/storage/pgbuf_inspector_wire.cpp.o
[811/1345] Building CXX object cubrid/CMakeFiles/cubrid.dir/__/src/loaddb/load_worker_manager.cpp.o
[812/1345] Building CXX object cubrid/CMakeFiles/cubrid.dir/__/src/query/partition.c.o
[813/1345] Building CXX object cubrid/CMakeFiles/cubrid.dir/__/src/query/query_hash_scan.c.o
[814/1345] Building CXX object cubrid/CMakeFiles/cubrid.dir/__/src/query/subquery_cache.c.o
[815/1345] Building CXX object cubrid/CMakeFiles/cubrid.dir/__/src/query/query_evaluator.c.o
[816/1345] Building CXX object cubrid/CMakeFiles/cubrid.dir/__/src/query/list_file.c.o
[817/1345] Building CXX object cubrid/CMakeFiles/cubrid.dir/__/src/query/query_analytic.cpp.o
[818/1345] Building CXX object cubrid/CMakeFiles/cubrid.dir/__/src/storage/pgbuf_inspector_socket.cpp.o
[819/1345] Building CXX object cubrid/CMakeFiles/cubrid.dir/__/src/query/arithmetic.c.o
[820/1345] Building CXX object cubrid/CMakeFiles/cubrid.dir/__/src/transaction/wait_for_graph.c.o
[821/1345] Building CXX object cubrid/CMakeFiles/cubrid.dir/__/src/query/fetch.c.o
[822/1345] Building CXX object cubrid/CMakeFiles/cubrid.dir/__/src/query/filter_pred_cache.c.o
[823/1345] Building CXX object cubrid/CMakeFiles/cubrid.dir/__/src/thread/critical_section_tracker.cpp.o
[824/1345] Building CXX object cubrid/CMakeFiles/cubrid.dir/__/src/query/query_dump.c.o
[825/1345] Building CXX object cubrid/CMakeFiles/cubrid.dir/__/src/thread/thread_waiter.cpp.o
[826/1345] Building CXX object cubrid/CMakeFiles/cubrid.dir/__/src/loaddb/load_server_loader.cpp.o
[827/1345] Building CXX object cubrid/CMakeFiles/cubrid.dir/__/src/query/query_hash_join.c.o
[828/1345] Building CXX object cubrid/CMakeFiles/cubrid.dir/__/src/query/show_scan.c.o
[829/1345] Building CXX object cubrid/CMakeFiles/cubrid.dir/__/src/query/string_opfunc.c.o
[830/1345] Building CXX object cubrid/CMakeFiles/cubrid.dir/__/src/thread/thread_daemon.cpp.o
[831/1345] Building CXX object cubrid/CMakeFiles/cubrid.dir/__/src/storage/overflow_file.c.o
[832/1345] Building CXX object cubrid/CMakeFiles/cubrid.dir/__/src/query/query_manager.c.o
[833/1345] Building CXX object cubrid/CMakeFiles/cubrid.dir/__/src/thread/thread_looper.cpp.o
[834/1345] Building CXX object cubrid/CMakeFiles/cubrid.dir/__/src/storage/ftab_set.cpp.o
[835/1345] Building CXX object cubrid/CMakeFiles/cubrid.dir/__/src/storage/record_descriptor.cpp.o
[836/1345] Building CXX object cubrid/CMakeFiles/cubrid.dir/__/src/transaction/lock_table.c.o
[837/1345] Building CXX object cubrid/CMakeFiles/cubrid.dir/__/src/storage/heap_oos.cpp.o
[838/1345] Building CXX object cubrid/CMakeFiles/cubrid.dir/__/src/query/stream_to_xasl.c.o
[839/1345] Building CXX object cubrid/CMakeFiles/cubrid.dir/__/src/thread/thread_worker_pool_impl.cpp.o
[840/1345] Building CXX object cubrid/CMakeFiles/cubrid.dir/__/src/transaction/client_credentials.cpp.o
[841/1345] Building CXX object cubrid/CMakeFiles/cubrid.dir/__/src/storage/pgbuf_inspector.cpp.o
[842/1345] Building CXX object cubrid/CMakeFiles/cubrid.dir/__/src/query/scan_manager.c.o
[843/1345] Building CXX object cubrid/CMakeFiles/cubrid.dir/__/src/transaction/log_lsa.cpp.o
[844/1345] Building CXX object cubrid/CMakeFiles/cubrid.dir/__/src/query/serial.c.o
[845/1345] Building CXX object cubrid/CMakeFiles/cubrid.dir/__/src/query/query_opfunc.c.o
[846/1345] Building CXX object cubrid/CMakeFiles/cubrid.dir/__/src/session/session_sr.c.o
[847/1345] Building CXX object cubrid/CMakeFiles/cubrid.dir/__/src/storage/disk_manager.c.o
[848/1345] Building CXX object cubrid/CMakeFiles/cubrid.dir/__/src/thread/critical_section.c.o
[849/1345] Building CXX object cubrid/CMakeFiles/cubrid.dir/__/src/thread/thread_worker_pool_taskcap.cpp.o
[850/1345] Building CXX object cubrid/CMakeFiles/cubrid.dir/__/src/query/memoize.cpp.o
[851/1345] Building CXX object cubrid/CMakeFiles/cubrid.dir/__/src/storage/bestspace.cpp.o
[852/1345] Building CXX object cubrid/CMakeFiles/cubrid.dir/__/src/storage/pgbuf_inspector_protocol.cpp.o
[853/1345] Building CXX object cubrid/CMakeFiles/cubrid.dir/__/src/thread/thread_lockfree_hash_map.cpp.o
[854/1345] Building CXX object cubrid/CMakeFiles/cubrid.dir/__/src/thread/thread_entry_task.cpp.o
[855/1345] Building CXX object cubrid/CMakeFiles/cubrid.dir/__/src/query/xasl_cache.c.o
[856/1345] Building CXX object cubrid/CMakeFiles/cubrid.dir/__/src/thread/thread_manager.cpp.o
[857/1345] Building CXX object cubrid/CMakeFiles/cubrid.dir/__/src/storage/double_write_buffer.cpp.o
[858/1345] Building CXX object cubrid/CMakeFiles/cubrid.dir/__/src/storage/extendible_hash.c.o
[859/1345] Building CXX object cubrid/CMakeFiles/cubrid.dir/__/src/storage/tde.c.o
[860/1345] Building CXX object util/CMakeFiles/csql.dir/__/src/base/cubrid_getopt_long.c.o
[861/1345] Building CXX object cubrid/CMakeFiles/cubrid.dir/__/src/transaction/locator.c.o
[862/1345] Building CXX object cubrid/CMakeFiles/cubrid.dir/__/src/query/vacuum.c.o
[863/1345] Building CXX object util/CMakeFiles/csql.dir/__/src/base/porting.c.o
[864/1345] Building CXX object cubrid/CMakeFiles/cubrid.dir/__/src/storage/oos_file.cpp.o
[865/1345] Building CXX object cubrid/CMakeFiles/cubrid.dir/__/src/transaction/log_global.c.o
[866/1345] Building CXX object cubrid/CMakeFiles/cubrid.dir/__/src/storage/slotted_page.c.o
[867/1345] Building CXX object cubrid/CMakeFiles/cubrid.dir/__/src/query/string_regex_std.cpp.o
[868/1345] Building CXX object cubrid/CMakeFiles/cubrid.dir/__/src/transaction/log_2pc.c.o
[869/1345] Building CXX object cubrid/CMakeFiles/cubrid.dir/__/src/xasl/access_json_table.cpp.o
[870/1345] Building CXX object cubrid/CMakeFiles/cubrid.dir/__/src/session/session.c.o
[871/1345] Building CXX object cubrid/CMakeFiles/cubrid.dir/__/src/xasl/xasl_unpack_info.cpp.o
[872/1345] Building CXX object cubrid/CMakeFiles/cubrid.dir/__/src/transaction/log_comm.c.o
[873/1345] Building CXX object cubrid/CMakeFiles/cubrid.dir/__/src/transaction/log_compress.c.o
[874/1345] Building CXX object cubrid/CMakeFiles/cubrid.dir/__/src/storage/external_sort.c.o
[875/1345] Building CXX object cubrid/CMakeFiles/cubrid.dir/__/src/storage/statistics_sr.c.o
[876/1345] Building CXX object util/CMakeFiles/csql.dir/__/src/executables/util_support.c.o
[877/1345] Building CXX object cubrid/CMakeFiles/cubrid.dir/__/src/transaction/log_append.cpp.o
[878/1345] Building CXX object util/CMakeFiles/cubrid_rel.dir/__/src/executables/cubrid_version.c.o
[879/1345] Building CXX object cubrid/CMakeFiles/cubrid.dir/__/src/storage/file_io.c.o
[880/1345] Building CXX object util/CMakeFiles/cub_admin.dir/__/src/base/cubrid_getopt_long.c.o
[881/1345] Building CXX object util/CMakeFiles/csql.dir/__/src/executables/csql_launcher.c.o
[882/1345] Building CXX object cubrid/CMakeFiles/cubrid.dir/__/src/storage/file_manager.c.o
[883/1345] Building CXX object util/CMakeFiles/cubrid-bin.dir/__/src/executables/util_support.c.o
[884/1345] Building CXX object util/CMakeFiles/cub_commdb.dir/__/src/executables/util_support.c.o
[885/1345] Building CXX object util/CMakeFiles/cub_admin.dir/__/src/base/porting.c.o
[886/1345] Building CXX object cubrid/CMakeFiles/cubrid.dir/__/src/transaction/log_recovery_redo.cpp.o
[887/1345] Building CXX object util/CMakeFiles/cub_admin.dir/__/src/executables/util_support.c.o
[888/1345] Building CXX object cubrid/CMakeFiles/cubrid.dir/__/src/thread/thread_entry.cpp.o
[889/1345] Building CXX object cubrid/CMakeFiles/cubrid.dir/__/src/transaction/mvcc_active_tran.cpp.o
[890/1345] Building CXX object cubrid/CMakeFiles/cubrid.dir/__/src/transaction/log_postpone_cache.cpp.o
[891/1345] Building CXX object util/CMakeFiles/gencat.dir/__/src/base/porting.c.o
[892/1345] Building C object util/CMakeFiles/gencat.dir/__/src/executables/gencat.c.o
[893/1345] Linking CXX executable bin/gencat
[894/1345] Building CXX object util/CMakeFiles/cub_commdb.dir/__/src/executables/master_util.c.o
[895/1345] Building CXX object cubrid/CMakeFiles/cubrid.dir/__/src/query/parallel/px_callable_task.cpp.o
[896/1345] Building CXX object util/CMakeFiles/cub_master.dir/__/src/executables/master_util.c.o
[897/1345] Building CXX object cubrid/CMakeFiles/cubrid.dir/__/src/query/query_executor.c.o
[898/1345] Building CXX object cubrid/CMakeFiles/cubrid.dir/__/src/query/parallel/px_sort.c.o
[899/1345] Building CXX object cubrid/CMakeFiles/cubrid.dir/__/src/storage/system_catalog.c.o
[900/1345] Building CXX object cubrid/CMakeFiles/cubrid.dir/__/src/transaction/log_writer.c.o
[901/1345] Building CXX object util/CMakeFiles/unittests_lf.dir/__/src/executables/unittests_lf.c.o
[902/1345] Building CXX object util/CMakeFiles/cub_master.dir/__/src/executables/master_request.c.o
[903/1345] Building CXX object cubrid/CMakeFiles/cubrid.dir/__/src/transaction/transaction_sr.c.o
[904/1345] Building CXX object cubrid/CMakeFiles/cubrid.dir/__/src/transaction/boot_sr.c.o
[905/1345] Building CXX object util/CMakeFiles/cub_master.dir/__/src/executables/master.c.o
[906/1345] Building CXX object cubrid/CMakeFiles/cubrid.dir/__/src/optimizer/histogram/histogram_reader.cpp.o
[907/1345] Building CXX object cubrid/CMakeFiles/cubrid.dir/__/src/query/parallel/px_hash_join/px_hash_join_spawn_manager.cpp.o
[908/1345] Building CXX object cubrid/CMakeFiles/cubrid.dir/__/src/transaction/transaction_transient.cpp.o
[909/1345] Building CXX object util/CMakeFiles/cub_admin.dir/__/src/executables/util_admin.c.o
[910/1345] Building CXX object cubrid/CMakeFiles/cubrid.dir/__/src/xasl/xasl_predicate.cpp.o
[911/1345] Building CXX object util/CMakeFiles/unittests_bit.dir/__/src/executables/unittests_bit.c.o
[912/1345] Building CXX object util/CMakeFiles/cub_commdb.dir/__/src/executables/commdb.c.o
[913/1345] Building CXX object cubrid/CMakeFiles/cubrid.dir/__/src/transaction/mvcc_table.cpp.o
[914/1345] Building CXX object cubrid/CMakeFiles/cubrid.dir/__/src/transaction/mvcc.c.o
[915/1345] Building CXX object cubrid-cci/cci/CMakeFiles/cascci.dir/__/src/base/porting.c.o
[916/1345] Building CXX object cubrid/CMakeFiles/cubrid.dir/__/src/storage/page_buffer.c.o
[917/1345] Building CXX object cubrid-cci/cci/CMakeFiles/cascci.dir/__/src/cci/cci_net_buf.c.o
[918/1345] Building CXX object cubrid-cci/cci/CMakeFiles/cascci.dir/__/src/cci/cci_t_lob.c.o
[919/1345] Building CXX object cubrid/CMakeFiles/cubrid.dir/__/src/xasl/xasl_analytic.cpp.o
[920/1345] Building CXX object cubrid/CMakeFiles/cubrid.dir/__/src/transaction/replication.c.o
[921/1345] Building CXX object util/CMakeFiles/cub_pl.dir/__/src/sp/pl_sr_jvm.cpp.o
[922/1345] Building CXX object util/CMakeFiles/cubrid-bin.dir/__/src/executables/util_service.c.o
[923/1345] Building CXX object cubrid-cci/tools/CMakeFiles/cci_applier.dir/__/src/base/cubrid_getopt_long.c.o
[924/1345] Building CXX object cubrid-cci/cci/CMakeFiles/cascci.dir/__/src/cci/cci_common.c.o
[925/1345] Building CXX object cubrid/CMakeFiles/cubrid.dir/__/src/transaction/recovery.c.o
[926/1345] Building CXX object cubrid/CMakeFiles/cubrid.dir/__/src/query/parallel/px_worker_manager.cpp.o
[927/1345] Building CXX object cubrid/CMakeFiles/cubrid.dir/__/src/optimizer/histogram/histogram_builder.cpp.o
[928/1345] Building CXX object broker/CMakeFiles/cub_broker.dir/__/src/broker/broker_error.c.o
[929/1345] Building CXX object cubrid-cci/tools/CMakeFiles/cci_applier.dir/__/src/tools/cci_applier.c.o
[930/1345] Building CXX object cubrid/CMakeFiles/cubrid.dir/__/src/query/parallel/px_parallel.cpp.o
[931/1345] Building CXX object util/CMakeFiles/cub_master.dir/__/src/executables/master_heartbeat.c.o
[932/1345] Building CXX object cubrid/CMakeFiles/cubrid.dir/__/src/xasl/xasl_stream.cpp.o
[933/1345] Building CXX object cubrid/CMakeFiles/cubrid.dir/__/src/transaction/flashback.c.o
[934/1345] Building CXX object cubrid/CMakeFiles/cubrid.dir/__/src/query/parallel/px_scan/px_scan_slot_iterator.cpp.o
[935/1345] Building CXX object cubrid-cci/cci/CMakeFiles/cascci.dir/__/src/cci/cci_network.c.o
[936/1345] Building CXX object broker/CMakeFiles/cub_broker.dir/__/src/broker/broker_process_size.c.o
[937/1345] Building CXX object broker/CMakeFiles/cub_broker.dir/__/src/broker/broker_max_heap.c.o
[938/1345] Building CXX object broker/CMakeFiles/cub_gateway.dir/__/src/broker/broker_access_list.c.o
[939/1345] Building CXX object cubrid-cci/cci/CMakeFiles/cascci.dir/__/src/cci/cci_properties.c.o
[940/1345] Building CXX object cubrid-cci/cci/CMakeFiles/cascci.dir/__/src/cci/cci_t_set.c.o
[941/1345] Building CXX object broker/CMakeFiles/cub_broker.dir/__/src/broker/broker_access_list.c.o
[942/1345] Building CXX object cubrid/CMakeFiles/cubrid.dir/__/src/query/parallel/px_scan/index/px_scan_index_overflow_chain_pool.cpp.o
[943/1345] Building CXX object util/CMakeFiles/cub_pl.dir/__/src/executables/pl.cpp.o
[944/1345] Building CXX object cubrid-cci/cci/CMakeFiles/cascci.dir/__/src/cci/cci_handle_mng.c.o
[945/1345] Building CXX object broker/CMakeFiles/cub_gateway.dir/__/src/broker/broker_error.c.o
[946/1345] Building CXX object broker/CMakeFiles/cub_broker.dir/__/src/broker/broker_send_fd.c.o
[947/1345] Building CXX object cubrid-cci/cci/CMakeFiles/cascci.dir/__/src/cci/cci_ssl.c.o
[948/1345] Building CXX object broker/CMakeFiles/cub_broker.dir/__/src/broker/broker_util.c.o
[949/1345] Building CXX object broker/CMakeFiles/cub_broker.dir/__/src/broker/broker_shm.c.o
[950/1345] Building CXX object broker/CMakeFiles/cub_gateway.dir/__/src/broker/broker_process_size.c.o
[951/1345] Building CXX object util/CMakeFiles/cub_master.dir/__/src/executables/master_server_monitor.cpp.o
[952/1345] Building CXX object cubrid/CMakeFiles/cubrid.dir/__/src/query/parallel/px_scan/index/px_scan_index_key_range_list.cpp.o
[953/1345] Building CXX object broker/CMakeFiles/cub_gateway.dir/__/src/broker/broker_max_heap.c.o
[954/1345] Building CXX object cubrid-cci/cci/CMakeFiles/cascci.dir/__/src/cci/cas_cci.c.o
[955/1345] Building CXX object cubrid/CMakeFiles/cubrid.dir/__/src/transaction/log_recovery.c.o
[956/1345] Building CXX object cubrid/CMakeFiles/cubrid.dir/__/src/query/parallel/px_scan/px_scan_input_handler_list.cpp.o
[957/1345] Building CXX object broker/CMakeFiles/cub_gateway.dir/__/src/broker/broker_send_fd.c.o
[958/1345] Building CXX object broker/CMakeFiles/broker_monitor.dir/__/src/broker/broker_process_info.c.o
[959/1345] Building CXX object broker/CMakeFiles/broker_monitor.dir/__/src/broker/broker_max_heap.c.o
[960/1345] Building CXX object broker/CMakeFiles/broker_monitor.dir/__/src/broker/broker_error.c.o
[961/1345] Building CXX object cubrid/CMakeFiles/cubrid.dir/__/src/query/parallel/px_scan/px_scan_input_handler_index.cpp.o
[962/1345] Building CXX object cubrid-cci/cci/CMakeFiles/cascci.dir/__/src/cci/cci_query_execute.c.o
[963/1345] Building CXX object cubrid/CMakeFiles/cubrid.dir/__/src/xasl/xasl_iteration.cpp.o
[964/1345] Building CXX object broker/CMakeFiles/broker_monitor.dir/__/src/broker/broker_process_size.c.o
[965/1345] Building CXX object cubrid/CMakeFiles/cubrid.dir/__/src/sp/pl_struct_compile.cpp.o
[966/1345] Building CXX object cubrid-cci/cci/CMakeFiles/cascci.dir/__/src/cci/cci_map.cpp.o
[967/1345] Building CXX object broker/CMakeFiles/cub_gateway.dir/__/src/broker/broker_shm.c.o
[968/1345] Building CXX object broker/CMakeFiles/gateway_monitor.dir/__/src/broker/broker_process_size.c.o
[969/1345] Building CXX object broker/CMakeFiles/gateway_monitor.dir/__/src/broker/broker_error.c.o
[970/1345] Building CXX object broker/CMakeFiles/cub_gateway.dir/__/src/broker/broker_util.c.o
[971/1345] Building CXX object broker/CMakeFiles/cub_broker.dir/__/src/broker/broker_proxy_conn.c.o
[972/1345] Building CXX object cubrid/CMakeFiles/cubrid.dir/__/src/transaction/locator_sr.c.o
[973/1345] Building CXX object broker/CMakeFiles/cub_gateway.dir/__/src/broker/broker_filename.c.o
[974/1345] Building CXX object cubrid/CMakeFiles/cubrid.dir/__/src/query/parallel/px_scan/index/px_scan_index_leaf_page_dispatcher.cpp.o
[975/1345] Building CXX object broker/CMakeFiles/cub_broker.dir/__/src/broker/shard_shm.c.o
[976/1345] Building CXX object cubrid/CMakeFiles/cubrid.dir/__/src/query/parallel/px_worker_manager_global.cpp.o
[977/1345] Building CXX object broker/CMakeFiles/gateway_monitor.dir/__/src/broker/broker_process_info.c.o
[978/1345] Building CXX object broker/CMakeFiles/cub_broker.dir/__/src/broker/broker_filename.c.o
[979/1345] Building CXX object broker/CMakeFiles/gateway_monitor.dir/__/src/broker/broker_max_heap.c.o
[980/1345] Building CXX object cubrid-cci/cci/CMakeFiles/cascci.dir/__/src/cci/cci_log.cpp.o
[981/1345] Building CXX object cubrid/CMakeFiles/cubrid.dir/__/src/query/parallel/px_scan/px_scan_slot_iterator_index.cpp.o
[982/1345] Building CXX object cubrid/CMakeFiles/cubrid.dir/__/src/query/parallel/px_scan/px_scan_slot_iterator_list.cpp.o
[983/1345] Building CXX object broker/CMakeFiles/cub_broker.dir/__/src/broker/shard_metadata.c.o
[984/1345] Building CXX object broker/CMakeFiles/broker_monitor.dir/__/src/broker/broker_util.c.o
[985/1345] Building CXX object broker/CMakeFiles/broker_monitor.dir/__/src/broker/broker_shm.c.o
[986/1345] Building CXX object cubrid/CMakeFiles/cubrid.dir/__/src/query/parallel/px_scan/index/px_scan_index_leaf_slot_walker.cpp.o
[987/1345] Building CXX object broker/CMakeFiles/broker_changer.dir/__/src/broker/broker_error.c.o
[988/1345] Building CXX object cubrid/CMakeFiles/cubrid.dir/__/src/query/parallel/px_hash_join/px_hash_join_task_manager.cpp.o
[989/1345] Building CXX object broker/CMakeFiles/broker_monitor.dir/__/src/base/util_func.c.o
[990/1345] Building CXX object broker/CMakeFiles/cub_gateway.dir/__/src/broker/broker_proxy_conn.c.o
[991/1345] Building CXX object cubrid/CMakeFiles/cubrid.dir/__/src/transaction/log_recovery_redo_parallel.cpp.o
[992/1345] Building CXX object broker/CMakeFiles/broker_changer.dir/__/src/broker/broker_process_size.c.o
[993/1345] Building CXX object broker/CMakeFiles/gateway_monitor.dir/__/src/broker/broker_util.c.o
[994/1345] Building CXX object broker/CMakeFiles/broker_changer.dir/__/src/broker/broker_max_heap.c.o
[995/1345] Building CXX object util/CMakeFiles/unittests_lf.dir/__/src/base/memory_monitor_api.cpp.o
[996/1345] Building CXX object broker/CMakeFiles/broker_changer.dir/__/src/broker/broker_acl.c.o
[997/1345] Building CXX object broker/CMakeFiles/gateway_monitor.dir/__/src/broker/broker_shm.c.o
[998/1345] Building CXX object broker/CMakeFiles/cub_gateway.dir/__/src/broker/shard_metadata.c.o
[999/1345] Building CXX object cubrid/CMakeFiles/cubrid.dir/__/src/storage/btree.c.o
[1000/1345] Building CXX object broker/CMakeFiles/broker_changer.dir/__/src/broker/shard_key_func.c.o
[1001/1345] Building CXX object broker/CMakeFiles/cub_gateway.dir/__/src/broker/shard_shm.c.o
[1002/1345] Building CXX object cubrid/CMakeFiles/cubrid.dir/__/src/query/parallel/px_hash_join/px_hash_join.cpp.o
[1003/1345] Building CXX object broker/CMakeFiles/cub_broker.dir/__/src/broker/broker.c.o
[1004/1345] Building CXX object util/CMakeFiles/unittests_lf.dir/__/src/base/porting.c.o
[1005/1345] Building CXX object broker/CMakeFiles/broker_monitor.dir/__/src/broker/broker_filename.c.o
[1006/1345] Building CXX object broker/CMakeFiles/cubrid_broker.dir/__/src/broker/broker_error.c.o
[1007/1345] Building CXX object broker/CMakeFiles/cubrid_broker.dir/__/src/base/porting.c.o
[1008/1345] Building CXX object util/CMakeFiles/unittests_area.dir/__/src/base/memory_monitor_api.cpp.o
[1009/1345] Building CXX object broker/CMakeFiles/cub_gateway.dir/__/src/broker/broker.c.o
[1010/1345] Building CXX object broker/CMakeFiles/cubrid_broker.dir/__/src/broker/broker_max_heap.c.o
[1011/1345] Building CXX object cubrid/CMakeFiles/cubrid.dir/__/src/storage/heap_file.c.o
[1012/1345] Building CXX object util/CMakeFiles/unittests_snapshot.dir/__/src/base/memory_monitor_api.cpp.o
[1013/1345] Building CXX object broker/CMakeFiles/broker_monitor.dir/__/src/broker/shard_metadata.c.o
[1014/1345] Building CXX object broker/CMakeFiles/broker_monitor.dir/__/src/broker/cas_util.c.o
[1015/1345] Building CXX object broker/CMakeFiles/cubrid_broker.dir/__/src/broker/broker_process_size.c.o
[1016/1345] Building CXX object util/CMakeFiles/unittests_snapshot.dir/__/src/base/memory_monitor_sr.cpp.o
[1017/1345] Building CXX object util/CMakeFiles/unittests_lf.dir/__/src/base/memory_monitor_sr.cpp.o
[1018/1345] Building CXX object cubrid/CMakeFiles/cubrid.dir/__/src/transaction/lock_manager.c.o
[1019/1345] Building CXX object broker/CMakeFiles/cubrid_broker.dir/__/src/broker/broker_acl.c.o
[1020/1345] Building CXX object broker/CMakeFiles/broker_changer.dir/__/src/broker/broker_util.c.o
[1021/1345] Building CXX object broker/CMakeFiles/gateway_monitor.dir/__/src/broker/broker_filename.c.o
[1022/1345] Building CXX object cubrid/CMakeFiles/cubrid.dir/__/src/xasl/xasl_spawner.cpp.o
[1023/1345] Building CXX object util/CMakeFiles/unittests_area.dir/__/src/executables/unittests_area.c.o
[1024/1345] Building CXX object broker/CMakeFiles/broker_monitor.dir/__/src/broker/shard_shm.c.o
[1025/1345] Building CXX object broker/CMakeFiles/broker_changer.dir/__/src/broker/broker_shm.c.o
[1026/1345] Building CXX object cubrid/CMakeFiles/cubrid.dir/__/src/query/parallel/px_scan/index/px_scan_index_overflow_drain_fsm.cpp.o
[1027/1345] Building CXX object broker/CMakeFiles/gateway_monitor.dir/__/src/base/util_func.c.o
[1028/1345] Building CXX object util/CMakeFiles/unittests_bit.dir/__/src/base/memory_monitor_api.cpp.o
[1029/1345] Building CXX object broker/CMakeFiles/cubrid_gateway.dir/__/src/broker/broker_process_size.c.o
[1030/1345] Building CXX object broker/CMakeFiles/cubrid_gateway.dir/__/src/base/porting.c.o
[1031/1345] Building CXX object broker/CMakeFiles/cubrid_gateway.dir/__/src/broker/broker_error.c.o
[1032/1345] Building CXX object broker/CMakeFiles/cubrid_broker.dir/__/src/broker/shard_key_func.c.o
[1033/1345] Building CXX object util/CMakeFiles/unittests_lf.dir/__/src/base/lock_free.c.o
[1034/1345] Building CXX object broker/CMakeFiles/broker_changer.dir/__/src/broker/broker_changer.c.o
[1035/1345] Building CXX object broker/CMakeFiles/cubrid_gateway.dir/__/src/broker/broker_max_heap.c.o
[1036/1345] Building CXX object broker/CMakeFiles/broker_monitor.dir/__/src/broker/broker_config.c.o
[1037/1345] Building CXX object broker/CMakeFiles/cubrid_gateway.dir/__/src/broker/broker_acl.c.o
[1038/1345] Building CXX object broker/CMakeFiles/gateway_monitor.dir/__/src/broker/cas_util.c.o
[1039/1345] Building CXX object cubrid/CMakeFiles/cubrid.dir/__/src/query/parallel/px_scan/px_scan_trace_handler.cpp.o
[1040/1345] Building CXX object util/CMakeFiles/unittests_bit.dir/__/src/base/memory_monitor_sr.cpp.o
[1041/1345] Building CXX object cubrid/CMakeFiles/cubrid.dir/__/src/query/parallel/px_scan/px_scan_input_handler_heap.cpp.o
[1042/1345] Building CXX object broker/CMakeFiles/gateway_monitor.dir/__/src/broker/shard_metadata.c.o
[1043/1345] Building CXX object broker/CMakeFiles/cubrid_gateway.dir/__/src/broker/shard_key_func.c.o
[1044/1345] Building CXX object broker/CMakeFiles/cubrid_broker.dir/__/src/broker/broker_util.c.o
[1045/1345] Building CXX object broker/CMakeFiles/cas_common_lib.dir/__/src/broker/cas_optimization.c.o
[1046/1345] Building CXX object broker/CMakeFiles/cas_common_lib.dir/__/src/broker/cas_meta.c.o
[1047/1345] Building CXX object broker/CMakeFiles/cas_common_lib.dir/__/src/broker/cas_sql_log2.c.o
[1048/1345] Building CXX object broker/CMakeFiles/cas_common_lib.dir/__/src/broker/cas_common_vars.c.o
[1049/1345] Building CXX object broker/CMakeFiles/broker_monitor.dir/__/src/broker/broker_monitor.c.o
[1050/1345] Building CXX object broker/CMakeFiles/gateway_monitor.dir/__/src/broker/broker_config.c.o
[1051/1345] Building CXX object broker/CMakeFiles/gateway_monitor.dir/__/src/broker/shard_shm.c.o
[1052/1345] Building CXX object broker/CMakeFiles/cas_common_lib.dir/__/src/broker/cas_network.c.o
[1053/1345] Building CXX object broker/CMakeFiles/cubrid_broker.dir/__/src/broker/broker_shm.c.o
[1054/1345] Building CXX object cubrid/CMakeFiles/cubrid.dir/__/src/query/parallel/px_scan/px_scan_pre_execution_info.cpp.o
[1055/1345] Building CXX object broker/CMakeFiles/broker_changer.dir/__/src/broker/broker_filename.c.o
[1056/1345] Building CXX object broker/CMakeFiles/cubrid_gateway.dir/__/src/broker/broker_util.c.o
[1057/1345] Building CXX object util/CMakeFiles/unittests_area.dir/__/src/base/memory_monitor_sr.cpp.o
[1058/1345] Building CXX object broker/CMakeFiles/broker_changer.dir/__/src/broker/shard_metadata.c.o
[1059/1345] Building CXX object cubrid/CMakeFiles/cubrid.dir/__/src/transaction/log_tran_table.c.o
[1060/1345] Building CXX object broker/CMakeFiles/cubrid_broker.dir/__/src/base/util_func.c.o
[1061/1345] Building CXX object broker/CMakeFiles/cub_cas.dir/__/src/broker/cas_schema_info.c.o
[1062/1345] Building CXX object broker/CMakeFiles/cub_cas.dir/__/src/broker/broker_error.c.o
[1063/1345] Building CXX object broker/CMakeFiles/cub_cas.dir/__/src/broker/broker_process_size.c.o
[1064/1345] Building CXX object broker/CMakeFiles/cas_common_lib.dir/__/src/broker/broker_acl.c.o
[1065/1345] Building CXX object broker/CMakeFiles/gateway_monitor.dir/__/src/broker/broker_monitor.c.o
[1066/1345] Building CXX object broker/CMakeFiles/cubrid_broker.dir/__/src/broker/broker_filename.c.o
[1067/1345] Building CXX object broker/CMakeFiles/cub_cas_cgw.dir/__/src/broker/broker_error.c.o
[1068/1345] Building CXX object broker/CMakeFiles/cub_cas_cgw.dir/__/src/broker/broker_process_size.c.o
[1069/1345] Building CXX object broker/CMakeFiles/cub_cas.dir/__/src/broker/broker_recv_fd.c.o
[1070/1345] Building CXX object broker/CMakeFiles/cub_cas_cgw.dir/__/src/broker/broker_recv_fd.c.o
[1071/1345] Building CXX object broker/CMakeFiles/broker_changer.dir/__/src/broker/shard_shm.c.o
[1072/1345] Building CXX object broker/CMakeFiles/cubrid_gateway.dir/__/src/broker/broker_shm.c.o
[1073/1345] Building CXX object broker/CMakeFiles/cubrid_gateway.dir/__/src/base/util_func.c.o
[1074/1345] Building CXX object broker/CMakeFiles/cub_proxy.dir/__/src/broker/broker_process_size.c.o
[1075/1345] Building CXX object broker/CMakeFiles/cub_proxy.dir/__/src/broker/broker_error.c.o
[1076/1345] Building CXX object broker/CMakeFiles/cas_common_lib.dir/__/src/broker/broker_util.c.o
[1077/1345] Building CXX object broker/CMakeFiles/cubrid_broker.dir/__/src/broker/shard_metadata.c.o
[1078/1345] Building CXX object broker/CMakeFiles/broker_changer.dir/__/src/broker/broker_config.c.o
[1079/1345] Building CXX object cubrid/CMakeFiles/cubrid.dir/__/src/query/parallel/px_query_execute/px_query_task.cpp.o
[1080/1345] Building CXX object broker/CMakeFiles/cas_common_lib.dir/__/src/broker/cas_ssl.c.o
[1081/1345] Building CXX object util/CMakeFiles/cub_server.dir/__/src/executables/server.c.o
[1082/1345] Building CXX object broker/CMakeFiles/cubrid_broker.dir/__/src/broker/shard_shm.c.o
[1083/1345] Building CXX object cubrid/CMakeFiles/cubrid.dir/__/src/query/parallel/px_thread_safe_queue.cpp.o
[1084/1345] Building CXX object broker/CMakeFiles/cas_common_lib.dir/__/src/broker/broker_shm.c.o
[1085/1345] Building CXX object broker/CMakeFiles/cubrid_broker.dir/__/src/broker/broker_admin.c.o
[1086/1345] Building CXX object broker/CMakeFiles/cubrid_gateway.dir/__/src/broker/broker_filename.c.o
[1087/1345] Building CXX object broker/CMakeFiles/cub_proxy.dir/__/src/broker/broker_recv_fd.c.o
[1088/1345] Building CXX object broker/CMakeFiles/cub_proxy.dir/__/src/broker/shard_key_func.c.o
[1089/1345] Building CXX object broker/CMakeFiles/cub_proxy.dir/__/src/broker/shard_parser.c.o
[1090/1345] Building CXX object broker/CMakeFiles/cub_proxy.dir/__/src/broker/cas_meta.c.o
[1091/1345] Building CXX object broker/CMakeFiles/cub_proxy.dir/__/src/broker/broker_acl.c.o
[1092/1345] Building CXX object broker/CMakeFiles/broker_log_converter.dir/__/src/broker/broker_log_util.c.o
[1093/1345] Building CXX object broker/CMakeFiles/broker_log_converter.dir/__/src/broker/log_top_string.c.o
[1094/1345] Building CXX object broker/CMakeFiles/broker_log_converter.dir/__/src/broker/broker_log_converter.c.o
[1095/1345] Building CXX object broker/CMakeFiles/broker_tester.dir/__/src/broker/broker_error.c.o
[1096/1345] Building CXX object cubrid/CMakeFiles/cubrid.dir/__/src/query/parallel/px_query_execute/px_query_executor.cpp.o
[1097/1345] Building CXX object broker/CMakeFiles/cubrid_broker.dir/__/src/broker/broker_config.c.o
[1098/1345] Building CXX object broker/CMakeFiles/broker_log_runner.dir/__/src/broker/broker_log_util.c.o
[1099/1345] Building CXX object broker/CMakeFiles/broker_log_runner.dir/__/src/broker/log_top_string.c.o
[1100/1345] Building CXX object broker/CMakeFiles/cubrid_gateway.dir/__/src/broker/shard_shm.c.o
[1101/1345] Building CXX object broker/CMakeFiles/cas_common_lib.dir/__/src/broker/cas_error.c.o
[1102/1345] Building CXX object broker/CMakeFiles/cas_common_lib.dir/__/src/broker/cas_util.c.o
[1103/1345] Building CXX object broker/CMakeFiles/cubrid_gateway.dir/__/src/broker/broker_admin.c.o
[1104/1345] Building CXX object broker/CMakeFiles/cub_proxy.dir/__/src/broker/broker_shm.c.o
[1105/1345] Building CXX object broker/CMakeFiles/cas_common_lib.dir/__/src/broker/cas_common_function.c.o
[1106/1345] Building CXX object broker/CMakeFiles/cubrid_gateway.dir/__/src/broker/shard_metadata.c.o
[1107/1345] Building CXX object broker/CMakeFiles/cas_common_lib.dir/__/src/broker/cas_handle.c.o
[1108/1345] Building CXX object broker/CMakeFiles/broker_log_top.dir/__/src/broker/broker_log_time.c.o
[1109/1345] Building CXX object broker/CMakeFiles/broker_tester.dir/__/src/broker/log_top_string.c.o
[1110/1345] Building CXX object cubrid/CMakeFiles/cubrid.dir/__/src/transaction/log_page_buffer.c.o
[1111/1345] Building CXX object broker/CMakeFiles/cub_proxy.dir/__/src/broker/broker_util.c.o
[1112/1345] Building CXX object broker/CMakeFiles/cas_common_lib.dir/__/src/broker/cas_log.c.o
[1113/1345] Building CXX object broker/CMakeFiles/cas_common_lib.dir/__/src/broker/cas_common_execute.c.o
[1114/1345] Building CXX object cubrid/CMakeFiles/cubrid.dir/__/src/transaction/log_manager.c.o
[1115/1345] Building CXX object broker/CMakeFiles/cubrid_gateway.dir/__/src/broker/broker_config.c.o
[1116/1345] Building CXX object broker/CMakeFiles/broker_log_top.dir/__/src/broker/cas_query_info.c.o
[1117/1345] Building CXX object broker/CMakeFiles/broker_log_top.dir/__/src/broker/broker_log_sql_list.c.o
[1118/1345] Building CXX object broker/CMakeFiles/cas_common_lib.dir/__/src/broker/broker_filename.c.o
[1119/1345] Building CXX object broker/CMakeFiles/broker_log_top.dir/__/src/broker/log_top_string.c.o
[1120/1345] Building CXX object broker/CMakeFiles/broker_log_top.dir/__/src/broker/broker_error.c.o
[1121/1345] Building CXX object broker/CMakeFiles/cas_common_lib.dir/__/src/broker/cas_net_buf.c.o
[1122/1345] Generating csql.cat for en_US.utf8
[1123/1345] Building CXX object broker/CMakeFiles/broker_changer.dir/__/src/broker/broker_admin_pub.c.o
[1124/1345] Building CXX object broker/CMakeFiles/cub_cas.dir/__/src/broker/cas_str_like.c.o
[1125/1345] Generating utils.cat for en_US.utf8
[1126/1345] Building CXX object broker/CMakeFiles/cub_cas.dir/__/src/broker/cas_xa.c.o
[1127/1345] Building CXX object broker/CMakeFiles/broker_log_top.dir/__/src/broker/broker_log_util.c.o
[1128/1345] Generating csql.cat for en_US
[1129/1345] Generating utils.cat for en_US
[1130/1345] Generating cubrid.cat for en_US
[1131/1345] Generating csql.cat for ko_KR.utf8
[1132/1345] Generating cubrid.cat for en_US.utf8
[1133/1345] Building CXX object broker/CMakeFiles/broker_tester.dir/__/src/broker/broker_tester.c.o
[1134/1345] Building CXX object broker/CMakeFiles/broker_log_top.dir/__/src/broker/broker_log_top_tran.c.o
[1135/1345] Generating utils.cat for ko_KR.utf8
[1136/1345] Generating csql.cat for ko_KR.euckr
[1137/1345] Generating cubrid.cat for ko_KR.utf8
[1138/1345] Generating utils.cat for ko_KR.euckr
[1139/1345] Building CXX object broker/CMakeFiles/cubrid_replay.dir/__/src/broker/log_top_string.c.o
[1140/1345] Generating cubrid.cat for ko_KR.euckr
[1141/1345] Building CXX object broker/CMakeFiles/brokeradmin.dir/__/src/broker/broker_max_heap.c.o
[1142/1345] Building CXX object broker/CMakeFiles/broker_log_top.dir/__/src/broker/broker_log_top.c.o
[1143/1345] Building CXX object broker/CMakeFiles/broker_tester.dir/__/src/broker/broker_util.c.o
[1144/1345] Building CXX object broker/CMakeFiles/cubrid_replay.dir/__/src/broker/broker_log_util.c.o
[1145/1345] Building CXX object broker/CMakeFiles/cub_proxy.dir/__/src/broker/broker_filename.c.o
[1146/1345] Performing update step for 'catch2'
[1147/1345] Building CXX object broker/CMakeFiles/cub_proxy.dir/__/src/broker/shard_proxy.c.o
[1148/1345] Building CXX object broker/CMakeFiles/brokeradmin.dir/__/src/broker/broker_error.c.o
[1149/1345] Building CXX object cm_common/CMakeFiles/cmstat.dir/__/src/cm_common/cm_errmsg.c.o
[1150/1345] Building CXX object broker/CMakeFiles/cub_proxy.dir/__/src/broker/shard_proxy_queue.c.o
[1151/1345] Building CXX object cm_common/CMakeFiles/cmdep.dir/__/src/cm_common/cm_dstring.c.o
[1152/1345] Building CXX object broker/CMakeFiles/broker_log_runner.dir/__/src/broker/cas_runner.c.o
[1153/1345] No patch step for 'catch2'
[1154/1345] Building C object cm_common/CMakeFiles/cmstat.dir/__/src/cm_common/cm_broker_jni.c.o
[1155/1345] Building CXX object broker/CMakeFiles/cubrid_broker.dir/__/src/broker/broker_admin_pub.c.o
[1156/1345] Building CXX object broker/CMakeFiles/brokeradmin.dir/__/src/broker/broker_process_info.c.o
[1157/1345] Building CXX object broker/CMakeFiles/broker_tester.dir/__/src/broker/broker_shm.c.o
[1158/1345] Building CXX object broker/CMakeFiles/brokeradmin.dir/__/src/broker/shard_key_func.c.o
[1159/1345] Building CXX object broker/CMakeFiles/brokeradmin.dir/__/src/broker/broker_process_size.c.o
[1160/1345] Building CXX object broker/CMakeFiles/broker_log_top.dir/__/src/broker/broker_util.c.o
[1161/1345] Performing configure step for 'catch2'
loading initial cache file /home/vimkim/gh/cb/CBRD-27398-pgbuf-inspector-contract/build_preset_debug_gcc/unit_tests/catch2-prefix/tmp/catch2-cache-Debug.cmake
-- Configuring done (0.0s)
-- Generating done (0.0s)
-- Build files have been written to: /home/vimkim/gh/cb/CBRD-27398-pgbuf-inspector-contract/build_preset_debug_gcc/unit_tests/catch2-prefix/src/catch2-build
[1162/1345] Building CXX object cm_common/CMakeFiles/cmstat.dir/__/src/cm_common/cm_broker_admin.c.o
[1163/1345] Building CXX object cm_common/CMakeFiles/cmdep.dir/__/src/cm_common/cm_nameval.c.o
[1164/1345] Building CXX object broker/CMakeFiles/brokeradmin.dir/__/src/broker/broker_acl.c.o
[1165/1345] Building CXX object broker/CMakeFiles/cub_proxy.dir/__/src/broker/shard_statement.c.o
[1166/1345] Building CXX object broker/CMakeFiles/cub_proxy.dir/__/src/broker/shard_proxy_log.c.o
[1167/1345] Building CXX object broker/CMakeFiles/cub_proxy.dir/__/src/broker/shard_proxy_handler.c.o
[1168/1345] Building CXX object broker/CMakeFiles/cub_proxy.dir/__/src/broker/shard_metadata.c.o
[1169/1345] Building CXX object broker/CMakeFiles/cub_proxy.dir/__/src/broker/cas_net_buf.c.o
[1170/1345] Building CXX object broker/CMakeFiles/cub_proxy.dir/__/src/broker/shard_shm.c.o
[1171/1345] Performing build step for 'catch2'
ninja: no work to do.
[1172/1345] Building CXX object broker/CMakeFiles/cub_proxy.dir/__/src/broker/cas_util.c.o
[1173/1345] Building CXX object broker/CMakeFiles/broker_tester.dir/__/src/broker/broker_filename.c.o
[1174/1345] Building CXX object cubrid/CMakeFiles/cubrid.dir/__/src/query/parallel/px_scan/px_scan_result_handler.cpp.o
[1175/1345] No install step for 'catch2'
[1176/1345] Building CXX object broker/CMakeFiles/broker_log_top.dir/__/src/broker/broker_shm.c.o
[1177/1345] Building CXX object broker/CMakeFiles/cubrid_gateway.dir/__/src/broker/broker_admin_pub.c.o
[1178/1345] Completed 'catch2'
[1179/1345] Building CXX object broker/CMakeFiles/cub_proxy.dir/__/src/broker/shard_proxy_io.c.o
[1180/1345] Building CXX object broker/CMakeFiles/brokeradmin.dir/__/src/broker/broker_util.c.o
[1181/1345] Building CXX object broker/CMakeFiles/broker_tester.dir/__/src/broker/shard_metadata.c.o
[1182/1345] Building CXX object broker/CMakeFiles/cas_cgw_lib.dir/__/src/broker/cas_cgw_odbc.c.o
[1183/1345] Building CXX object broker/CMakeFiles/brokeradmin.dir/__/src/broker/broker_shm.c.o
[1184/1345] Building CXX object broker/CMakeFiles/broker_tester.dir/__/src/broker/shard_shm.c.o
[1185/1345] Building CXX object broker/CMakeFiles/broker_log_top.dir/__/src/broker/shard_metadata.c.o
[1186/1345] Building CXX object cm_common/CMakeFiles/cmstat.dir/__/src/cm_common/cm_utils.c.o
[1187/1345] Building CXX object unit_tests/common/CMakeFiles/test_common.dir/test_string_collection.cpp.o
[1188/1345] Building CXX object broker/CMakeFiles/cubrid_replay.dir/__/src/broker/broker_log_replay.c.o
[1189/1345] Building CXX object cm_common/CMakeFiles/cmdep.dir/__/src/cm_common/cm_utils.c.o
[1190/1345] Building CXX object cm_common/CMakeFiles/cmstat.dir/__/src/cm_common/cm_mem_cpu_stat.c.o
[1191/1345] Building CXX object util/CMakeFiles/unittests_snapshot.dir/__/src/executables/unittests_snapshot.c.o
[1192/1345] Building CXX object broker/CMakeFiles/broker_log_top.dir/__/src/broker/broker_filename.c.o
[1193/1345] Building CXX object cubrid/CMakeFiles/cubrid.dir/__/src/query/parallel/px_scan/px_scan_task.cpp.o
[1194/1345] Building CXX object broker/CMakeFiles/cub_proxy.dir/__/src/broker/shard_proxy_function.c.o
[1195/1345] Building CXX object broker/CMakeFiles/brokeradmin.dir/__/src/broker/broker_admin_so.c.o
[1196/1345] Building CXX object broker/CMakeFiles/broker_log_top.dir/__/src/broker/shard_shm.c.o
[1197/1345] Building CXX object broker/CMakeFiles/broker_tester.dir/__/src/broker/broker_config.c.o
[1198/1345] Building CXX object broker/CMakeFiles/brokeradmin.dir/__/src/broker/broker_filename.c.o
[1199/1345] Building CXX object timezones/CMakeFiles/gen_timezone.dir/__/src/executables/generate_timezone.cpp.o
[1200/1345] Building CXX object cubrid/CMakeFiles/cubrid.dir/__/src/query/parallel/px_scan/px_scan.cpp.o
[1201/1345] Building CXX object unit_tests/common/CMakeFiles/test_common.dir/test_output.cpp.o
[1202/1345] Building CXX object broker/CMakeFiles/brokeradmin.dir/__/src/broker/shard_metadata.c.o
[1203/1345] Building CXX object broker/CMakeFiles/brokeradmin.dir/__/src/broker/shard_shm.c.o
[1204/1345] Building CXX object unit_tests/pgbuf_inspector/CMakeFiles/pgbuf_inspector_corpus_generator.dir/sha256.cpp.o
[1205/1345] Building CXX object cm_common/CMakeFiles/cub_jobsa.dir/__/src/cm_common/cm_class_info_sa.c.o
[1206/1345] Building CXX object unit_tests/pgbuf_inspector/CMakeFiles/test_pgbuf_inspector.dir/sha256.cpp.o
[1207/1345] Building CXX object cm_common/CMakeFiles/cub_sainfo.dir/__/src/cm_common/cm_class_info_sa.c.o
[1208/1345] Building CXX object broker/CMakeFiles/broker_log_top.dir/__/src/broker/broker_config.c.o
[1209/1345] Building CXX object broker/CMakeFiles/cubrid_replay.dir/__/src/base/filesys_temp.cpp.o
[1210/1345] Building CXX object unit_tests/pgbuf_inspector/CMakeFiles/test_pgbuf_inspector.dir/__/__/src/storage/pgbuf_inspector_wire.cpp.o
[1211/1345] Building CXX object unit_tests/pgbuf_inspector/CMakeFiles/pgbuf_inspector_corpus_generator.dir/__/__/src/storage/pgbuf_inspector_wire.cpp.o
[1212/1345] Building CXX object broker/CMakeFiles/brokeradmin.dir/__/src/broker/broker_config.c.o
[1213/1345] Building CXX object unit_tests/common/CMakeFiles/test_common.dir/test_perf_compare.cpp.o
[1214/1345] Building CXX object util/CMakeFiles/loadjava.dir/__/src/executables/loadjava.cpp.o
[1215/1345] Linking CXX static library unit_tests/common/libtest_common.a
[1216/1345] Building CXX object broker/CMakeFiles/cas_common_lib.dir/__/src/broker/cas_common_main.c.o
[1217/1345] Building CXX object broker/CMakeFiles/brokeradmin.dir/__/src/broker/broker_admin_pub.c.o
[1218/1345] Building CXX object broker/CMakeFiles/cas_common_lib.dir/__/src/base/ddl_log.c.o
[1219/1345] Building CXX object broker/CMakeFiles/cub_cas.dir/__/src/broker/cas_function.c.o
[1220/1345] Building CXX object broker/CMakeFiles/cub_cas.dir/__/src/broker/cas.c.o
[1221/1345] Building CXX object cubrid-cci/cci/CMakeFiles/cascci.dir/__/src/cci/cci_util.c.o
[1222/1345] Building CXX object _deps/googletest-build/googletest/CMakeFiles/gtest_main.dir/src/gtest_main.cc.o
[1223/1345] Building CXX object broker/CMakeFiles/cas_cgw_lib.dir/__/src/broker/cas_cgw_execute.c.o
[1224/1345] Building CXX object unit_tests/pgbuf_inspector/CMakeFiles/test_pgbuf_inspector.dir/test_pgbuf_inspector_scan.cpp.o
[1225/1345] Building CXX object unit_tests/pgbuf_inspector/CMakeFiles/test_pgbuf_inspector.dir/__/__/src/storage/pgbuf_inspector_socket.cpp.o
[1226/1345] Building CXX object broker/CMakeFiles/cub_cas_cgw.dir/__/src/broker/cas_cgw.c.o
[1227/1345] Building CXX object broker/CMakeFiles/cas_cgw_lib.dir/__/src/broker/cas_cgw_function.c.o
[1228/1345] Building CXX object unit_tests/oos/CMakeFiles/test_oos_tde_gate.dir/test_oos_tde_gate.cpp.o
[1229/1345] Building CXX object unit_tests/oos/CMakeFiles/test_oos_record_flags.dir/test_oos_record_flags.cpp.o
[1230/1345] Building CXX object unit_tests/oos/CMakeFiles/test_byte_span_writer.dir/test_byte_span_writer.cpp.o
[1231/1345] Linking CXX shared library cubrid-cci/cci/libcascci.so.11.2
[1232/1345] Creating library symlink cubrid-cci/cci/libcascci.so
[1233/1345] Linking CXX executable bin/cci_applier
[1234/1345] Building CXX object _deps/googletest-build/googlemock/CMakeFiles/gmock_main.dir/src/gmock_main.cc.o
[1235/1345] Building CXX object broker/CMakeFiles/cub_cas.dir/__/src/broker/cas_execute.c.o
[1236/1345] Building CXX object unit_tests/oos/CMakeFiles/test_oos_remove_file.dir/test_oos_remove_file.cpp.o
[1237/1345] Building CXX object unit_tests/pgbuf_inspector/CMakeFiles/pgbuf_inspector_corpus_generator.dir/corpus_support.cpp.o
[1238/1345] Building CXX object unit_tests/pgbuf_inspector/CMakeFiles/pgbuf_inspector_corpus_generator.dir/pgbuf_inspector_corpus_generator.cpp.o
[1239/1345] Building CXX object unit_tests/pgbuf_inspector/CMakeFiles/pgbuf_inspector_corpus_generator.dir/__/__/src/storage/pgbuf_inspector_protocol.cpp.o
[1240/1345] Building CXX object unit_tests/pgbuf_inspector/CMakeFiles/test_pgbuf_inspector.dir/corpus_support.cpp.o
[1241/1345] Building CXX object unit_tests/oos/CMakeFiles/test_oos_delete.dir/test_oos_delete.cpp.o
[1242/1345] Building CXX object unit_tests/pgbuf_inspector/CMakeFiles/test_pgbuf_inspector.dir/test_pgbuf_inspector_socket.cpp.o
[1243/1345] Building CXX object cm_common/CMakeFiles/cmdep.dir/__/src/cm_common/cm_dep_tasks.c.o
[1244/1345] Building CXX object unit_tests/pgbuf_inspector/CMakeFiles/test_pgbuf_inspector.dir/__/__/src/storage/pgbuf_inspector_protocol.cpp.o
[1245/1345] Linking CXX executable bin/pgbuf_inspector_corpus_generator
[1246/1345] Building CXX object unit_tests/oos/CMakeFiles/test_oos_bestspace.dir/test_oos_bestspace.cpp.o
[1247/1345] Building CXX object unit_tests/oos/sql/CMakeFiles/test_oos_sql_bigone.dir/test_oos_sql_bigone.cpp.o
[1248/1345] Building CXX object unit_tests/oos/sql/CMakeFiles/test_oos_sql_visible_version.dir/test_oos_sql_visible_version.cpp.o
[1249/1345] Building CXX object unit_tests/oos/sql/CMakeFiles/test_oos_sql_eager_cleanup.dir/test_oos_sql_eager_cleanup.cpp.o
[1250/1345] Building CXX object unit_tests/oos/sql/CMakeFiles/test_oos_sql_show.dir/test_oos_sql_show.cpp.o
[1251/1345] Building CXX object unit_tests/oos/sql/CMakeFiles/test_oos_sql_txn.dir/test_oos_sql_txn.cpp.o
[1252/1345] Building CXX object cubrid/CMakeFiles/cubrid.dir/__/src/optimizer/histogram/histogram_sampler_sr.cpp.o
[1253/1345] Building CXX object unit_tests/oos/sql/CMakeFiles/test_oos_sql_ddl.dir/test_oos_sql_ddl.cpp.o
[1254/1345] Building CXX object unit_tests/oos/CMakeFiles/test_oos.dir/test_oos.cpp.o
[1255/1345] Building CXX object unit_tests/oos/sql/CMakeFiles/test_oos_sql_crud.dir/test_oos_sql_crud.cpp.o
[1256/1345] Building CXX object _deps/googletest-build/googlemock/CMakeFiles/gmock.dir/src/gmock-all.cc.o
[1257/1345] Building CXX object unit_tests/oos/sql/CMakeFiles/test_oos_sql_update_delete.dir/test_oos_sql_update_delete.cpp.o
[1258/1345] Building CXX object unit_tests/oos/sql/CMakeFiles/test_oos_sql_storage.dir/test_oos_sql_storage.cpp.o
[1259/1345] Building CXX object unit_tests/oos/sql/CMakeFiles/test_oos_sql_boundary.dir/test_oos_sql_boundary.cpp.o
[1260/1345] Building CXX object unit_tests/oos/sql/CMakeFiles/test_oos_sql_delete.dir/test_oos_sql_delete.cpp.o
[1261/1345] Building CXX object unit_tests/oos/CMakeFiles/test_oos_mock_vacuum_server.dir/test_oos_mock_vacuum_server.cpp.o
[1262/1345] Building CXX object unit_tests/oos/CMakeFiles/test_oos_remove_file_server.dir/test_oos_remove_file_server.cpp.o
[1263/1345] Building CXX object unit_tests/oos/CMakeFiles/test_oos_delete_server.dir/test_oos_delete_server.cpp.o
[1264/1345] Building CXX object unit_tests/oos/CMakeFiles/test_oos_vacuum_server.dir/test_oos_vacuum_server.cpp.o
[1265/1345] Linking CXX shared library cs/libcubridcs.so.11.5
[1266/1345] Creating library symlink cs/libcubridcs.so
[1267/1345] Linking CXX static library broker/libcas_common_lib.a
[1268/1345] Building CXX object unit_tests/oos/CMakeFiles/test_oos_real_vacuum_server.dir/test_oos_real_vacuum_server.cpp.o
[1269/1345] Linking CXX executable bin/broker_log_converter
[1270/1345] Linking CXX executable bin/broker_log_runner
[1271/1345] Linking CXX executable bin/cubrid_replay
[1272/1345] Linking CXX executable bin/cub_commdb
[1273/1345] Linking CXX shared library cm_common/libcmdep.so.11.5
[1274/1345] Linking CXX executable bin/broker_tester
[1275/1345] Creating library symlink cm_common/libcmdep.so
[1276/1345] Linking CXX executable bin/cub_broker
[1277/1345] Linking CXX static library broker/libcas_cgw_lib.a
[1278/1345] Linking CXX executable bin/cub_gateway
[1279/1345] Linking CXX executable bin/broker_log_top
[1280/1345] Linking CXX executable bin/broker_changer
[1281/1345] Linking CXX shared library broker/libbrokeradmin.so.11.5
[1282/1345] Linking CXX executable bin/broker_monitor
[1283/1345] Linking CXX executable bin/gateway_monitor
[1284/1345] Linking CXX executable bin/cub_master
[1285/1345] Linking CXX executable bin/cubrid_gateway
[1286/1345] Linking CXX executable bin/cubrid_broker
[1287/1345] Creating library symlink broker/libbrokeradmin.so
[1288/1345] Linking CXX executable bin/cub_proxy
[1289/1345] Linking CXX shared library cm_common/libcmstat.so.11.5
[1290/1345] Creating library symlink cm_common/libcmstat.so
[1291/1345] Linking CXX executable bin/cub_cas
[1292/1345] Linking CXX executable bin/cub_cas_cgw
[1293/1345] Building CXX object unit_tests/oos/CMakeFiles/test_oos_server.dir/test_oos_server.cpp.o
[1294/1345] Building CXX object _deps/googletest-build/googletest/CMakeFiles/gtest.dir/src/gtest-all.cc.o
[1295/1345] Linking CXX static library lib/libgtest.a
[1296/1345] Linking CXX static library lib/libgtest_main.a
[1297/1345] Linking CXX static library lib/libgmock.a
[1298/1345] Linking CXX static library lib/libgmock_main.a
[1299/1345] Linking CXX shared library sa/libcubridsa.so.11.5
[1300/1345] Creating library symlink sa/libcubridsa.so
[1301/1345] Linking CXX executable bin/cub_admin
[1302/1345] Linking CXX executable bin/csql
[1303/1345] Linking CXX executable bin/cub_sainfo
[1304/1345] Linking CXX executable bin/cubrid
[1305/1345] Linking CXX executable bin/cub_jobsa
[1306/1345] Linking CXX executable bin/gen_timezone
[1307/1345] Linking CXX executable bin/cubrid_rel
[1308/1345] Linking CXX executable bin/cub_pl
[1309/1345] Linking CXX executable bin/loadjava
[1310/1345] Linking CXX executable bin/test_oos_remove_file
[1311/1345] Linking CXX executable bin/test_oos_tde_gate
[1312/1345] Linking CXX executable bin/test_oos_sql_show
[1313/1345] Linking CXX executable bin/test_oos_record_flags
[1314/1345] Linking CXX executable bin/test_byte_span_writer
[1315/1345] Linking CXX executable bin/test_oos_delete
[1316/1345] Linking CXX executable bin/test_oos_sql_txn
[1317/1345] Linking CXX executable bin/test_oos
[1318/1345] Linking CXX executable bin/test_oos_bestspace
[1319/1345] Linking CXX executable bin/test_oos_sql_update_delete
[1320/1345] Linking CXX executable bin/test_oos_sql_crud
[1321/1345] Linking CXX executable bin/test_oos_sql_visible_version
[1322/1345] Linking CXX executable bin/test_oos_sql_delete
[1323/1345] Linking CXX executable bin/test_oos_sql_ddl
[1324/1345] Linking CXX executable bin/test_oos_sql_eager_cleanup
[1325/1345] Linking CXX executable bin/test_oos_sql_bigone
[1326/1345] Linking CXX executable bin/test_oos_sql_boundary
[1327/1345] Linking CXX executable bin/test_oos_sql_storage
[1328/1345] Building C object timezones/CMakeFiles/cubrid_timezones.dir/tzlib/timezones.c.o
[1329/1345] Linking C shared library timezones/libcubrid_timezones.so.11.5
[1330/1345] Creating library symlink timezones/libcubrid_timezones.so
[1331/1345] Linking CXX shared library cubrid/libcubrid.so.11.5
[1332/1345] Creating library symlink cubrid/libcubrid.so
[1333/1345] Linking CXX executable bin/cub_server
[1334/1345] Linking CXX executable bin/unittests_bit
[1335/1345] Linking CXX executable bin/unittests_area
[1336/1345] Linking CXX executable bin/unittests_lf
[1337/1345] Linking CXX executable bin/unittests_snapshot
[1338/1345] Linking CXX executable bin/test_oos_mock_vacuum_server
[1339/1345] Linking CXX executable bin/test_oos_remove_file_server
[1340/1345] Linking CXX executable bin/test_oos_vacuum_server
[1341/1345] Linking CXX executable bin/test_oos_real_vacuum_server
[1342/1345] Linking CXX executable bin/test_oos_delete_server
[1343/1345] Linking CXX executable bin/test_oos_server
[1344/1345] Building CXX object unit_tests/pgbuf_inspector/CMakeFiles/test_pgbuf_inspector.dir/test_pgbuf_inspector_wire.cpp.o
[1345/1345] Linking CXX executable bin/test_pgbuf_inspector
FAILED: bin/test_pgbuf_inspector 
: && /usr/bin/g++ -fdiagnostics-color=always -Wno-template-body -isystem /home/vimkim/gh/cb/CBRD-27398-pgbuf-inspector-contract/.just/include -Wall -Wformat -Wformat-security -Werror=format-security -Wwrite-strings -Wno-cast-qual -Wredundant-decls -Wclobbered -Wextra -Wno-unused -Wno-unused-result -Wno-unused-parameter -pthread -O0 -ggdb3 -fno-omit-frame-pointer -Wno-error=format -Wno-error -Wno-error=maybe-uninitialized -Wno-error=parentheses -ggdb3 -Wall -fno-inline -ggdb -fno-omit-frame-pointer -fPIE -std=c++17 -Wl,--hash-style=both -Wl,-z,relro,-z,now -pie -static-libstdc++ unit_tests/pgbuf_inspector/CMakeFiles/test_pgbuf_inspector.dir/__/__/src/storage/pgbuf_inspector_wire.cpp.o unit_tests/pgbuf_inspector/CMakeFiles/test_pgbuf_inspector.dir/__/__/src/storage/pgbuf_inspector_protocol.cpp.o unit_tests/pgbuf_inspector/CMakeFiles/test_pgbuf_inspector.dir/corpus_support.cpp.o unit_tests/pgbuf_inspector/CMakeFiles/test_pgbuf_inspector.dir/sha256.cpp.o unit_tests/pgbuf_inspector/CMakeFiles/test_pgbuf_inspector.dir/test_pgbuf_inspector_wire.cpp.o unit_tests/pgbuf_inspector/CMakeFiles/test_pgbuf_inspector.dir/test_pgbuf_inspector_socket.cpp.o unit_tests/pgbuf_inspector/CMakeFiles/test_pgbuf_inspector.dir/test_pgbuf_inspector_scan.cpp.o unit_tests/pgbuf_inspector/CMakeFiles/test_pgbuf_inspector.dir/__/__/src/storage/pgbuf_inspector_socket.cpp.o -o bin/test_pgbuf_inspector   && :
/home/linuxbrew/.linuxbrew/Cellar/binutils/2.47/bin/ld: unit_tests/pgbuf_inspector/CMakeFiles/test_pgbuf_inspector.dir/test_pgbuf_inspector_scan.cpp.o: in function `____C_A_T_C_H____T_E_S_T____0()':
/home/vimkim/gh/cb/CBRD-27398-pgbuf-inspector-contract/unit_tests/pgbuf_inspector/test_pgbuf_inspector_scan.cpp:29:(.text+0x170): undefined reference to `cubpgbuf::inspector::resident_scan::begin(cubpgbuf::inspector::scan_source const&, std::__cxx11::basic_string<char, std::char_traits<char>, std::allocator<char> > const&, unsigned long, unsigned long, unsigned long, unsigned long, std::__cxx11::basic_string<char, std::char_traits<char>, std::allocator<char> >&, cubpgbuf::inspector::scan_limits)'
/home/linuxbrew/.linuxbrew/Cellar/binutils/2.47/bin/ld: /home/vimkim/gh/cb/CBRD-27398-pgbuf-inspector-contract/unit_tests/pgbuf_inspector/test_pgbuf_inspector_scan.cpp:30:(.text+0x293): undefined reference to `cubpgbuf::inspector::resident_scan::step(unsigned long, unsigned long, std::__cxx11::basic_string<char, std::char_traits<char>, std::allocator<char> >&)'
collect2: error: ld returned 1 exit status
ninja: build stopped: subcommand failed.
error: recipe `build` failed with exit code 1
